date,excess,portfolio,bench,cum_excess,drawdown_excess
2020-01-02,0.0031985542208339125,0.018209624172315874,0.015011069951481963,1.003198554220834,0.0
2020-01-03,-0.001147131888132716,-0.0012555612358741573,-0.0001084293477414413,1.0020477531691585,-0.0011471318881327575
2020-01-06,0.004937375485908715,0.009038251875211002,0.0041008763893022855,1.006995239181366,0.0
2020-01-07,0.006468947416886427,0.014745206229322315,0.008276258812435888,1.013509438432685,0.0
2020-01-08,-0.0025732497403024917,-0.013858742870275904,-0.011285493129973411,1.010901425533444,-0.0025732497403023746
2020-01-09,0.006157703006965957,0.022442429412306668,0.016284726405340712,1.0171262562811976,0.0
2020-01-10,-0.008130796712514057,-0.0028016830581249754,0.005329113654389082,1.0088562094604148,-0.008130796712513932
2020-01-13,-0.00114775156345379,0.014524846986592031,0.01567259855004582,1.0076982931687064,-0.009269216141328918
2020-01-14,0.0030257521336740584,-0.004894011270165369,-0.007919763403839427,1.0107473384293613,-0.006271510358172083
2020-01-15,-0.005624333709961425,-0.00325646057208622,0.002367873137875205,1.0050625581015793,-0.011860571001013565
2020-01-16,0.002113025681120345,0.0029439407427532963,0.0008309150616329509,1.0071862810979804,-0.009772607011011236
2020-01-17,0.00135659337073326,-8.711658377115136e-05,-0.0014437099545044113,1.0085526233300115,-0.008429271094163693
2020-01-20,0.0031321042915610094,0.021211842986040137,0.01807973869447913,1.0117115153298086,-0.005323568158771441
2020-01-21,-0.002761044000581891,-0.010302165090962523,-0.007541121090380631,1.0089181353200878,-0.008069913553426677
2020-01-22,0.004684137852644595,0.01412691673142294,0.009442778878778344,1.0136440469479602,-0.0034235762883253473
2020-01-23,-0.008567599319871467,-0.03390660190849933,-0.025339002588627868,1.004959550900737,-0.011961843778317438
2020-02-03,-0.0017457573761803305,-0.08072638973590343,-0.0789806323597231,1.003205135351989,-0.013686718677489162
2020-02-04,0.027229700793006427,0.05907645019896992,0.03184674940596349,1.0305221110216314,0.0
2020-02-05,0.013211252310845722,0.029181243331929424,0.0159699910210837,1.0441365986422435,0.0
2020-02-06,0.004269120679437159,0.029269754022054464,0.025000633342617304,1.0485941437876642,0.0
2020-02-07,-0.005731849658902099,0.0012232707009065197,0.006955120359808619,1.0425837598022683,-0.005731849658902055
2020-02-10,0.011829903982709002,0.011964256315348695,0.00013435233263969253,1.0549174255746607,0.0
2020-02-11,-0.008811293203603018,-0.005709608160336715,0.0031016850432663027,1.0456222388323324,-0.008811293203602966
2020-02-12,0.011376984008088535,0.02703989690795177,0.015662912899863234,1.0575182663220297,0.0
2020-02-13,-0.006763970301694865,-0.009591098662041832,-0.002827128360346968,1.0503652441751277,-0.006763970301694844
2020-02-14,-0.004928077839155533,-0.00021234377841939083,0.004715734060736142,1.045188962492289,-0.01165871476870195
2020-02-17,0.0056021848647413094,0.03687930510656779,0.03127712024182648,1.051044304278758,-0.006121844179380109
2020-02-18,-0.00035210576281357144,0.008272286902964223,0.008624392665777794,1.0506742255222492,-0.00647179440557899
2020-02-19,-0.011782856184946042,-0.018230909019627768,-0.006448052834681724,1.038294282225691,-0.018178394367785455
2020-02-20,0.0007279006859044757,0.02269999089734218,0.021972090211437704,1.0390500573458938,-0.017463725747610015
2020-02-21,0.0046106458085907855,0.0184209569247594,0.013810311116168615,1.0438407491377117,-0.012933598992939777
2020-02-24,-0.004183733551196658,0.013764835736370376,0.017948569287567034,1.0394735975734382,-0.017063221812091856
2020-02-25,0.00573925328731401,0.009028340572454599,0.0032890872851405887,1.0454393998353875,-0.011421898676655107
2020-02-26,-0.006496384691343438,-0.0396635161494512,-0.033167131458107756,1.0386478233225696,-0.017844082320289556
2020-02-27,0.004322287110133235,0.003844111306881475,-0.0004781758032517601,1.0431371574212847,-0.013598922457161433
2020-02-28,-0.006997337205964699,-0.050519568895652865,-0.04352223168968817,1.0358379749787363,-0.02050110341705569
2020-03-02,-0.003917474107738898,0.026152940276605665,0.030070414384344563,1.0317801065319445,-0.024338264982978086
2020-03-03,0.009400849073970123,0.018109194789104777,0.008708345715134656,1.041479715590976,-0.015166216264835386
2020-03-04,0.001961466152569887,0.0005164801788854448,-0.0014449859736844423,1.0435225428016959,-0.013234498132131511
2020-03-05,-0.00022023219139412443,0.01542493506908693,0.015645167260481055,1.0432927255453255,-0.013451815660999955
2020-03-06,0.00608299620545445,-0.0026494296892846632,-0.008732425894739113,1.049639071235996,-0.007450646799167848
2020-03-09,-0.0008201832236414253,-0.03885354525048818,-0.038033362026846755,1.0487781748788896,-0.008264719127299314
2020-03-10,-0.0076903994108426235,0.021491949285619844,0.029182348696462468,1.0407126518206964,-0.015891559547034584
2020-03-11,0.003249725579669006,-0.012911404654256588,-0.016161130233925593,1.0440946823464032,-0.012693477174926415
2020-03-12,-0.008351500617441025,-0.024612120321267236,-0.016260619703826213,1.0353749249621202,-0.020938968209903708
2020-03-13,-0.0030667053350308155,-0.012440736892791685,-0.00937403155776087,1.0321997351559817,-0.023941459899415207
2020-03-16,0.0007309065396360903,-0.0467657991039207,-0.04749670564355679,1.032954176692618,-0.02322805232938796
2020-03-17,-0.0018095522052035495,-0.005922344588503889,-0.00411279238330034,1.0310849921843097,-0.024995572161276236
2020-03-18,0.009348044883331543,-0.007482407126520194,-0.016830452009851737,1.0407236209697783,-0.015881187008392694
2020-03-19,0.0022207478887213716,0.0020295516671810392,-0.00019119622154033233,1.0430348057537893,-0.013695707232190713
2020-03-20,0.001904840390578201,0.014894127808020049,0.012989287417441847,1.0450216205805678,-0.01181695497792612
2020-03-23,0.009198542669555285,-0.03183391872067603,-0.04103246139023131,1.054634296548086,-0.0027271110729595316
2020-03-24,0.0040805212641299785,0.026331541552868855,0.022251020288738876,1.0589377542210312,0.0
2020-03-25,0.002274115913513102,0.0286135830344712,0.0263394671209581,1.0613459014193252,0.0
2020-03-26,0.011972702796868462,0.005618081677623792,-0.00635462111924467,1.074053080461693,0.0
2020-03-27,-0.0011484312123804259,-0.003402875622725428,-0.0022544444103450023,1.0728196043803375,-0.0011484312123803964
2020-03-30,-0.00014071647744005032,-0.01779217574792766,-0.01765145927048761,1.0726686409846804,-0.001288986086625754
2020-03-31,0.005675775000697922,0.006098873306346772,0.0004230983056488502,1.078756866841214,0.0
2020-04-01,-0.009481148138808349,-0.012313055900063144,-0.0028319077612547947,1.0685290131809355,-0.009481148138808515
2020-04-02,-0.01231778185977736,0.014011881048677621,0.02632966290845498,1.0553671058857295,-0.02168214328403184
2020-04-03,0.011428856211399843,0.005168073575634757,-0.006260782635765086,1.0674287447891386,-0.010501089170580236
2020-04-07,0.006078671187896716,0.03306688639781631,0.02698821520991959,1.073917293145221,-0.004486250650866386
2020-04-08,-0.005851373831880013,-0.005230843399476804,0.0006205304324032093,1.0676334015985076,-0.010311373753084663
2020-04-09,0.012810825028040257,0.019693591670374253,0.006882766642333994,1.0813106663004777,0.0
2020-04-10,0.007924944287073972,-0.007617347315026467,-0.015542291602100439,1.0898799930879277,0.0
2020-04-13,0.010450417530008704,0.0018027766158108423,-0.008647640914197861,1.1012696940732996,0.0
2020-04-14,-0.0037301408873401947,0.017426921248226507,0.0211570621355667,1.097161802959448,-0.0037301408873402497
2020-04-15,0.002660253005047389,-0.0006162489596464164,-0.0032765019646938055,1.1000805309427943,-0.0010798110007974593
2020-04-16,0.006980205464477066,0.01498105127316969,0.008000845808692625,1.107759319076246,0.0
2020-04-17,-0.01733496645521119,-0.01321463451437979,0.0041203319408313985,1.0885563484396117,-0.017334966455211265
2020-04-20,0.0010093489461484634,0.010720533624801108,0.009711184678652644,1.0896550816427324,-0.01634311453918591
2020-04-21,0.006566425626260303,-0.004011736995252245,-0.010578162621512548,1.096810220694616,-0.009884004759048604
2020-04-22,0.0018532188749189702,0.007804982341490928,0.005951763466571958,1.0988428500978114,-0.008049103108308864
2020-04-23,0.014396962481876642,0.011446294630938752,-0.0029506678509378893,1.114662849384148,0.0
2020-04-24,-0.00403182666507325,-0.015465707953526163,-0.011433881288452913,1.1101687219854344,-0.00403182666507329
2020-04-27,0.00854223660417162,0.010225111334070003,0.0016828747298983826,1.1196520458791848,0.0
2020-04-28,-0.005116524392030325,-0.0018857682538847842,0.0032307561381455406,1.1139233188758573,-0.005116524392030364
2020-04-29,-0.00738131628947363,-0.008478940508871513,-0.0010976242193978835,1.1057010985370144,-0.012460073996663601
2020-04-30,-0.025129574822598772,-0.002500581864931177,0.022628992957667595,1.0779153000498987,-0.0372765324574682
2020-05-06,-0.002112566861940267,0.013688867301719277,0.015801434163659544,1.0756381319070347,-0.03931035015221085
2020-05-07,0.0032304663975316686,0.0013846524495044425,-0.0018458139480272261,1.0791129447480643,-0.036206874519920995
2020-05-08,0.0002841703530587418,0.01039187979446589,0.010107709441407148,1.0794195966545637,-0.03593299308717768
2020-05-11,-0.005585271732359253,-0.009070930465026005,-0.003485658732666752,1.0733907448940143,-0.04131756928898811
2020-05-12,0.00695708039847607,0.011100328517401963,0.004143248118925893,1.080858410605222,-0.03464793854192527
2020-05-13,0.00993808717920338,0.016003174660769788,0.006065087481566409,1.0916000757181918,-0.025054185596531164
2020-05-14,0.0013276419108575672,-0.005380556904522199,-0.006708198815379767,1.0930493297286108,-0.02375980667251376
2020-05-15,-0.005424064298908722,-0.0015139728533448225,0.003910091445563899,1.0871205598822837,-0.029054996252301124
2020-05-18,0.018794120189276804,0.017015397250131705,-0.0017787229391450987,1.1075520343449452,-0.01080693915468911
2020-05-19,-0.007588806192186273,0.004178681732881194,0.011767487925067467,1.0991470366085399,-0.01831373358009969
2020-05-20,-6.465237850641515e-05,-0.007497925724624552,-0.0074332733461181365,1.099075974138295,-0.01837720193217074
2020-05-21,0.010165725142754786,0.0011305397555436952,-0.00903518538721109,1.1102488784023903,-0.008398294373151316
2020-05-22,-0.001345863686456555,-0.022237148431991812,-0.020891284745535258,1.1087546347540194,-0.009732855100182847
2020-05-25,0.009439704260678161,0.008542395103067089,-0.0008973091576110725,1.1192209506037536,-0.00038502611326241
2020-05-26,0.00013728903309081085,0.018681172006940368,0.018543882973849558,1.119374607365877,-0.00024778994003438193
2020-05-27,-0.005916896583224634,-0.015919458423803722,-0.010002561840579087,1.1127513835762055,-0.006163220375809408
2020-05-28,-0.001878633322069902,-0.005436237325979085,-0.0035576040039091827,1.1106609317478398,-0.008030275266710185
2020-05-29,0.005521595246130766,0.01210048603470245,0.006578890788571683,1.1167935518686418,-0.0025530199503170925
2020-06-01,-0.00840542258207961,0.02044844296432194,0.02885386554640155,1.1074064301282442,-0.0109369833208538
2020-06-02,-0.006647098210706779,-0.007708961595269721,-0.0010618633845629422,1.1000453908280137,-0.017511382329297942
2020-06-03,0.0010945199222354028,0.0008988139359195167,-0.0001957059863158861,1.1012494124236383,-0.01643602896388774
2020-06-04,0.006629270939071669,0.007834268660948293,0.001204997721876624,1.108549893150088,-0.0099157169139803
2020-06-05,0.00018136116684062435,0.007428136226838607,0.007246775059997983,1.1087509410522107,-0.009736154073129222
2020-06-08,-0.004193621359717358,-0.0065125303994299135,-0.0023189090397125554,1.1041012594232074,-0.01388894568916399
2020-06-09,0.003847247190071501,0.012195338165502195,0.008348090975430695,1.1083490098910775,-0.010095132706368415
2020-06-10,0.009192085827302124,0.01280364272421627,0.0036115568969141477,1.1185370491166016,-0.000995842205341324
2020-06-11,-0.0020105530948460273,-0.005978576741057317,-0.0039680236462112895,1.1162881709908004,-0.003004393106559311
2020-06-12,0.008820185990083537,0.012181081067242229,0.0033608950771586922,1.1261340402774696,0.0
2020-06-15,0.008099983290476226,0.00139294425765938,-0.006707039032816846,1.1352557071865534,0.0
2020-06-16,0.0015508408068299574,0.020078498511976375,0.018527657705146416,1.1370163080634448,0.0
2020-06-17,0.009625116517517738,0.013986415098105342,0.004361298580587603,1.1479602225108732,0.0
2020-06-18,-0.013935887611270143,-0.009130557080338117,0.004805330530932026,1.131962377867753,-0.01393588761127007
2020-06-19,0.006067992988274859,0.018420523564703785,0.012352530576428924,1.1388311176396453,-0.00795245749130602
2020-06-22,0.0018083743891115093,0.010139863492163146,0.008331489103051638,1.140890550666308,-0.006158464122652196
2020-06-23,0.008681233974708843,0.01720361297770355,0.008522379002994707,1.1507948884761767,0.0
2020-06-24,-0.004416213060637863,-0.002548390566801135,0.0018678224938367283,1.1457127330595729,-0.004416213060637886
2020-06-29,0.007546934794508986,0.0012840238868021773,-0.006262910907706809,1.1543593523492122,0.0
2020-06-30,0.0016217963200636034,0.018359390076631482,0.01673759375656788,1.156231488098883,0.0
2020-07-01,-0.007773988713672149,-0.00149348994874855,0.006280498764923599,1.14724295756001,-0.007773988713672186
2020-07-02,-0.010310394966559038,0.0023213809446020004,0.012631775911161039,1.135414429544963,-0.018004230786127562
2020-07-03,-0.0022885988197837246,0.015387053174151974,0.017675651993935698,1.132815921421541,-0.02025162514458312
2020-07-06,-0.01707843637230359,0.031024042587390225,0.048102478959693815,1.1134691967860109,-0.036984195425419086
2020-07-07,0.009163289394139566,0.013907833852350192,0.004744544458210625,1.1236722372676213,-0.028159802916971954
2020-07-08,-0.002433364589944124,0.018380658621107892,0.020814023211052017,1.120937933034751,-0.030524644439638093
2020-07-09,0.003856772703521702,0.029169706173907357,0.025312933470385657,1.1252611358572215,-0.0267855983515759
2020-07-10,0.007750290332964178,0.0018444844391864706,-0.005905805893777707,1.133982236360516,-0.01924290418257857
2020-07-13,0.003983276850801908,0.03721241830808008,0.03322914145727817,1.1384992015518316,-0.015336277146549171
2020-07-14,-0.0001007448242703579,-0.00872206812334712,-0.008621323299076762,1.1383845036498392,-0.015435476920273583
2020-07-15,0.006932998999349302,-0.012927152535738779,-0.01986015153508808,1.1462769222745184,-0.008609492066966928
2020-07-16,-0.0038252339713855926,-0.054279294139025346,-0.05045406016763975,1.1418921448508186,-0.012401792716821625
2020-07-17,0.0021001693284636567,0.005706108318245324,0.0036059389897816676,1.144290311709848,-0.010327669253039629
2020-07-20,-0.005596617324318078,0.021128612062125397,0.026725229386443474,1.1378861567272833,-0.015866486564696358
2020-07-21,0.004816312862890137,0.009969783402518983,0.005153470539628846,1.1433665724604336,-0.01112659166513652
2020-07-22,0.0023784448652452634,0.011750198375588508,0.009371753510343245,1.1460860068137952,-0.008774610784704873
2020-07-23,0.006124848736564192,0.01036667152323101,0.004241822786666818,1.1531056102446227,-0.0027035052119191993
2020-07-24,-0.0005842875072198618,-0.04712667695839205,-0.04654238945117219,1.1524318650420515,-0.0032862130948181356
2020-07-27,0.0025980885921836998,0.007453803651095636,0.004855715058911936,1.1554259851238862,-0.0006966623753875689
2020-07-28,-0.0010298768833801087,0.00819352132581208,0.009223398209192189,1.1542360386113504,-0.0017258217822918587
2020-07-29,0.0010274105452087554,0.03099393531067082,0.029966524765462063,1.1554219128890797,-0.0007001843645813022
2020-07-30,0.0014006081167536168,-0.0035132878407600956,-0.004913895957513712,1.1570402061985472,0.0
2020-07-31,0.0012628302439547504,0.014169716097633019,0.012906885853678269,1.1585013515644065,0.0
2020-08-03,-0.0010470522159357009,0.022241116125799314,0.023288168341735013,1.1572883401570864,-0.0010470522159358175
2020-08-04,-0.0011396527644960276,-0.008754868623777235,-0.007615215859281208,1.1559694333009074,-0.002185511704479337
2020-08-05,0.005844919752830012,0.013517031408269594,0.007672111655439582,1.1627259818752758,0.0
2020-08-06,-0.005877695248072762,-0.007828174705030359,-0.0019504794569575967,1.1558918328967966,-0.005877695248072801
2020-08-07,0.004832943635862273,-0.009734083713665517,-0.01456702734952779,1.1614781929743405,-0.0010731581820531133
2020-08-10,-0.0031226772705587515,-0.003786095424903218,-0.0006634181543444662,1.15785127142089,-0.004192484325949097
2020-08-11,-0.00022120896172315055,-0.014279753564857937,-0.014058544603134786,1.157595144343309,-0.004412765872567448
2020-08-12,-0.01774446729700894,-0.03156101335170591,-0.013816546054696968,1.1370542351613329,-0.022078930989861245
2020-08-13,-0.0013764001516346764,-0.00246808672223887,-0.0010916865706041934,1.13548919353964,-0.023424941697533508
2020-08-14,-4.492072180934143e-06,0.013979553040360302,0.013984045112541237,1.1354840928402221,-0.023429328543185357
2020-08-17,-0.0008474905629723064,0.017325847822294436,0.018173338385266743,1.1345217807871348,-0.024256962971320628
2020-08-18,0.005009420511945868,0.008113153645567025,0.003103733133621156,1.1402050774670593,-0.019369055787240685
2020-08-19,-0.0021284911620581687,-0.022332251267315292,-0.020203760105257124,1.1377781610367368,-0.021456320085238345
2020-08-20,-0.0030005304739348137,-0.014231836230045172,-0.011231305756110359,1.1343642229919686,-0.02439247021689883
2020-08-21,-0.0006989831903612182,0.006690999551634493,0.007389982741995711,1.13357132146835,-0.025074403480607077
2020-08-24,-0.0009898803089919749,0.005857493382677442,0.0068473736916694165,1.1324492215383906,-0.026039463131333873
2020-08-25,0.0007529342219584776,-0.00013199272329372704,-0.0008849269452522046,1.1333018813119171,-0.02530613491228828
2020-08-26,0.0011396551967910063,-0.014639932766797079,-0.015779587963588085,1.1345934546904872,-0.024195319983660868
2020-08-27,0.00015322861981699733,0.012213561220308986,0.012060332600491988,1.1347673068796027,-0.024045798779331107
2020-08-28,0.002155340157431082,0.020845498735545656,0.018690158578114575,1.1372131164254602,-0.021942285497626668
2020-08-31,0.00309743156606993,-0.0020444088027419104,-0.00514184036881184,1.140735556229625,-0.018912818659288844
2020-09-01,-0.0004246506262082806,0.004557245439289809,0.00498189606549809,1.1402511421613342,-0.019329437945210026
2020-09-02,0.00030389569590264165,-0.002367799151061193,-0.0026716948469638346,1.1405976595756853,-0.01903141638230299
2020-09-03,-6.515178683695272e-05,-0.004944868148890476,-0.0048797163620535235,1.1405233476001018,-0.01909532823835669
2020-09-04,-0.002149727215942159,-0.008335171460000526,-0.006185444244058366,1.1380715335193483,-0.021204005707487594
2020-09-07,0.0018782091004010699,-0.02077602221697175,-0.022654231317372823,1.1402090698305116,-0.019365622163571405
2020-09-08,-0.0013216326266591513,0.002147625695798693,0.0034692583224578445,1.138702132322611,-0.02066166055214358
2020-09-09,0.0015319865696448868,-0.025728830221693436,-0.02726081679133832,1.140446608696155,-0.019161327368971248
2020-09-10,0.01954294665937635,-0.01392670283585859,-0.03346964949523494,1.1627342959377707,0.0
2020-09-11,0.001268371911938198,0.013896437896018313,0.012628065984080115,1.1642090754597854,0.0
2020-09-14,0.0021173055198987893,0.008181903025284112,0.006064597505385323,1.1666740617615727,0.0
2020-09-15,-0.0014638563216546594,0.0054387788119950094,0.0069026351336496684,1.1649662185609524,-0.0014638563216547995
2020-09-16,-0.0001920321906802348,-0.008938729653990556,-0.00874669746331032,1.1647425075459337,-0.0016556074047987535
2020-09-17,-0.005215993354889831,-0.006451071937869994,-0.0012350785829801625,1.1586672183664164,-0.006862965122466758
2020-09-18,0.00213001014043298,0.02092126401853731,0.01879125387810433,1.161135191290924,-0.004747573167338204
2020-09-21,-0.003923732756902162,-0.009250878980673326,-0.005327146223771164,1.156579207105664,-0.008652677715887847
2020-09-22,-0.002582550346079405,-0.012441968044937558,-0.009859417698858154,1.153592283074085,-0.011212882086137577
2020-09-23,-0.0032072266350779742,0.004532652916006571,0.007739879551084545,1.1498924511777893,-0.014384146467133041
2020-09-24,0.00048101172757331084,-0.019573431107593683,-0.020054442835166993,1.1504455629322539,-0.013910053682701484
2020-09-25,9.047732351073156e-05,0.0017116292819812952,0.0016211519584705637,1.1505496521676326,-0.013820834903617962
2020-09-28,0.006169976703792824,0.0006488312771599529,-0.005521145426632871,1.157648516718064,-0.007736132429207454
2020-09-29,-0.007744412359995049,0.002221842630252927,0.009966254990247976,1.1486832092366626,-0.01542063298959917
2020-09-30,-0.0014633177591516888,-0.001960728923431811,-0.0004974111642801226,1.1470023206969473,-0.01686138546263971
2020-10-09,-0.005941986542068481,0.01965728110535125,0.02559926764741973,1.1401868483436448,-0.0227031818792085
2020-10-12,0.00429071045320294,0.034815840572291326,0.030525130119088383,1.1450790599724372,-0.018509884205815785
2020-10-13,1.9077744273804612e-05,0.001322650529443077,0.0013035727851692723,1.1451009054979167,-0.018491159588379436
2020-10-14,0.003278798837408274,-0.004533217368842151,-0.007812016206250425,1.1488554610155786,-0.015272989543531734
2020-10-15,0.0019175138684813045,-0.002206875890275622,-0.004124389758756926,1.1510584072949563,-0.013384761844313364
2020-10-16,-0.00019538027145881727,-0.0019574229641480118,-0.0017620426926891945,1.150833513190874,-0.013577526997369693
2020-10-19,0.0013451167791287048,-0.009232502070154625,-0.01057761884928333,1.1523815186594508,-0.012250673577624105
2020-10-20,-0.00022822932080546337,0.008660971392146933,0.008889200712952397,1.1521185114081385,-0.012476106935519482
2020-10-21,0.010495854055045974,0.0021808578225738316,-0.008314996232472142,1.164210979157995,-0.002111200278043901
2020-10-22,0.00291214247506101,-0.0019451475926684078,-0.004857290067729418,1.1676013274003336,0.0
2020-10-23,0.0058302119413641135,-0.0113470318322481,-0.017177243773612214,1.1744086906020956,0.0
2020-10-26,-0.009560316144231435,-0.010210081008911439,-0.0006497648646800042,1.1631809722374067,-0.009560316144231473
2020-10-27,-0.0020662037277061887,0.0053767274855534555,0.007442931213259644,1.1607776033765729,-0.011606766311082373
2020-10-28,0.005104906047066038,0.011554024193247213,0.006449118146181176,1.1667032639833488,-0.006561111715544632
2020-10-29,0.007874129214431112,0.012293424098738633,0.004419294884307521,1.1758900362388522,0.0
2020-10-30,-0.0058857244509388125,-0.02051394701218855,-0.014628222561249737,1.168969071500946,-0.005885724450938712
2020-11-02,-0.0002693384982859954,0.004761433930544796,0.005030772428830791,1.168654223126685,-0.0061534776970398886
2020-11-03,-0.0033489619659182084,0.011040649489217187,0.014389611455135395,1.1647404445821241,-0.009481831900192583
2020-11-04,0.002229878981953698,0.004327921706724216,0.002098042724770518,1.1673376748189292,-0.007273096255903444
2020-11-05,-0.003494612966399152,0.012544988352981859,0.016039601319381012,1.1632582814443408,-0.010742292565820821
2020-11-06,-0.0037327103768193654,-0.00968315665705545,-0.005950446280236084,1.1589161751862724,-0.014434905075708993
2020-11-09,-0.006024438520097818,0.021654496203214444,0.027678934723312263,1.151934355938916,-0.020372381397634642
2020-11-10,0.012093371535480632,-0.00046837251202943957,-0.012561744047510072,1.1658651260897699,-0.008525380639458069
2020-11-11,0.008834563207957094,-0.009051554285908986,-0.01788611749386608,1.176165035238163,0.0
2020-11-12,0.005275640853085642,0.008681488371747086,0.0034058475186614433,1.1823700595480362,0.0
2020-11-13,-0.01985248127492138,-0.022387135955190856,-0.002534654680269477,1.1588970800808311,-0.01985248127492134
2020-11-16,0.011937904596808185,0.0199354832758422,0.007997578679034013,1.1727318828603557,-0.00815157370558317
2020-11-17,-0.0006324325554097139,-0.010620488978536631,-0.009988056423126918,1.1719902090388679,-0.008778850940403649
2020-11-18,-0.003933726998707284,-0.010216865304222224,-0.00628313830551494,1.167379919511351,-0.012678044336149052
2020-11-19,0.0013837887232571978,0.006792520491873154,0.005408731768615956,1.1689953266797277,-0.01131179934767712
2020-11-20,0.0051374308568205955,0.01201368883528533,0.006876257978464735,1.1750009593424913,-0.006232482077871415
2020-11-23,0.004120053729975335,0.010610162792388932,0.006490109062413596,1.1798420264277547,-0.002138106508928206
2020-11-24,5.913532503132984e-05,-0.0017622875661866674,-0.0018214228912179972,1.1799117967694732,-0.002079097621520143
2020-11-25,-0.003492750664188101,-0.02008840143166485,-0.01659565076747675,1.1757906590576233,-0.005564586516109804
2020-11-26,0.008288809335500169,0.006664957105758295,-0.0016238522297418734,1.185536563649014,0.0
2020-11-27,0.003558550542128124,0.009443152881804672,0.005884602339676549,1.1897553554303,0.0
2020-11-30,-0.006253022085046383,-0.00719882609210458,-0.0009458040070581977,1.182315788916992,-0.006253022085046522
2020-12-01,-0.004413699146610881,0.011476853564039796,0.015890552710650676,1.1770974027284244,-0.010639122273416901
2020-12-02,-0.004411105013922051,-0.0020243670594185473,0.002386737954503504,1.1719051024733744,-0.015003297001734972
2020-12-03,-0.0014309603291669498,-0.0007676687088051696,0.0006632916203617802,1.1702281527621867,-0.01641278820808567
2020-12-04,0.004937094751421142,0.0097841711357248,0.004847076384303658,1.1760056800331542,-0.01155672494718285
2020-12-07,-0.0012422375937031986,-0.007005573086390741,-0.005763335492687542,1.1745448015670086,-0.012784606342696514
2020-12-08,0.001729929980362112,0.0038045484711804905,0.0020746184908183784,1.1765766818325178,-0.01107679283613372
2020-12-09,0.008153190850199363,-0.006650405518324767,-0.01480359636852413,1.1861695360693925,-0.0030139131919356688
2020-12-10,-0.0007070463630628845,0.002437421826880906,0.0031444681899437904,1.1853308592129386,-0.0037188285786377007
2020-12-11,0.00711995844158463,-0.001661123634159119,-0.008781082075743749,1.1937703656700624,0.0
2020-12-14,0.006766920480779053,0.01202487201298092,0.005257951532201869,1.2018485148068623,0.0
2020-12-15,-0.004686007041185371,-0.0008871251922740529,0.003798881848911318,1.1962166442040392,-0.0046860070411853805
2020-12-16,0.012314449539976168,0.008622757041606964,-0.0036916924983692034,1.2109473937079693,0.0
2020-12-17,0.0019518040024228878,0.01547770084114516,0.013525896838722271,1.2133109256777321,0.0
2020-12-18,-0.0015643640536565362,-0.00013959709537458452,0.0014247669582819517,1.2114128656796932,-0.001564364053656453
2020-12-21,-0.010888800208278215,0.005384395331543473,0.016273195539821688,1.1982220330155693,-0.012436130214301455
2020-12-22,0.010223289258171937,-0.009326174125491483,-0.01954946338366342,1.2104718034546023,-0.0023399791125625624
2020-12-23,-0.006024785811416914,0.0024351059465686897,0.008459891757985604,1.2031789701080287,-0.008350667051023164
2020-12-24,-0.0002572052142937441,-0.007587801699217832,-0.007330596484924088,1.2028695062031882,-0.008605724430208683
2020-12-25,0.0001718605180678696,0.008653910724239733,0.008482050206171864,1.2030762319796924,-0.008435342896399689
2020-12-28,0.01808138525620735,0.013270716592717571,-0.004810668663489777,1.2248295168227035,0.0
2020-12-29,-0.008355786966740279,-0.011438949355556664,-0.0030831623888163866,1.2145951023095574,-0.008355786966740442
2020-12-30,0.0058978009054672,0.019206901974356462,0.013309101068889261,1.2217585424037345,-0.002507266829211763
2020-12-31,-0.0003523938600715212,0.0157296176988089,0.01608201155888042,1.2213280021949013,-0.002858777143847191
2021-01-04,0.008052460125321566,0.026034040152964358,0.01798158002764279,1.2311626972325145,0.0
2021-01-05,0.006840928973996956,0.015134645905974669,0.008293716931977713,1.2395849937997168,0.0
2021-01-06,0.005904417922837137,0.0071985727027580725,0.0012941547799209358,1.2469040216539877,0.0
2021-01-07,0.01310893439504244,0.01679268381470956,0.0036837494196671197,1.2632496046707644,0.0
2021-01-08,-0.007564898773590811,-0.00742747022499334,0.00013742854859747088,1.2536932492856514,-0.0075648987735909
2021-01-11,-0.0083736740885549,-0.018980845026620875,-0.010607170938065973,1.2431952306091119,-0.01587522686530285
2021-01-12,0.0064159174668280555,0.02497297608064868,0.018557058613820624,1.2511714686038542,-0.009561163543809759
2021-01-13,-0.006388159031950152,-0.011416257649249743,-0.0050280986172995925,1.2431787862861743,-0.01588824434251146
2021-01-14,-0.00806932055276917,-0.014754563408059609,-0.006685242855290439,1.2331471781552286,-0.023829357558660225
2021-01-15,0.0009764146587390649,-0.001521092656349297,-0.002497507315088362,1.234351241136362,-0.022876210233949812
2021-01-18,-0.001483329181088849,0.012171472509713673,0.013654801690802522,1.2325202919206713,-0.02432560646484594
2021-01-19,-0.005685481201447456,-0.01876149336436964,-0.013076012162922182,1.2255128209705537,-0.029872784888023696
2021-01-20,0.014961934266031032,0.0296692902538006,0.014707355987769568,1.2438488632400932,-0.015357805265830637
2021-01-21,0.009735212658481832,0.023052914163993306,0.013317701505511474,1.2559579964387464,-0.0057721041075793345
2021-01-22,0.01690358076752254,0.01936475015441831,0.0024611693868957707,1.2771881838721646,0.0
2021-01-25,0.003891663394265272,0.004411538138594486,0.0005198747443292139,1.2821585703749279,0.0
2021-01-26,-0.007483816724158553,-0.02731563077925855,-0.019831814055099997,1.2725631306229328,-0.007483816724158543
2021-01-27,0.003625825484238769,0.0036770447511882093,5.121926694944038e-05,1.277177222452248,-0.0038851262533177167
2021-01-28,-0.006812649360305622,-0.030950726301013358,-0.024138076940707735,1.2684762618647119,-0.010671307610738867
2021-01-29,-0.00017463821470195933,-0.009503130366049365,-0.009328492151347406,1.268254737434948,-0.01084408220733113
2021-02-01,0.0025111537461831985,0.01106375438425567,0.00855260063807247,1.2714395200699724,-0.008360159618806762
2021-02-02,0.00709961652394081,0.016559511072911787,0.009459894548970978,1.2804662530958524,-0.0013198970222385586
2021-02-03,0.0066129387629483265,-0.001725532397996013,-0.00833847116094434,1.288933898015597,0.0
2021-02-04,0.0028656066741888308,-0.005333789139186791,-0.008199395813375622,1.2926274755963387,0.0
2021-02-05,0.007871946521408005,0.0037924867540934234,-0.004079459767314581,1.302802969956336,0.0
2021-02-08,0.004152748194186592,0.015631749441523825,0.011479001247337235,1.308213182637203,0.0
2021-02-09,0.00268718412053823,0.02497631828589372,0.02228913416535549,1.3117285923278645,0.0
2021-02-10,0.008665720094015011,0.02118242020529157,0.012516700111276556,1.3230956651482941,0.0
2021-02-18,-0.022908441537893065,-0.023070959944603064,-0.0001625184067099994,1.2927856054542046,-0.022908441537893065
2021-02-19,-0.007100020727177178,-0.0035380826674744985,0.0035619380597026796,1.2836068008596835,-0.029845811855323867
2021-02-22,-0.009129542264575501,-0.02821428713551648,-0.01908474487094098,1.2718880583201384,-0.03870287551914575
2021-02-23,-0.003495800534855133,-0.007371025183522721,-0.003875224648667588,1.267441791365587,-0.04206337852106057
2021-02-24,-0.010617147453223683,-0.027885280323643,-0.01726813287041932,1.2539851749782807,-0.052233932882145395
2021-02-25,0.011718050034400462,-0.012306220998036809,-0.02402427103243727,1.2686794360010727,-0.04112796268675134
2021-02-26,-0.003044090642274956,-0.022424493970692256,-0.0193804033284173,1.2648174608018952,-0.04404685608267567
2021-03-01,0.00022207699527317776,0.01969472921827729,0.01947265222300411,1.2650983476631592,-0.04383456088085247
2021-03-02,-0.002383105492350133,-0.011631403939034715,-0.009248298446684582,1.26208348484248,-0.04611320399041274
2021-03-03,0.009646845308470514,0.026401655160515524,0.01675480985204501,1.2742586089871308,-0.03691120562751571
2021-03-04,0.0004360331763362975,-0.026578033974189317,-0.027014067150525616,1.2748142280158812,-0.036491266961411695
2021-03-05,-0.009633484105286087,-0.011518262737642667,-0.00188477863235658,1.2625333254130977,-0.045773213026443216
2021-03-08,0.0058950676544966,-0.026351141062547788,-0.03224620871704439,1.2699760447824646,-0.040147981559501056
2021-03-09,0.011503489026889297,-0.013503700947039505,-0.0250071899739288,1.2845852002780318,-0.02910633439793342
2021-03-10,0.0007520166155844884,0.002024294682893159,0.0012722780673086705,1.285551229692775,-0.02837620622943482
2021-03-11,0.006404596709166985,0.0317985580614691,0.025393961352302114,1.293784666867931,-0.02215334767730348
2021-03-12,0.0025516391340837203,0.00047002009095721206,-0.0020816190431265083,1.2970859384549884,-0.019658235892104248
2021-03-15,0.019135446494012283,-0.003149312160130143,-0.022284758654142426,1.3219062570284297,-0.0008989585191718774
2021-03-16,-0.011065326366887266,-0.007518124262162977,0.0035472021047242884,1.3072789328679797,-0.01195433761665421
2021-03-17,-0.005428213266078021,0.0018672633146446403,0.007295476580722661,1.3001827440221214,-0.017317660188694406
2021-03-18,-0.005338779414115581,0.0012894267756786062,0.0066282061897941875,1.2932413551537478,-0.022563984435093887
2021-03-19,0.003377590487398337,-0.01201861309262657,-0.015396203580024907,1.2976093948528251,-0.019262605846881442
2021-03-22,-0.00016544863654550286,0.010010483337926583,0.010175931974472086,1.2973947071476781,-0.019424867511553257
2021-03-23,-0.010928673073489163,-0.01753988261147468,-0.006611209537985516,1.2832159045459859,-0.030141252558512854
2021-03-24,-0.007995337825614344,-0.020769243771078687,-0.01277390594546434,1.2729561598859394,-0.03789560088743471
2021-03-25,0.0017193067573393788,0.004805466761929882,0.0030861600045905026,1.275144762013428,-0.03624144829277465
2021-03-26,-0.005944295373304141,0.0150081420483053,0.02095243742160944,1.2675649249042986,-0.04197031379267013
2021-03-29,0.022388064922753144,0.00813819820923905,-0.014249866713514093,1.295943250736861,-0.020521882979935513
2021-03-30,-0.004782952985357945,-0.00012303919979897437,0.00465991378555897,1.2897448150968946,-0.02520668076382937
2021-03-31,-0.0012961913562057788,-0.00651276946237924,-0.005216578106173461,1.288073059015855,-0.026470199438310305
2021-04-01,-0.0007775253015592562,0.012958502588913037,0.013736027890472293,1.2870715496222132,-0.02722714349006905
2021-04-02,-0.008018214035698452,0.002966202210402849,0.010984416246101301,1.2767515344580842,-0.035027044461683476
2021-04-06,0.00471333994670991,0.0052071562916428575,0.0004938163449329479,1.2827692984674686,-0.0304787988828501
2021-04-07,0.01391552788840234,0.011860820992334877,-0.002054706896067463,1.300619710414679,-0.016987399570306927
2021-04-08,0.0010558821810787438,0.0030610784400154256,0.002005196258936682,1.3019930115912657,-0.015949454081737313
2021-04-09,0.009666677630881713,0.0020134415652536437,-0.00765323606562807,1.3145789583119794,-0.006436954681852236
2021-04-12,0.007874046651921051,-0.009222548359496565,-0.017096595011417616,1.3249300143573617,0.0
2021-04-13,-0.007723862961556057,-0.008352369806645414,-0.000628506845089357,1.3146964364928129,-0.007723862961556138
2021-04-14,0.00029663335768180207,0.010577048485223752,0.01028041512754195,1.3150864193111018,-0.007429520759279051
2021-04-15,0.004797787502889197,0.003270538217882219,-0.0015272492850069777,1.321395924498892,-0.002667378518241059
2021-04-16,0.003908484782619567,0.009037809278151721,0.005129324495532155,1.3265605803616114,0.0
2021-04-19,-0.008555462553555689,0.013136750986949544,0.021692213540505233,1.3152112409913046,-0.00855546255355566
2021-04-20,0.0011099164425383652,-0.000938122289267364,-0.002048038731805729,1.316671015573092,-0.007455041959579023
2021-04-21,-0.008859694401237945,-0.007115559978413814,0.0017441344228241312,1.305005712748147,-0.016248686967306636
2021-04-22,0.003178051302472736,0.008388892994100082,0.0052108416916273465,1.3091530878532807,-0.013122274825613789
2021-04-23,-0.00093249065108468,0.005123449523146299,0.00605594017423098,1.3079323148380189,-0.01404252907810255
2021-04-26,0.007515444769725555,0.0026436127589113375,-0.004871832010814217,1.3177620079127235,-0.006632620160090585
2021-04-27,-0.0020041801737980254,-0.0006266290024438052,0.0013775511713542202,1.3151209754226805,-0.008623507368063499
2021-04-28,8.114156432578585e-05,0.009616321045654004,0.009535179481328218,1.315227686395904,-0.00854306552861539
2021-04-29,0.00247053662141423,0.005310350713893913,0.002839814092479683,1.3184770045606429,-0.006093634863448938
2021-04-30,-0.006845661243218122,-0.010418328298603154,-0.0035726670553850315,1.3094511576304477,-0.01289758114665196
2021-05-06,0.028552730634102266,0.021855747941589822,-0.006696982692512444,1.3468395638127832,0.0
2021-05-07,0.020619008107842698,0.0066235638730820084,-0.01399544423476069,1.3746100596990025,0.0
2021-05-10,0.01946161151297661,0.02349725074651678,0.00403563923354017,1.4013621866626942,0.0
2021-05-11,-0.01480808594021549,-0.013637375737735448,0.0011707102024800416,1.3806106949692247,-0.014808085940215432
2021-05-12,-8.150260303140384e-05,0.010971420755331474,0.011052923358362877,1.3804981716038118,-0.014888381645696724
2021-05-13,-0.01288201533858249,-0.020991206347213,-0.008109191008630511,1.3627145729823265,-0.02757860462355277
2021-05-14,-0.010044184781880556,0.008348999723161677,0.018393184505042234,1.3490272160063306,-0.03734578480456785
2021-05-17,0.0026647410414372603,-0.0019792628549857873,-0.004644003896423048,1.3526220241948386,-0.034780560608624
2021-05-18,0.0034809083938960547,0.004156234747821329,0.0006753263539252749,1.357330377552627,-0.031420720160094784
2021-05-19,-0.005923613577606975,-0.006742249839252792,-0.0008186362616458172,1.349290076898858,-0.037158209533143194
2021-05-20,-0.009286093094983778,-0.008802902442012329,0.00048319065297144914,1.3367604436326375,-0.0460992480351593
2021-05-21,0.0031014393360014395,-0.0038889652150486224,-0.006990404551050062,1.3409063250553304,-0.04314078272037425
2021-05-24,-0.0053324318815194584,0.0013504780315077621,0.006682909913027221,1.3337560334174743,-0.04824316931672179
2021-05-25,-0.0032600194946102853,0.01914889642298871,0.022408915917598995,1.3294079627474793,-0.05134591513887776
2021-05-26,0.00023958759317978067,-0.0020555512078413458,-0.0022951388010211266,1.329726472401628,-0.05111862938992573
2021-05-27,-0.0011435967197684627,0.00982533378217962,0.010968930501948082,1.3282058015696,-0.052203767012804936
2021-05-28,0.0016165819144902918,-0.0001075554078512962,-0.001724137322341588,1.3303529550471385,-0.050671576763935855
2021-05-31,0.0002864606520957201,0.014224919325451068,0.013938458673355348,1.3307340488221588,-0.05039963152476257
2021-06-01,0.0006379681816464557,0.005509829596396195,0.00487186141474974,1.3315830148035408,-0.049793816704395755
2021-06-02,0.0015719392931221434,-0.013021208831413777,-0.01459314812453592,1.3336761824665646,-0.0483001502683057
2021-06-03,0.0009904004454789083,-0.0025196286583596557,-0.003510029103838564,1.334997055951804,-0.04735758631316922
2021-06-04,-0.0011043606760107558,0.005293609058082947,0.006397969734093702,1.333522737700621,-0.048409647133144884
2021-06-07,-0.0024666852509118236,0.003927241188918297,0.006393926439830121,1.3302333568317792,-0.050756921021471446
2021-06-08,-0.00047522102539344956,-0.006240290061340272,-0.005765069035946823,1.329601201971933,-0.05120802129081137
2021-06-09,-0.0005113814317428166,0.002985699709506743,0.0034970811412495598,1.3289212686056218,-0.051693215891309596
2021-06-10,0.0017054500304112931,0.014436833166430126,0.012731383136018834,1.3311876774235794,-0.05007592605751232
2021-06-11,0.0027915909185906255,-0.002595950069470899,-0.005387540988061525,1.3349038088548149,-0.04742412663934381
2021-06-15,-0.0016145743743919633,-0.008800608849681976,-0.007186034475290013,1.3327485073727596,-0.04896213123413595
2021-06-16,-0.004374746912099148,-0.026230581234948,-0.021855834322848853,1.3269180699555259,-0.05312268121380881
2021-06-17,3.1582678128689036e-05,0.01716830644630023,0.017136723768171543,1.3269599775818326,-0.05309277629222209
2021-06-18,0.004932280032312479,0.01143320866534685,0.006500928633034371,1.333504915782937,-0.048422364700275944
2021-06-21,-8.098189726501008e-05,0.006981489013074336,0.007062470910339347,1.3333969260248448,-0.048499425262577334
2021-06-22,0.00012311479766382693,0.0035631540305267285,0.0034400392328629015,1.333561086917598,-0.048382281461841536
2021-06-23,0.0028960784864173945,0.012211132839050945,0.00931505435263355,1.3374231844917435,-0.045626321859889574
2021-06-24,-0.0009223947115704714,-0.007717044206508804,-0.006794649494938333,1.3361895524192364,-0.0465066310934682
2021-06-25,0.0002874418902623799,0.013351664263953802,0.013064222373691422,1.3365736292699326,-0.04623255715715702
2021-06-28,0.009538821809757436,-0.006813960605686927,-0.016352782415444363,1.3493229669551592,-0.037134739471931244
2021-06-29,0.0007970382679320553,-0.006144690649611554,-0.006941728917543609,1.3503984289956221,-0.03636729901242797
2021-06-30,0.0016938221096045268,0.014074509050159003,0.012380686940554476,1.3526857637114302,-0.03473507663795716
2021-07-01,-0.002177658467882864,-0.009657837652370672,-0.007480179184487808,1.3497400761036995,-0.0368370939720668
2021-07-02,0.0030450887815450557,-0.016907539202127866,-0.01995262798367292,1.3538501544674446,-0.03390417741212082
2021-07-05,0.0023172446026714444,0.012945206670659869,0.010627962067988425,1.35698735643071,-0.03166549708156574
2021-07-06,0.0012708238754593636,-0.00641192913138971,-0.007682753006849074,1.3587118483619585,-0.030434914475826136
2021-07-07,0.005950788224306251,0.02200159085236219,0.016050802628055937,1.366797254829416,-0.024665237982190447
2021-07-08,0.0006196308565285504,0.0005441544337113934,-7.547642281715696e-05,1.3676441645831268,-0.02406089046819937
2021-07-09,0.0035139446163726484,0.002903690477060865,-0.000610254139311783,1.372449990432377,-0.020631494488352664
2021-07-12,0.0055198532742662615,0.024797174661074124,0.019277321386807864,1.3800257130058318,-0.015225524036491023
2021-07-13,0.0010141900358451154,0.0020074693266352987,0.0009932792907901833,1.3814253213331724,-0.014226775575414186
2021-07-14,-0.002984130789635015,-0.013470986205922575,-0.01048685541628756,1.3773029674982007,-0.017168451806017337
2021-07-15,0.0002992023895050703,0.009807934463265895,0.009508732073760824,1.3777150598371484,-0.01687438625831683
2021-07-16,-0.0048672722850698225,-0.012818867528183734,-0.007951595243113911,1.3710093455096797,-0.021659526310824018
2021-07-19,-0.001386391223122285,-0.0008149286641700581,0.000571462558952227,1.3691085901862465,-0.02301588895677187
2021-07-20,0.00201412385179906,0.005301549688636132,0.0032874258368370715,1.3718661444534435,-0.02104812195589123
2021-07-21,0.0044922867949703385,0.020425413258142063,0.015933126463171726,1.3780289606186387,-0.01665038936124208
2021-07-22,-0.00022889796298897094,0.002792661360812813,0.0030215593238017836,1.3777135325966132,-0.0168754760840234
2021-07-23,-0.0007009876069023572,-0.008775478939794327,-0.00807449133289197,1.3767477724844013,-0.017564634191330253
2021-07-26,0.00027990892805520256,-0.022362703629023713,-0.022642612557078914,1.3771331364775998,-0.01728964176120318
2021-07-27,-0.005085497606342652,-0.027933684918374814,-0.022848187312032163,1.3701297292084278,-0.022287212935754752
2021-07-28,0.00029358346811675677,-0.0037876021214456727,-0.0040811855895624295,1.3705319766460988,-0.022000172624906278
2021-07-29,0.003430731107322587,0.03455029523513316,0.03111956412781057,1.3752339033319587,-0.018644918194174576
2021-07-30,0.001719754223536414,0.0019856900892191447,0.00026593586568273087,1.3775989676455642,-0.016957228647450084
2021-08-02,-0.0013006148058918381,0.011085485965202582,0.01238610077109442,1.3758072420316632,-0.01823578863069608
2021-08-03,-0.003880254390689123,-0.01477845146191012,-0.010898197071220996,1.3704687599400278,-0.02204528352248336
2021-08-04,0.008856020288648419,0.02840693058444576,0.01955091029579734,1.3826056590830156,-0.013384496711979055
2021-08-05,0.000301157009149218,-0.005028594312173768,-0.005329751321322985,1.3830220404681377,-0.013087370537828602
2021-08-06,0.00807736275016667,0.005763592007404101,-0.002313770742762568,1.3941932111804745,-0.005115719226941984
2021-08-09,-0.00435745712217023,-0.00458487642205576,-0.0002274192998855303,1.3881180740427346,-0.009450884821931793
2021-08-10,-0.0035784316347171143,0.00387183593982984,0.007450267574546954,1.3831507884138574,-0.012995497111426113
2021-08-11,0.01101652709944174,0.009392077198013968,-0.0016244499014277717,1.398388306557033,-0.0021221352580829134
2021-08-12,0.003766449922889206,0.002743385088507384,-0.0010230648343818223,1.4036552660864339,0.0
2021-08-13,0.005892900529550828,-0.0028411844461813524,-0.00873408497573218,1.4119268669472615,0.0
2021-08-16,-0.00636370221092877,-0.011454080793123874,-0.005090378582195103,1.4029417848223995,-0.0063637022109287456
2021-08-17,0.0015228194521228473,-0.021677843713583608,-0.023200663165706455,1.405078211862523,-0.004850573528320301
2021-08-18,-0.00189422938270156,0.005368655273118524,0.007262884655820085,1.4024166714286193,-0.006735614812121482
2021-08-19,-0.002875119342018634,0.002103450919152382,0.004978570261171016,1.3983845561310253,-0.009591368457713578
2021-08-20,0.00844510130026362,-0.004610660873644194,-0.013055762173907814,1.4101940553642758,-0.0012272672356835601
2021-08-23,0.004563971739213076,0.022927765049138793,0.018363793309925717,1.4166301411797644,0.0
2021-08-24,0.0010768381028293315,0.013312269009098059,0.012235430906268727,1.4181556224934033,0.0
2021-08-25,0.006571993894813382,0.00951435627311346,0.002942362378300078,1.4274757325863254,0.0
2021-08-26,0.017131030108621076,0.002056470960712726,-0.01507455914790835,1.4519298623405879,0.0
2021-08-27,0.0035624448543754156,0.004741616543446589,0.0011791716890711729,1.457102282407597,0.0
2021-08-30,0.009160833968887226,0.011861791227702007,0.00270095725881478,1.4704505544924193,0.0
2021-08-31,0.021525526237738,0.016371645658783553,-0.005153880578954445,1.5021027764844423,0.0
2021-09-01,-0.01496250354028975,-0.014630747397159059,0.00033175614313069203,1.4796275583734149,-0.014962503540289718
2021-09-02,0.019065766348235223,0.01657523390740704,-0.0024905324408281836,1.5078377916837722,0.0
2021-09-03,-0.006983733254555256,-0.013892049430106562,-0.006908316175551305,1.497307454755515,-0.006983733254555369
2021-09-06,-0.007598434744677506,0.015159961241131233,0.022758395985808737,1.485930261767836,-0.014529102557823803
2021-09-07,0.012543676024760501,0.025436946437729438,0.012893270412968935,1.5045692895668394,-0.002167674888479132
2021-09-08,0.005439005400922779,0.0038453498419800565,-0.0015936555589427222,1.512752650058856,0.0
2021-09-09,0.01959715281740653,0.02168950553679714,0.002092352719390607,1.542398294916996,0.0
2021-09-10,-0.011702045246503536,-0.007478989670119162,0.004223055576384374,1.5243490802817474,-0.011702045246503534
2021-09-13,0.01145843743321278,0.006218318140498872,-0.005240119292713908,1.5418157388445313,-0.0003776949665884599
2021-09-14,-0.008562819120973399,-0.012985089494599554,-0.004422270373626154,1.5286134495549355,-0.008937279953880162
2021-09-15,0.003833209779316455,-0.0010858214321282063,-0.004919031211444661,1.5344729455785644,-0.005138328643483181
2021-09-16,0.000864620472460408,-0.014556859636032317,-0.015421480108492725,1.5357996823017483,-0.0042781508751621455
2021-09-17,-0.01389404481423878,-0.010035572334285526,0.0038584724799532537,1.5144612126901542,-0.018112754869419323
2021-09-22,0.006709404868111206,0.006795798990733962,8.639412262275681e-05,1.524622346123143,-0.01152487580700401
2021-09-23,-0.002765772213019258,0.0037263412886650218,0.00649211350168428,1.5204055880028875,-0.01425877283875765
2021-09-24,-0.013026559711699616,-0.017090757199557473,-0.004064197487857859,1.5005999338247662,-0.02709958979465754
2021-09-27,-0.014053477727681438,-0.020954716188825898,-0.006901238461144459,1.4795112860765998,-0.04077222404073044
2021-09-28,0.004505408060977323,0.002383911281745303,-0.0021214967792320197,1.4861770881511964,-0.03645051148661005
2021-09-29,-0.006454577129827856,-0.02424757363032546,-0.017792996500497604,1.4765844435071416,-0.04266981597862585
2021-09-30,0.0030232646828791745,0.016608038099269522,0.013584773416390349,1.4810485491064855,-0.039775553443419764
2021-10-08,-0.005079095178644844,-0.002843423979354757,0.0022356711992900873,1.4735261625613798,-0.04465262480034227
2021-10-11,0.005464235461324967,0.004848970953849101,-0.0006152645074758669,1.4815778564720379,-0.0394323817948925
2021-10-12,-0.0009304914431342711,-0.01804823512677209,-0.017117743683637818,1.4801992609542534,-0.04032618174418423
2021-10-13,-0.006667887595647647,0.004739972639533871,0.011407860235181517,1.4703294586630498,-0.046725178892800034
2021-10-14,0.00415098915660122,0.004835524457926332,0.0006845353013251125,1.4764327803025914,-0.04276814544712304
2021-10-15,0.006184233266303282,0.01504867079513827,0.008864437528834987,1.4855633850179994,-0.036848400368631906
2021-10-18,0.01967492494211014,0.016994074855852543,-0.0026808500862575977,1.5147917331149758,-0.017898464938011283
2021-10-19,-0.003355289600381174,0.004661352483361933,0.008016642083743107,1.5097091681661117,-0.021193700005123217
2021-10-20,-0.01175672043777823,-0.015912496917274838,-0.0041557764794966055,1.491959939533632,-0.03270125203689911
2021-10-21,0.00447308479705709,0.001667823866711026,-0.002805260930346064,1.4986336028569782,-0.02837444271317291
2021-10-22,-0.00956839946284553,-0.008188977873553918,0.0013794215892916108,1.4842940778963993,-0.03767134417360307
2021-10-25,0.004693206495477845,0.013091862657370217,0.008398656161892372,1.4912601765039821,-0.033154937075294155
2021-10-26,0.0006614638804945236,-0.0014714955543455594,-0.002132959434840083,1.4922465912471594,-0.03251540398813502
2021-10-27,0.000505674815479071,-0.010935949614584859,-0.01144162443006393,1.4930011827668375,-0.03202617139356789
2021-10-28,-0.008216125100329746,-0.018218138852715123,-0.010002013752385379,1.480734498274285,-0.03997916546324343
2021-10-29,-0.003824035529560918,0.010827890889805911,0.014651926419366829,1.4750721169430376,-0.04365031924363061
2021-11-01,-0.0006368969980088714,0.0007246063207384109,0.0013615033187472823,1.4741326479399102,-0.04425941548435108
2021-11-02,0.00045151007828479983,-0.006288232850163334,-0.006739742928448134,1.4747982336871837,-0.043827888978216434
2021-11-03,0.0005867012360759655,0.0018119592618245591,0.0012252580257485937,1.4756634996338507,-0.04326690161877855
2021-11-04,-0.001303577628778385,0.006315593453472367,0.007619171082250752,1.473739857708123,-0.044514077482540104
2021-11-05,-0.005566329646509856,-0.010145444404097644,-0.004579114757587789,1.4655365358469192,-0.04983262709987191
2021-11-08,0.007810368079802216,0.008595413794149997,0.0007850457143477806,1.476982915626282,-0.04241147018010316
2021-11-09,0.0007136882606145545,0.007630378466528294,0.006916690205913739,1.4780370209942926,-0.04172805048787165
2021-11-10,-0.004674171349867434,-0.005370236464202021,-0.0006960651143345872,1.4711284226967176,-0.04620717777966288
2021-11-11,-0.0023559816019627124,0.009298795854910629,0.011654777456873341,1.4676624711987198,-0.04845429612089802
2021-11-12,0.0023752526836032014,0.0031481272760937942,0.0007728745924905928,1.4711485404220583,-0.04619413463418798
2021-11-15,-0.007808030620695438,-0.010133745134814008,-0.0023257145141185698,1.4596617675708514,-0.05364148003716329
2021-11-16,-0.005630943044128143,-0.008049779042642568,-0.0024188359985144255,1.4514424952939686,-0.05897037096239932
2021-11-17,0.0029040310662035145,0.009086097000771677,0.006182065934568163,1.45565752939111,-0.05623759168545628
2021-11-18,0.004196482239573783,-0.00448320337994454,-0.008679685619518323,1.4617661703601015,-0.05227710950058706
2021-11-19,-0.001283713231759843,0.008173524344471782,0.009457237576231625,1.4598896817854714,-0.05349371391516278
2021-11-22,0.007437757388212448,0.0198894325255449,0.012451675137332453,1.4707479870521465,-0.046453829792845736
2021-11-23,-0.002001521331752781,-0.0018388563694280266,0.00016266496232475447,1.4678042535824292,-0.04836237279332656
2021-11-24,-0.005388281954703498,-0.00388148102125708,0.0015068009334464178,1.4598953104098138,-0.05349006464742112
2021-11-25,6.569118270407083e-05,-0.0029622065092824276,-0.0030278976919864984,1.4599912126593788,-0.05342788729032666
2021-11-26,0.0044798946435518315,-0.0011137635350820484,-0.00559365817863388,1.4665318194726042,-0.04918734395286306
2021-11-29,0.006080772634912982,0.007458769342693916,0.001377996707780934,1.4754494660286825,-0.043405668373042605
2021-11-30,0.0014968244121147751,0.0021642132062710756,0.0006673887941563007,1.477657954808276,-0.04197381462497274
2021-12-01,-0.004048866703120177,-0.0032970178624978125,0.0007518488406223641,1.471675114716452,-0.04585273494765507
2021-12-02,0.001104888085059151,-0.004593414952802079,-0.00569830303786123,1.47330115101578,-0.044798509003107
2021-12-03,-0.0007398845098291897,0.00862286042669114,0.00936274493652033,1.47221107831583,-0.045505247790061376
2021-12-06,-0.0017496762473565809,-0.013467892726820498,-0.011718216479463917,1.4696351855610057,-0.04717530458622954
2021-12-07,-0.009259354412389034,-0.013115199773031294,-0.003855845360642261,1.4560273125209793,-0.05599784613394221
2021-12-08,0.0011731535353178264,0.01699260971834809,0.015819456183030264,1.4577354561101827,-0.05489038666978652
2021-12-09,-0.0026230916586343573,0.005796948680374627,0.008420040339008984,1.4539116823947644,-0.05736949581300821
2021-12-10,0.002507953043475711,0.0019894614321724342,-0.000518491611303277,1.4575580246235713,-0.055005422771159385
2021-12-13,-0.003150649348402605,0.0011231619584348251,0.00427381130683743,1.452965770383032,-0.05798276932014945
2021-12-14,0.0009614918399836467,-0.002181106875004948,-0.003142598714988595,1.454362785115031,-0.05707702743972676
2021-12-15,0.0007898215296321336,-0.007623409942677204,-0.008413231472309338,1.4555114721546103,-0.05633228657521405
2021-12-16,-0.0020137089568515584,0.0052093417455006605,0.007223050702352219,1.4525804956663324,-0.05823255870202915
2021-12-17,-0.002013579822593382,-0.014744825021950427,-0.012731245199357045,1.449655608889566,-0.06012888261940219
2021-12-20,-0.0025175253694233726,-0.022807215400554214,-0.02028969003113084,1.4460060641172596,-0.062495032001396056
2021-12-21,-0.0008210982042969358,0.008259883684862508,0.009080981889159444,1.4448187511346104,-0.06326481564713926
2021-12-22,0.0014467674875634742,0.005352955692863192,0.0039061882052997174,1.4469090679291743,-0.06190957763796057
2021-12-23,-0.000584047777652902,0.0014070642559017286,0.0019911120335546306,1.4460640039035846,-0.06245746726437851
2021-12-24,-0.0040334553993987745,-0.012681229207371416,-0.008647773807972641,1.4402313692391635,-0.06623900325520693
2021-12-27,0.001660742619068053,-0.0028032206962221753,-0.004463963315290228,1.4426232228553777,-0.06468826657188942
2021-12-28,0.001877713577111194,0.008486872070912603,0.006609158493801409,1.445332056067589,-0.06293201903120016
2021-12-29,0.0031650538714280965,-0.005316623818664853,-0.00848167769009295,1.449906609887145,-0.0599661483902435
2021-12-30,0.002641053373072324,0.013987563669475145,0.011346510296402821,1.4537358906298272,-0.057483468815647365
2021-12-31,0.005385994619306136,0.0019504404381371345,-0.003435554181169001,1.4615657043146517,-0.05240707985008142
2022-01-04,0.002862391102887607,-0.005492589588300956,-0.008354980691188563,1.4657492769829676,-0.04969469830628492
2022-01-05,-0.004897683504185005,-0.022075524616187944,-0.017177841112002937,1.4585705009278171,-0.054348992906329774
2022-01-06,0.0010245900745779397,-0.0052755075115963794,-0.006300097586174319,1.46006493778614,-0.053380088270446824
2022-01-07,-0.005238222778973631,-0.013159480111075154,-0.007921257332101523,1.452416792370248,-0.05833869425509863
2022-01-10,-0.0008469571869870095,0.0019619972379570803,0.0028089544249440897,1.4511866575294494,-0.05913624106570681
2022-01-11,-0.004464736697844405,-0.01508496088864172,-0.010620224190797316,1.4447074912041555,-0.06333695001789263
2022-01-12,0.0014485889743606523,0.015029662973085514,0.013581073998724862,1.4468002785470901,-0.06198011025099748
2022-01-13,-0.002035243911645453,-0.015277146908279006,-0.013241902996633553,1.4438556870888102,-0.0638892095206115
2022-01-14,0.0048494223335269655,0.005307296762526101,0.0004578744289991354,1.4508575531041685,-0.059349612946605235
2022-01-17,0.00643982380187616,0.02036630942857013,0.01392648562669397,1.4602008201077805,-0.05329199019481479
2022-01-18,-0.006116638023874347,-0.0043748271942304455,0.001741810829643901,1.451269300249017,-0.059082660405095466
2022-01-19,0.007348495270260264,-0.002910701432677628,-0.010259196702937892,1.4619339458377707,-0.05216833378537644
2022-01-20,-0.007530432407193811,-0.011740908511160416,-0.004210476103966605,1.4509249510748572,-0.05930591608120361
2022-01-21,-0.006478060479539761,-0.018210648734050563,-0.011732588254510802,1.441525771490521,-0.06539978924957479
2022-01-24,-0.0034847303269853708,0.0008773003109243944,0.004362030637909765,1.4365024429174769,-0.06865661894758379
2022-01-25,-0.011294777042660582,-0.03934301868690193,-0.028048241644241346,1.4202774681034867,-0.07917593478672857
2022-01-26,-0.00016451793114506943,0.0016742760406124925,0.0018387939717575618,1.4200438069927823,-0.0793274268568861
2022-01-27,-0.005521163218602278,-0.02968832186350975,-0.024167158644907472,1.4122035133568098,-0.0844106104040997
2022-01-28,0.005112776364481385,-0.0026041303779383686,-0.007716906742419753,1.419423794101738,-0.07972940661340389
2022-02-07,-0.0036614566085402737,0.005713387853415099,0.009374844461955373,1.4142266354705049,-0.0830989374592046
2022-02-08,0.011996443673302439,0.006150529028851269,-0.00584591464445117,1.4311923256442107,-0.07209938550844286
2022-02-09,0.0007164256116112952,0.012502805751011679,0.011786380139400383,1.4322176684814436,-0.07143461374319127
2022-02-10,0.013465811908092923,0.007759407906710438,-0.005706404001382485,1.451503642216662,-0.05893072690749146
2022-02-11,0.001046052054865527,-0.014794557733098727,-0.015840609787964255,1.4530219905842479,-0.057946319460602136
2022-02-14,-0.00082299126852601,-0.004979921574834912,-0.004156930306308902,1.4518261661730207,-0.05872162141416881
2022-02-15,-0.012995025544661129,0.006707128900539261,0.01970215444520039,1.432959648057195,-0.07095355798852887
2022-02-16,0.002224044863493485,0.0037740980582744166,0.0015500531947809312,1.43614661460205,-0.0688873170212263
2022-02-17,-0.0029779237716775035,0.0005553305614969719,0.0035332543331744754,1.4318698794588125,-0.07166009961397923
2022-02-18,0.009102003950464257,0.014951813502496646,0.0058498095520323895,1.4449027647581976,-0.06321034617329191
2022-02-21,0.0038407132668543233,0.006008738435117966,0.002168025168263643,1.450452221976119,-0.05961240572158777
2022-02-22,0.006426881047163241,-0.004876291522902575,-0.011303172570065816,1.4597741058713531,-0.05356864651493232
2022-02-23,-0.016078409854831797,0.0046716170895897,0.020750026944421497,1.436303259501683,-0.06878575771572848
2022-02-24,0.009343485272713536,-0.008860275023133685,-0.01820376029584722,1.449723337853987,-0.06008497115720446
2022-02-25,-0.016493411838885,-0.005456498171786214,0.011036913667098785,1.4258124537903183,-0.0755873768214661
2022-02-28,0.0010025409424902236,0.005452361941147009,0.004449820998656785,1.4272418891515557,-0.07466061531897472
2022-03-01,0.0018377853924449665,0.007360178922634623,0.005522393530189657,1.429864853446924,-0.07296004011475388
2022-03-02,0.013638156653738479,0.007419528061902987,-0.0062186285918354916,1.449365574311908,-0.06031692391756349
2022-03-03,0.016794292176257847,0.007985754084677634,-0.008808538091580213,1.473706643237112,-0.044535611784750295
2022-03-04,0.005174221242628587,-0.002852472088359797,-0.008026693330988384,1.4813319274559524,-0.03959182765067171
2022-03-07,0.0315799991174628,0.005278351440204172,-0.02630164767725863,1.5281123884176808,-0.009262138415475962
2022-03-08,0.013137420281652603,-0.005965902936318981,-0.019103323217971584,1.5481878431019238,0.0
2022-03-09,0.00516797376972549,-0.003964959603682973,-0.009132933373408463,1.5561888372656825,0.0
2022-03-10,-0.025418601202707777,-0.01027351188506833,0.015145089317639446,1.5166326938151207,-0.02541860120270767
2022-03-11,-0.0034563522738962323,0.004575837662639445,0.008032189936535677,1.5113906769551875,-0.028787097836537656
2022-03-14,0.003321119389577427,-0.02303637677017921,-0.026357496159756636,1.51641018583765,-0.025561583835754798
2022-03-15,0.0007640075901026213,-0.03991366962563335,-0.04067767721573597,1.5175687347293387,-0.024817105489717828
2022-03-16,-0.01011773320783051,0.027545582593719625,0.037663315801550135,1.5022143791468023,-0.03468374584521283
2022-03-17,-0.00616009766708611,0.014241749244074483,0.020401846911160593,1.492960591854357,-0.040630188250431964
2022-03-18,0.008637674573971656,0.014137198503158803,0.0054995239291871474,1.505856299598559,-0.032343464020446744
2022-03-21,0.00010329425577696243,0.003636509876557154,0.0035332156207801917,1.5060118459043332,-0.03224351065871489
2022-03-22,0.007509309419105635,0.002175866073787805,-0.00533344334531783,1.5173209548440674,-0.024976327737903814
2022-03-23,-0.005282997787692622,0.0031252855165475515,0.008408283304240174,1.5093049515964065,-0.030127375641412324
2022-03-24,0.012047220289040005,0.006290543753204937,-0.005756676535835068,1.5274878808316275,-0.01844310648345504
2022-03-25,0.008327770490395415,-0.007203932053741606,-0.015531702544137022,1.5402084493300539,-0.01026892595098361
2022-03-28,0.0037268032548391956,-0.0034197385670826546,-0.00714654182192185,1.545948503192148,-0.006580392962802217
2022-03-29,0.0028796901115626674,-0.0021439289926512913,-0.005023619104213959,1.5504003558097756,-0.003719652343784685
2022-03-30,-0.014089332533072315,0.008533260572965072,0.022622593106037387,1.5285562496373781,-0.017756577458077905
2022-03-31,0.005341827461272831,-0.0039392513435261445,-0.009281078804798976,1.5367215333877913,-0.012509602569888867
2022-04-01,-0.003457673372069165,0.0012544292258696585,0.004712102597938824,1.531408052261511,-0.01592402182225705
2022-04-06,0.0029570336001868576,-0.003953499603126654,-0.006910533203313511,1.5359364773276452,-0.013014076089648552
2022-04-07,0.0052662796035117445,-0.01158675996702003,-0.016853039570531775,1.5440251482704852,-0.007816332249606428
2022-04-08,0.00449729326598816,0.0014064524411758683,-0.0030908408248122915,1.5509690821723183,-0.0033541913220092034
2022-04-11,0.009325877411967387,-0.024658847530556707,-0.033984724942524094,1.565433229702409,0.0
2022-04-12,-0.005143681433193424,0.010790813885449071,0.015934495318642494,1.5573811398638846,-0.005143681433193437
2022-04-13,0.014745326472637968,0.00020599361420574162,-0.014539332858432227,1.5803452332135068,0.0
2022-04-14,0.006235377584420474,0.01629644492361612,0.010061067339195647,1.590199282456332,0.0
2022-04-15,-0.0024463727926345496,-0.005002293048068285,-0.002555920255433736,1.5863090621968639,-0.002446372792634599
2022-04-18,-0.008458931271767915,-0.003321510059477742,0.005137421212290173,1.572890582863958,-0.010884610365084368
2022-04-19,0.008694231901643092,0.001782034500116379,-0.006912197401526713,1.586565658347288,-0.0022850117901143108
2022-04-20,-0.004029627061705627,-0.022820365933985707,-0.01879073887228008,1.580172390435239,-0.006305431106474191
2022-04-21,0.005678377347250385,-0.01624092180140553,-0.021919299148655914,1.589145205541837,-0.0006628583763834683
2022-04-22,0.005013542209118399,-0.001470029266929125,-0.006483571476047524,1.5971124521062392,0.0
2022-04-25,0.0050580877625365905,-0.05281845681068481,-0.0578765445732214,1.6051907870556326,0.0
2022-04-26,-0.0014004716961248144,-0.01525111652807627,-0.013850644831951456,1.602942762791481,-0.0014004716961247832
2022-04-27,-0.00829952984462561,0.030599792204336874,0.03889932204896249,1.5896390914924665,-0.009688378284111732
2022-04-28,0.009078818668249193,0.00712646516689423,-0.0019523535013549636,1.6040711365520868,-0.0006975186454936111
2022-04-29,-0.010862934541368854,0.024757988720415947,0.0356209232617848,1.5866462167960222,-0.011552876087475128
2022-05-05,-0.0037697927884355097,-0.00396752051199218,-0.0001977277235566702,1.5806648893301463,-0.015279116926950276
2022-05-06,0.000882030131711504,-0.019298134977431627,-0.020180165109143132,1.5820590833906738,-0.014410563436754287
2022-05-09,-0.0032903113635261148,-0.005379528435294484,-0.002089217071768369,1.5768536164108238,-0.017653459559649587
2022-05-10,-0.010902147257992767,0.002921713653218895,0.013823860911211662,1.5596625260804144,-0.02836314620191016
2022-05-11,-0.0036844846978204794,0.014394557584391982,0.018079042282212462,1.553915973369307,-0.03194312732156768
2022-05-12,-0.005133945115009657,-0.003317579956656238,0.0018163651583534195,1.5459382540486923,-0.036913078174106606
2022-05-13,0.00319510003057208,0.00731491915300028,0.0041198191224282,1.550877681411466,-0.033835919120737024
2022-05-16,0.005667654681766074,-0.0006788578217617408,-0.006346512503527815,1.559667520563364,-0.02836003474438753
2022-05-17,-0.0015359181990994282,0.009802168399241896,0.011338086598341325,1.5572719988339867,-0.02985239424999586
2022-05-18,-0.002724829354306364,-0.0053491094368317655,-0.0026242800825254015,1.5530286983789245,-0.03249588092415345
2022-05-19,0.001340655987707351,0.007829025868143212,0.006488369880435861,1.5551107756024876,-0.031198790733782955
2022-05-20,0.001453362379232054,0.017522531975052637,0.01606916959582058,1.5573709150992867,-0.0297907715032808
2022-05-23,0.0003153058678710776,0.0016179850605401857,0.001302679192669108,1.5578619632872692,-0.029484858840473138
2022-05-24,0.007792035780063016,-0.024172911491822283,-0.0319649472718853,1.5700008794456026,-0.02192257013546539
2022-05-25,0.0005623567430608985,0.008430909592472806,0.007868552849411906,1.5708837800267703,-0.021372541697545433
2022-05-26,0.0033373479260348717,0.00659910418995634,0.0032617562639214682,1.5761263657520843,-0.018106521379219087
2022-05-27,0.0019940617631694995,0.003186849641294313,0.0011927878781248134,1.579269259071954,-0.016148565137995785
2022-05-30,-0.003735657749442701,0.004259703669389705,0.007995361418832406,1.5733696496258451,-0.019823897374938393
2022-05-31,-0.004807885986563992,0.012152424745418746,0.016960310731982738,1.5658050677357238,-0.0245364723231144
2022-06-01,0.0015173335235062187,0.002167826257970007,0.0006504927344637886,1.568180916256275,-0.02305636881161277
2022-06-02,-0.003092534690502584,0.007525407192212916,0.0106179418827155,1.5633312623717683,-0.02607760088172839
2022-06-06,0.002025600525505281,0.0271402935946296,0.025114693069124318,1.5664979469983673,-0.024104823158273114
2022-06-07,2.168216991667272e-06,-0.00011188477716838416,-0.00011405299416005143,1.5665013435058335,-0.02410270720576857
2022-06-08,0.004904193679511422,0.013736419998295484,0.008832226318784062,1.5741837694936007,-0.019316717870594857
2022-06-09,0.004195155196622534,-0.011954663255931235,-0.01614981845255377,1.5807877147146308,-0.01520259930332879
2022-06-10,0.0023741810117985165,0.018511093860686546,0.01613691284888803,1.5845407908905906,-0.012864512014126195
2022-06-13,0.005855470763555741,-0.002200362844670515,-0.008055833608226256,1.5938190231653118,-0.00708436902455678
2022-06-14,0.0008007000451554047,0.0007854223551935204,-1.527768996188433e-05,1.5950951941291296,-0.006289341433999285
2022-06-15,-0.00989897787999693,-0.004723666281579107,0.005175311598417822,1.579305382085956,-0.01612606126226135
2022-06-16,-0.0032997331959268967,0.0004846430391169127,0.0037843762350438094,1.5740940956901808,-0.019372582758521717
2022-06-17,0.004479029303158888,0.015742096000806297,0.01126306669764741,1.5811445092707066,-0.014980323821216057
2022-06-20,-0.006175174027092656,-0.0019317374579811575,0.004243436569111498,1.571380666763978,-0.02106299174173043
2022-06-21,-0.001493460296845537,-0.005887130034657424,-0.0043936697378118865,1.5690338721269355,-0.022524995296676842
2022-06-22,0.006782934474009269,-0.008945168997660242,-0.015728103471669513,1.5796765260690737,-0.015894846389792106
2022-06-23,0.0042188596675132,0.022924898302785292,0.018706038635272093,1.586340959652624,-0.011743044848634199
2022-06-24,-0.00018925911695143885,0.012295629122348975,0.012484888239300414,1.586040730163416,-0.011930081487287247
2022-06-27,0.0016702684518129546,0.010932549269564837,0.009262280817751883,1.5886898439582986,-0.010279739474210015
2022-06-28,0.0021644346614533424,0.014088910042657152,0.011924475381203808,1.5921284593228608,-0.008137554637185351
2022-06-29,-0.011272874245314068,-0.028010314397458887,-0.01673744015214482,1.5741805954185286,-0.019318695252410034
2022-06-30,0.00226196390496178,0.016395390811693434,0.014133426906731654,1.5777413351052565,-0.0171004295388002
2022-07-01,0.0009152030245464924,-0.004827082762463192,-0.005742285787009685,1.579185288747097,-0.016200876879088555
2022-07-04,0.004461744166614224,0.0122360587842651,0.007774314617650876,1.5862312094971671,-0.011811416880383785
2022-07-05,0.006618622818957905,0.004732741821801854,-0.001885880997156051,1.5967298755764883,-0.005270969374714607
2022-07-06,-0.0007409539663404926,-0.01209182049504874,-0.011350866528708247,1.5955467722420056,-0.006008017795390397
2022-07-07,0.012419072657186336,0.01539913689109224,0.0029800642339059043,1.6153619835344184,0.0
2022-07-08,-0.01045002680549062,-0.013869501699503085,-0.003419474894012465,1.5984814075059133,-0.010450026805490564
2022-07-11,-0.0072580043065552675,-0.02412091879346246,-0.01686291448690719,1.5868796225662867,-0.01763218477248807
2022-07-12,-0.0013707197436193942,-0.017161591347362084,-0.01579087160374269,1.5847044553368879,-0.018978735732316676
2022-07-13,0.00890710159031975,0.011164576044506137,0.002257474454186387,1.5988195789112059,-0.010240679669220487
2022-07-14,0.011465816986535553,0.02110314399230502,0.009637327005769466,1.6171513515974916,0.0
2022-07-15,0.0018020389233020355,-0.012473561220460512,-0.014275600143762548,1.6200655212779407,0.0
2022-07-18,-0.003324055972010142,0.009268081910890576,0.012592137882900718,1.614680332806889,-0.0033240559720101315
2022-07-19,-0.0072034623629077844,-0.00911053671365005,-0.0019070743507422654,1.6030490438013871,-0.010503573622831386
2022-07-20,-0.0019200121905413657,0.006903751070871489,0.008823763261412855,1.5999711700952528,-0.012403418823972667
2022-07-21,-0.0051731113724484395,-0.009323485219326225,-0.0041503738468777855,1.5916943410396434,-0.017512365929445606
2022-07-22,0.004085508346750451,-0.0015111782218151263,-0.0055966865685655775,1.598197221555436,-0.013498404499871386
2022-07-25,-0.005446639152576608,-0.013374361354174073,-0.007927722201597464,1.5894924179949732,-0.01887152271400161
2022-07-26,0.002320740639619891,0.010774088919178398,0.008453348279558506,1.593181217645782,-0.016594577984075487
2022-07-27,0.008905017689553358,0.007243712365511561,-0.001661305324041797,1.6073685245715819,-0.007837335305020954
2022-07-28,-0.00436020048972554,0.00022973940283773416,0.0045899398925632745,1.6003600755435754,-0.012163363441511477
2022-07-29,0.004331008456413335,-0.00961744717802545,-0.013948455634438785,1.6072912485640611,-0.007885034615021547
2022-08-01,0.0034905601162509028,0.012800660624309694,0.009310100508058791,1.612901595291498,-0.004421997686113066
2022-08-02,-0.0004892769508095007,-0.020598650062596462,-0.02010937311178696,1.6121124397169981,-0.004909111055378168
2022-08-03,-0.007040172359685564,-0.009653536599489886,-0.0026133642398043213,1.6007628902781972,-0.011914722427101121
2022-08-04,-0.005486075448250652,0.0025833140018098853,0.008069389450060537,1.5919809842873713,-0.017335432809171603
2022-08-05,-0.009233249192469145,0.01493507164074242,0.024168320833211566,1.5772818271497737,-0.02640861963065444
2022-08-08,0.006025970702181982,0.006225325106971255,0.00019935440478927288,1.5867864812292622,-0.020541786496651837
2022-08-09,0.007644354495944734,0.011355567791473078,0.0037112132955283436,1.5989164396011515,-0.013054460698667558
2022-08-10,0.00428898821546171,-0.005723657296053534,-0.010012645511515244,1.6057741733681088,-0.008821462911301592
2022-08-11,-0.006991256043211641,0.013566810746384134,0.020558066789595774,1.594547794974516,-0.015751045848624634
2022-08-12,-0.006082571443903548,-0.011025521177602067,-0.004942949733698519,1.5848488440908646,-0.021737810430837667
2022-08-15,0.011054899338372597,0.009146064909735246,-0.0019088344286373518,1.6023691885288252,-0.010923220398614708
2022-08-16,0.005456094276341783,0.0030606082304777825,-0.002395486045864,1.6111118658869437,-0.005526724242569059
2022-08-17,-0.00346482189309257,0.0032443775418684894,0.006709199434961059,1.6055296502217973,-0.008972397020508893
2022-08-18,0.008371495227372024,0.004211646753695308,-0.004159848473676716,1.6189703340260335,-0.0006760141719720503
2022-08-19,-0.005345346805091731,-0.016438656782340133,-0.011093309977248401,1.6103163761235093,-0.006017747446869337
2022-08-22,-0.001420349461382673,0.006774192592867316,0.008194542054249989,1.6080291641260265,-0.007429549603907182
2022-08-23,0.005125910280314309,0.0014632361332442387,-0.0036626741470700704,1.6162717773494653,-0.0023417225282856835
2022-08-24,-0.00528612942870523,-0.029128063270362922,-0.023841933841657694,1.6077279555424326,-0.007615473308620224
2022-08-25,-0.003956261396212951,-0.0009123867136623426,0.0030438746825506087,1.6013673634963077,-0.011541605901768448
2022-08-26,-0.004016998406529203,-0.008907413600345596,-0.004890415193816392,1.5949346733488752,-0.01551224169578136
2022-08-29,0.009001928611573227,0.0027644421863583946,-0.0062374864252148325,1.6092921614184845,-0.006649953176559142
2022-08-30,-0.006836200731644944,-0.009278858638075715,-0.0024426579064307703,1.598290717167165,-0.013440693493433131
2022-08-31,-0.015443614282957917,-0.025483191111336383,-0.010039576828378466,1.573607331819203,-0.028676734890383027
2022-09-01,0.0034097248458095576,-0.002841593188035701,-0.006251318033845259,1.578972899836055,-0.02536478982002588
2022-09-02,-0.0020924296774398315,-0.0014903433993569016,0.0006020862780829299,1.5756690100805648,-0.02740414545848424
2022-09-05,0.253152101117839,0.3052661903775302,0.05211408925969127,1.9745529306487253,0.0
2022-09-06,0.001830119534276119,0.011195185674044173,0.009365066139768053,1.9781665985385675,0.0
2022-09-07,0.0002512012107020935,0.0028166916979601875,0.0025654904872580942,1.9786635163830908,0.0
2022-09-08,-4.863680299722656e-05,-0.0064304673894617255,-0.006381830586464499,1.9785672805154466,-4.863680299727058e-05
2022-09-09,-0.0006590828734911752,0.00788589677308168,0.008544979646572855,1.977263240706809,-0.0007076876208045313
2022-09-13,-0.00044637895044354086,-0.0025181650867014617,-0.0020717861362579207,1.9763806320166717,-0.0011537506743906079
2022-09-14,-0.0002886730649154547,-0.008909795724866078,-0.008621122659950624,1.975810104162188,-0.0014420906825626245
2022-09-15,-0.0004903681220382059,-0.017373840783733305,-0.016883472661695098,1.974841229871906,-0.001931751649301039
2022-09-16,-0.0008715561153511779,-0.020596178593031433,-0.019724622477680254,1.9731200449211634,-0.0028016241346889847
2022-09-19,0.0005122144419023248,-0.008903179516637737,-0.009415393958540061,1.974130705503779,-0.002290844725129304
2022-09-20,0.0007396373342526318,0.0057035055971221505,0.0049638682628695184,1.9755908462762637,-0.0015529017851624305
2022-09-21,0.0009299050951712142,-0.005160414443017387,-0.006090319538188602,1.9774279582701897,-0.0006244407412735464
2022-09-22,0.0015778138195086512,-0.0021304016412169073,-0.0037082154607255583,1.980547971429831,0.0
2022-09-23,-0.000575638789903381,-0.011076315979703778,-0.010500677189800398,1.9794078911922115,-0.0005756387899034099
2022-09-26,-0.0009462487748349519,-0.008286254543356113,-0.007340005768521162,1.9775348789002722,-0.0015213428672387064
2022-09-27,-0.0011024352748808144,0.017578612681072574,0.01868104795595339,1.9753547746924653,-0.0026221009600775336
2022-09-28,8.758882960474296e-05,-0.020386397345604917,-0.02047398617520966,1.975527793705235,-0.0025347417972269026
2022-09-29,0.0005423718241197132,0.005006132569682878,0.004463760745563165,1.9765992643183061,-0.001993744745639403
2022-09-30,0.0004719294338623434,-0.010943578443187725,-0.011415507877050068,1.9775320796900888,-0.0015227562186059806
2022-10-10,0.0021752224736158515,-0.02293414886517523,-0.025109371338791084,1.981833651912127,0.0
2022-10-11,-0.00027847504496978845,0.0009524223751897636,0.001230897420159552,1.981281760696788,-0.0002784750449698059
2022-10-12,-0.0005468960941759138,0.02148653637777623,0.022033432471952146,1.980198205440401,-0.0008252188422313012
2022-10-13,-0.0013292786396354598,-0.0008466605327535168,0.000482618106881943,1.9775659702636645,-0.0021534005360868136
2022-10-14,-0.0014685854008377162,0.02986172576798866,0.031330311168826376,1.9746617457505418,-0.0036188234843350653
2022-10-17,-0.0006516671480761928,0.0028462923049601967,0.0034979594530363894,1.9733749235622733,-0.004268132364031896
2022-10-18,0.00024068379120490362,0.0009154916317810303,0.0006748078405761267,1.9738498829203452,-0.004028475843105506
2022-10-19,0.0006877328874329133,-0.009854290080110153,-0.010542022967543066,1.975207364399685,-0.003343513470996262
2022-10-20,-0.0011826527555820969,0.00039638876892153724,0.001579041524503634,1.9728713799673319,-0.004522212011158433
2022-10-21,0.00035788810087573485,-0.0027849749038503487,-0.0031428630047260838,1.9735774471587804,-0.004165942356151198
2022-10-24,0.0007948694241860344,-0.013996213408314443,-0.014791082832500477,1.97514618352779,-0.003374384312167078
2022-10-25,5.066797896850465e-05,-0.0053283438051509565,-0.005379011784119461,1.9752462601930765,-0.0033238873064319607
2022-10-26,-0.001366752671437518,0.01906964207264077,0.02043639474407829,1.9725465870902106,-0.00468609704601386
2022-10-27,0.00013711532018621559,-0.00314886120336854,-0.0032859765235547555,1.9728170534470815,-0.00454962426152461
2022-10-28,0.0006909384088103392,-0.023436501383693627,-0.024127439792503966,1.974180148522864,-0.003861829362862279
2022-10-31,-0.0007668226544101324,0.0028861026984720174,0.0036529253528821497,1.97266630246109,-0.004625690679029515
2022-11-01,-0.0014412290558785256,0.02431557908055155,0.025756808136430075,1.9698232384684307,-0.006060253055097831
2022-11-02,-0.0005361731124419942,0.011473557496189729,0.012009730608631723,1.9687670722117003,-0.006593176822797253
2022-11-03,2.563741826335343e-06,-0.0012234579745320662,-0.0012260217163584015,1.9687721196221897,-0.0065906299841740346
2022-11-04,-0.0006760078032692217,0.02422119369604509,0.024897201499314313,1.9674412143064661,-0.0072621824701455395
2022-11-07,-5.829384821629087e-05,0.0008800921277276067,0.0009383859759438976,1.967326524586945,-0.007320052977799141
2022-11-08,0.0005721821412849297,-0.004941647316459599,-0.005513829457744529,1.9684521936903898,-0.00675205924010136
2022-11-09,0.000934773516802353,-0.006367164249828475,-0.007301937766630829,1.9702922506701432,-0.005823597369460476
2022-11-10,-6.334398519382452e-05,-0.0070192188940510465,-0.006955874908857222,1.9701674445069892,-0.005886572464788742
2022-11-11,-0.000432091944104485,0.01306149024943121,0.013493582193535695,1.9693161510256807,-0.00631612086835287
2022-11-14,-0.0008562817382647063,-0.001447545972010386,-0.0005912642337456798,1.9676298615686878,-0.007166994227661316
2022-11-15,-0.0006503742524586421,0.02135576310286025,0.022006137355318894,1.9663501657683549,-0.007812707251606654
2022-11-16,0.0005102720558783181,-0.00545329256867717,-0.005963564624555488,1.967353539310018,-0.007306421801919649
2022-11-17,0.00014223759432550821,0.0014532431443909776,0.0013110055500654694,1.9676333709446372,-0.00716522345545445
2022-11-18,-0.00028022746236670517,-0.00499354446637374,-0.004713317004007035,1.9670819860382294,-0.0074434430254348705
2022-11-21,0.0004100076191809503,-0.005091509517241975,-0.005501517136422925,1.9678885046400585,-0.0070364872746073726
2022-11-22,0.0002480835488978013,-0.009451992824466354,-0.009700076373364156,1.9683767054041248,-0.006790149362444486
2022-11-23,6.378880236853177e-05,-0.0019321876392926038,-0.0019959764416611356,1.9685022657967726,-0.00672679369557172
2022-11-24,0.00012459435722327096,-0.0023391889103346365,-0.0024637832675579075,1.968747530071272,-0.00660303745888513
2022-11-25,-0.00010643125743735785,-0.004149422483727113,-0.004042991226289755,1.9685379937960699,-0.006708765946742856
2022-11-28,0.0004910516537894229,-0.009221359218701439,-0.009712410872490862,1.9695046476334708,-0.00622100864356645
2022-11-29,-0.0010895787317736813,0.019195379705962794,0.020284958437736474,1.9673587172572797,-0.007303809096631975
2022-11-30,2.1355577462173865e-06,-0.001787018294679182,-0.0017891538524253993,1.967362918665428,-0.0073016891365917935
2022-12-01,-0.00012446728162069395,0.011280848626715963,0.011405315908336657,1.9671180463509803,-0.00742524759681451
2022-12-02,0.0005920343060231422,-0.0016244228741178544,-0.0022164571801409965,1.9682826477184172,-0.0068376092920994225
2022-12-05,-0.000577534051371935,0.007952149892815301,0.008529683944187237,1.9671458974666354,-0.007411194391275133
2022-12-06,-0.0006066360384791193,-1.5502438036355264e-05,0.0005911336004427641,1.965952555872286,-0.008013334532148253
2022-12-07,-0.0012011394205027925,-0.002055549571650216,-0.0008544101511474236,1.9635911727585895,-0.009204848820654865
2022-12-08,0.003861916141886254,0.0012837618095625524,-0.0025781543323237016,1.9711743972047313,-0.005378481033012639
2022-12-09,3.739487366109602e-05,0.004330657248388736,0.0042932623747276395,1.9712481090222789,-0.005341287286970253
2022-12-12,8.861487963792632e-05,-0.004513074218559012,-0.004601689098196938,1.9714227909361965,-0.00525314572486224
2022-12-13,0.0033559215021889085,-0.0030539949333629325,-0.006409916435551841,1.9780387310702048,-0.00191485336736541
2022-12-14,0.0017581043187721386,0.0012309159690870194,-0.0005271883496851192,1.981516329505998,-0.00016011556056816367
2022-12-15,-0.003746752000316735,-0.002171792627483541,0.001574959372833194,1.9740920792347614,-0.0039062676475880576
2022-12-16,-0.0006668189306873371,-0.007984809559215761,-0.0073179906285284245,1.9727757172654077,-0.00457048180505959
2022-12-19,0.007980107418887423,-0.009046158313582365,-0.01702626573246979,1.9885186794025584,0.0
2022-12-20,0.004834160091456212,-0.005611140672540429,-0.010445300763996641,1.9981314970436417,0.0
2022-12-21,0.006352158960221486,0.0025276057773900625,-0.0038245531828314232,2.010823945936288,0.0
2022-12-22,5.352572763174507e-05,-0.0035757644543467884,-0.0036292901819785337,2.0109315767511338,0.0
2022-12-23,-0.002369085679517814,-0.004045587146505766,-0.001676501466987952,2.0061675075501624,-0.0023690856795178794
2022-12-26,-0.004635320097977144,0.007210097116790614,0.011845417214767758,1.9968682789825063,-0.006993424307030982
2022-12-27,0.0007111284910969824,0.009729091718184955,0.009017963227087972,1.9982883089086585,-0.006287269039209065
2022-12-28,0.004306294667787378,-3.124018779855891e-05,-0.004337534855585937,2.006893527198014,-0.002008049204560103
2022-12-29,-0.0026227412016818475,-0.0020895839996450632,0.0005331572020367843,2.001629964856843,-0.004625523812858079
2022-12-30,0.0016449061447664974,0.004173914570749261,0.0025290084259827635,2.004922458285585,-0.002988226220633994
2023-01-03,-0.005548338805341898,0.005828498330524294,0.011376837135866192,1.9937984692085777,-0.008519985334476843
2023-01-04,0.0013832434255821961,0.00025375624069796064,-0.0011294871848842355,1.9965563778330464,-0.007148527122594617
2023-01-05,-0.01613775099955397,-0.00013935311095397349,0.015998397888599997,1.9643364481510053,-0.02317091697143059
2023-01-06,-0.005851849188212952,-0.0044211553052467675,0.0014306938829661848,1.952841447501516,-0.02888717344797398
2023-01-09,0.0007976327502928582,0.0062151308379368355,0.005417498087643977,1.9543990977961723,-0.028112582053286705
2023-01-10,-0.00666130841359234,-0.002656452889513097,0.004004855524079243,1.9413802426425053,-0.03458662388751976
2023-01-11,0.01016783263350404,0.004564885587569355,-0.005602947045934686,1.9611198720276857,-0.02477046225706203
2023-01-12,-4.271484439630779e-05,0.001573355285171365,0.0016160701295676728,1.9610361030975094,-0.024812119035017344
2023-01-13,-0.0038128266382390992,0.0049630171736049795,0.008775843811844078,1.9535590124050706,-0.028530341364848666
2023-01-16,-0.009422795041697782,0.005366007596165758,0.01478880263786354,1.9351510262293161,-0.03768430084739571
2023-01-17,-0.0005251218471989102,0.0002828605508888596,0.0008079823980877698,1.9341348361478137,-0.038189633844923354
2023-01-18,0.005608511055106296,0.007924624983948967,0.002316113928842671,1.944982452758415,-0.032795309773426706
2023-01-19,-0.00483202055122295,0.006742252621393812,0.011574273172616762,1.9355842575749183,-0.037468862713840756
2023-01-20,0.0026982342946190395,0.0089855632076584,0.006287328913039359,1.9408069173988318,-0.03487172818957651
2023-01-30,-0.0010514569621647618,0.002626621577023613,0.0036780785391883745,1.9387662424533152,-0.03588651903035367
2023-01-31,0.0007304745620079277,-0.008153397105483347,-0.008883871667491276,1.9401824618751073,-0.03518225865761626
2023-02-01,-0.0036733256571650176,0.007722373728579591,0.011395699385744609,1.9330555398583198,-0.03872634842137723
2023-02-02,-0.0029290251939724974,-0.0021408520480200926,0.0007881731459524048,1.9273935714807267,-0.04154194316515303
2023-02-03,0.002695376114529786,-0.0009901944582072467,-0.0036855705727370327,1.9325886220765942,-0.0389585382119817
2023-02-06,0.0051298356299613445,-0.004241831574884648,-0.009371667204845993,1.9425024840481806,-0.034028553479431345
2023-02-07,-0.0026956405119769483,-0.0010861427373867565,0.0016094977745901918,1.9372661956575645,-0.036632465244085144
2023-02-08,0.003065857781108404,-0.0028218909391309007,-0.005887748720239305,1.9432055782975997,-0.03367891739158646
2023-02-09,-0.008612008578082224,0.009169922578333057,0.01778193115641528,1.9264706751883236,-0.04200088284419179
2023-02-10,0.0006759469764396826,-0.005809542232310497,-0.00648548920875018,1.927772867216417,-0.041353326237518306
2023-02-13,-0.0013140029465869986,0.005680640713105949,0.006994643659692948,1.925239767988544,-0.0426129907915781
2023-02-14,0.0006119238147153816,-0.0008949721345037102,-0.0015068959492190918,1.926417868051613,-0.042027142880744495
2023-02-15,0.009947763995911085,0.009207706452918758,-0.0007400575429923272,1.9455814183604967,-0.032497454983633434
2023-02-16,0.006620074107336848,-0.003806770079093979,-0.010426844186430827,1.9584613115319005,-0.026092516436588276
2023-02-17,-0.007015538204180558,-0.02306572465540823,-0.016050186451227674,1.944721651379439,-0.03292500159486467
2023-02-20,0.005595960003731605,0.024238284367511555,0.01864232436377995,1.9556042359589492,-0.027513288583180695
2023-02-21,-0.0030901309247657206,-0.0024398248045716326,0.0006503061201940882,1.9495611628328096,-0.03051839984405358
2023-02-22,0.004334480015683215,7.094725372987741e-05,-0.004263532761953338,1.9580114967324607,-0.026316201222604918
2023-02-23,-0.01412449788402842,-0.016972743633137968,-0.002848245749109549,1.9303555674899595,-0.04006899597814917
2023-02-24,0.009273658135326391,0.004746148941698121,-0.00452750919362827,1.9482570251024853,-0.03116692401334986
2023-02-27,-0.00403954650195687,-0.011299092413465267,-0.0072595459115083975,1.9403869502518196,-0.035080570276431855
2023-02-28,0.005703085076414927,0.012440070384573534,0.006736985308158606,1.9514531421102708,-0.029577552676832708
2023-03-01,0.023834808526485514,0.03564148534874517,0.011806676822259658,1.9979656541008775,-0.006447719455081602
2023-03-02,0.007087990108910717,0.0034964090333176228,-0.0035915810755930942,2.012127214895088,0.0
2023-03-03,-0.012321409971123881,-0.009723607897751979,0.002597802073371902,1.98733497056631,-0.012321409971123853
2023-03-06,-0.0012038346906095366,-0.0019459308811103338,-0.0007420961905007971,1.9849425477868807,-0.013510411720972892
2023-03-07,-0.007740330477694493,-0.024327844040624356,-0.016587513562929864,1.9695784364877733,-0.021146167147057415
2023-03-08,0.011099156234037405,0.011903207524763128,0.0008040512907257238,1.9914390952695422,-0.010281715525936264
2023-03-09,0.0018058056892983614,0.0020065657892060313,0.00020076009990766983,1.9950352473176713,-0.008494476617030289
2023-03-10,-0.0030822436779370057,-0.013474532630207033,-0.010392288952270028,1.988886062539365,-0.011550538248117026
2023-03-13,0.018772844909321608,0.025675805915614268,0.006902961006292659,2.026223112133728,0.0
2023-03-14,-0.006335007485849777,-0.009188842235257974,-0.0028538347494081965,2.013386973550359,-0.006335007485849697
2023-03-15,-0.005158242604218274,-0.006337976793083995,-0.0011797341888657206,2.0030014350846135,-0.011460572584556461
2023-03-16,0.005176972916198987,-0.006858220247321637,-0.012035193163520624,2.0133709192651543,-0.0063429307422318
2023-03-17,0.024229704263176513,0.03405775455510142,0.009828050291924906,2.0621543012110286,0.0
2023-03-20,0.006646115430779831,0.008227533925083083,0.0015814184943032526,2.075859616732956,0.0
2023-03-21,-0.001108126188720735,0.011256221715942991,0.012364347904663725,2.0735593023275465,-0.0011081261887208038
2023-03-22,0.013913534991147985,0.021760542343341946,0.00784700735219396,2.102409842236701,0.0
2023-03-23,0.00909021284270598,0.020650068805205195,0.011559855962499217,2.1215211951852324,0.0
2023-03-24,0.014591322935495723,0.018918823905875376,0.004327500970379655,2.152476996058679,0.0
2023-03-27,0.003957620569483027,0.0047053165877389315,0.0007476960182559049,2.16099568329362,0.0
2023-03-28,-0.0057269668495732885,-0.015185539360107862,-0.009458572510534573,2.1486197326533265,-0.005726966849573301
2023-03-29,-0.0007116750237848682,0.0017274946662373027,0.002439169690022171,2.147090613653986,-0.006434566134089326
2023-03-30,-0.012428217054330658,-0.008461507915735455,0.003966709138595204,2.120406105472178,-0.018782813003855092
2023-03-31,0.0261901121296202,0.0359669602091993,0.009776848079579105,2.1759397791348256,0.0
2023-04-03,0.020610359561615672,0.03852271931784255,0.017912359756226875,2.2207866803672167,0.0
2023-04-04,0.0004741239796005226,0.001250036344964112,0.0007759123653635893,2.221839608585956,0.0
2023-04-06,-0.0033456446989992374,-0.00010258704874574129,0.003243057650253496,2.214406122677464,-0.0033456446989991173
2023-04-07,0.008417733097338339,0.020606247399992197,0.012188514302653858,2.2330464023872745,0.0
2023-04-10,-0.02345488858882576,-0.036627743650496605,-0.013172855061670846,2.1806705478056028,-0.023454888588825717
2023-04-11,0.012741456698158836,0.015137379312755462,0.0023959226145966257,2.208455467163418,-0.01101228133798171
2023-04-12,0.01888405824453263,0.025755747551472714,0.006871689306940084,2.250160068835789,0.0
2023-04-13,-0.008690350643355736,-0.018347839160212067,-0.00965748851685633,2.2306053888339283,-0.008690350643355771
2023-04-14,-0.007231442238564385,0.0007643725458156454,0.00799581478438003,2.2144748948075454,-0.01585894911320973
2023-04-17,-0.012473742946326825,-0.009772745126175372,0.002700997820151453,2.1868521042086217,-0.02813487160489958
2023-04-18,0.005635601669910018,0.005699057169690543,6.345549978052519e-05,2.199176331578946,-0.022657826864388886
2023-04-19,0.0019356437867901412,-0.0031729547919641036,-0.005108598578754245,2.203433153581223,-0.02076604055939102
2023-04-20,0.017274157083645242,0.021741891741046425,0.004467734657401181,2.2414956039994967,-0.003850599322373971
2023-04-21,-0.006568231332259953,-0.03138988348125624,-0.02482165214899628,2.2267729423421843,-0.010393539027516718
2023-04-24,0.012954072392375554,0.005378763562845129,-0.0075753088295304255,2.255618720238668,0.0
2023-04-25,0.008220078081140057,-0.003944972865157142,-0.012165050946297199,2.274160082240311,0.0
2023-04-26,-0.007381785404547511,-0.007235662122384491,0.0001461232821630199,2.2573727205376253,-0.007381785404547481
2023-04-27,-0.012555071207377016,-0.01485865216840324,-0.0023035809610262234,2.229031245289685,-0.019844177770532823
2023-04-28,0.015295854276830466,0.03177188701136843,0.016476032734537963,2.263126182396138,-0.004851857145123928
2023-05-04,0.011662882047601662,0.011330090381504022,-0.00033279166609763894,2.2895207561202633,0.0
2023-05-05,-0.004615459089215917,-0.015923164236754016,-0.011307705147538098,2.2789535667364795,-0.004615459089215901
2023-05-08,-0.003148947857201139,0.007610187367031757,0.010759135224232896,2.2717772607858437,-0.007749873106408067
2023-05-09,-0.0017245178858549784,-0.01458440877369102,-0.012859890887836041,2.26785954026694,-0.009461026197477906
2023-05-10,-0.0025996257118117466,-0.006959650293151614,-0.0043600245813398665,2.2619639542952847,-0.012036056782326443
2023-05-11,0.0019483115127881718,0.0022763415540106697,0.00032803004122249784,2.26637096470895,-0.01011119525753601
2023-05-12,-0.004485594264370587,-0.01840676002567843,-0.013921165761307842,2.2562049441087155,-0.014551434802453356
2023-05-15,-0.0061924746656031445,0.007965692128329697,0.014158166793932841,2.242233452151914,-0.02065380007669415
2023-05-16,-0.00531069155552125,-0.011288204168559045,-0.005977512613037795,2.2303256418920636,-0.025854805670558534
2023-05-17,0.0014342396147536583,0.002061537932911145,0.0006272983181574869,2.233524463281466,-0.024457648042329305
2023-05-18,0.0071501376803906405,0.013016039547148766,0.005865901866758125,2.2494944707064493,-0.01748238591277984
2023-05-19,-0.005194622985043567,-0.00570899410998582,-0.0005143711249422535,2.237809195024189,-0.022586194494127465
2023-05-22,-0.0033274421526561693,-0.0055729325356457336,-0.0022454903829895643,2.2303630143790643,-0.025838482391155715
2023-05-23,-0.00022968833230071933,-0.012432887822812341,-0.012203199490511622,2.229850726017866,-0.026062235925526922
2023-05-24,0.004338969757534998,-0.0013529789722822967,-0.005691948729817295,2.239525980881875,-0.02183634942148671
2023-05-25,-0.005133994466764875,-0.005439736906765165,-0.00030574244000028985,2.228028266887851,-0.026858236191147355
2023-05-26,0.0023745818031312292,0.0067242154655569614,0.004349633662425733,2.233318902267265,-0.024547431466939718
2023-05-29,0.005679813454880179,0.0037990802306433783,-0.0018807332242368007,2.246003737017401,-0.01900704284358823
2023-05-30,0.006887691631855607,0.013550322721375168,0.0066626310895195615,2.261473518161972,-0.012250265861672771
2023-05-31,0.005511767666045368,0.001565877566051704,-0.003945890099993664,2.2739382347769954,-0.006806018814904058
2023-06-01,0.0016036133491937792,0.00693100268687328,0.005327389337679501,2.2775847524855255,-0.005213319688336937
2023-06-02,-0.0022190516181545164,0.0049858380347883955,0.007204889652942912,2.2725306743550386,-0.007420802681000982
2023-06-05,0.003973399563076393,0.0009757000261608638,-0.002997699536915529,2.2815603467435985,-0.003476888932055
2023-06-06,0.0008812402158536777,-0.015256491193504106,-0.016137731409357783,2.2835709494760463,-0.002598712690554228
2023-06-07,0.00238689588439988,-0.0018551681140023218,-0.004242063998402202,2.2890215955770854,-0.00021801966278034435
2023-06-08,-0.0042280787051345485,-0.007388084503984042,-0.0031600057988494927,2.2793434321132326,-0.0044451765636214224
2023-06-09,0.007985568694774823,0.02119021841523722,0.013204649720462397,2.2975452856693566,0.0
2023-06-12,-0.0012046774499161416,0.00022680303033968696,0.0014314804802558285,2.2947774846735496,-0.0012046774499161472
2023-06-13,0.0022726800169338697,0.011301920326093493,0.009029240309159622,2.299992779606277,0.0
2023-06-14,0.0027772277723245595,0.0039890671754581625,0.001211839403133603,2.3063803834299454,0.0
2023-06-15,-0.0064786351239190495,0.0059607393684424125,0.012439374492361462,2.2914381864687385,-0.0064786351239189965
2023-06-16,0.005887054180101739,0.018883520049918036,0.012996465869816298,2.304928007222834,-0.0006297210198047409
2023-06-19,0.009038931494063988,0.01002160649003828,0.0009826749959742911,2.325762093578871,0.0
2023-06-20,0.005611854721680297,0.007442971558059282,0.0018311168363789859,2.338813932565227,0.0
2023-06-21,-0.008307343424918094,-0.03379896255033182,-0.02549161912541372,2.319384602020424,-0.008307343424918234
2023-06-26,-0.0075031556754165864,-0.02488653843647229,-0.0173833827610557,2.301981898280301,-0.015748167809368385
2023-06-27,-8.25782716326792e-05,0.006370784281894069,0.006453362553526748,2.3017918045938113,-0.01582944562452193
2023-06-28,-0.00535702865953747,-0.009670432577043983,-0.004313403917506514,2.2894610399283137,-0.02110167549018427
2023-06-29,0.007768924414583806,0.008735863178075669,0.0009669387634918637,2.3072476896976513,-0.01349668839750473
2023-06-30,-0.0019107880451948566,0.007171135673791256,0.009081923718986112,2.3028390283948736,-0.015381687131859945
2023-07-03,-0.0084524007321901,-0.005702404085997256,0.0027499966461928455,2.283374510105153,-0.02370407568047428
2023-07-04,0.0006416833725655517,0.005689371218630332,0.00504768784606478,2.2848397135616274,-0.023077602819134957
2023-07-05,-0.0029604232387368686,-0.01177337797343919,-0.008812954734702321,2.2780756209768107,-0.025969706586191688
2023-07-06,0.003004957468775866,-0.0010117012231408038,-0.00401665869191667,2.284921141328501,-0.023042786981184005
2023-07-07,-0.00020951805177803142,-0.00638421506589248,-0.006174697014114449,2.2844424091025033,-0.02324747715312625
2023-07-10,-0.0033662413448568283,0.0006872865861725056,0.004053527931029334,2.276752424615038,-0.02653546187922673
2023-07-11,0.001220074731964632,0.008274939726684447,0.007054864994719815,2.27953023271925,-0.025347762393801987
2023-07-12,-0.0073997645215472824,-0.019648866236959942,-0.01224910171541266,2.2626622457773795,-0.03255995944248702
2023-07-13,0.0034893110930525953,0.020077562182221467,0.016588251089168872,2.2705573782514015,-0.029184260177106625
2023-07-14,0.0065046230193265475,0.007487512425752757,0.0009828894064262093,2.2853264980406776,-0.02286946976832993
2023-07-17,0.0035106462287738324,-0.0037834990431273655,-0.007294145271901198,2.2933494708925406,-0.019439110157352557
2023-07-18,-0.004185186298559582,-0.008039222103782526,-0.003854035805222945,2.2837513761091524,-0.023542940158425285
2023-07-19,0.0006971784619226721,-0.002153464118952103,-0.002850642580874775,2.285343558380962,-0.022862175327311385
2023-07-20,-0.007535619999529723,-0.019858692847153483,-0.012323072847623759,2.26812207775663,-0.030225514661211816
2023-07-21,-0.002175136624169855,-0.002341338561217302,-0.00016620193704744687,2.2631886023572134,-0.03233490666145766
2023-07-24,0.0030399276796369474,0.0002854725498676403,-0.002754455129769307,2.2700685320337577,-0.02939327475959952
2023-07-25,-0.005969605177956604,0.013230038959262759,0.019199644137219363,2.2565171191706126,-0.03518741369235412
2023-07-26,-0.0034510852594976586,-0.006603915978879818,-0.0031528307193821586,2.248729686202839,-0.038517064187138184
2023-07-27,-0.0013544707473929806,-0.005358651306777563,-0.0040041805593845825,2.245683847624083,-0.03981936469781422
2023-07-28,-0.004847977718299076,0.0086546991895073,0.013502676907806377,2.2347968223684576,-0.044474299023301356
2023-07-31,-0.0015169730374008435,0.002946671693260734,0.004463644730661577,2.2314066958448557,-0.04592380574822652
2023-08-01,0.0051951244702845446,0.0057026877343847905,0.0005075632641002455,2.242999131373596,-0.040967261164953084
2023-08-02,0.0016692857706801876,-0.004033219004165123,-0.005702504774845311,2.246743337907246,-0.03936636146039929
2023-08-03,-0.003276697975831195,0.0019833255785503268,0.0052600235543815215,2.2393814385597133,-0.04251406775931732
2023-08-04,0.0028340789361014688,0.008312900955252616,0.005478822019151148,2.245728022324632,-0.039800477047140514
2023-08-07,0.003107223806684251,-0.005065019129685645,-0.008172242936369896,2.2527060018989373,-0.036816922230254456
2023-08-08,-0.0008623256792746898,-0.004452103151515917,-0.003589777472241227,2.2507634356656436,-0.037647499732058165
2023-08-09,-0.0013560047124451283,-0.0072772486782370005,-0.005921243965791872,2.2477113898402816,-0.03895245425745486
2023-08-10,-0.0018603277994587314,0.0005535918600461872,0.0024139196595049186,2.2435299098566017,-0.040740317723401365
2023-08-11,0.002871113590543149,-0.015686865461320545,-0.018557979051863693,2.249971339071581,-0.03798617421275696
2023-08-14,-0.001678159139721084,-0.003001309605330723,-0.0013231504656096387,2.2461955291048072,-0.039600586507040014
2023-08-15,0.007893510545290867,0.0001925000941857399,-0.0077010104511051275,2.2639258972005813,-0.03201966360894204
2023-08-16,0.0038894235450588344,-0.006988661370486458,-0.010878084915545292,2.2727312638894217,-0.028254778097428712
2023-08-17,-0.003703368840517234,0.003088723186282476,0.00679209202679971,2.2643145017438644,-0.031853509073144215
2023-08-18,0.005193902815106827,-0.009939685150126554,-0.015133587965233381,2.276075131208759,-0.026825050288483365
2023-08-21,3.174283789454988e-05,-0.010501639522439633,-0.010533382360334183,2.276147380292685,-0.026794158953811653
2023-08-22,3.596898337388062e-05,0.00868110517920828,0.008645136195834398,2.2762292509999633,-0.026759153729095653
2023-08-23,0.007343057950704065,-0.01173571175889876,-0.019078769709602823,2.292943734299144,-0.019612589794936075
2023-08-24,-0.0031996652699667477,0.005817517783154178,0.009017183053120926,2.285607081866519,-0.02274950134248177
2023-08-25,0.009751521871424522,-0.004250925462577736,-0.014002447334002258,2.3078952293148234,-0.013219821730962478
2023-08-28,-0.0005217613451081604,0.011013102087016188,0.011534863432124348,2.3066910587956073,-0.013734685484102171
2023-08-29,-0.01444119492871259,0.007333069438667947,0.021774264367380537,2.2733796835752216,-0.02797753514245427
2023-08-30,-0.007556860762506138,-0.0025763821266076257,0.004980478635898513,2.256200069846133,-0.035322973567410876
2023-08-31,-9.656455934767577e-05,-0.0046143929824245915,-0.004517828423076915,2.255982200880588,-0.03541612717938125
2023-09-01,0.002453234456345998,0.0027411432202795543,0.00028790876393355614,2.2615166541486915,-0.033049776786542084
2023-09-04,-0.002904456420307318,0.00926509306838323,0.012169549488690548,2.2549481775829174,-0.035858241570471905
2023-09-05,0.0020241915581330106,-0.005375630424731156,-0.007399821982864166,2.259512624648008,-0.03390663396221549
2023-09-06,0.0011640365094633277,-0.0005353212724169792,-0.0016993577818803069,2.2621427798366915,-0.032782066012597144
2023-09-07,0.008685871330621908,-0.008906965161155722,-0.01759283649177763,2.2817914609538485,-0.02438093548931264
2023-09-08,0.0017947716580870824,-0.0013913306412183571,-0.0031861022993054395,2.2858867555976334,-0.022629922043239437
2023-09-11,-0.0036348146632425014,0.007526001431260143,0.011160816094502644,2.2775779808998755,-0.026182481134011115
2023-09-12,0.0006736782780551514,-0.002642552098062495,-0.0033162303761176464,2.2791123357121847,-0.025526441424761348
2023-09-13,0.004506575874571842,-0.005236113329725615,-0.009742689204297456,2.2893833283797447,-0.021134902395277932
2023-09-14,0.006139078338285851,0.004300093089617265,-0.0018389852486685857,2.3034380319790335,-0.015125572878468718
2023-09-15,-0.001573657685621314,-0.0024512477410146847,-0.0008775900553933705,2.299813209016657,-0.01667542809008038
2023-09-18,-0.0023622002294581826,-0.0006927227520063417,0.0016694774774518408,2.294380589726607,-0.018998237619477942
2023-09-19,0.004411815290447151,-0.001165281102303903,-0.005577096392751054,2.304502973094468,-0.01467023904425202
2023-09-20,0.006880500584595621,0.0009709999171269362,-0.005909500667468685,2.3203591071480467,-0.007890677047976524
2023-09-21,0.0006637193831483335,-0.006357898242708883,-0.007021617625857217,2.3218991744633253,-0.007232194860131269
2023-09-22,-0.013019328072277314,0.009422879400130582,0.022442207472407896,2.2916696073602374,-0.020157364614841855
2023-09-25,0.0030862058329928885,-0.0025102682922043943,-0.005596474125197283,2.298742171469765,-0.017133368558101103
2023-09-26,-4.452313902336675e-05,-0.0031140607117810777,-0.003069537572757711,2.2986398242524855,-0.017177128865774383
2023-09-27,-0.008569157315345476,-0.0031733820582804896,0.005395775257064987,2.278942417987148,-0.025599092661643064
2023-09-28,-0.005192504462795475,-0.004606626902758288,0.0005858775600371873,2.2671089993112954,-0.030658673721549512
2023-10-09,-0.0023485800029573564,-0.003226799000881584,-0.0008782189979242277,2.2617845124509883,-0.032935249376487175
2023-10-10,-0.0026784698343626594,-0.008848763333790552,-0.006170293499427892,2.2557263908625598,-0.03552550313890768
2023-10-11,-0.004252927926442363,0.0031576932077046664,0.0074106211341470295,2.2461329491004474,-0.039627343660949665
2023-10-12,0.0016186300485547412,0.0074461022391363926,0.005827472190581651,2.2497686073849104,-0.03807285562158891
2023-10-13,0.006035038708827401,-0.0031682826546198858,-0.009203321363447287,2.263346048016383,-0.032267588070193365
2023-10-16,0.012224222864192457,0.0002278752547314137,-0.011996347609461043,2.2910136945261246,-0.020437811393860916
2023-10-17,-0.0016823442916933371,0.00083522323070903,0.002517567522402367,2.2871594207149473,-0.022085772250221125
2023-10-18,0.008239643887852248,-0.003513144737837556,-0.011752788625689804,2.306004799856385,-0.014028107260698919
2023-10-19,0.0007507072824942986,-0.009886882642863581,-0.01063758992535788,2.307735934453104,-0.013287930980484752
2023-10-20,0.006553805257414816,-0.004299691726631463,-0.01085349698404628,2.3228603863530477,-0.006821212234990104
2023-10-23,0.006202430148659077,-0.010467258710559701,-0.016669688859218778,2.33726776564449,-0.0006610901787476031
2023-10-24,-0.004793087439913647,0.004389369521327681,0.009182456961241328,2.3260650368732643,-0.005451008955628889
2023-10-25,0.0006573759937106923,0.002513721637567594,0.0018563456438569022,2.327594136188315,-0.004797216324346931
2023-10-26,0.0004524884553537913,0.0034440150986014013,0.00299152664324761,2.3286473456636894,-0.0043468985539977245
2023-10-27,-0.01223496577864564,0.004971753405904887,0.017206719184550526,2.30015642507896,-0.016528680177592014
2023-10-30,-0.01484562155056882,-0.0008782857862140638,0.013967335764354756,2.2660091732851284,-0.031128923197513925
2023-10-31,0.003637550333409034,0.0002803894051194842,-0.00335716092828955,2.2742518957089195,-0.027604605889060774
2023-11-01,0.00010182131301652081,-0.002771287256578162,-0.0028731085695946827,2.274483463023071,-0.027505595313261133
2023-11-02,0.005824092665517011,-0.0006512438393791002,-0.006475336504896111,2.2877302654779035,-0.021841697783668734
2023-11-03,-0.007117320742322102,0.004030588633699472,0.011147909376021574,2.2714477554065797,-0.02880356415730745
2023-11-06,-0.01590819422265084,0.00476265353335344,0.02067084775600428,2.2353131233469674,-0.04425354568703932
2023-11-07,-0.0005532673552785539,-0.00010419651045852764,0.0004490708448200263,2.2340763975669935,-0.044782329000134014
2023-11-08,-0.002625246050164955,0.00015261063959322784,0.002777856689758183,2.228211397328514,-0.047290010417974204
2023-11-09,0.0036316795159192427,0.0019268851301362856,-0.0017047943857829572,2.2363035470173296,-0.04383007306419762
2023-11-10,0.0064243727168774144,0.0008632924286375923,-0.005561080288239822,2.250670394511444,-0.03768728107289254
2023-11-13,-0.005187187871108551,-0.0010643962600521018,0.004122791611056449,2.2389957443391713,-0.042678977936724705
2023-11-14,-0.0024046650833515325,0.00024303914556746391,0.0026477042289189965,2.233611709450986,-0.04498101437203861
2023-11-15,0.0014152525697080007,0.005273513546658436,0.003858260976950435,2.2367728341625166,-0.043629421298508775
2023-11-16,0.005241402266450127,-0.006699775048105195,-0.011941177314555322,2.24849666036503,-0.03861669837973658
2023-11-17,-0.0015755831253009332,0.0022653447624334704,0.0038409278877344034,2.244953966969663,-0.040131437686715565
2023-11-20,-0.0030538047656314756,-0.0003539878635144735,0.002699816902117002,2.238098315846708,-0.04306268887668785
2023-11-21,0.0023592559197336323,-0.0008838751978909897,-0.003243131117624622,2.243378562547315,-0.04080502886060622
2023-11-22,0.004589907344887979,-0.008340727099162254,-0.012930634444050232,2.253675462288915,-0.03640241281739387
2023-11-23,0.0004755233444868217,0.00585817705399707,0.0053826537095102486,2.2547471375821306,-0.03594419966999729
2023-11-24,0.008724723822676994,-0.0014391811415796034,-0.010163904964256598,2.2744191836475065,-0.027533079062468158
2023-11-27,0.0066732424820195,0.0025710986049690817,-0.004102143877050418,2.289596934365743,-0.021043571493309154
2023-11-28,0.001970515976901596,0.005710740202338601,0.003740224225437005,2.294108621705576,-0.01911452221024601
2023-11-29,0.0063088002793725,-0.0003418144166573156,-0.006650614696029815,2.308581694819103,-0.012926311633933651
2023-11-30,0.0007117934061859398,6.242183193340748e-05,-0.0006493715742525323,2.3102249280471168,-0.012223719091134955
2023-12-01,-0.0028535751617156393,0.004266081938255169,0.007119657099970809,2.303632527574465,-0.015042412951668527
2023-12-04,0.0039008224810740256,-0.0027068194486331485,-0.006607641929707174,2.3126185891261604,-0.01120026825320608
2023-12-05,0.001624172373224464,-0.018138611165036088,-0.019762783538260553,2.3163746803484244,-0.009594287046251204
2023-12-06,-0.0013130330761902686,0.003918219049578098,0.005231252125768367,2.3133332037762773,-0.010894722506207266
2023-12-07,-0.0013196354290157836,-0.0022892577413150526,-0.0009696223122992689,2.3102804473214555,-0.012199980873414562
2023-12-08,-0.005261775367331485,0.0024946786848271387,0.007756454052158624,2.298124270572112,-0.0173975626819044
2023-12-11,-0.000735762702684109,0.010007808355329363,0.010743571058013473,2.2964333964476915,-0.018120524906849678
2023-12-12,0.001888370674201352,-0.0008619630320420978,-0.0027503337062434498,2.3007699139288,-0.016266372500483572
2023-12-13,0.004871344591056557,-0.008434595065825442,-0.013305939656882,2.311977757004283,-0.011474267015123218
2023-12-14,0.006791271351870872,0.003950060700720548,-0.0028412106511503236,2.327679025311589,-0.004760920524115808
2023-12-15,-0.0004793771609239753,-0.005641682580028033,-0.005162305419104058,2.326563189148893,-0.00523801540847546
2023-12-18,0.002660179516327251,-0.007155383575561629,-0.00981556309188888,2.332752264888108,-0.002591769953444012
2023-12-19,-0.0010446318865273056,0.0014236633458179309,0.0024682952323452365,2.330315397488837,-0.003633694394435394
2023-12-20,0.005537066045644664,-0.0074591630333721275,-0.012996229079016791,2.3432185077519154,0.0
2023-12-21,-0.005257161927670167,0.004612113076496252,0.00986927500416642,2.33089982862475,-0.0052571619276700066
2023-12-22,-0.00555265540908653,-0.013889926257111187,-0.008337270848024656,2.317957145083298,-0.010780626128142456
2023-12-25,0.002275447028412046,0.0025435545701203814,0.0002681075417083354,2.3232315337810645,-0.008529709843418054
2023-12-26,0.002433517201727751,-0.008327555822431928,-0.010761073024159679,2.3288851576821172,-0.006116949837319918
2023-12-27,-0.0002964447524525299,0.002762532751471065,0.0030589775039235947,2.328194771898058,-0.00641158125209218
2023-12-28,-0.024783253601862804,-0.003238764279601708,0.021544489322261096,2.270494530431577,-0.0310359350097954
2023-12-29,0.0007856892303942489,0.007084891287777909,0.006299202057383661,2.2722784335318065,-0.030274630379293566
2024-01-02,0.016056199863734896,0.006239456826585417,-0.009816743037149479,2.3087625902066478,-0.014704526031729226
2024-01-03,0.0076527326517965896,0.0028609484127330893,-0.0047917842390635,2.3264309330659687,-0.0071643231864247925
2024-01-04,0.006919549852628561,-0.0030487115732233143,-0.009968261425851875,2.342528787886016,-0.0002943472252449064
2024-01-05,0.006337959813555546,-0.007227955955472184,-0.01356591576902773,2.357375641205735,0.0
2024-01-08,0.00820613983856951,-0.009689660684150586,-0.017895800522720096,2.3767205953695067,0.0
2024-01-09,0.001845566012403564,0.004317523141156522,0.0024719571287529587,2.3811069901213,0.0
2024-01-10,-0.0017008447456890803,-0.00887676015216431,-0.00717591540647523,2.3770570968082287,-0.0017008447456889897
2024-01-11,-0.01053470740542457,0.0037713980507487962,0.014306105456173366,2.352015495807366,-0.01221763424937572
2024-01-12,0.007045674086233866,-0.0020780427321274615,-0.009123716818361327,2.3685870304365966,-0.005258041632167698
2024-01-15,0.004031849951200296,0.0006668974197988815,-0.0033649525314014147,2.378136817939676,-0.001247391315865487
2024-01-16,-0.001649665198838819,0.00010966805957950913,0.001759333258418328,2.3742136883930436,-0.002894998736661214
2024-01-17,0.008618682351028245,-0.015438347124459509,-0.024057029475487754,2.394676282006766,0.0
2024-01-18,-0.011681557436118177,0.0013645205274427988,0.013046077963560975,2.366702733477594,-0.011681557436118206
2024-01-19,-0.00023156678079564122,-0.004521166202910933,-0.004289599422115291,2.366154683744502,-0.011910419156263674
2024-01-22,0.01022952325350784,-0.021301941720617317,-0.03153146497412516,2.3903593181032634,-0.0018027338124737557
2024-01-23,-0.008134543601157262,0.004078026213453585,0.012212569814610847,2.37091483600772,-0.00992261299683217
2024-01-24,0.0036091304930583,0.013034978845721933,0.009425848352663633,2.3794717770387996,-0.006349294508911529
2024-01-25,-0.003423167058846682,0.016789012934789054,0.020212179993635736,2.371326447634185,-0.009750726871948445
2024-01-26,0.01582306956368266,0.0017453409582365107,-0.014077728605446151,2.4088481109733015,0.0
2024-01-29,0.015951364684642616,-0.007227820895130042,-0.02317918557977266,2.447272525661349,0.0
2024-01-30,0.012047965002712772,-0.010558983503222881,-0.022606948505935653,2.4767571794026173,0.0
2024-01-31,0.013819333111493122,-0.006142473314044829,-0.01996180642553795,2.510984311901064,0.0
2024-02-01,-0.008333116083154983,-0.003952264764992802,0.0043808513181621805,2.4900599881470113,-0.008333116083155123
2024-02-02,0.015194273298890892,-0.007990398123452504,-0.023184671422343397,2.52789464013755,0.0
2024-02-05,0.006867685990928826,-0.004431507898751813,-0.011299193889680639,2.5452554267441667,0.0
2024-02-06,-0.03154700974423315,0.024228458003083847,0.055775467747316995,2.464960228995106,-0.03154700974423319
2024-02-07,-0.006746195901961322,0.01648724601818912,0.023233441920150442,2.4483311243997616,-0.03808038333833885
2024-02-08,-0.0066069116388398075,0.008522600586761069,0.015129512225600876,2.432155216998231,-0.044435701249289195
2024-02-19,0.002015785811232102,0.018577126983054908,0.016561341171822806,2.43705792097537,-0.04250948829414758
2024-02-20,0.002241933542472815,0.0009859243009008112,-0.001256009241572004,2.442521642873354,-0.0403628581993547
2024-02-21,-0.00032494904164220867,0.00596840761300166,0.006293356654643869,2.441727947806312,-0.04067469136890711
2024-02-22,0.0034592831726108606,0.015094155199395625,0.011634872026784765,2.450174576208252,-0.03735611347169987
2024-02-23,-0.004182044493863677,-0.0002757124773481081,0.003906332016515569,2.4399278371128155,-0.04138193303690696
2024-02-26,-0.0060796845901893,-0.009176495736306458,-0.003096811146117158,2.425093845440347,-0.04721002852649947
2024-02-27,-0.011196202065522508,0.014292468026008935,0.025488670091531444,2.3979420047189417,-0.057877657573120245
2024-02-28,0.010630467816809906,-0.014436255259681133,-0.02506672307649104,2.423433250026683,-0.047862456332453784
2024-02-29,-0.012031196820544234,0.017294952401057162,0.029326149221601396,2.394276447614161,-0.05931781052054752
2024-03-01,-0.0017698007333228642,0.009087725161740709,0.010857525895063573,2.3900390554013957,-0.06098263054931197
2024-03-04,0.002065265960839712,0.008464055493885335,0.0063987895330456235,2.394975121707594,-0.059043309939548205
2024-03-05,0.004681830310803351,0.0021393505301402394,-0.0025424797806631112,2.4061879888260247,-0.054637910386869826
2024-03-06,0.002095456227735643,-0.0009779815400396989,-0.003073437767775342,2.4112300504323128,-0.052656945508724906
2024-03-07,0.010662197240849632,-0.006014272006322692,-0.016676469247172324,2.436939060823086,-0.04255618700698993
2024-03-08,-0.004382601855289864,0.006552353647359983,0.010934955502649847,2.4262589271738944,-0.04675228203814896
2024-03-11,-0.012836966171925616,0.005804628809792838,0.018641594981718454,2.3951131234014307,-0.05898909074709047
2024-03-12,-0.008054831231335664,-0.0055970437648375955,0.0024577874664980684,2.375820891412475,-0.0665687748079683
2024-03-13,-0.0014364547424601181,-0.002332880385932483,-0.000896425643472365,2.3724081322257695,-0.06790960651815581
2024-03-14,0.0032389136102730282,-0.002934103718870884,-0.006173017329143912,2.380092157214358,-0.06489064625670282
2024-03-15,-0.000913932604402206,0.004097556326695642,0.005011488931097849,2.3779169133903975,-0.06574527318377033
2024-03-18,-0.006638634340930348,0.007646081234277746,0.014284715575208095,2.362130792509285,-0.07194744869638903
2024-03-19,0.003924225259067412,-0.00431733065567226,-0.008241555914739672,2.371400325830471,-0.0683055614328214
2024-03-20,-0.0010180763821300476,0.0018672623343981849,0.0028853387165282325,2.3689860591661676,-0.06925409753608858
2024-03-21,0.0027681876868562633,0.0004251185499630993,-0.002343069136893164,2.375543857205485,-0.06667761818929607
2024-03-22,0.0031585767369639553,-0.008503664726622208,-0.011662241463586163,2.383047194770492,-0.06372964782602109
2024-03-25,0.002718614100012264,-0.012187215622313804,-0.014905829722326068,2.3895257804751897,-0.06118429004517745
2024-03-26,-0.0024530701615807335,-0.006539616120271388,-0.004086545958690654,2.383664106082778,-0.06348727085049088
2024-03-27,0.0042219650828443835,-0.018307162151106213,-0.022529127233950598,2.393727852707889,-0.059533346808382404
2024-03-28,0.00013448156343240093,0.012612809116442953,0.012478327553010553,2.3940497649719528,-0.05940687138250511
2024-03-29,0.003680394359441658,0.007396614872357314,0.0037162205129156567,2.402860812223178,-0.05594511773741173
2024-04-01,-0.004202347482059148,0.015554499682991246,0.019756847165050394,2.3927631561391935,-0.05991236439481351
2024-04-02,0.001399671268847832,-0.005416286075974425,-0.006815957344822257,2.396112237981999,-0.05859655074105796
2024-04-03,0.002876618516861358,-0.004549322898727556,-0.007425941415588913,2.4030049388142563,-0.05588849214708247
2024-04-08,0.010779845936085483,-0.0024226613459967117,-0.013202507282082195,2.4289089618383266,-0.04571111554594265
2024-04-09,-0.003196308385467402,0.005109546871401715,0.008305855256869117,2.421145419756066,-0.048761317109481395
2024-04-10,0.005039845629697574,-0.010128649459935402,-0.015168495089632977,2.433347618918686,-0.04396722099071626
2024-04-11,-0.0016448918973698198,-0.0004953257898508371,0.0011495661075189827,2.4293450251368425,-0.04553979156252863
2024-04-12,0.016054171404085042,-0.0038510255878285923,-0.019905196991913635,2.4683461465700502,-0.03021672377789486
2024-04-15,-0.00414022838694793,0.006036972738389428,0.010177201125337359,2.4581266297852076,-0.03423184802729695
2024-04-16,0.00652225194238305,-0.015279586827030484,-0.021801838769413533,2.474159150970948,-0.027932864822201142
2024-04-17,-0.004767607277109084,0.019377555129544644,0.02414516240665373,2.462363331798053,-0.03256729916971335
2024-04-18,0.003319456487856627,0.0018662902059755104,-0.0014531662818811168,2.4705370397352504,-0.02935594841437761
2024-04-19,0.005450568919986101,-0.007136520988404119,-0.01258708990839022,2.484002872139706,-0.02406538611443554
2024-04-22,-0.0031821949257147784,-0.007742831976963035,-0.004560637051248257,2.476098290804522,-0.027171000290571512
2024-04-23,-0.004269397463637474,-0.009793261656026274,-0.0055238641923888,2.4655268430420443,-0.03132439395448394
2024-04-24,-0.000994625127088474,0.009552991005179078,0.010547616132267552,2.4630745680924435,-0.032287863052254506
2024-04-25,0.003343021504641988,0.0032566323548956786,-8.638914974630947e-05,2.471308679341113,-0.029052780568135206
2024-04-26,-0.009534077960932974,0.013007844251605082,0.022541922212538056,2.4477470297267447,-0.03830986705414963
2024-04-29,-0.009126822402080523,0.011878531758492213,0.021005354160572736,2.4254068773012087,-0.04708704210337955
2024-04-30,0.0051520490559818005,-0.0025784202406256007,-0.007730469296607401,2.4379026925137803,-0.042177587798215455
2024-05-06,-0.005316573576175162,0.009147166624207517,0.014463740200382678,2.424941403477475,-0.047269921125595915
2024-05-07,-0.00041245024900076464,-0.0018683877583953667,-0.001455937509394602,2.4239412357917987,-0.04766287488385812
2024-05-08,0.003693142457462493,-0.008966998302563402,-0.012660140760025895,2.432893196084095,-0.044145758213274044
2024-05-09,-0.00395662775287583,0.00908086813481373,0.01303749588768956,2.423267143344686,-0.047927717634031475
2024-05-10,0.007743847698516399,0.0022974966134773935,-0.005446351085039006,2.442032555035566,-0.040555014881410556
2024-05-13,0.0030115075563589594,-0.004048581158710603,-0.0070600887150695625,2.4493867545279304,-0.03766563905881515
2024-05-14,0.00037908821552369115,0.0012259390129763018,0.0008468507974526107,2.450315288181832,-0.03730082944318869
2024-05-15,0.0041531386501018775,-0.005787216050828341,-0.009940354700930219,2.4604917873101155,-0.03330260630952819
2024-05-16,0.0025695846094499074,0.0049902076724153924,0.002420623062965485,2.466814229138466,-0.030818595564705675
2024-05-17,0.0011154375310463921,0.010561922415412976,0.009446484884366583,2.4695658063117665,-0.02973753425180614
2024-05-20,0.0022199607488175167,0.008287147713189277,0.00606718696437176,2.4750481454684006,-0.027583589661794305
2024-05-21,0.0030933701945886722,-0.0040721317284941085,-0.007165501923082781,2.4827043856317648,-0.02457554572132503
2024-05-22,-0.0011401159319079468,0.003130579813568795,0.004270695745476742,2.479873814807488,-0.02568764268202084
2024-05-23,-2.8567331697885802e-05,-0.01731305186096895,-0.017284484529271064,2.4798029714296517,-0.02571547618630965
2024-05-24,0.005753432347037461,-0.008303549788683823,-0.014056982135721284,2.4940703500597543,-0.0201099960917821
2024-05-27,-0.0008481042945054228,0.008746172108028276,0.009594276402533698,2.49195511828507,-0.02094104501223959
2024-05-28,0.004932628696388139,-0.0033000399535462856,-0.008232668649934424,2.5042470076116343,-0.016111710715411176
2024-05-29,-0.0001910383301853566,0.0023373231301965,0.0025283614603818566,2.5037686004449284,-0.01629967109128505
2024-05-30,-0.006276354488460979,-0.007314101016025662,-0.0010377465275646831,2.488054061151458,-0.022473723065931872
2024-05-31,0.00010956610516647603,0.0007984928216548267,0.0006889267164883506,2.488326667544382,-0.02236661931907047
2024-06-03,-0.005811374781321586,-0.00717624716386024,-0.001364872382538654,2.4738660687009246,-0.0280480132929376
2024-06-04,-0.0013428490135623727,0.007224814335672924,0.008567663349235297,2.4705440400908842,-0.029353198059517194
2024-06-05,-0.003997216755564579,-0.010502840953621303,-0.006505624198056724,2.460668740058473,-0.0332330837199688
2024-06-06,0.00663219248478497,-0.0003991099216943848,-0.007031302406479355,2.476988368783834,-0.026821299443277602
2024-06-07,0.0059325327427569045,0.0003144749492099072,-0.005618057793546997,2.491683183385072,-0.02104788493767129
2024-06-11,-0.011079662246432982,-0.007914822531275114,0.0031648397151578674,2.4640761752880485,-0.03189434372799316
2024-06-12,0.00021985348223703296,0.003211349196864396,0.0029914957146273628,2.464617911015683,-0.03168150232828826
2024-06-13,-0.0018281486247176905,-0.0026037605606980033,-0.0007756119359803127,2.460112223171205,-0.03345173245809552
2024-06-14,0.0006234716994112108,0.005411394555784217,0.004787922856373006,2.461646033519728,-0.03284911696716819
2024-06-17,-0.0036090549163367335,-0.00447656432787027,-0.0008675094115335366,2.4527618178001727,-0.03633961761641735
2024-06-18,0.0015529150205124394,0.004334111539647878,0.002781196519135439,2.456570748468774,-0.03484313493394098
2024-06-19,0.005865361250548937,-0.0013461071859018313,-0.007211468436450768,2.4709794233460753,-0.02918214125688101
2024-06-20,0.005067679961188667,-0.005494005224105706,-0.010561685185294373,2.4835015562542755,-0.024262347048164545
2024-06-21,0.0013368924029299144,0.0007848189517405981,-0.0005520734511893163,2.4868217306174967,-0.022957890792680513
2024-06-24,0.0028810799501889843,-0.01586669187830876,-0.018747771828497746,2.4939864628452733,-0.020142954361352827
2024-06-25,0.004303595456680112,-0.00857024443773196,-0.01287383989441207,2.5047195716557957,-0.01592604603154646
2024-06-26,-0.005346276746593819,0.013705446662049803,0.019051723408643622,2.491328647653114,-0.02118717772857659
2024-06-27,0.005520669776155419,-0.009222877823764714,-0.014743547599920134,2.505082450420683,-0.01578347536414937
2024-06-28,0.00716576060811001,0.007402799887357607,0.0002370392792475976,2.5230332715639747,-0.008730815362062883
2024-07-01,0.003776746987526926,0.00792573991882632,0.004148992931299394,2.5325621298717844,-0.0049870424551532455
2024-07-02,0.0029795523253427045,-0.002680550422985863,-0.005660102748328568,2.5401080312549187,-0.002022349283754332
2024-07-03,-0.0017076836170789853,-0.005108596287840515,-0.0034009126707615304,2.535770330384334,-0.0037265793680935078
2024-07-04,0.006226523034101339,-0.0058257958509660285,-0.012052318885067368,2.551559362755663,0.0
2024-07-05,-0.00549106550890666,-0.0006981817726482362,0.0047928837362584235,2.5375485831449076,-0.005491065508906656
2024-07-08,0.008849399228174732,-0.006707217224549566,-0.015556616452724298,2.5600043636180456,0.0
2024-07-09,0.004982682505097012,0.02246882178816393,0.01748613928306692,2.572760052573617,0.0
2024-07-10,0.0034803725248987046,0.0008131582499549209,-0.0026672142749437837,2.581714215973751,0.0
2024-07-11,-0.008985064281463295,0.0077723948493017385,0.016757459130765033,2.5585173477868595,-0.008985064281463284
2024-07-12,-0.0012509555462682312,-0.0030215446653295615,-0.0017705891190613306,2.555316756320422,-0.010224779911734982
2024-07-15,0.0035390382226053864,-0.0009161944193311132,-0.0044552326419364996,2.5643601199919046,-0.00672192757605472
2024-07-16,-1.6745250789972854e-05,0.009936694328672635,0.009953439579462608,2.5643171791385795,-0.006738560266481675
2024-07-17,-0.005359138069487024,-0.006060251663868386,-0.0007011135943813614,2.5505746493216184,-0.012061585461111135
2024-07-18,-0.004858215920634359,-0.0010794872521682963,0.0037787286684660623,2.5381834069535176,-0.016861203595230245
2024-07-19,-0.009073792886939993,-0.004329192950468191,0.0047445999364718015,2.5151524564097536,-0.02578200141292253
2024-07-22,-0.0029729741722334733,-0.004557469536146008,-0.0015844953639125353,2.507674973117618,-0.028678326360846995
2024-07-23,0.010451440353214457,-0.01642438935917209,-0.026875829712386546,2.5338837885244057,-0.018526615825022796
2024-07-24,0.005051381952521484,-0.0045084080745037974,-0.009559790027025282,2.5466834033635446,-0.013568818885321132
2024-07-25,-0.009302319653373829,-0.012569847553302989,-0.0032675278999291604,2.522993340289515,-0.022744917048104996
2024-07-26,-0.0044899809102242555,0.003798821900347602,0.008288802810571858,2.511665148354992,-0.027132773714978575
2024-07-29,0.010826266703743951,0.003743500521584814,-0.0070827661821591375,2.538857105121582,-0.016600253655885355
2024-07-30,-0.0018340202994084399,-0.003617204145498488,-0.0017831838460900479,2.5342007896534913,-0.018403828753113638
2024-07-31,-0.01440470393671197,0.018978115159828876,0.033382819096540846,2.497696377562351,-0.032543430985335076
2024-08-01,0.005368817923273657,-0.0009238602746194516,-0.0062926781978931085,2.5111060546411035,-0.02734933281762031
2024-08-02,0.00015559848522218249,-0.012555448006848874,-0.012711046492071056,2.511496778939438,-0.027197989847156268
2024-08-05,-0.007404763817790511,-0.02672081376089485,-0.01931604994310434,2.49289973846225,-0.034401358973809915
2024-08-06,-0.005359329298949668,0.004764418367960472,0.01012374766691014,2.4795394678545652,-0.03957632006168754
2024-08-07,0.0030014545763219387,-4.119623089891226e-05,-0.003042650807220851,2.4869816929375284,-0.03669365201232866
2024-08-08,-0.0020895573029089906,-0.003026194570002191,-0.0009366372670932006,2.48178500217885,-0.03870653582670491
2024-08-09,0.007210830720684433,0.00132254149156248,-0.005888289229121953,2.499680733714695,-0.031774811383651014
2024-08-12,0.00027481638542781834,-0.0005099009169189576,-0.000784717302346776,2.5003676869386577,-0.03150872723703535
2024-08-13,0.002978361438301798,0.005908916206887856,0.002930554768586058,2.507814685639012,-0.028624210176906195
2024-08-14,0.0037450419724619414,-0.0057537297446626084,-0.00949877171712455,2.517206556895886,-0.024986367072985516
2024-08-15,-0.0034648341836496467,0.006018395912554699,0.009483230096204345,2.508484853570246,-0.028364627637875395
2024-08-16,0.0031768609459999412,0.0017804010984822205,-0.0013964598475177208,2.516453961135186,-0.02527787716966612
2024-08-19,0.005739562588528398,0.006255019307673181,0.0005154567191447824,2.5308973061462714,-0.019683398539258157
2024-08-20,0.006279668148573774,-0.006074223012533508,-0.012353891161107283,2.5467905013469894,-0.013527335601547064
2024-08-21,0.0007810103922805018,-0.0031092462615682267,-0.0038902566538487286,2.5487795711955026,-0.01275689019895121
2024-08-22,0.007889907747814326,-0.00249129427197076,-0.010381202019785086,2.5688892068817486,-0.004967633137955674
2024-08-23,0.0008204039489472293,0.0005407862025595372,-0.00027961774638769207,2.5709967337314823,-0.004151304654851806
2024-08-26,0.00028317500610461577,0.00025593640805701766,-2.723859804759811e-05,2.5717247757472514,-0.0038693051944682644
2024-08-27,0.003226132947179273,-0.00333560013021013,-0.006561733077389403,2.5800215017773667,-0.000655655140259559
2024-08-28,-0.0004061703971009642,-0.002029172157893473,-0.001623001760792509,2.5789735734194608,-0.0010615592296518983
2024-08-29,-0.01113756856286036,-0.004373595599069635,0.006763972963790724,2.5502500784236966,-0.012187304603808458
2024-08-30,-0.016733735002143205,0.0017381988488983195,0.018471933851041525,2.5075748694221596,-0.028717100480321056
2024-09-02,0.009950476387185088,-0.013907750095153134,-0.02385822648233822,2.5325264339494438,-0.019052372923373806
2024-09-03,-0.007815910715769488,-0.0006521342271274396,0.007163776488642048,2.5127324334563688,-0.026719371993450647
2024-09-04,-0.0017230066567360902,-0.005691724260799997,-0.003968717604063907,2.508402978746927,-0.028396340994378155
2024-09-05,-0.002488644640058464,0.002768480715101694,0.005257125355160158,2.5021604551187617,-0.030814317232623623
2024-09-06,0.010325788595931187,-0.002119744354573662,-0.012445532950504849,2.527997235011417,-0.02080671076216445
2024-09-09,-0.0026785182443695315,-0.009860702020561322,-0.007182183776191791,2.5212259482957236,-0.023429497852152092
2024-09-10,0.0012300484749934977,0.00513427593895782,0.0039042274639643224,2.5243271784285386,-0.02222826879526163
2024-09-11,-0.0053185986206516316,-0.003258575574508404,0.0020600230461432275,2.5109012953792753,-0.0274286441761592
2024-09-12,0.005477730503018949,0.0012635478663887917,-0.004214182636630157,2.524655335995044,-0.022101160394000563
2024-09-13,0.007674585179065488,0.0007865492080306553,-0.006888035971034833,2.5440310184189197,-0.014596192452935197
2024-09-18,0.003784506020471938,0.002504869885795239,-0.0012796361346766988,2.5536589191243935,-0.010866925810677275
2024-09-19,-0.002752801535183778,0.007364076748899299,0.010116878284083078,2.5466292029314923,-0.013589812855806627
2024-09-20,0.006950344991149925,0.0026736303644690667,-0.004276714626680858,2.564329154456403,-0.006733921752369865
2024-09-23,0.0020835023493726785,0.0018414138785007622,-0.00024208847087191611,2.5696719402742776,-0.00466444954478884
2024-09-24,-0.013426108459474286,0.029724078956789808,0.04315018741626409,2.535171246098887,-0.018027932598771113
2024-09-25,0.00040826184743936666,0.010260887619958912,0.009852625772519545,2.536206259795395,-0.017627030868399896
2024-09-26,-0.012740113681323615,0.0299447774688932,0.042684891150216814,2.503894703726317,-0.030142574172595915
2024-09-27,-0.030062575698167216,0.03415394362250458,0.0642165193206718,2.428621179655305,-0.05929898645296172
2024-09-30,-0.03570508747232097,0.06372804417525131,0.09943313164757228,2.341907047998581,-0.09288679842695968
2024-10-08,-0.02281204477954784,0.0616151683126163,0.08442721309216414,2.288483359550099,-0.11357990540136287
2024-10-09,0.009177499460342546,-0.050551852680044376,-0.059729352140386924,2.309485914347373,-0.10544478546154701
2024-10-10,0.0031121841008629344,-0.00474117923227356,-0.007853363333136494,2.316673459691172,-0.10266076494551635
2024-10-11,0.01317155862677338,-0.02633453788018875,-0.03950609650696213,2.3471876599845842,-0.09084140860289214
2024-10-14,-0.002619429784383877,0.020978400073948144,0.02359782985833202,2.341039366718482,-0.0932228856959263
2024-10-15,0.003148493654479826,-0.0209067548237284,-0.024055248478208228,2.348410114309483,-0.09036790370551229
2024-10-16,0.006301797657229811,-0.0024669925103994435,-0.008768790167629254,2.363209319666053,-0.08463558629214274
2024-10-17,-0.0009924447079030735,-0.004206486102914307,-0.0032140413950112333,2.3608639650830834,-0.08554403486032991
2024-10-18,-0.007089840958421166,0.043851436958176775,0.05094127791659794,2.344125815046177,-0.09202738221664963
2024-10-21,-0.0019138190324815316,0.008876504252601421,0.010790323285082953,2.33963958244681,-0.09376507749353558
2024-10-22,-0.0018113485820722695,4.755415192966785e-05,0.0018589027340019373,2.335401679606585,-0.09540658483544195
2024-10-23,-0.00022795536244851807,-0.00013367447535445442,9.428088709406365e-05,2.3348693122702473,-0.09561279175526438
2024-10-24,0.0018996759738926978,-0.007694208919612403,-0.0095938848935051,2.3393048074049467,-0.09389474910466589
2024-10-25,-0.005529029938504328,0.011671006745112431,0.01720003668361676,2.3263707210895177,-0.09890463216430212
2024-10-28,-0.0024043677584457686,0.0031554289426125666,0.005559796701058335,2.320777270333538,-0.10107119681401111
2024-10-29,0.004344798744537801,-0.009624632707580228,-0.013969431452118028,2.3308605805040346,-0.09716553207849987
2024-10-30,0.0012148594620036881,-0.0052973189737756015,-0.00651217843577929,2.333692248534871,-0.09606871508252246
2024-10-31,2.4284666575833308e-05,0.005420130199736513,0.00539584553316068,2.3337489214730174,-0.09604676341266072
2024-11-01,-0.0017458528873032484,-0.015152812548937602,-0.013406959661634353,2.329674539180223,-0.0976249327807438
2024-11-04,-0.0015995867907188479,0.013749852841922258,0.015349439632641106,2.3259480225606763,-0.0990683600185418
2024-11-05,-0.0007564805052960639,0.03172051371152377,0.032476994216819835,2.324188488225277,-0.0997498972407922
2024-11-06,0.0006219050039973583,0.0005629357295677651,-5.8969274429593156e-05,2.325633912676337,-0.09919002719703729
2024-11-07,-0.005351742910125569,0.02113336683234527,0.026485109742470838,2.313187717872624,-0.10401093058235589
2024-11-08,0.003835074800929704,-0.0009389182581689532,-0.004773993059098657,2.3220589657992576,-0.10057474548032375
2024-11-11,0.001183074566388682,0.024237203677217573,0.02305412911082889,2.32480613470335,-0.09951065833733364
2024-11-12,-0.0034897386274638266,-0.016281610874349838,-0.012791872246886013,2.316693168933711,-0.10265313077655336
2024-11-13,-0.00023397582796150617,0.004473959375228047,0.004707935203189553,2.316151118731377,-0.10286308825324852
2024-11-14,-0.002480337560926829,-0.03048663959399016,-0.02800630203306333,2.310406282114805,-0.10508829063274783
2024-11-15,-0.002368876488214162,-0.026262940842940216,-0.023894064354726054,2.3049332149948807,-0.10720822594009549
2024-11-18,-0.0010893601859872537,-0.015941264870602528,-0.014851904684615273,2.3024223125191057,-0.10818079775313327
2024-11-19,0.0022000976407165924,0.01901406577014033,0.016813968129423738,2.307487866416812,-0.10621870843032422
2024-11-20,-0.0004970857627644371,0.008674222012447837,0.009171307775212275,2.3063408470506648,-0.10666299438538873
2024-11-21,2.191099080140062e-05,0.0005273804794541342,0.0005054694886527335,2.3063913812637495,-0.10664342048647601
2024-11-22,0.0007521313777974565,-0.03175170538419514,-0.032503836761992595,2.3081260905910796,-0.10597149897146207
2024-11-25,-0.002238420473935717,-0.005629362461669752,-0.003390941987734035,2.302959533893475,-0.10797271067244651
2024-11-26,-0.0010129811746485949,-0.0075093366060535426,-0.006496355431404948,2.300626679239664,-0.108876317523808
2024-11-27,0.0009065166230894381,0.02369836080318577,0.022791844180096332,2.3027122355679177,-0.10806849909241467
2024-11-28,-5.615227107419488e-05,-0.008911171140215326,-0.008855018869141132,2.30258293304626,-0.10811858307183342
2024-11-29,0.0006943161935721996,0.016016264218512353,0.015321948024940153,2.3041816536637167,-0.10749933536131406
2024-12-02,0.0011066589573101742,0.011609498245025706,0.010502839287715532,2.3067315969300135,-0.10651164150638637
2024-12-03,-0.0005469126408372952,-0.004521193832063269,-0.003974281191225973,2.305470016260634,-0.10700030158408746
2024-12-04,-0.00029818434744722323,-0.00875006951366289,-0.008451885166215665,2.304782561188276,-0.10726658011643009
2024-12-05,0.0030658796865953583,0.008190026311956679,0.005124146625361321,2.3118487472246425,-0.10452956685886428
2024-12-06,-0.0001893841736159848,0.014649687883056314,0.014839072056672299,2.311410919660124,-0.10469915478684233
2024-12-09,-0.0007891445262686717,-0.00560695820709118,-0.004817813680822508,2.3095868823849166,-0.10540567654820598
2024-12-10,0.000132791851042216,0.00503241985225324,0.004899628001211024,2.3098935767021715,-0.10528688171206291
2024-12-11,0.00033422005777560785,0.0032778010956463124,0.0029435810378707046,2.3106655894668324,-0.10498785064197613
2024-12-12,-0.0006140641553560912,0.007220322990905252,0.007834387146261343,2.309246692553326,-0.10553744552150512
2024-12-13,0.0017891819361936171,-0.017992956328754188,-0.019782138264947804,2.313378355021858,-0.10393708927643042
2024-12-16,0.0006576685580161528,-0.01078430889656363,-0.011441977454579783,2.314899791228751,-0.10334777687404306
2024-12-17,-0.0036864262952303133,-0.008944546825652476,-0.0052581205304221635,2.3063660837675424,-0.10665321920705118
2024-12-18,0.0015832103896424492,0.008473702868461736,0.006890492478819286,2.310017546513682,-0.10523886330214616
2024-12-19,-0.0019238619542413288,0.0021027625859927563,0.004026624540234085,2.3055733916423145,-0.10696026021117289
2024-12-20,0.0004096486234359666,0.0026221399170601625,0.0022124912936241957,2.306517866608431,-0.10659442771109484
2024-12-23,-0.0007500972020660505,-0.012330990486391677,-0.011580893284325626,2.3047877540101727,-0.10726456873117907
2024-12-24,-0.0011019749310147754,0.0060382731761048835,0.007140248107119659,2.3022479356839436,-0.10824834079646595
2024-12-25,0.0006968463355140177,-0.0029145010162199615,-0.003611347351733979,2.3038522487213693,-0.10762692692056164
2024-12-26,0.0008135449084819707,0.007327428514911269,0.006513883606429299,2.3057265359882115,-0.10690094135049133
2024-12-27,-0.0006338745615231824,-0.0032387230363427042,-0.0026048484748195217,2.3042649945912195,-0.1074670541246896
2024-12-30,0.00032236020614845697,0.0014741799252009579,0.001151819719052501,2.3050077979298966,-0.10717933702026294
2024-12-31,0.0009167589908054988,-0.022446496308602903,-0.023363255299408404,2.3071209345525254,-0.10636083565029941
2025-01-02,0.0031515343238256084,-0.027166676671205717,-0.030318210995031326,2.314391905366984,-0.10354450115073655
2025-01-03,0.0025766892070142244,-0.015369028211968831,-0.017945717418983057,2.320355374010344,-0.10123461394228317
2025-01-06,0.0031401677051103075,0.0007929293199744458,-0.0023472383851358618,2.3276416790201906,-0.09841233990251375
2025-01-07,0.0012932334299459256,0.012852905195111517,0.011559671765165591,2.3306518630524353,-0.09724637660044877
2025-01-08,0.0061419762565882614,0.0006466740536434645,-0.005495302202944797,2.3449666714576765,-0.0917016852799798
2025-01-09,-0.0024556833181493933,-0.00143384869908336,0.0010218346190660334,2.3392081759209615,-0.09393217829934097
2025-01-10,0.005328626192365274,-0.009543681677090823,-0.014872307869456097,2.351672941876569,-0.08910408157256744
2025-01-13,-0.007464960549899137,-0.007386526780390217,7.843376950892019e-05,2.334117796139195,-0.0959038836686924
2025-01-14,-0.014833239377535046,0.018233390570859712,0.03306662994839476,2.2994952681336978,-0.10931455778253452
2025-01-15,0.011003020719522761,0.004342224831679909,-0.006660795887842852,2.3247966622134175,-0.09951432740723842
2025-01-16,0.001304234901242538,0.0020885882380598177,0.0007843533368172797,2.3278287431585682,-0.09833988256497417
2025-01-17,9.18280227048062e-05,0.004014785031302425,0.003922957008597619,2.328042503069248,-0.09825708489923823
2025-01-20,-0.007466495999580473,-0.0006534166069356896,0.0068130793926447835,2.310660183033228,-0.10498994476748813
2025-01-21,0.001111874033597041,0.0023013956876226016,0.0011895216540255607,2.3132293460912097,-0.10399480632726676
2025-01-22,0.0055815001696252284,0.0007351489033512477,-0.004846351266273981,2.3261406360788,-0.09899375318679726
2025-01-23,0.009962328173277702,0.007737937117210157,-0.002224391056067545,2.349314412472614,-0.09001763326987078
2025-01-24,-0.005101739883572196,0.007201057289563019,0.012302797173135215,2.3373288214354515,-0.09466012660356526
2025-01-27,0.0055411611760716115,-0.006570942049377051,-0.012112103225448662,2.350280337156503,-0.08964349244595138
2025-02-05,-0.002776817091798251,0.005035369724547109,0.007812186816345361,2.3437540385457694,-0.09217138595575725
2025-02-06,-0.017841023716858008,0.003712321614137048,0.021553345330995056,2.3019390671575923,-0.10836797778976304
2025-02-07,-0.013866743636367277,0.0023246188231719565,0.016191362459539234,2.2700186682467796,-0.12073201045972803
2025-02-10,-4.838891255810668e-05,0.009218358978088396,0.009266747890646503,2.2699088245119365,-0.12077455728158903
2025-02-11,0.013696038381303254,0.007110770797869275,-0.006585267583433979,2.3009975828945106,-0.10873265187229952
2025-02-12,-0.004628518727289669,0.008758787352978746,0.013387306080268415,2.2903473724906354,-0.11285789948413028
2025-02-13,-0.0013968650087605354,-0.008394102668636477,-0.006997237659875941,2.2871480663880965,-0.11409711724213922
2025-02-14,-0.006355387519230588,0.005561114494360709,0.011916502013591297,2.2726123541123413,-0.11972737336646888
2025-02-17,-0.0005783424380229335,0.004063462303966307,0.004641804741989241,2.271298005942783,-0.12023647238348101
2025-02-18,0.012772732021434946,-0.0035537724250662567,-0.016326504446501203,2.30030868671351,-0.10899948860300279
2025-02-19,-0.001695942691471287,0.012312665549067797,0.014008608240539084,2.29640749500815,-0.11051057440840384
2025-02-20,-0.0021327688290053138,-0.0006282221367607081,0.0015045466922446057,2.2915097886841025,-0.11240764972903539
2025-02-21,-0.0017394117748980532,0.0215559158820941,0.023295327656992153,2.287523909575371,-0.11395153831440619
2025-02-24,-0.0022020736631103584,-0.0063167498246139014,-0.0041146761615035434,2.2824866134203603,-0.11590268229612333
2025-02-25,0.0033872118712774697,-0.006853462207682463,-0.010240674078959932,2.2902178791733694,-0.11290805736623233
2025-02-26,-0.011593481405756296,0.0016134219152838455,0.013206903321040141,2.263666280776042,-0.12319254130835322
2025-02-27,-0.00724735412907065,-0.010883880617900049,-0.003636526488829398,2.247260689609222,-0.12954707546450206
2025-02-28,-0.0054059684251913254,-0.03586008369480539,-0.030454115269614064,2.2351120692780206,-0.13425271649015647
2025-03-03,-0.010337130446298932,-0.008584311726528734,0.0017528187197701974,2.2120074242557966,-0.14320205909332662
2025-03-04,0.010137722647147435,0.014684197041217772,0.004546474394070336,2.234432142016333,-0.13451607920376774
2025-03-05,0.008322504292410793,0.010895301925774682,0.0025727976333638886,2.253028213109365,-0.12731308555792842
2025-03-06,0.0014766140310593595,0.02145859012928077,0.01998197609822141,2.256355066181215,-0.12602446381534138
2025-03-07,-0.004473455262365246,-0.011459750070299765,-0.006986294807934519,2.246261362736642,-0.12993415427686505
2025-03-10,-0.0025892395954290213,-0.0045676613808570445,-0.0019784217854280236,2.240445253874562,-0.13218696321524182
2025-03-11,-0.006443923981318333,-0.004632270272734762,0.0018116537085835713,2.226007994974289,-0.1377790844542799
2025-03-12,-0.00023249133631996738,-0.0008689735454669167,-0.0006364822091469494,2.225490467400878,-0.13797954334713813
2025-03-13,-0.006930275220195515,-0.014909371228680614,-0.0079790960084851,2.2100672059618685,-0.14395358235718114
2025-03-14,-0.005270780543743357,0.01585665150321694,0.0211274320469603,2.1984184267323195,-0.14846561515983403
2025-03-17,0.0006294567033435734,-0.0018768513079248177,-0.0025063080112683912,2.19980223594778,-0.14792961113316894
2025-03-18,0.0017557736288868636,0.00583632008475822,0.004080546455871357,2.2036645907024237,-0.1464335684144411
2025-03-19,0.0017958347856597153,-0.0031086834844481037,-0.004904518270107819,2.2076220082303335,-0.14490070412472844
2025-03-20,0.0011308708006072996,-0.0062168106882428634,-0.007347681488850163,2.2101185434982193,-0.1439336972994032
2025-03-21,0.0003851443288951579,-0.017569412675737823,-0.01795455700463298,2.2109697581214336,-0.14360398821775977
2025-03-24,0.003290196079290577,0.0040605753408743265,0.0007703792615837491,2.218244282151035,-0.14078627741747374
2025-03-25,-0.0017958244687383289,-0.007014059778537852,-0.005218235309799523,2.214260704791509,-0.14232927444436327
2025-03-26,-0.0008799525138425962,-0.002144231207555208,-0.0012642786937126119,2.212312260518025,-0.14308398395536504
2025-03-27,0.0003961146599628232,0.003933594974823549,0.003537480314860725,2.213188589836832,-0.1427445469590528
2025-03-28,0.007095112302637756,0.001583443517721726,-0.00551166878491603,2.228891411428641,-0.13666222324767863
2025-03-31,0.012686561259296143,0.004090912655328616,-0.008595648603967526,2.257168378860049,-0.1257094356554458
2025-04-01,-0.0041659308465403205,0.0010276054127870242,0.005193536259327345,2.247765171484721,-0.12935166968628786
2025-04-02,0.001999756078252009,0.0013097345790880025,-0.0006900214991640067,2.252260153548881,-0.1276105853957229
2025-04-03,0.009784657533362695,0.001887618512462377,-0.007897039020900318,2.2742977478273954,-0.1190745537380894
2025-04-07,0.030000377530218256,-0.05712695228740236,-0.08712732981762061,2.3425275388783424,-0.09264645777425606
2025-04-08,0.00453173334115296,0.006182621799677955,0.0016508884585249958,2.3531432490288466,-0.08853457347473837
2025-04-09,-0.006839823275187941,0.009334417616060887,0.016174240891248828,2.337048165064288,-0.09476883591361485
2025-04-10,-0.0023739556150811246,0.017010507934972725,0.01938446355005385,2.3315001164501186,-0.09691781451854409
2025-04-11,0.0019192949863233672,0.011465943415070805,0.009546648428747438,2.3359749529342335,-0.09518453340771171
2025-04-14,0.0015025248517401147,0.007639285930286953,0.006136761078546838,2.3394848133540598,-0.09382502568291784
2025-04-15,0.006477206431640046,0.002749839031871533,-0.0037273673997685127,2.354638139433841,-0.08795554331108002
2025-04-16,0.01364689754145627,0.009955187530248558,-0.0036917100112077127,2.3867716448698997,-0.07550896605739321
2025-04-17,0.0028892321338917196,0.004001000101717658,0.0011117679678259381,2.3936675822025197,-0.07283789685463127
2025-04-18,0.0012129613428853959,0.002589371025660898,0.001376409682775502,2.396571008447449,-0.07171328506492769
2025-04-21,-0.004272183997093987,0.006527853374751474,0.01080003737184546,2.3863324161372605,-0.07567909671318829
2025-04-22,0.014853417468874116,0.013315470154482952,-0.0015379473143911637,2.4217776077336546,-0.06194977246146238
2025-04-23,-0.022476994143814287,-0.020463736934846953,0.0020132572089673357,2.3673433266270045,-0.08303432193244975
2025-04-24,0.00813145783749761,0.0025160997314594164,-0.005615358106038193,2.3865932790743534,-0.07557805418281105
2025-04-25,-0.005909566952293737,-0.002564165968916818,0.0033454009833769186,2.372489546303769,-0.08104098756378741
2025-04-28,0.0028187981722685553,-0.0008828778542505438,-0.003701676026519099,2.3791771155006165,-0.07845062757914256
2025-04-29,0.0019600173553525387,0.003488486064589,0.0015284687092364609,2.3838403439384552,-0.07664437481538344
2025-04-30,-0.009144487003070058,-0.004092920317688518,0.00505156668538154,2.362041346895916,-0.0850879883290957
2025-05-06,-0.004294014891884594,0.01208258334903567,0.016376598240920262,2.351898706177098,-0.08901663413197469
2025-05-07,0.0037481079482835195,0.005578589341862577,0.0018304813935790581,2.360713876411278,-0.08560217013761073
2025-05-08,-0.008276975916929531,-0.001512196800277022,0.006764779116652509,2.3411743045094604,-0.09317061895387435
2025-05-09,0.0036952030649937124,-0.004445752386707875,-0.008140955451701588,2.3498254189751684,-0.08981970024560626
2025-05-12,-0.013101305106810042,-0.0018322976499623202,0.011269007456847722,2.319039639213437,-0.1017442500548964
2025-05-13,0.0011988766361003178,0.0007786344108185364,-0.00042024222528178144,2.3218198816550806,-0.10066735222304446
2025-05-14,-0.004158390616240372,0.0029169716923236064,0.007075362308563978,2.312164847646606,-0.10440712866643864
2025-05-15,-0.0007292682271286093,-0.015506185634491788,-0.014776917407363178,2.3104786592873334,-0.10506025609194514
2025-05-16,0.0010135987756338713,8.483295348011904e-05,-0.0009287658221537522,2.312820557627515,-0.10415314626325389
2025-05-19,0.001061023286968353,0.0009578771613659895,-0.00010314612560236361,2.315274514097737,-0.10320263188988199
2025-05-20,-0.002603575658853313,0.002896969669542807,0.00550054532839612,2.3092465217292686,-0.10553751168841718
2025-05-21,0.00477463117368529,0.008370237909629508,0.003595606735944218,2.3202723221596417,-0.10126678320803251
2025-05-22,0.005946230021845566,0.0018978848665573596,-0.004048345155288207,2.3340691951005246,-0.09592270877271436
2025-05-23,0.0015358387558388217,-0.0071021468552975205,-0.008637985611136342,2.3376539490291695,-0.09453419183057366
2025-05-26,-0.0019819503692181354,-0.0030127023958765853,-0.00103075202665845,2.333020834921787,-0.09632878012338941
2025-05-27,0.0015387729250678028,-0.0032292549486862407,-0.004768027873754043,2.3366108242161836,-0.09493823531708034
2025-05-28,0.0009062715463268479,-0.001917969385724191,-0.0028242409320510388,2.33872842812101,-0.09411800359207989
2025-05-29,-0.010287189995761089,0.003388650769261257,0.013675840765022346,2.3146694844324416,-0.10343698380286748
2025-05-30,0.009215668181807782,0.0026291187769634785,-0.006586549404844304,2.3360007103515272,-0.09517455654151386
2025-06-03,0.006134459819715594,0.009743762587888609,0.0036093027681730143,2.3503308128480054,-0.08962394121476158
2025-06-04,-0.005354450249749378,0.0032692565313607556,0.008623706781110133,2.337746083440158,-0.09449850453009001
2025-06-05,-0.008147130340612584,-0.0012402131538333935,0.0069069171867791905,2.3187001613951144,-0.10187574323730297
2025-06-06,0.0014075168372405663,-0.00035011890332668923,-0.0017576357405672555,2.3219637709127903,-0.10061161822397535
2025-06-09,-0.003320409160594074,0.0033299373421340904,0.006650346502728164,2.314253901137284,-0.10359795564575636
2025-06-10,0.007873627644243441,-0.0002272377389395397,-0.00810086538318298,2.3324754746290766,-0.09654001972897241
2025-06-11,-0.002798633389381639,0.0026906672595007463,0.005489300648882385,2.325947730885866,-0.09906847299572907
2025-06-12,0.005615850934555408,0.007839606355846447,0.002223755421291038,2.339009906624088,-0.09400897583783174
2025-06-13,0.0034140662152269646,-0.006272354806209489,-0.009686421021436454,2.3469954413233745,-0.09091586249094086
2025-06-16,-0.0018856493998134986,0.0037530318812103274,0.005638681281023826,2.342569830778078,-0.09263007644921473
2025-06-17,-0.004103920831758479,-0.00873896574176896,-0.00463504491001048,2.332956109649699,-0.096353850780586
2025-06-18,0.001783226018489715,0.002911169794264609,0.0011279437757748937,2.337116297684421,-0.09474244545578969
2025-06-19,0.0016957697393451265,-0.0073980326347876,-0.009093802374132726,2.3410795087793645,-0.09320733708848017
2025-06-20,0.00516565423155724,0.0014742298573719322,-0.0036914243741853077,2.3531727160503024,-0.08852315973216629
2025-06-23,0.0015739146316018882,0.007563201035192538,0.00598928640359065,2.3568764090187804,-0.08708857299690242
2025-06-24,-0.009444217352524292,0.004330412377230794,0.013774629729755086,2.33461755593897,-0.09571030693712279
2025-06-25,-0.006401193613810357,0.009206400688875294,0.01560759430268565,2.3196732169492043,-0.10149884034539136
2025-06-26,0.0041740315622433586,0.0002493297710649345,-0.003924701791178424,2.3293556061708407,-0.0977484681462808
2025-06-27,-0.006941943435862147,-0.006050717282183559,0.0008912261536785875,2.313185351310794,-0.10401184724532941
2025-06-30,-0.005940138776537211,0.006675823958193732,0.012615962734730942,2.299444709308155,-0.10933414121482532
2025-07-01,0.007380014340227846,0.008024445919762502,0.0006444315795346568,2.3164146442374105,-0.10276101440463925
2025-07-02,-0.00039058357448708904,-0.005938336325723589,-0.0055477527512365005,2.31550989072567,-0.10311146121480219
2025-07-03,0.0025756051424447434,0.00953626643665741,0.0069606612942126654,2.321473729907605,-0.10080143048210721
2025-07-04,0.002137206659394395,0.002107436371628759,-2.9770287765635906e-05,2.3264351990227725,-0.09887965731121584
2025-07-07,0.0013709433607688533,-0.004229827545253234,-0.005600770906022088,2.329624609913132,-0.09764427236015283
2025-07-08,-0.0005552560547748003,0.014243894560032987,0.014799150614807787,2.328331071743125,-0.09814531084148559
2025-07-09,0.001373385254548729,0.00048479507561504916,-0.0008885901789336799,2.331528767304765,-0.09690671690964947
2025-07-10,0.0014406870720990493,0.005569527598372753,0.004128840526273703,2.334887770658048,-0.09560564209180178
2025-07-11,-0.008449615317591561,-0.0021000757694197483,0.006349539548171813,2.3151588671862386,-0.1032474265115263
2025-07-14,0.0021647753884146107,0.0007537342035011507,-0.00141104118491346,2.3201706661221935,-0.10130615861094083
2025-07-15,0.010910521236794441,0.014825794791070653,0.003915273554276213,2.345484937447907,-0.09150094036908918
2025-07-16,-0.0016644863091251718,-0.0020594947282997892,-0.0003950084191746173,2.341580909881266,-0.09301312461569788
2025-07-17,0.00468384043246358,0.01690070119704294,0.012216860764579363,2.3525485012228526,-0.08876494281705904
2025-07-18,-0.0010282863801867664,0.003418715354187204,0.00444700173437397,2.350129407640316,-0.08970195341550913
2025-07-21,-0.0022760572745337297,0.003997773113858322,0.006273830388392051,2.344780378505961,-0.09177384390643151
2025-07-22,-0.006399725061008958,0.0010880360171296455,0.007487761078138603,2.329774428755074,-0.09758624159864737
2025-07-23,-0.0005985549239505454,-0.0013402141710086792,-0.0007416592470581338,2.3283799307990485,-0.09812638579717936
2025-07-24,-0.004874866012352146,0.008111734778670021,0.012986600791022167,2.3170293906105535,-0.10252289882649379
2025-07-25,-0.0038368438249841014,-0.0032695128225355154,0.000567331002448586,2.308139310700883,-0.10596637830019595
2025-07-28,0.005870022933183236,0.009897300727193536,0.0040272777940102995,2.321688141387679,-0.10071838043778125
2025-07-29,0.007627689350523243,0.019635161136160643,0.0120074717856374,2.3393972572989776,-0.09385893960512526
2025-07-30,0.0063652110230358935,0.0015960437679050877,-0.004769167255130806,2.354288014508397,-0.08809116053907429
2025-07-31,0.006347834539319116,-0.007608557448659938,-0.013956391987979055,2.3692326452823984,-0.0823025141112339
2025-08-01,-0.00472423721903513,-0.009495905286374277,-0.004771668067339146,2.358039828239002,-0.08663793472988468
2025-08-04,-0.0005606285015806735,0.0061160263835773766,0.00667665488515805,2.3567178439034286,-0.08714999153593772
2025-08-05,0.004981669079927145,0.01195947794586415,0.006977808865937005,2.368458232316515,-0.08260247487416106
2025-08-06,-0.0005987208092643599,0.00503131471996755,0.00563003552923191,2.3670401870869533,-0.08315173986282165
2025-08-07,-0.001969623669199166,-0.004013235399623175,-0.0020436117304240098,2.362378008708521,-0.08495758589705193
2025-08-08,0.005032717403532973,-0.00013088751519487515,-0.005163604918727848,2.374267189626672,-0.08035243601462527
2025-08-11,0.004290964442037849,0.014541312140874417,0.010250347698836568,2.3844550857132574,-0.07640626101835724
2025-08-12,0.0038886054210403058,0.01120567675230642,0.007317071331266114,2.393727290685789,-0.07281476939811438
2025-08-13,0.016366239218677404,0.03185092423201899,0.015484685013341585,2.432903604149429,-0.057640234114059274
2025-08-14,-0.006941114737238345,-0.013263859742830892,-0.006322745005592547,2.4160165410883874,-0.06418126137283064
2025-08-15,2.9530699618624196e-05,0.012422270891097872,0.012392740191479247,2.4160878877471355,-0.06415362599076291
2025-08-18,0.00800400985364336,0.02292091140195058,0.014916901548307217,2.435426279007932,-0.056663102391696585
2025-08-19,0.009038346537312041,0.005248793707919207,-0.0037895528293928346,2.4574385056836823,-0.04813689660967979
2025-08-20,-0.00065854797107412,0.011810157364114372,0.012468705335188492,2.455820164541725,-0.048763744125157826
2025-08-21,-0.002322524086742437,-0.002860964930936534,-0.0005384408441940971,2.450116463056869,-0.050973013241609855
2025-08-22,0.0032887097961543555,0.03286537265929148,0.029576662863137124,2.458174185070643,-0.04785193889344275
2025-08-25,0.00877240659347354,0.031772170521709255,0.022999763928235717,2.479738288499663,-0.039499308964228486
2025-08-26,0.005379628531925452,-0.0009537027277905421,-0.006333331259715994,2.493078359348184,-0.03433217204179839
2025-08-27,0.008185049926464773,-0.0031771670907867026,-0.011362217017251475,2.5134843301900376,-0.026428132657579706
2025-08-28,0.01636696174135335,0.04258414932523105,0.0262171875838777,2.554622432059749,-0.010493719152328329
2025-08-29,-0.008419992655771992,-0.0014951441356441933,0.006924848520127798,2.5331125299435358,-0.01882535476990599
2025-09-01,0.002821508084433596,0.01680328225391326,0.013981774169479665,2.5402597274255516,-0.01605696257614786
2025-09-02,-0.015490771057915718,-0.03194960816190745,-0.016458837103991732,2.500909145560359,-0.03129899890291099
2025-09-03,0.005091991318592712,-0.0013280175883955006,-0.0064200089069882125,2.5136437532181413,-0.026366381815012607
2025-09-04,-0.015260883798906387,-0.046697679572779816,-0.03143679577387343,2.4752833279884325,-0.041224891324842416
2025-09-05,0.014060739188289923,0.04957055012413349,0.03550981093584357,2.5100876412804,-0.0277438045815368
2025-09-08,-0.0008904590656519651,0.002235651353755537,0.0031261104194075023,2.5078525109846406,-0.028609558924883594
2025-09-09,-0.002401421634936278,-0.014100553061630619,-0.011699131426694341,2.501830099707533,-0.03094227694605156
2025-09-10,0.005962528061921401,0.011949116141220847,0.005986588079299446,2.5167473318831983,-0.025164243078720894
2025-09-11,0.006040974627689317,0.03523819683583987,0.02919722220815055,2.5319509386594095,-0.019275285004995202
2025-09-12,-0.002806767167974708,-0.0052985075536388804,-0.002491740385664172,2.5248443418938575,-0.022027950935864515
2025-09-15,0.007818630153289256,0.010783441520085478,0.0029648113667962214,2.5445851659977503,-0.014381549183977715
2025-09-16,0.0017105660906598615,0.0054544782669886235,0.003743912176328762,2.548937847097502,-0.012695583683683176
2025-09-17,0.005606527029799101,0.012933732501978362,0.00732720547217926,2.563228536034532,-0.007160234786965702
2025-09-18,0.00032756086143380023,-0.007105866250638391,-0.007433427112072191,2.5640681493818467,-0.00683501933820696
2025-09-19,-0.0015944623273663782,-0.003987371135401973,-0.0023929088080355946,2.559979839312857,-0.00841858348473179
2025-09-22,0.0015361065782713696,0.008951575638173292,0.007415469059901923,2.5639122411842674,-0.006895408747931153
2025-09-23,0.003626972414260689,0.0005653239251526732,-0.003061648489108016,2.5732114801556283,-0.0032934457909842285
2025-09-24,0.00827996733358903,0.02533397481747687,0.01705400748388784,2.594517587153733,0.0
2025-09-25,0.00544846945614401,0.01450636304094995,0.009057893584805939,2.6086537369807687,0.0
2025-09-26,-0.006687960542307665,-0.022103281077865355,-0.015415320535557692,2.591207163719298,-0.0066879605423076915
2025-09-29,0.007207797523890284,0.02102644402259698,0.013818646498706698,2.6098840602978406,0.0
2025-09-30,0.004668309808292052,0.013063850425287722,0.00839554061699567,2.622067807655034,0.0
2025-10-09,-0.002512796705315277,0.010917030168973905,0.013429826874289182,2.615479084306845,-0.0025127967053152345
2025-10-10,-0.01753132644459667,-0.04468206981002312,-0.02715074336542645,2.569626266670847,-0.020000070490582056
2025-10-13,0.004466233331784335,0.0008966510276991889,-0.0035695823040851463,2.581102817153281,-0.015623162140260827
2025-10-14,-0.008917615380228306,-0.02969809400711028,-0.02078047862688197,2.558085534973084,-0.024401456169499403
2025-10-15,0.0023044746486107566,0.016767971977716904,0.014463497329106147,2.5639805782374077,-0.0221532140580204
2025-10-16,-0.002636148182563891,-0.0029858977245029858,-0.00034974954193909484,2.557221545495958,-0.024730963085607294
2025-10-17,0.002845286835724327,-0.021788490389013693,-0.02463377722473802,2.564497574295388,-0.02195604293358533
2025-10-20,-0.002956190365361428,0.005441997012046101,0.008398187377407529,2.556916431274263,-0.024847327056365054
2025-10-21,0.005796073015237152,0.025264501821019462,0.01946842880578231,2.571736505603788,-0.019195270962980127
2025-10-22,-0.0034771352080234775,-0.010010413659876767,-0.00653327845185329,2.562794230054394,-0.022605661618510742
2025-10-23,-0.003456489079200827,-0.0030122241602239335,0.0004442649189768935,2.553935959785972,-0.025984014475199047
2025-10-24,0.004631475968544374,0.02255455854710981,0.017923082578565435,2.565764452808922,-0.02147288284526283
2025-10-27,0.00277762239879794,0.016002087570254397,0.013224465171456458,2.5728911776230836,-0.01875490400682267
2025-10-28,-0.0023970428089524587,-0.008372672008971016,-0.005975629200018558,2.566723847327545,-0.02110699050799303
2025-10-29,0.001495622429492064,0.016441632090101372,0.014946009660609307,2.57056269708392,-0.019642936166923808
2025-10-30,0.003459440354833325,-0.010699160452681586,-0.014158600807514911,2.5794554054128414,-0.016251449378153815
2025-10-31,-0.0052824913538895265,-0.014955786124626863,-0.009673294770737336,2.5658294545360048,-0.02144809259121494
2025-11-03,0.0007824390531858333,0.004303772140730026,0.0035213330875441926,2.5678370597050484,-0.02068243536328873
2025-11-04,-0.00022968120085105196,-0.012279028146283812,-0.01204934694543276,2.5672472758055855,-0.02090736619754907
2025-11-05,0.0034246195581739518,0.005592128140363489,0.0021675085821895373,2.5760391210369784,-0.017554346414564992
2025-11-06,0.002341682820085462,0.016365274250445108,0.014023591430359647,2.5820713875905787,-0.015253770305896364
2025-11-07,0.004799488687688572,0.00012822911987750776,-0.004671259567811064,2.594464010006124,-0.010527491916235587
2025-11-10,-0.001504433196112482,-0.0002965908207519807,0.0012078423753605013,2.5905608122233517,-0.012016087204037462
2025-11-11,0.0021969989191525366,-0.006952620637874247,-0.009149619557026784,2.5962522715278054,-0.00984548761548465
2025-11-12,-0.003099704597636803,-0.0055469723020131236,-0.0024472677043763202,2.5882046564251255,-0.012914674109893776
2025-11-13,0.0004946400405254936,0.014322978881406297,0.013828338840880803,2.589484886081268,-0.012426422184293351
2025-11-14,0.0015248020432282196,-0.015463508325331618,-0.01698831036855984,2.593433337926473,-0.01092056797500185
2025-11-17,0.003111109219214024,0.000907856063484353,-0.002203253155729671,2.601501792293513,-0.007843433835494018
2025-11-18,-0.011888221879059826,-0.018633152459456764,-0.0067449305803969385,2.570574561767956,-0.019638411232823727
2025-11-19,0.003012607600771398,0.0017653337504467978,-0.0012472738503246001,2.5783186942310876,-0.016684966458999417
2025-11-20,-7.705049420410729e-05,-0.007508582568855956,-0.007431532074651848,2.5781200335014813,-0.016760731368292037
2025-11-21,-0.013366700469324203,-0.043241646486166976,-0.029874946016842773,2.543659075239703,-0.029903396161769513
2025-11-24,-0.007477460930928016,-0.00285226994330903,0.004625190987618986,2.5246389638829974,-0.03715725561619587
2025-11-25,0.0006163714282689173,0.012862182682699185,0.012245811254430267,2.5261950792070293,-0.0365637868586417
2025-11-26,-0.00562614213671505,0.002036098428030041,0.007662240564745091,2.5119823466263402,-0.0419842159334336
2025-11-27,0.00158612981903583,-0.0006930381451370677,-0.0022791679641728977,2.5159666767312157,-0.04046467853121871
2025-11-28,0.0038406739305138888,0.009673673080376767,0.005832999149862878,2.525629684356579,-0.03677941623664627
2025-12-01,-0.0014735256284600638,0.009043819116674729,0.010517344745134792,2.52190810428868,-0.03819874645268173
2025-12-02,0.0022869647463578356,-0.006334596074178255,-0.00862156082053609,2.5276756192167427,-0.035999140892816195
2025-12-03,0.0024459024114994858,-0.00578172523111206,-0.008227627642611545,2.5338580671092736,-0.03364128886683826
2025-12-04,-0.0017649386201745636,0.0021612328684986566,0.00392617148867322,2.5293859631485915,-0.03534685267705928
2025-12-05,0.002614553761627151,0.010146403059810674,0.007531849298183523,2.5359991787331486,-0.03282471516206065
2025-12-08,-0.0015533162792713503,0.011509725510818344,0.013063041790089694,2.5320599699246036,-0.03432704427690836
2025-12-09,-0.003589420776943032,-0.006519192661782421,-0.0029297718848393887,2.5229713412600905,-0.03779325084791274
2025-12-10,0.0030500829967656847,0.004609066297307304,0.0015589833005416188,2.530666613249395,-0.03485844040295083
2025-12-11,0.00020790346355698723,-0.011336515461629025,-0.011544418925186012,2.5311927476033973,-0.03465778412988785
2025-12-12,0.0031924619692746863,0.011006772370339462,0.007814310401064775,2.5392734841870253,-0.031575965818387175
2025-12-15,-0.001294036880900017,-0.010425703716502675,-0.009131666835602658,2.5359875706477957,-0.032829142234968134
2025-12-16,-0.0013263116470790298,-0.01761082354996848,-0.016284511902889452,2.532624060795998,-0.034111912208337314
2025-12-17,0.007098927747810438,0.025830260635025595,0.01873133288721516,2.5506029760159548,-0.02725514246063354
2025-12-18,-0.0038540947568444267,-0.008906878474332722,-0.005052783717488296,2.5407727104593,-0.03100419331582349
2025-12-19,-0.0017680232921105236,0.004677497457522225,0.006445520749632749,2.536280565127249,-0.03271740047199845
2025-12-22,0.020372421702915613,0.030987305559879517,0.010614883856963903,2.5879507423569303,-0.01301151144852164
2025-12-23,0.0009474022180001302,0.0024978208128004446,0.0015504185948003145,2.5904025726303144,-0.012076436365327403
2025-12-24,0.012518683043838335,0.017652632113670817,0.0051339490698324814,2.622831001393017,0.0
2025-12-25,-0.0063732941623407,-0.00290923121888712,0.0034640629434535795,2.606114927883033,-0.006373294162340559
2025-12-26,-0.0018517453631608798,0.0014299982284081516,0.0032817435915690313,2.601289066649461,-0.008213237807588314
2025-12-29,0.005542532872155418,0.001875948870902919,-0.0036665840012524995,2.6157067968113443,-0.0027162270759681917
2025-12-30,-0.007146158364293337,-0.005500717102770228,0.0016454412615231097,2.597014541806772,-0.00984297485142327
2025-12-31,-0.00110297779417537,-0.005237839924359958,-0.0041348621301845875,2.5941500924360086,-0.010935096062908989
2026-01-05,-0.0032012333791499085,0.023742927283801566,0.026944160662951473,2.5858456125695777,-0.014101323647538022
2026-01-06,-0.0029551559283986536,0.01198828361683428,0.014943439545232935,2.578204035577669,-0.01701480796576138
2026-01-07,-0.002510825293161856,0.0010661335523771453,0.003576958845539001,2.571730615674209,-0.019482912048724432
2026-01-08,-0.007682241479402277,-0.007493366502501842,0.00018887497690043477,2.5519739600646276,-0.027015481093046523
2026-01-09,-0.0007679226968543004,0.01233682208425353,0.013104744781107831,2.550014241338913,-0.027762657988803063
2026-01-12,0.018972694559153305,0.04241509717043905,0.023442402611285745,2.598394882661327,-0.009316695859821533
2026-01-13,-0.014441592458411071,-0.02732261343270659,-0.012881020974295517,2.5608699227199114,-0.023623740393566073
2026-01-14,0.017281695652688923,0.022028728259930942,0.004747032607242017,2.6051260973304817,-0.006750303032536986
2026-01-15,-0.00035005332212265387,-0.00393709539540793,-0.0035870420732852766,2.6042141642855627,-0.007097993388657797
2026-01-16,-0.0032334314893977096,-0.008073800130893519,-0.00484036864149581,2.595793616201626,-0.010308474002721058
2026-01-19,-0.0018800841309587451,-0.004394542310949726,-0.0025144581799909807,2.5909133058165614,-0.01216917733529288
2026-01-20,-0.004997249641781801,-0.014126737617328432,-0.00912948797554663,2.5779658652271817,-0.017105614559995264
2026-01-21,0.00995528617864686,0.016271951502264577,0.006316665323617716,2.6036302531743014,-0.007320619669554662
2026-01-22,0.004584433197749911,0.008326470257405995,0.003742037059656084,2.6155664221416193,-0.0027697473636461023
2026-01-23,0.00432722288934174,0.014248804691002218,0.009921581801660476,2.6268845610321043,0.0
2026-01-26,-0.0044636754827212825,-0.011202926313990464,-0.006739250831269182,2.615159000821086,-0.004463675482721308
2026-01-27,0.010243172084019493,0.011685146740254003,0.0014419746562345103,2.641946524493569,0.0
2026-01-28,0.00449727970430971,0.005769444647018673,0.0012721649427089629,2.6538280969780454,0.0
2026-01-29,-0.0043550882715185655,-0.001023379936265477,0.0033317083352530884,2.64227044135827,-0.004355088271518648
2026-01-30,-0.004998619348983874,-0.01561988953422669,-0.010621270185242816,2.6290627372048485,-0.009331938192001843
2026-02-02,-0.015433626294167477,-0.047564673256753204,-0.03213104696258572,2.588486765414908,-0.02462153883951368
2026-02-03,0.007262968614283286,0.0073967130929871215,0.00013374447870383545,2.607286863550604,-0.0175373956890571
2026-02-04,-0.009673771096674723,-0.005938919393667964,0.003734851703006759,2.5820645672492484,-0.027041514034204184
2026-02-05,-0.008861643882137662,-0.02121799636565265,-0.012356352483514986,2.5591832305735998,-0.03566352564893682
2026-02-06,-0.0014812655019170965,-0.0067761512142325165,-0.00529488571231542,2.5553924007410664,-0.037091964000633415
2026-02-09,0.011559483806534905,0.03289969562386094,0.021340211817326038,2.584931417816775,-0.0259612441513164
2026-02-10,-0.0038167871001279826,0.0010829899468262497,0.004899777046954232,2.5750652849265365,-0.029678942709664313
2026-02-11,-0.004787553420392783,-0.0074947065854440165,-0.002707153165051233,2.562737022313952,-0.034324406606373814
2026-02-12,0.006273411380796732,0.011777226168084805,0.0055038147872880725,2.5788141259157253,-0.028266326348620585
2026-02-13,-0.0015483475820836656,-0.013448147769230947,-0.01189980018714728,2.5748212252992206,-0.029770907832647908
2026-02-24,0.00922859423121993,0.014070100306309261,0.004841506075089331,2.59858320560544,-0.0208170572297105
2026-02-25,0.003415448856062297,0.011393895119286514,0.007978446263224217,2.6074585336424074,-0.017472707967950085
2026-02-26,0.005951004756389681,0.005735803727453541,-0.00021520102893613955,2.6229755317782026,-0.011625683379784535
2026-02-27,-0.00614293072228033,-0.0032508268609473152,0.0028921038613330145,2.606862774800253,-0.017697198334463593
2026-03-02,0.005033410432539516,0.00046317819189913706,-0.004570232240640379,2.6199841850871315,-0.012752865164647464
2026-03-03,-0.0023792279169927663,-0.029762940598775822,-0.027383712681783055,2.613750645571893,-0.015101751108818728
2026-03-04,5.792979065271687e-05,-0.010127589226821911,-0.010185519017474628,2.613902059599609,-0.015044696159446258
2026-03-05,0.004982563156899332,0.014315881510653918,0.009333318353754587,2.6269259916975134,-0.010137094151337789
2026-03-06,-0.004593311466309048,0.0006786723601211091,0.005271983826430157,2.614859702418704,-0.014683842786846424
2026-03-09,-0.0024841997050179475,-0.008878423879623894,-0.0063942241746059465,2.6083638687172925,-0.01713156489394463
2026-03-10,0.01303826959795275,0.02764249500331554,0.01460422540536279,2.6423724200471876,-0.004316661257713905
2026-03-11,0.006123031302869631,0.00755077085018814,0.001427739547318509,2.6585517490889763,0.0
2026-03-12,-0.0009157661384766108,-0.004910758396323272,-0.003994992257846662,2.6561171374197725,-0.0009157661384767701
2026-03-13,-0.00042944081665092745,-0.00863693234244162,-0.008207491525790693,2.654976492307158,-0.0013448136877693972
2026-03-16,-4.5167298435861753e-05,0.0008523301732524794,0.0008974974716883412,2.65485657419159,-0.0013899202446040482
2026-03-17,-0.011498246013968084,-0.024992245467577744,-0.013493999453609662,2.6243303801697344,-0.01287218461365991
2026-03-18,0.011486117158558297,0.019682151833105156,0.00819603467454686,2.6544737463791277,-0.001533918875660789
2026-03-19,0.0028912077828969233,-0.014719921011503653,-0.017611128794400577,2.6621483815341542,0.0
2026-03-20,0.01553663438726102,0.007587243181013264,-0.007949391206247757,2.7035092076226888,0.0
2026-03-23,0.0006096228557103612,-0.03747659939355836,-0.03808622224926872,2.7051573286262793,0.0
2026-03-24,-0.005301431489961307,0.011749250467441366,0.017050681957402673,2.690816122379,-0.005301431489961428
2026-03-25,0.005296108441424162,0.02209828514762523,0.01680217670620107,2.7050669763590522,-3.3400004602723854e-05
2026-03-26,-0.004566405977261741,-0.01874353895454297,-0.014177132977281228,2.692714542349313,-0.0045996534638836906
2026-03-27,0.0068718312875844095,0.002271121065238595,-0.0046007102223458145,2.7112184223899627,0.0
2026-03-30,-0.007330090083188265,-0.00746405814332676,-0.00013396806013849465,2.691344947118645,-0.00733009008318819
2026-03-31,-0.009352777485669367,-0.02369234203108042,-0.014339564545411052,2.6661733966910637,-0.01661431086735954
2026-04-01,-0.002552234283839805,0.018859788254259536,0.021412022538099342,2.659368697541367,-0.019124141537401385
2026-04-02,-0.006706723550257153,-0.022645147945665585,-0.01593842439540843,2.6415330468687497,-0.025702604757231184
2026-04-03,0.005011208216102627,-0.004159878948807767,-0.009171087164910394,2.654770318976325,-0.020820197645263216
2026-04-07,-0.0006775585967904042,0.0031784973201563595,0.003856055916946764,2.6529715565241987,-0.021483649338152166
2026-04-08,0.013862510908612602,0.055619312780163056,0.04175680187155045,2.689748403666754,-0.007918955752846624
2026-04-09,0.0056399008476054,-0.0028549310357927358,-0.008494831883398135,2.7049183179684393,-0.0023237170305038246
2026-04-10,0.015996630675251314,0.031113957864570718,0.015117327189319402,2.748187897307702,0.0
2026-04-13,0.006484111196776979,0.008600851464157388,0.0021167402673804084,2.766007453223482,0.0
2026-04-14,0.00753615689033237,0.02100751434085996,0.013471357450527589,2.7868525193508025,0.0
2026-04-15,-0.00956841008682062,-0.012758023709908034,-0.0031896136230874137,2.7601867715941646,-0.009568410086820744
2026-04-16,0.013492510763093128,0.02757103642876537,0.014078525665672241,2.7974286213180464,0.0
2026-04-17,0.01534692310703565,0.014742441316378682,-0.0006044817906569677,2.840360543266835,0.0
2026-04-20,-0.0017911361843946357,0.004601513749946734,0.006392649934341369,2.835273070721063,-0.0017911361843946372
2026-04-21,0.005535368101840764,0.003247375770084847,-0.002287992331755917,2.850967350836741,0.0
2026-04-22,0.010622039006328056,0.02188213261370689,0.011260093607378832,2.8812504372430965,0.0
2026-04-23,-0.0031011810295169108,-0.008848227568202888,-0.0057470465386859765,2.8723151580458306,-0.003101181029517064
2026-04-24,-0.00551369560159852,-0.009933013797003731,-0.004419318195405211,2.8564780865925083,-0.008597777662913364
2026-04-27,-0.0018139638007941363,0.0035710135060664084,0.005384977306860545,2.8512965387456677,-0.010396145406259771
2026-04-28,-0.009352745329599404,-0.013625024458282876,-0.004272279128683473,2.824629088359611,-0.019651658235464997
2026-04-29,0.01271529678623745,0.02371683107123418,0.011001534284996728,2.8605450855291426,-0.00718623811603325
2026-04-30,-0.0029291951082000512,0.0012885448939867388,0.00421774000218679,2.852165990857825,-0.010094383330697454
