,d40_baseline,d40_vol_scaled,d40_resid_250d,d40_deep_only,d40_bounce_conf,d40_low_vol_surrender,p_top1_conviction,p_top3_diversified
2019-01-04,0.0,0.0,0.0,0.0,0.0,0.0,-0.0005,0.0
2019-01-07,0.0,0.0,0.0,0.0,0.0,0.0,0.004683840749414525,0.0
2019-01-08,0.0,0.0,0.0,0.0,0.0,0.0,0.0031080031080030768,0.0
2019-01-09,0.0,0.0,0.0,0.0,0.0,0.0,0.013942680092951187,0.0
2019-01-10,0.0,0.0,0.0,0.0,0.0,0.0,-0.008403361344537785,0.0
2019-01-11,0.0,0.0,0.0,0.0,0.0,0.0,0.0,0.0
2019-01-14,0.0,0.0,0.0,0.0,0.0,0.0,-0.02157164869029282,0.0
2019-01-15,0.0,0.0,0.0,0.0,0.0,0.0,0.03149606299212593,0.0
2019-01-16,0.0,0.0,0.0,0.0,0.0,0.0,0.01526717557251911,0.0
2019-01-17,0.0,0.0,0.0,0.0,0.0,0.0,-0.0052631578947369695,0.0
2019-01-18,0.0,0.0,0.0,0.0,0.0,0.0,0.03250188964474687,0.0
2019-01-21,0.0,0.0,0.0,0.0,0.0,0.0,-0.0007320644216691763,0.0
2019-01-22,0.0,0.0,0.0,0.0,0.0,0.0,-0.01758241758241763,0.0
2019-01-23,0.0,0.0,0.0,0.0,0.0,0.0,-0.0007457121551079915,0.0
2019-01-24,0.0,0.0,0.0,0.0,0.0,0.0,0.00746268656716409,0.0
2019-01-25,0.0,0.0,0.0,0.0,0.0,0.0,0.0,0.0
2019-01-28,0.0,0.0,0.0,0.0,0.0,0.0,-0.02000000000000013,0.0
2019-01-29,0.0,0.0,0.0,0.0,0.0,0.0,0.00831443688586564,0.0
2019-01-30,0.0,0.0,0.0,0.0,0.0,0.0,-0.008245877061469398,0.0
2019-01-31,0.0,0.0,0.0,0.0,0.0,0.0,0.0037792894935753107,0.0
2019-02-01,0.0,0.0,0.0,0.0,0.0,0.0,0.037650602409638356,0.0
2019-02-11,0.0,0.0,0.0,0.0,0.0,0.0,0.018867924528301883,0.0
2019-02-12,0.0,0.0,0.0,0.0,0.0,0.0,0.0277777777777779,0.0
2019-02-13,0.0,0.0,0.0,0.0,0.0,0.0,0.014553014553014387,0.0
2019-02-14,0.0,0.0,0.0,0.0,0.0,0.0,0.001366120218579292,0.0
2019-02-15,0.0,0.0,0.0,0.0,0.0,0.0,-0.01500682128240105,0.0
2019-02-18,0.0,0.0,0.0,0.0,0.0,0.0,0.03878116343490312,0.0
2019-02-19,0.0,0.0,0.0,0.0,0.0,0.0,-0.0033333333333332993,0.0
2019-02-20,0.0,0.0,0.0,0.0,0.0,0.0,-0.01872909698996661,0.0
2019-02-21,0.0,0.0,0.0,0.0,0.0,0.0,-0.008179959100204526,0.0
2019-02-22,0.0,0.0,0.0,0.0,0.0,0.0,0.013745704467353903,0.0
2019-02-25,0.0,0.0,0.0,0.0,0.0,0.0,0.040000000000000036,0.0
2019-02-26,0.0,0.0,0.0,0.0,0.0,0.0,0.005867014341590648,0.0
2019-02-27,0.0,0.0,0.0,0.0,0.0,0.0,-0.00777705767984449,0.0
2019-02-28,0.0,0.0,0.0,0.0,0.0,0.0,0.02155453951665587,0.0
2019-03-01,0.0,0.0,0.0,0.0,0.0,0.0,0.00831202046035795,0.0
2019-03-04,0.0,0.0,0.0,0.0,0.0,0.0,0.014584654407102216,0.0
2019-03-05,0.0,0.0,0.0,0.0,0.0,0.0,-0.0012499999999999734,0.0
2019-03-06,0.0,0.0,0.0,0.0,0.0,0.0,0.0031289111389236623,0.0
2019-03-07,0.0,0.0,0.0,0.0,0.0,0.0,-0.017467248908296984,0.0
2019-03-08,0.0,0.0,0.0,0.0,0.0,0.0,-0.018777777777777782,0.0
2019-03-11,0.0,0.0,0.0,0.0,0.0,0.0,0.004901960784313708,0.0
2019-03-12,0.0,0.0,0.0,0.0,0.0,0.0,0.0029268292682926855,0.0
2019-03-13,0.0,0.0,0.0,0.0,0.0,0.0,0.0,0.0
2019-03-14,0.0,0.0,0.0,0.0,0.0,0.0,-0.0009727626459145045,0.0
2019-03-15,0.0,0.0,0.0,0.0,0.0,0.0,0.0058422590068158975,0.0
2019-03-18,0.0,0.0,0.0,0.0,0.0,0.0,0.01742497579864466,0.0
2019-03-19,0.0,0.0,0.0,0.0,0.0,0.0,-0.007611798287345373,0.0
2019-03-20,0.0,0.0,0.0,0.0,0.0,0.0,0.0009587727708533222,0.0
2019-03-21,0.0,0.0,0.0,0.0,0.0,0.0,-0.003831417624521105,0.0
2019-03-22,0.0,0.0,0.0,0.0,0.0,0.0,-0.004807692307692402,0.0
2019-03-25,0.0,0.0,0.0,0.0,0.0,0.0,-0.023188405797101463,0.0
2019-03-26,0.0,0.0,0.0,0.0,0.0,0.0,-0.004945598417408381,0.0
2019-03-27,0.0,0.0,0.0,0.0,0.0,0.0,0.00894632206759427,0.0
2019-03-28,0.0,0.0,0.0,0.0,0.0,0.0,-0.006896551724137834,0.0
2019-03-29,0.0,0.0,0.0,0.0,0.0,0.0,0.030753968253968145,0.0
2019-04-01,0.0,0.0,0.0,0.0,0.0,0.0,0.017324350336862304,0.0
2019-04-02,0.0,0.0,0.0,0.0,0.0,0.0,0.0018921475875117721,0.0
2019-04-03,0.0,0.0,0.0,0.0,0.0,0.0,0.009442870632672351,0.0
2019-04-04,0.0,0.0,0.0,0.0,0.0,0.0,0.015902712815715647,0.0
2019-04-08,0.0,0.0,0.0,0.0,0.0,0.0,0.005524861878453136,0.0
2019-04-09,0.0,0.0,0.0,0.0,0.0,0.0,-0.008241758241758323,0.0
2019-04-10,0.0,0.0,0.0,0.0,0.0,0.0,-0.004616805170821747,0.0
2019-04-11,0.0,0.0,0.0,0.0,0.0,0.0,-0.00927643784786647,0.0
2019-04-12,0.0,0.0,0.0,0.0,0.0,0.0,0.0037453183520599342,0.0
2019-04-15,0.0,0.0,0.0,0.0,0.0,0.0,0.003731343283582156,0.0
2019-04-16,0.0,0.0,0.0,0.0,0.0,0.0,0.0390334572490707,0.0
2019-04-17,0.0,0.0,0.0,0.0,0.0,0.0,-0.00536672629695889,0.0
2019-04-18,0.0,0.0,0.0,0.0,0.0,0.0,-0.008093525179856176,0.0
2019-04-19,0.0,0.0,0.0,0.0,0.0,0.0,0.009066183136899442,0.0
2019-04-22,0.0,0.0,0.0,0.0,0.0,0.0,-0.02785265049415986,0.0
2019-04-23,0.0,0.0,0.0,0.0,0.0,0.0,0.0009242144177448175,0.0
2019-04-24,0.0,0.0,0.0,0.0,0.0,0.0,0.003693444136657398,0.0
2019-04-25,0.0,0.0,0.0,0.0,0.0,0.0,-0.01195952161913516,0.0
2019-04-26,0.0,0.0,0.0,0.0,0.0,0.0,-0.014897579143389184,0.0
2019-04-29,0.0,0.0,0.0,0.0,0.0,0.0,0.01512287334593565,0.0
2019-04-30,0.0,0.0,0.0,0.0,0.0,0.0,0.004655493482309092,0.0
2019-05-06,0.0,0.0,0.0,0.0,0.0,0.0,-0.02873030583873948,0.0
2019-05-07,0.0,0.0,0.0,0.0,0.0,0.0,-0.000954198473282597,0.0
2019-05-08,0.0,0.0,0.0,0.0,0.0,0.0,-0.015281757402101248,0.0
2019-05-09,0.0,0.0,0.0,0.0,0.0,0.0,-0.02133850630455869,0.0
2019-05-10,0.0,0.0,0.0,0.0,0.0,0.0,0.021803766105054523,0.0
2019-05-13,0.0,0.0,0.0,0.0,0.0,0.0,-0.01454898157128992,0.0
2019-05-14,0.0,0.0,0.0,0.0,0.0,0.0,-0.002952755905511917,0.0
2019-05-15,0.0,0.0,0.0,0.0,0.0,0.0,0.016781836130306038,0.0
2019-05-16,0.0,0.0,0.0,0.0,0.0,0.0,0.0,0.0
2019-05-17,0.0,0.0,0.0,0.0,0.0,0.0,-0.0136213592233011,0.0
2019-05-20,0.0,0.0,0.0,0.0,0.0,0.0,0.009039548022598876,0.0
2019-05-21,0.0,0.0,0.0,0.0,0.0,0.0,0.014557670772676445,0.0
2019-05-22,0.0,0.0,0.0,0.0,0.0,0.0,-0.011037527593819041,0.0
2019-05-23,0.0,0.0,0.0,0.0,0.0,0.0,-0.0022321428571429047,0.0
2019-05-24,0.0,0.0,0.0,0.0,0.0,0.0,0.0,0.0
2019-05-27,0.0,0.0,0.0,0.0,0.0,0.0,0.029082774049216997,0.0
2019-05-28,0.0,0.0,0.0,0.0,0.0,0.0,-0.004347826086956497,0.0
2019-05-29,0.0,0.0,0.0,0.0,0.0,0.0,0.0010917030567685337,0.0
2019-05-30,0.0,0.0,0.0,0.0,0.0,0.0,-0.014176663031624903,0.0
2019-05-31,0.0,0.0,0.0,0.0,0.0,0.0,-0.00553097345132747,0.0
2019-06-03,0.0,0.0,0.0,0.0,0.0,0.0,0.0,0.0
2019-06-04,0.0,0.0,0.0,0.0,0.0,0.0,-0.004449388209121219,0.0
2019-06-05,0.0,0.0,0.0,0.0,0.0,0.0,0.010055865921787754,0.0
2019-06-06,0.0,0.0,0.0,0.0,0.0,0.0,-0.009955752212389424,0.0
2019-06-10,0.0,0.0,0.0,0.0,0.0,0.0,-0.013407821229050265,0.0
2019-06-11,0.0,0.0,0.0,0.0,0.0,0.0,0.054360135900339834,0.0
2019-06-12,0.0,0.0,0.0,0.0,0.0,0.0,-0.01611170784103111,0.0
2019-06-13,0.0,0.0,0.0,0.0,0.0,0.0,0.009825327510917026,0.0
2019-06-14,0.0,0.0,0.0,0.0,0.0,0.0,-0.020540540540540553,0.0
2019-06-17,0.0,0.0,0.0,0.0,0.0,0.0,0.0066225165562914245,0.0
2019-06-18,0.0,0.0,0.0,0.0,0.0,0.0,0.0,0.0
2019-06-19,0.0,0.0,0.0,0.0,0.0,0.0,0.02083333333333326,0.0
2019-06-20,0.0,0.0,0.0,0.0,0.0,0.0,0.06122448979591821,0.0
2019-06-21,0.0,0.0,0.0,0.0,0.0,0.0,0.012157894736842034,0.0
2019-06-24,0.0,0.0,0.0,0.0,0.0,0.0,-0.004054054054054013,0.0
2019-06-25,0.0,0.0,0.0,0.0,0.0,0.0,-0.005427408412483015,0.0
2019-06-26,0.0,0.0,0.0,0.0,0.0,0.0,0.01500682128240105,0.0
2019-06-27,0.0,0.0,0.0,0.0,0.0,0.0,0.0040322580645162365,0.0
2019-06-28,0.0,0.0,0.0,0.0,0.0,0.0,-0.012048192771084376,0.0
2019-07-01,0.0,0.0,0.0,0.0,0.0,0.0,0.024390243902439046,0.0
2019-07-02,0.0,0.0,0.0,0.0,0.0,0.0,0.0092592592592593,0.0
2019-07-03,0.0,0.0,0.0,0.0,0.0,0.0,0.011795543905635641,0.0
2019-07-04,0.0,0.0,0.0,0.0,0.0,0.0,0.012953367875647714,0.0
2019-07-05,0.0,0.0,0.0,0.0,0.0,0.0,-0.005115089514066473,0.0
2019-07-08,0.0,0.0,0.0,0.0,0.0,0.0,-0.03598971722365041,0.0
2019-07-09,0.0,0.0,0.0,0.0,0.0,0.0,0.002666666666666595,0.0
2019-07-10,0.0,0.0,0.0,0.0,0.0,0.0,-0.005319148936170248,0.0
2019-07-11,0.0,0.0,0.0,0.0,0.0,0.0,0.0,0.0
2019-07-12,0.0,0.0,0.0,0.0,0.0,0.0,-0.0013368983957219305,0.0
2019-07-15,0.0,0.0,0.0,0.0,0.0,0.0,0.024096385542168752,0.0
2019-07-16,0.0,0.0,0.0,0.0,0.0,0.0,0.002614379084967311,0.0
2019-07-17,0.0,0.0,0.0,0.0,0.0,0.0,0.0,0.0
2019-07-18,0.0,0.0,0.0,0.0,0.0,0.0,-0.016949152542372947,0.0
2019-07-19,0.0,0.0,0.0,0.0,0.0,0.0,0.0053050397877985045,0.0
2019-07-22,0.0,0.0,0.0,0.0,0.0,0.0,-0.02242744063324542,0.0
2019-07-23,0.0,0.0,0.0,0.0,0.0,0.0,0.0161943319838056,0.0
2019-07-24,0.0,0.0,0.0,0.0,0.0,0.0,0.014608233731739695,0.0
2019-07-25,0.0,0.0,0.0,0.0,0.0,0.0,0.005235602094240788,0.0
2019-07-26,0.0,0.0,0.0,0.0,0.0,0.0,0.01302083333333326,0.0
2019-07-29,0.0,0.0,0.0,0.0,0.0,0.0,0.0012853470437017567,0.0
2019-07-30,0.0,0.0,0.0,0.0,0.0,0.0,0.0,0.0
2019-07-31,0.0,0.0,0.0,0.0,0.0,0.0,0.0025673940949935137,0.0
2019-08-01,0.0,0.0,0.0,0.0,0.0,0.0,-0.011523687580025643,0.0
2019-08-02,0.0,0.0,0.0,0.0,0.0,0.0,-0.01943005181347157,0.0
2019-08-05,0.0,0.0,0.0,0.0,0.0,0.0,-0.0013210039630119352,0.0
2019-08-06,0.0,0.0,0.0,0.0,0.0,0.0,-0.022486772486772555,0.0
2019-08-07,0.0,0.0,0.0,0.0,0.0,0.0,-0.017591339648173276,0.0
2019-08-08,0.0,0.0,0.0,0.0,0.0,0.0,0.02066115702479343,0.0
2019-08-09,0.0,0.0,0.0,0.0,0.0,0.0,-0.018893387314440013,0.0
2019-08-12,0.0,0.0,0.0,0.0,0.0,0.0,0.015130674002751032,0.0
2019-08-13,0.0,0.0,0.0,0.0,0.0,0.0,-0.004065040650406471,0.0
2019-08-14,0.0,0.0,0.0,0.0,0.0,0.0,0.012244897959183598,0.0
2019-08-15,0.0,0.0,0.0,0.0,0.0,0.0,0.0,0.0
2019-08-16,-0.0005,-0.0005,0.0,-0.0005,-0.0005,-0.0005,0.00034408602150548615,-0.0005
2019-08-19,0.035038705547601204,0.035038705547601204,0.0,0.04043821369228162,0.04043821369228162,0.043287209663290055,0.06904231625835178,0.039851910343296826
2019-08-20,-0.0017372669132377967,-0.0017372669132377967,0.0,-0.003646875540403734,-0.003646875540403734,0.0002014346864807428,-0.009375000000000022,-0.004365748297288641
2019-08-21,-0.0015196075967995142,-0.0015196075967995142,0.0,-0.001628013577196108,-0.001628013577196108,-0.0011131438315571396,-0.003154574132492094,-0.003297996188071398
2019-08-22,-0.003666705010607655,-0.003666705010607655,0.0,0.0006581527625259727,0.0006581527625259727,0.002499482728855991,-0.002109704641350185,0.007872101819886585
2019-08-23,0.003323464725833558,0.003323464725833558,0.0,0.01156591636547118,0.01156591636547118,-0.0023355416536339213,-0.0042283298097252064,0.00821851047569244
2019-08-26,-0.014726563193957746,-0.014726563193957746,0.0,-0.008265565383150078,-0.008265565383150078,-0.009883356194489249,-0.013800424628449992,-0.004702780839004364
2019-08-27,0.015040700052437146,0.015040700052437146,0.0,0.014329067881838407,0.014329067881838407,0.01839412641926811,0.016146393972012785,0.01511612410179667
2019-08-28,-0.008478124036898776,-0.008478124036898776,0.0,-0.007141961309061269,-0.007141961309061269,-0.003486442159085224,-0.010593220338982912,-0.005496689765716377
2019-08-29,-0.007288297277694052,-0.007288297277694052,0.0,-0.005728241730927526,-0.005728241730927526,-0.0045074977794629465,-0.0064239828693790635,-0.001676441570376793
2019-08-30,-0.0035420289767480457,-0.0035420289767480457,0.0,-0.0015967677069551969,-0.0015967677069551969,0.0028585996556897237,-0.004310344827586188,0.007558880872632234
2019-09-02,0.013158967453004006,0.013158967453004006,0.0,0.014457064272913748,0.014457064272913748,0.027368230414437884,0.021645021645021467,0.027266346223874395
2019-09-03,-0.0005351737455956778,-0.0005351737455956778,0.0,-0.003832076990286426,-0.003832076990286426,-7.230887403971342e-05,0.0010593220338983578,-0.0018361857029056314
2019-09-04,0.0198821866879697,0.0198821866879697,0.0,0.014891959985526504,0.014891959985526504,0.013667276125233031,0.020105820105820182,0.0032262713691273426
2019-09-05,0.012341105350733515,0.012341105350733515,0.0,0.009331601531462655,0.009331601531462655,0.00978020532454804,0.0269709543568466,0.01169753286629745
2019-09-06,0.007440270540511884,0.007440270540511884,0.0,0.007986559070045491,0.007986559070045491,0.0069657944643291,0.009090909090909038,0.00876249284214429
2019-09-09,0.008452865441704685,0.008452865441704685,0.0,0.010873927307591735,0.010873927307591735,0.01250722751881302,0.01401401401401392,0.009275854557582544
2019-09-10,-0.002159418290441047,-0.002159418290441047,0.0,0.0035854714891876043,0.0035854714891876043,-0.005856326192758295,0.000987166831194486,0.000500864879829587
2019-09-11,0.0023113749075498458,0.0023113749075498458,0.0,-0.007275468604036014,-0.007275468604036014,-0.0023900830639805113,0.006903353057199135,-0.008851404556241744
2019-09-12,0.013905566235774103,0.013905566235774103,0.0,0.013590833601147212,0.013590833601147212,0.013843366405490812,0.015670910871694366,0.007343583393694564
2019-09-16,-0.007274749315509827,-0.007274749315509827,0.0,-0.004727430045935972,-0.004727430045935972,-0.008001023382526987,-0.013500482160077154,-0.005166677706523718
2019-09-17,-0.020608299205491672,-0.020608299205491672,0.0,-0.020193021141135525,-0.020193021141135525,-0.025835489949522963,-0.029325513196480912,-0.023950379625318652
2019-09-18,0.002777389192439454,0.002777389192439454,0.0,0.0035780578498035105,0.0035780578498035105,-0.0005313179561369594,-0.006042296072507614,-0.00198969020515675
2019-09-19,0.0025085441297990614,0.0025085441297990614,0.0,0.005753639077270334,0.005753639077270334,0.008893472898180505,0.007092198581560183,0.010732658184698188
2019-09-20,-0.0022630772226044367,-0.0022630772226044367,0.0,-0.00028513880324384095,-0.00028513880324384095,-0.008620633831345923,-0.009048289738430637,-0.003902823773597
2019-09-23,-0.013360237250382748,-0.013360237250382748,0.0,-0.00044505418009136745,-0.00044505418009136745,-0.007949015890383732,-0.009433962264150941,-0.007633408576804834
2019-09-24,0.001027749229188061,0.001027749229188061,0.0,0.0039036129585027592,0.0039036129585027592,0.00020774102910610837,0.0,0.007439578820567043
2019-09-25,-0.0031490073044731317,-0.0031490073044731317,0.0,-0.024630441739136196,-0.024630441739136196,-0.007355582379030518,0.003809523809523707,-0.008184928245750012
2019-09-26,-0.0008353214175737343,-0.0008353214175737343,0.0,-0.02158454545245262,-0.02158454545245262,-0.012199105609745351,0.013282732447817747,-0.0126678724476346
2019-09-27,0.000857491079559236,0.000857491079559236,0.0,0.0041463934156387525,0.0041463934156387525,0.005099790395377853,0.000936329588014928,0.0045371346603083245
2019-09-30,-0.011995326516083371,-0.011995326516083371,0.0,-0.009678236281856748,-0.009678236281856748,-0.013413228735185762,-0.009354536950420989,-0.011716750827254097
2019-10-08,0.010370949687603659,0.010370949687603659,0.0,0.0012851758975056518,0.0012851758975056518,-0.002424568731412872,0.013220018885741203,0.004535349604529541
2019-10-09,0.009931837749638165,0.009931837749638165,0.0,0.00943699590557893,0.00943699590557893,0.006646227209125591,0.011183597390493905,0.002690482575540017
2019-10-10,0.002541783186944498,0.002541783186944498,0.0,0.014837209302325608,0.014837209302325608,0.006045944378359332,-0.0009216589861750224,0.004089798672213596
2019-10-11,0.013879695647238972,0.013879695647238972,0.0,-0.003309590813091197,-0.003309590813091197,0.011855361495141471,0.02121771217712176,0.006502467964395093
2019-10-14,0.014690823390836716,0.014690823390836716,0.0,0.01669686084434015,0.01669686084434015,0.015141958672773754,0.01806684733513997,0.010230185244541223
2019-10-15,-0.004099671847480946,-0.004099671847480946,0.0,-0.00994211917078828,-0.00994211917078828,-0.008161794272122786,0.003549245785270605,0.001228519118190552
2019-10-16,-0.0030420278679010497,-0.0030420278679010497,0.0,-0.002042244296545462,-0.002042244296545462,-0.006810048837756858,-0.0053050397877983935,-0.011091210276594616
2019-10-17,-0.0031093197989749593,-0.0031093197989749593,0.0,-0.0025276455075603868,-0.0025276455075603868,-0.0033468488925146125,-0.002666666666666595,-0.001758166846113148
2019-10-18,-0.018607481200736076,-0.018607481200736076,0.0,-0.014022337857384305,-0.014022337857384305,-0.01823900993971561,-0.013368983957219416,-0.015845724925462174
2019-10-21,0.006153689137724664,0.006153689137724664,0.0,0.001187557939818802,0.001187557939818802,0.0006955994691086875,0.011743450767841113,0.004819460964846052
2019-10-22,0.0009988125026455887,0.0009988125026455887,0.0,0.010967308232757045,0.010967308232757045,0.004218833444185573,-0.0035714285714285587,0.0027139697717314757
2019-10-23,-0.007278406047872109,-0.007278406047872109,0.0,-0.010630741037937003,-0.010630741037937003,-0.007395192574394952,-0.0017921146953404632,-0.00987328456987598
2019-10-24,0.006840458316507814,0.006840458316507814,0.0,-0.0039008884661448913,-0.0039008884661448913,0.006516615309738016,0.011669658886894085,0.00036480157788609856
2019-10-25,0.006246591866032972,0.006246591866032972,0.0,0.016170195116084227,0.016170195116084227,0.004903049765096257,-0.0036619343389528982,0.005530752676921676
2019-10-28,0.016845635115517434,0.016845635115517434,0.0,0.022882938599776637,0.022882938599776637,0.02210222191724568,0.01744966442953011,0.016845635115517434
2019-10-29,-0.008230674125900617,-0.008230674125900617,0.0,-0.01023376546922927,-0.01023376546922927,-0.01831887185220793,-0.01187335092348285,-0.008230674125900617
2019-10-30,-0.009517390405013537,-0.009517390405013537,0.0,0.0011439215512536087,0.0011439215512536087,-0.0006709212458116958,-0.010680907877169576,-0.009517390405013537
2019-10-31,-0.0011130090631940779,-0.0011130090631940779,0.0,0.0028312738543118847,0.0028312738543118847,-0.0014355149188302794,-0.004048582995951455,-0.0011130090631940779
2019-11-01,0.012344844930450183,0.012344844930450183,0.0,0.008925167694060782,0.008925167694060782,0.008898470516333893,0.006775067750677488,0.012344844930450183
2019-11-04,0.0021055097524439086,0.0021055097524439086,0.0,0.003501931156070966,0.003501931156070966,0.0024753579841341926,-0.0026917900403768957,0.0021055097524439086
2019-11-05,0.006122488719431921,0.006122488719431921,0.0,0.005763125909286515,0.005763125909286515,0.009885873227093814,0.0026990553306343035,0.006122488719431921
2019-11-06,-0.0016536579658874566,-0.0016536579658874566,0.0,-0.005759570727740212,-0.005759570727740212,-0.0084194649712895,0.013458950201884257,-0.0016536579658874566
2019-11-07,0.0027307391588298944,0.0027307391588298944,0.0,0.0014771796345955193,0.0014771796345955193,0.0016930561068757566,-0.006640106241699861,0.0027307391588298944
2019-11-08,-0.0061173867154256465,-0.0061173867154256465,0.0,0.0014397492784084713,0.0014397492784084713,-0.004539851278139125,-0.008021390374331583,-0.0061173867154256465
2019-11-11,-0.01766479743057492,-0.01766479743057492,0.0,-0.02386585191823365,-0.02386585191823365,-0.022614199766896603,-0.02425876010781669,-0.01766479743057492
2019-11-12,0.0033633755079246113,0.0033633755079246113,0.0,-0.0011734946175206242,-0.0011734946175206242,-0.002891391845240935,0.0,0.0033633755079246113
2019-11-13,-0.00099099921495834,-0.00099099921495834,0.0,0.016307625005356985,0.016307625005356985,0.00904431148313604,-0.0055248618784530246,-0.00099099921495834
2019-11-14,0.005678638433414429,0.005678638433414429,0.0,0.016179876365061574,0.016179876365061574,0.011943959457771637,0.002777777777777768,0.005678638433414429
2019-11-15,-0.008796841472140066,-0.008796841472140066,0.0,-0.00929863854852105,-0.00929863854852105,-0.009962320787225734,-0.008310249307479256,-0.008796841472140066
2019-11-18,0.007484917933486601,0.007484917933486601,0.0,0.005452343751242298,0.005452343751242298,0.00681376421548537,0.0041899441340782495,0.007484917933486601
2019-11-19,0.010403439641691065,0.010403439641691065,0.0,0.017782637474496783,0.017782637474496783,0.013414303528021494,0.01668984700973586,0.010403439641691065
2019-11-20,-0.007453142086969271,-0.007453142086969271,0.0,-0.0091012433962393,-0.0091012433962393,-0.012714468300166055,-0.009575923392612817,-0.007453142086969271
2019-11-21,0.0010775109729249293,0.0010775109729249293,0.0,-0.0028745609913484187,-0.0028745609913484187,0.003289023882881103,0.008287292817679592,0.0010775109729249293
2019-11-22,-0.010997588230012546,-0.010997588230012546,0.0,-0.021001598218988244,-0.021001598218988244,-0.010346170897573132,-0.005479452054794498,-0.010997588230012546
2019-11-25,-0.01409634432297561,0.008917037573455078,0.0,0.00532975246289232,0.00532975246289232,-0.01409634432297561,-0.005509641873278293,-0.01409634432297561
2019-11-26,0.0016952556058158113,-0.0032982966211458535,0.0,0.00011932528540215003,0.00011932528540215003,0.0016952556058158113,0.0027700831024930483,0.0016952556058158113
2019-11-27,0.010913105917207289,-0.004115576442793626,0.0,-0.003158762829226891,-0.003158762829226891,0.010913105917207289,-0.0055248618784530246,0.010913105917207289
2019-11-28,-0.0013386880856760541,-0.0023781212841855006,0.0,-0.0016752571126866418,-0.0016752571126866418,-0.0013386880856760541,0.0,-0.0013386880856760541
2019-11-29,0.005851488089278673,0.0026337300569562183,0.0,-0.008653674298489364,-0.008653674298489364,0.005851488089278673,0.00694444444444442,0.005851488089278673
2019-12-02,0.008098535249877692,0.008229572452589077,0.0,0.0014807876487545517,0.0014807876487545517,0.008098535249877692,0.0,0.008098535249877692
2019-12-03,0.012903581943179603,0.004118158194237331,0.0,0.002089120482206515,0.002089120482206515,0.012903581943179603,0.006896551724137945,0.012903581943179603
2019-12-04,0.003742402951814346,-0.0015706170127091448,0.0,0.0019105454019332502,0.0019105454019332502,0.003742402951814346,0.006849315068493178,0.003742402951814346
2019-12-05,0.015519360053230697,0.011664441594351796,0.0,0.008884630999415721,0.008884630999415721,0.015519360053230697,0.013605442176870763,0.015519360053230697
2019-12-06,0.008546154162901127,0.0029930591694560986,0.0,0.0031707851595281777,0.0031707851595281777,0.008546154162901127,0.0,0.008546154162901127
2019-12-09,0.004010050160155246,0.0046745111853632535,0.0,-0.0012506613525578758,-0.0012506613525578758,0.004010050160155246,-0.0026845637583892135,0.004010050160155246
2019-12-10,0.00860249615296719,-0.002415421114950078,0.0,0.000694092302424824,0.000694092302424824,0.00860249615296719,-0.0026917900403768957,0.00860249615296719
2019-12-11,-0.004725830981413436,0.0009473471839451424,0.0,0.000404453887584477,0.000404453887584477,-0.004725830981413436,-0.004048582995951455,-0.004725830981413436
2019-12-12,0.010202827038318133,-0.002440055318442121,0.0,-0.0015455597430954482,-0.0015455597430954482,0.010202827038318133,0.0027100271002709064,0.010202827038318133
2019-12-13,0.01694984456372972,0.02028902344929806,0.0,0.011976385398075365,0.011976385398075365,0.01694984456372972,0.006756756756756799,0.01694984456372972
2019-12-16,0.016380232055911288,0.013432709244341218,0.0,0.010508811568949486,0.010508811568949486,0.016380232055911288,0.01744966442953011,0.016380232055911288
2019-12-17,0.010721303402776772,0.019005303057821516,0.0,0.012260005813765108,0.012260005813765108,0.010721303402776772,0.0079155672823219,0.010721303402776772
2019-12-18,-0.0016567177998242366,-0.0008350721006729808,0.0,-0.005629610228544431,-0.005629610228544431,-0.0016567177998242366,-0.002617801047120394,-0.0016567177998242366
2019-12-19,-0.007813775244815377,7.977459731360126e-05,0.0,0.0015701835761908753,0.0015701835761908753,-0.007813775244815377,0.005249343832020914,-0.007813775244815377
2019-12-20,-0.007003820440577495,-0.0009433405202532802,0.0,-0.004936428705383836,-0.004936428705383836,-0.007003820440577495,-0.016665796344647488,-0.007003820440577495
2019-12-23,-0.011972539072823103,-0.011972539072823103,0.0,-0.021083547505377404,-0.021083547505377404,-0.014731520881989108,-0.0032537960954447387,-0.011972539072823103
2019-12-24,0.005602179261237221,0.005602179261237221,0.0,0.010636813237323867,0.010636813237323867,0.0118895438863665,0.0010881392818280489,0.005602179261237221
2019-12-25,-0.0003237026286999253,-0.0003237026286999253,0.0,0.017085855949922697,0.017085855949922697,0.014088267669925807,-0.0005434782608696453,-0.0003237026286999253
2019-12-26,0.008543304996776913,0.008543304996776913,0.0,0.006715569281943464,0.006715569281943464,0.001311728438997406,0.008700380641653016,0.008543304996776913
2019-12-27,-0.0026811184911380197,-0.0026811184911380197,0.0,-0.01446808449678094,-0.01446808449678094,-0.008827872425582806,-0.005390835579514808,-0.0026811184911380197
2019-12-30,0.0041725734453582995,0.0041725734453582995,0.0,0.007892729349625446,0.007892729349625446,0.014405197332026646,0.005420054200542035,0.0041725734453582995
2019-12-31,0.006959280334542369,0.006959280334542369,0.0,0.01051427925024643,0.01051427925024643,0.007130683243012507,0.02264150943396226,0.006959280334542369
2020-01-02,0.011254648014694705,0.011254648014694705,0.0,0.01602921998709835,0.01602921998709835,0.010059759156374729,-0.0010542962572482883,0.011254648014694705
2020-01-03,0.004502546289166687,0.004502546289166687,0.0,-0.0027563614482203715,-0.0027563614482203715,-0.004905157612268543,-0.004221635883905006,0.004502546289166687
2020-01-06,-0.0008628176820214915,-0.0008628176820214915,0.0,-0.003383556981544614,-0.003383556981544614,-0.003421864517532865,-0.010598834128245915,-0.0008628176820214915
2020-01-07,0.005508644064712742,0.005508644064712742,0.0,0.0033126694958678735,0.0033126694958678735,0.005803509228839801,0.011783610069630468,0.005508644064712742
2020-01-08,-0.004629434474444527,-0.004629434474444527,0.0,-0.017633692143958858,-0.017633692143958858,-0.012175548436456258,-0.009528851244044456,-0.004629434474444527
2020-01-09,0.007419810424612631,0.007419810424612631,0.0,0.02469917983809592,0.02469917983809592,0.023660651970299835,0.0256547300908605,0.007419810424612631
2020-01-10,-0.0010132592206589426,-0.0010132592206589426,0.0,0.01247961547766622,0.01247961547766622,0.024249029769254134,0.005732152162584603,-0.0010132592206589426
2020-01-13,0.007329764073158884,0.007329764073158884,0.0,0.023491491898312677,0.023491491898312677,0.027294593493922974,0.006217616580310947,0.007329764073158884
2020-01-14,-0.007172785870441123,-0.007172785870441123,0.0,-0.010237160934559397,-0.010237160934559397,-0.015838272898641516,-0.009268795056642687,-0.007172785870441123
2020-01-15,-0.005360918269854778,-0.005360918269854778,0.0,0.008196768290067694,0.008196768290067694,0.01256030700475145,0.004158004158004269,-0.005360918269854778
2020-01-16,0.0021686500134835045,0.0021686500134835045,0.0,-0.002634417542313009,-0.002634417542313009,-0.00025466387873303764,0.0,0.0021686500134835045
2020-01-17,0.002697190429860718,0.002697190429860718,0.0,0.0024321085493987553,0.0024321085493987553,0.0028879096867828746,0.015010351966873836,0.002697190429860718
2020-01-20,0.005371442764352086,0.005371442764352086,0.0,0.022240647204825104,0.022240647204825104,0.006793925372168866,0.009688934217236156,0.005371442764352086
2020-01-21,-0.011630876726975678,-0.011630876726975678,0.0,-0.00240233384069007,-0.00240233384069007,-0.0170605321594004,0.011111111111111072,-0.011630876726975678
2020-01-22,-0.00317679687956766,-0.00317679687956766,0.0,0.019744778402158526,0.019744778402158526,0.005744488644356838,-0.011988011988011915,-0.00317679687956766
2020-01-23,-0.024618125365338323,-0.024618125365338323,0.0,-0.024529727695386194,-0.024529727695386194,-0.03236297040394731,-0.023761375126390205,-0.024618125365338323
2020-02-03,-0.0808614624646054,-0.0808614624646054,0.0,-0.08834195029170622,-0.08834195029170622,-0.09230026544440169,-0.06525116519937857,-0.0808614624646054
2020-02-04,0.027217657688571942,0.027217657688571942,0.0,0.030970248353393123,0.030970248353393123,0.0098300138019007,0.04598337950138509,0.027217657688571942
2020-02-05,0.015144734775701586,0.015144734775701586,0.0,0.01600827462213905,0.01600827462213905,0.008180764707903446,0.03495762711864403,0.015144734775701586
2020-02-06,0.014515674063388865,0.014515674063388865,0.0,0.023228306245341335,0.023228306245341335,0.015082232040967739,0.0301944728761514,0.014515674063388865
2020-02-07,-0.0010838019066283788,-0.0010838019066283788,0.0,0.008431423469908883,0.008431423469908883,-0.001764085741446227,-0.01341281669150518,-0.0010838019066283788
2020-02-10,-0.004477261845044933,-0.004477261845044933,0.0,-0.005064602515119124,-0.005064602515119124,0.009720769102074756,-0.010574018126888185,-0.004477261845044933
2020-02-11,0.01278667201714101,0.01278667201714101,0.0,0.0070762237773004015,0.0070762237773004015,0.004932817026647829,0.005597964376590214,0.01278667201714101
2020-02-12,0.006191848283571444,0.006191848283571444,0.0,0.015978580220066263,0.015978580220066263,0.007966321372415708,0.012145748987854255,0.006191848283571444
2020-02-13,-0.008548947616350906,-0.008548947616350906,0.0,0.01456971903587419,0.01456971903587419,-0.004494553168039372,-0.009000000000000008,-0.008548947616350906
2020-02-14,0.002665474780268795,0.002665474780268795,0.0,0.0164940779855726,0.0164940779855726,0.019802674151516188,0.0020181634712410634,0.002665474780268795
2020-02-17,0.01663363506544835,0.01663363506544835,0.0,0.02111109288472083,0.02111109288472083,0.029307709925675548,0.017119838872104776,0.01663363506544835
2020-02-18,-0.008162582367057136,-0.008162582367057136,0.0,0.007556766860283356,0.007556766860283356,-0.010820853939124981,-0.007920792079207928,-0.008162582367057136
2020-02-19,-0.0005236241086218714,-0.0005236241086218714,0.0,0.0011823726510385617,0.0011823726510385617,0.0016669465797476413,-0.014970059880239583,-0.0005236241086218714
2020-02-20,0.021412313244293674,0.021412313244293674,0.0,0.01682346893940001,0.01682346893940001,0.03126471751010521,0.012664640324214771,0.021412313244293674
2020-02-21,-0.0012940005624391497,-0.0012940005624391497,0.0,0.00819731915973887,0.00819731915973887,-0.004868518091791377,0.0015007503751873763,-0.0012940005624391497
2020-02-24,-0.012228589835088528,-0.012228589835088528,0.0,0.012944014942032157,0.012944014942032157,-0.008784473528909171,-0.0029970029970028955,-0.012228589835088528
2020-02-25,-0.002340771769102116,-0.002340771769102116,0.0,0.006551407528246122,0.006551407528246122,-0.001847161399771147,0.009519038076152286,-0.002340771769102116
2020-02-26,-0.01218741505843975,-0.01218741505843975,0.0,-0.03506523185667564,-0.03506523185667564,0.003260371403004651,-0.03076923076923077,-0.01218741505843975
2020-02-27,0.0053860212603845286,0.0053860212603845286,0.0,-0.011073912280859927,-0.011073912280859927,-0.0018701580691907747,0.006144393241167334,0.0053860212603845286
2020-02-28,-0.03372621947918356,-0.03372621947918356,0.0,-0.03728494573609653,-0.03661827906942986,-0.03941205486022969,-0.03204325699745558,-0.03339288614585023
2020-03-02,0.03309900431498658,0.03309900431498658,0.0,0.03293609007894719,0.026682763590296418,0.03309900431498658,0.015655577299412915,0.022991544064699422
2020-03-03,0.0034238819695229976,0.0034238819695229976,0.0,0.0008349853121094597,0.009591836642430277,0.0034238819695229976,0.0019267822736031004,0.011767084915016063
2020-03-04,0.016086626551742828,0.016086626551742828,0.0,-0.015258399310616936,-0.0015876310832257934,0.016086626551742828,0.0038461538461538325,0.0037987477638640552
2020-03-05,0.02723736592140728,0.02723736592140728,0.0,0.02545309780601605,0.018429825964420294,0.02723736592140728,0.025862068965517127,0.036280630243626856
2020-03-06,-0.019654039887532705,-0.019654039887532705,0.0,-0.015261234967659224,-0.012803403603802275,-0.019654039887532705,-0.014939309056956174,-0.012335429191736986
2020-03-09,-0.03378516499117597,-0.03378516499117597,0.0,-0.0482913000076904,-0.045586937334510136,-0.03378516499117597,-0.028436018957346043,-0.032207721083092555
2020-03-10,0.021177130180445015,0.021177130180445015,0.0,0.06609176377940643,0.035548707272993786,0.021177130180445015,0.014634146341463428,0.0207186185637284
2020-03-11,-0.008896116854545128,-0.008896116854545128,0.0,-0.02842640247171816,-0.02293135301202002,-0.008896116854545128,-0.01057692307692315,-0.012586291913214993
2020-03-12,-0.012723772987650631,-0.012723772987650631,0.0,-0.0036252862078345323,-0.014449114615623778,-0.012723772987650631,-0.004859086491739495,-0.017957304816432096
2020-03-13,-0.011371561603747119,-0.011371561603747119,0.0,0.00013759526329496907,-0.004510263049733935,-0.011371561603747119,-0.004882812500000111,-0.015298261074786674
2020-03-16,-0.033647365201017555,-0.033647365201017555,0.0,-0.06540790599842963,-0.04366962161836289,-0.033647365201017555,-0.036310107948969494,-0.03394683651498161
2020-03-17,-0.012043899666440186,-0.012043899666440186,0.0,-0.0031618120643878145,-8.775980826873121e-05,-0.012043899666440186,-0.0020366598778004397,-0.00815516270421938
2020-03-18,-0.026729655826294496,-0.026729655826294496,0.0,-0.026355370833060644,-0.02143513635974148,-0.026729655826294496,-0.022448979591836782,-0.017612508239457775
2020-03-19,-0.02643658758100549,-0.02643658758100549,0.0,0.014361957235982287,0.0031067810427177767,-0.02643658758100549,-0.024008350730688854,-0.024909758632235393
2020-03-20,0.027542517599590845,0.027542517599590845,0.0,0.008515423333472882,0.013307909956159157,0.027542517599590845,0.02032085561497321,0.026607445243316777
2020-03-23,-0.03331211939702501,-0.03331211939702501,0.0,-0.05196984662417188,-0.049446164593903344,-0.03331211939702501,-0.0251572327044024,-0.02479983660729449
2020-03-24,0.030307697684355706,0.030307697684355706,0.0,0.021032834842693134,0.0187035697887008,0.030307697684355706,0.026881720430107503,0.0343704862346789
2020-03-25,0.031108707413182463,0.031108707413182463,0.0,0.02318229214700129,0.03281183226734511,0.031108707413182463,0.017801047120418856,0.0267982037418264
2020-03-26,-0.0015479688092375026,-0.0015479688092375026,0.0,-0.017359848616770573,-0.0026528934586658166,-0.0015479688092375026,0.006172839506172867,0.008493399604510676
2020-03-27,0.011500366239425963,0.011833699572759296,0.0,-0.001188546260303217,-0.0013100741529494064,0.011167032906092628,0.001044989775051187,0.008934039523334974
2020-03-30,-0.013255696103976367,-0.010368429146179671,0.0,-0.02513820958209393,-0.013803676686053312,-0.02513820958209393,-0.012062726176115812,-0.013255696103976367
2020-03-31,-0.0015720390720390665,0.00564049627197601,0.0,-0.007978305856019921,0.005638772254018061,-0.007978305856019921,0.01098901098901095,-0.0015720390720390665
2020-04-01,0.003612168120960434,-0.0062027698119252826,0.0,0.002742513165723233,-0.007524115143905645,0.002742513165723233,-0.007246376811594235,0.003612168120960434
2020-04-02,0.03015368637340406,0.009321607682246803,0.0,0.04674117475624029,0.012150438462949165,0.04674117475624029,0.008515815085158085,0.03015368637340406
2020-04-03,-0.0038763757311771245,-0.0006650148455810872,0.0,-0.015975084478011953,0.004586101831843455,-0.015975084478011953,0.006031363088057962,-0.0038763757311771245
2020-04-07,0.016351626491834637,0.01734811047336815,0.0,0.024759550754312205,0.01860939404577492,0.024759550754312205,0.01558752997601931,0.016351626491834637
2020-04-08,0.0021510377830712777,-0.002467720679274181,0.0,0.007005305753370586,-0.0018371032357046289,0.007005305753370586,0.0023612750885477762,0.0021510377830712777
2020-04-09,-0.004349296810287358,0.0016390048898882923,0.0,0.0007878943859861431,0.007787133055820571,0.0007878943859861431,-0.002355712603062443,-0.004349296810287358
2020-04-10,-0.009515615095744832,0.010701744363984744,0.0,-0.03398158910622021,0.002295440013020844,-0.03398158910622021,0.022432113341204207,-0.009515615095744832
2020-04-13,-0.011447812049668197,-0.0028684862312701545,0.0,-0.023336830722494224,0.0005175263454781178,-0.023336830722494224,0.0011547344110853786,-0.011447812049668197
2020-04-14,0.014308270382343353,0.008197772472283297,0.0,0.028932093220677357,0.010120051606575697,0.028932093220677357,-0.0011534025374856371,0.014308270382343353
2020-04-15,6.595838791101372e-05,-0.003385674515491099,0.0,-0.004234702264042914,-0.005452764581575842,-0.004234702264042914,0.0011547344110853786,6.595838791101372e-05
2020-04-16,0.0037563763661013407,-0.003369526904405358,0.0,0.011219864608640329,-9.912000407548871e-05,0.011219864608640329,-0.0034602076124568004,0.0037563763661013407
2020-04-17,0.019055442447374928,0.010924269795753078,0.0,0.010720842807770598,0.005201037435231518,0.010720842807770598,0.01736111111111116,0.019055442447374928
2020-04-20,0.0047627362892427305,0.004882934014500795,0.0,0.009697644428363331,0.004617762152892076,0.009697644428363331,0.006825938566553003,0.0047627362892427305
2020-04-21,-0.017352325817418114,-0.014993454452698765,0.0,-0.016275671209058595,-0.0140384310589358,-0.016275671209058595,-0.02259887005649719,-0.017352325817418114
2020-04-22,-0.0011210187451260456,0.005816201039758143,0.0,0.004273132148238323,0.005671857334485239,0.004273132148238323,-0.009248554913294793,-0.0011210187451260456
2020-04-23,0.0008550958236442554,0.006785607227918285,0.0,-0.01538277786563147,0.006587601931449582,-0.01538277786563147,0.02100350058343059,0.0008550958236442554
2020-04-24,-0.012634587648615208,0.0010889748131276415,0.0,-0.02033619722798326,-0.008835662525879934,-0.020669530561316596,-0.0044285714285714475,-0.012301254315281875
2020-04-27,-0.004795471297292002,0.0018359039303947515,0.0,-0.004795471297292002,0.01481296342514297,0.005485415933222122,-0.013134328358208935,0.00024497505454127745
2020-04-28,0.01498415029595035,0.011967711226188487,0.0,0.01498415029595035,-0.0018811136192626123,0.0026364302092537484,0.04113732607380527,0.016212489413006164
2020-04-29,-0.006291526362238176,0.00048368922031686613,0.0,-0.006291526362238176,0.002426601717990806,0.00529882393667184,-0.013364323067983852,-0.0033376981424371177
2020-04-30,0.04845110503798492,0.042887717773636716,0.0,0.04845110503798492,0.005291877009996152,0.026301058840626945,0.07243816254416968,0.033970455092284135
2020-05-06,0.028268404859377903,0.024236248174106148,0.0,0.028268404859377903,0.004229922149248333,0.006804204132409452,0.05546403075233397,0.02029388272157654
2020-05-07,-0.006469751209545516,-0.006349279861003976,0.0,-0.006469751209545516,-0.0016206779715152906,-0.006550824304839923,-0.006763787721123737,-0.003962513287473249
2020-05-08,0.013894278777411673,0.010555800003423375,0.0,0.013894278777411673,0.011177466400358918,0.01587080338918271,0.0031430068098481367,0.01039653013543784
2020-05-11,-0.0008175154680619685,0.0019435112263674528,0.0,-0.0008175154680619685,-0.00514225399968197,0.0019523865185502314,-0.0073107049608355235,-0.004494968710564391
2020-05-12,0.004336731727997312,0.0030562737759768366,0.0,0.004336731727997312,-0.001672120002632393,-0.006233220774502463,0.02472382956338759,0.004975763591557343
2020-05-13,-0.0034397652121390676,-0.004444790337767198,0.0,-0.0034397652121390676,0.0032704779673063218,-0.0027336335958096183,-0.005133470225872738,-0.003571275789576611
2020-05-14,-0.008891839122997364,-0.007023404085741721,0.0,-0.008891839122997364,-0.004347824965300099,-0.01072001804595309,-0.0025799793601650745,-0.005790711685544014
2020-05-15,0.017882110183604416,0.016493871354521034,0.0,0.017882110183604416,-0.0023568286966640555,0.002374460280411106,0.04449042938437664,0.015166343346935155
2020-05-18,-0.02273064968787108,-0.02063332334562562,0.0,-0.02273064968787108,0.010897146645450384,-0.010329788487065561,-0.035165923724616244,-0.009765836113456345
2020-05-19,0.02201252077615627,0.021925660933198882,0.0,0.02201252077615627,0.006401471116844451,0.00676583596844571,0.05082135523613984,0.022433031013014894
2020-05-20,-0.013584590978075737,-0.009756796252746095,0.0,-0.013584590978075737,-0.004041132914085699,-0.004094431432815663,-0.024425989252564784,-0.008786092038607621
2020-05-21,-0.024183059557151793,-0.022335005405067943,0.0,-0.024183059557151793,0.0010329216437600839,-0.011335994397478713,-0.04156234351527299,-0.014883734249398187
2020-05-22,-0.014933036756789142,-0.012760846895614407,0.0,-0.014933036756789142,-0.021456073917632747,-0.0175337565988883,-0.008359456635318674,-0.018334261330886486
2020-05-25,-0.01843779285150445,-0.017622866270527966,0.0,-0.01843779285150445,0.009797953272218033,-0.012790795291480564,-0.02002107481559523,-0.0059111455646827515
2020-05-26,0.017852383357904067,0.016235493553578596,0.0,0.017852383357904067,0.010545148472277017,0.012400368105549934,0.021505376344086002,0.011609211826766181
2020-05-27,-0.01500141999322213,-0.010309796459284018,0.0,-0.01500141999322213,-0.007502090229895786,-0.00608209298718243,-0.023684210526315752,-0.013401358144412085
2020-05-28,-0.0015358870598882373,-0.0008780229707459437,0.0,-0.0015358870598882373,-0.0010768113810163036,0.007344950144035652,-0.01132075471698113,0.0021556405213668892
2020-05-29,-0.004159703626383145,-0.004706170867443848,-0.0005,-0.004159703626383145,0.003227327068037263,-0.0038069868166186916,-0.008088331515812452,-0.002651416333565433
2020-06-01,0.0362238085617282,0.0362238085617282,0.028227861643995857,0.04032057512062777,0.019169450046481035,0.046083247891759875,0.05152671755725202,0.0362238085617282
2020-06-02,0.004003296777425243,0.004003296777425243,-0.0029792022006380385,0.0026458665124005076,0.0021713663458492833,0.006616920334200656,0.010889292196007316,0.004003296777425243
2020-06-03,-0.0039504902068228836,-0.0039504902068228836,-0.004216089289190039,0.0015006769945675362,0.0026968113467923382,-0.0017329444911264869,0.0008976660682225024,-0.0039504902068228836
2020-06-04,-0.005247880344597925,-0.005247880344597925,-0.0011169916527224248,-0.0020158392969892303,0.0013044234274731668,-0.007072634939315351,-0.007174887892376636,-0.005247880344597925
2020-06-05,0.006054309344170579,0.006054309344170579,0.005739560852454898,0.012899884063942562,0.0050186693924361885,0.011592370206331339,0.006323396567299078,0.006054309344170579
2020-06-08,0.002767066016890178,0.002767066016890178,-0.006924816445066372,-0.007751074733878666,0.0023932663389419164,-0.0034181896300388517,0.007181328545780907,0.002767066016890178
2020-06-09,0.00552623817733718,0.00552623817733718,0.008448092038637537,0.010251864584467068,0.007470529589969373,0.004820398958212957,0.002673796791443861,0.00552623817733718
2020-06-10,-0.006081252563515067,-0.006081252563515067,0.0037345307521978364,0.0027665252124311106,0.005190530131751784,-0.00023074863020137548,-0.004444444444444362,-0.006081252563515067
2020-06-11,-0.003919283331048036,-0.003919283331048036,-0.0029242260351649563,-0.003511255030305101,-0.004903848942590586,-0.0019037729318102843,0.0,-0.003919283331048036
2020-06-12,-0.004057859703021009,-0.004057859703021009,0.003931551205774819,0.0024641094864004493,0.0027029641158211977,-0.0025435045887613654,-0.0035714285714285587,-0.004057859703021009
2020-06-15,-0.007364751485488319,-0.007364751485488319,-0.006645233776319277,-0.0149229185203427,-0.0057457674902257425,-0.01947001152378062,-0.013440860215053863,-0.007364751485488319
2020-06-16,0.01704445243299076,0.01704445243299076,0.014113917425978043,0.021846443884526497,0.019566091880386383,0.022148018767979446,0.027247956403269713,0.01704445243299076
2020-06-17,-0.00032776209083214725,-0.00032776209083214725,0.01251888443930286,0.003992120380777156,0.006745003455778294,-0.003324535575143191,-0.0053050397877983935,-0.00032776209083214725
2020-06-18,0.02325379865172657,0.02325379865172657,-0.003632986993994613,0.011351735116441015,0.00039860048634447276,0.015128684347935682,0.019555555555555548,0.02325379865172657
2020-06-19,0.010898472225580675,0.010898472225580675,0.021866430861012438,0.014428952259763372,0.011887736163088802,0.009691628696706367,0.006974716652136115,0.010898472225580675
2020-06-22,0.0090111820546603,0.0090111820546603,0.016173879263675785,0.019099302092455545,0.0022808296899545035,0.021257617439827643,0.008658008658008587,0.0090111820546603
2020-06-23,-0.0013443784819488305,-0.0013443784819488305,0.010208877543226302,0.0035645711066788857,0.007682930886711902,-0.0025817618395557553,-0.012017167381974225,-0.0013443784819488305
2020-06-24,0.0016606343219179862,0.0016606343219179862,-0.003138579741710797,0.009690452139463252,0.004543294855035499,0.014400113192646705,0.006081668114682692,0.0016606343219179862
2020-06-29,-0.02004281382310428,-0.02004281382310428,-0.011214091910428953,-0.01236818807889491,-0.004123356238613596,-0.018740765932112415,-0.013816925734024155,-0.02004281382310428
2020-06-30,0.022596849088375892,0.022596849088375892,0.019299831999602796,0.016899696255460762,0.011639461125242685,0.023391731196141352,0.024518388791593626,0.022596849088375892
2020-07-01,0.011872269606823416,0.011872269606823416,0.0029618210169943815,0.0004288861415573386,0.019220693547589818,0.0025597984781658605,0.0,0.011872269606823416
2020-07-02,0.04428167860884106,0.04428167860884106,0.03014073341618099,0.011532496086312682,0.007697879174136112,0.0202031439404667,0.016239316239316404,0.04428167860884106
2020-07-03,0.05848051744193793,0.058813850775271265,0.04142317902949735,0.01284647853547205,0.010097757754396659,0.012294692843477397,0.02002607232968867,0.05848051744193793
2020-07-06,0.06903965792684952,0.05153703297471171,0.08731363186023855,0.03680401992074689,0.03680401992074689,0.04705091953500047,0.06184364060676795,0.06903965792684952
2020-07-07,0.005114064093369712,0.010510629399245703,0.004811357209406397,-0.0002563147031971654,-0.0002563147031971654,0.006119709261070491,0.012087912087912045,0.005114064093369712
2020-07-08,0.04534983967903461,0.0489530261543228,0.04147201828801549,0.004733078301952057,0.004733078301952057,0.04942997156678607,0.09771986970684021,0.04534983967903461
2020-07-09,0.02214947606252652,0.03797776762115516,0.016244547605432223,0.018083434376818436,0.018083434376818436,0.019733541901548225,0.029673590504451175,0.02214947606252652
2020-07-10,-0.027230601885164647,-0.020925669347942783,-0.016465115905578642,-0.0028686551426371216,-0.0028686551426371216,-0.018035428306509393,-0.024975984630163373,-0.027230601885164647
2020-07-13,0.016707872478854968,0.026289314738058213,0.01985805997237048,0.029069977100094027,0.029069977100094027,0.03995280781882841,0.020689655172413834,0.016707872478854968
2020-07-14,-0.014387139068513854,-0.016895999106625387,-0.004256902006756547,-0.003822688624506113,-0.003822688624506113,-0.004444608724623303,0.0028957528957527234,-0.014387139068513854
2020-07-15,-0.031149755772871046,-0.04009954961230844,-0.03821511030226791,-0.004747288188244547,-0.004747288188244547,-0.016700794634028772,-0.03657362848893175,-0.031149755772871046
2020-07-16,-0.03033291002500482,-0.045654986322690785,-0.04186506155807075,-0.040094482648912425,-0.040094482648912425,-0.05029262549558185,-0.03696303696303693,-0.03033291002500482
2020-07-17,0.013278697564136206,0.01465724732978272,0.0048089378337042845,0.0038872999361474108,0.0038872999361474108,0.01007762067505761,0.03734439834024905,0.013278697564136206
2020-07-20,0.05150318657003172,0.05535342753942658,0.05805096822311362,0.01289640546116107,0.01289640546116107,0.048409710891563984,0.10000000000000009,0.05150318657003172
2020-07-21,-0.020927251719980555,-0.017871950772837247,-0.022240654265083815,0.016126482213438743,0.016126482213438743,-0.012686621404414122,-0.046363636363636496,-0.020927251719980555
2020-07-22,0.010281506489185022,0.010854413213803094,0.007588128904645033,0.006397604776127755,0.006397604776127755,0.011386150374638637,0.01715919923736897,0.010281506489185022
2020-07-23,0.006057042359447892,0.005708504553865476,0.008759464504776604,0.0007324067459387371,0.0007324067459387371,0.014400611315710502,0.04498594189315841,0.006057042359447892
2020-07-24,-0.03720942144944983,-0.04441897434054135,-0.0403905095449516,-0.029911580787822002,-0.029911580787822002,-0.04064299956685228,-0.04035874439461873,-0.03720942144944983
2020-07-27,-0.0031401096324041125,2.857604258621471e-05,-0.002006192223893051,0.005306482059306764,0.005306482059306764,-0.001301428711736885,-0.008411214953271129,-0.0031401096324041125
2020-07-28,0.007999510889371711,0.01068237515805115,0.006919188330429741,0.0028016196863811516,0.0028016196863811516,0.01753085096887741,0.01602262016965139,0.007999510889371711
2020-07-29,0.023752239953684473,0.03202308844230073,0.02801873922879198,0.02073006473995398,0.02073006473995398,0.020613871175834353,0.024118738404452778,0.023752239953684473
2020-07-30,-0.01268194584342023,-0.008058293641489356,-0.012115903200521284,0.001055535330420983,0.001055535330420983,-0.008045926305689344,-0.013586956521739246,-0.01268194584342023
2020-07-31,-0.00029225944113956727,0.001880445872870026,0.009000509518296155,0.004485474538738858,0.004485474538738858,-0.0036591228410450807,-0.010182736455463748,-0.00029225944113956727
2020-08-03,0.017658652733242814,0.017658652733242814,0.023568280206989572,0.02951292961949122,0.033168398285809676,0.015752486256328524,0.007707129094412402,0.008350678619658916
2020-08-04,0.012240612580939484,0.012240612580939484,0.005604985599715932,-0.004017072292394267,-0.01356158960354048,0.011023482236919808,0.02294455066921608,0.009309265193282382
2020-08-05,-0.007170104892798863,-0.007170104892798863,-0.004745463379551765,0.004209786316678935,0.01611294970667328,-0.012205751183734015,-0.010280373831775824,-0.0004462797258438416
2020-08-06,0.00738468363121599,0.00738468363121599,0.00722534511369018,0.00944144706255227,-0.0018546771844720018,0.0051447812808915,0.006610009442870712,0.008192422160343844
2020-08-07,-0.012090818502686746,-0.012090818502686746,-0.017048455271090186,-0.018204733645711513,-0.02103832427018959,-0.01358202071984175,-0.011257035647279534,-0.009254146000579536
2020-08-10,0.01369398986620444,0.01369398986620444,0.0075958758093530206,0.0016151711372041442,-0.00369701707966578,0.013250836794726457,0.011385199240986799,0.0013489928931801711
2020-08-11,-0.00902798036742151,-0.00902798036742151,-0.00879985568244579,-0.01466954792498498,-0.020084836464646278,-0.006415019417870186,0.0018761726078799779,-0.0062869608087815125
2020-08-12,0.005001681931950053,0.005001681931950053,0.00486560066765899,0.00042647465012764696,-0.013998833674704853,0.007755002656313569,0.0074906367041198685,0.0006300322976845834
2020-08-13,0.003319222645971028,0.003319222645971028,-0.0049953006116116114,-0.0048570339228222546,-0.009871150097019702,0.0017700099911106177,-0.005576208178438624,0.005929996685316538
2020-08-14,0.012294477339293156,0.012294477339293156,0.01579773170799085,0.01699175261085043,0.014502819998946832,0.012646355518595165,0.015887850467289688,0.0064794056468972325
2020-08-17,0.01914812538527307,0.01914812538527307,0.020157832633285633,0.019583956784605373,0.01363183114891638,0.0233342814206993,0.027598896044158217,0.016989282278746593
2020-08-18,-0.000527680556542657,-0.000527680556542657,-0.0053385790971618805,-0.005203514871794046,0.002145474834931216,0.0007818334070115818,-0.008952551477171,0.0013973044602298237
2020-08-19,-0.009364554341612985,-0.009364554341612985,-0.02003378511452225,-0.021902067930215242,-0.031362582036490075,-0.007088273826613442,-0.009033423667569984,0.0012623834704274337
2020-08-20,-0.009709033453025168,-0.009709033453025168,-0.014437579295629313,-0.014568084566293216,-0.010846616980963081,-0.014944104823180907,-0.01823154056517773,-0.006979104739691025
2020-08-21,0.004084165610119002,0.004084165610119002,0.0018744286926020148,0.0026852929552429274,0.0033657561283953656,0.003224903286823529,0.006499535747446661,0.0024198722251885054
2020-08-24,-0.0030821630771168023,-0.0030821630771168023,-0.0026694533443799937,0.0023057034883064613,0.00273928933439782,-0.003110116562517103,-0.005535055350553542,-0.0042737531550386025
2020-08-25,-0.004397265980590315,-0.004397265980590315,-0.0037207524533740357,-0.004565330696651289,-0.0033841353269371544,-0.004565569094498382,0.0,-0.004009485623946466
2020-08-26,-0.010159069218302674,-0.010159069218302674,-0.019212624768673508,-0.021963334821810898,-0.021063642638825725,-0.009461907479848356,-0.008348794063079867,-0.004891836094843597
2020-08-27,0.0008839989673850024,0.0008839989673850024,0.007285055379254501,0.010627533491522012,0.01346844258243111,0.0010086981991122754,0.0,0.003218208668844147
2020-08-28,0.016663211097560006,0.016329877764226675,0.01372824043869214,0.011702005064159637,0.017048584070470607,0.014218176567244297,0.019579981290926196,0.01466708491731572
2020-08-31,-0.007258213592654919,-0.00590752499427242,-0.00590752499427242,-0.005829360285716419,-0.006371897163120513,-0.005925304702418588,-0.00822293284604858,-0.005925304702418588
2020-09-01,-0.001794814347289564,9.2467558704882e-05,9.2467558704882e-05,0.003025643884738693,0.0022283994766028044,0.00039744909392325223,-0.0013818516812527104,0.00039744909392325223
2020-09-02,-0.008991431928292437,-0.007577353866537573,-0.007577353866537573,-0.010096702071993202,-0.00310630158947589,-0.005725922985781895,-0.01752767527675292,-0.005725922985781895
2020-09-03,-0.002831898471572762,-0.00391032265175036,-0.00391032265175036,-0.002439116228880785,-0.004708662738472924,-0.006356297199459886,0.0023474178403755097,-0.006356297199459886
2020-09-04,0.005345155613272646,0.0034116112938020007,0.0034116112938020007,0.0010771673205225065,-0.010683293216787144,0.005235145448739006,0.0187353629976581,0.005235145448739006
2020-09-07,-0.017505990010867018,-0.02610837693608207,-0.02610837693608207,-0.025958113032442255,-0.02226448140451287,-0.021933798240683828,-0.04367816091954013,-0.021933798240683828
2020-09-08,0.0010940785180889583,0.0020997834946511187,0.0020997834946511187,-0.001438984922731609,0.005781843765488403,-0.004801426042066607,-0.01586538461538456,-0.004801426042066607
2020-09-09,-0.021987747620948163,-0.02690202409145074,-0.02690202409145074,-0.03851533697862808,-0.037772233155737814,-0.03152134894026374,-0.04689789936492428,-0.03152134894026374
2020-09-10,-0.00552751061654692,-0.011228173966463953,-0.011228173966463953,-0.009756344022811928,-0.004711297445519458,-0.01523603228774221,-0.015889287544848862,-0.01523603228774221
2020-09-11,0.004752965654612361,0.006653683046822826,0.006653683046822826,0.012321739777267691,0.010247578351691173,0.013174550123079477,0.023958333333333304,0.013174550123079477
2020-09-14,0.0049986466502814535,0.004339273748195538,0.004339273748195538,0.0027935554012818633,-0.005075353863662608,0.0075565896192747815,0.01322482197355046,0.0075565896192747815
2020-09-15,0.006720588898650347,0.006283675256617622,0.006283675256617622,0.009689290148204336,0.011093307616855045,0.006310044826134398,0.007028112449799062,0.006310044826134398
2020-09-16,8.908999483906756e-05,-0.0019392468320036755,-0.0019392468320036755,-0.012055812198026983,-0.014660570480915772,-0.0025471927604635196,-0.009970089730807485,-0.0025471927604635196
2020-09-17,0.0033951924115783,0.0015342599864894835,0.0015342599864894835,-0.0013563313488896452,-0.015865793978596405,0.006375084617216734,0.020140986908358416,0.006375084617216734
2020-09-18,0.019861709216567602,0.031228910471409334,0.031228910471409334,0.014120196336224742,0.015192772734892241,0.017313081529673664,0.011846001974333609,0.017313081529673664
2020-09-21,-0.0032169762064593317,-0.003813232135562838,-0.003813232135562838,-0.0018787405490039064,-0.003417021228614388,-0.0028029720194900536,0.0019512195121951237,-0.0028029720194900536
2020-09-22,-0.015099101893343216,-0.01004852077528721,-0.01004852077528721,-0.00977676127638342,-0.002798507462686617,-0.015975275038636345,-0.02093476144109041,-0.015975275038636345
2020-09-23,0.0011868916561212548,-0.0008213597696766035,-0.0008213597696766035,0.013790332028264258,0.019643488769582735,0.003588080158056043,0.011437095972153033,0.003588080158056043
2020-09-24,-0.016992177999669417,-0.015829837821443905,-0.015829837821443905,-0.016153163864568144,-0.015936053845022835,-0.01920718605620771,-0.016224188790560423,-0.01920718605620771
2020-09-25,-0.009234297231434725,-0.0046077671605682475,-0.0046077671605682475,-0.0008655488039053616,0.0028018990164405304,-0.011008299622848992,-0.008495752123937939,-0.011008299622848992
2020-09-28,-0.017598771050322072,-0.01611674473794833,-0.012672137169734032,-0.017868550443224957,-0.0097971651193004,-0.010015409379290314,-0.017641129032258007,-0.014942043259878357
2020-09-29,0.012857864337970277,0.01363703029409106,0.013956388481625465,0.0232118147127649,0.0073612864473500865,0.013546140224246345,0.017444843509492047,0.012447616080591157
2020-09-30,0.0037590961288756683,-0.0005956734174670615,0.00024382889825184462,0.0011775539479497903,0.004617698318736263,-0.004116124874770162,-0.0035300050428643814,-0.0006008576441463393
2020-10-09,0.030276907714331447,0.027497055419916018,0.02864579921299389,0.024760444426424295,0.025007047294418234,0.025600511870534765,0.026315789473684292,0.027231620371872323
2020-10-12,0.03688573842058851,0.03460619022069059,0.03448045957852811,0.040660624680647274,0.021517714945832468,0.0345420568232239,0.05177514792899407,0.0369473356652843
2020-10-13,0.004931806423985052,0.0033886568130268397,0.0014171813618087945,0.003115393641595854,0.0055554353509673264,0.00015296109710164862,-0.0037505860290670823,0.0036675861592779064
2020-10-14,-0.009721358165864613,-0.011974245007314884,-0.011473659669409867,-0.010346860046596684,-0.004545478397761538,-0.014832874518754147,-0.019294117647058795,-0.013080573015208893
2020-10-15,-0.006406196003307385,-0.006858547156534667,-0.007053264071177567,-0.007499316178206575,-0.0049521433417470204,-0.006370863451355216,-0.007197696737044179,-0.005723795383485034
2020-10-16,0.0028780765287706274,-0.0029369850124865513,-0.0035668099196424583,-0.0027531885674266414,0.004947441723394933,-0.007942709644379339,-0.0024166263895600837,-0.0014978231959662525
2020-10-19,-0.021837328486219516,-0.011620459234414755,-0.01038931226843794,-0.015443067319219218,-0.018454090679600646,-0.0033445971654492515,-0.009205426356589164,-0.014792613383230825
2020-10-20,0.009871940851468326,0.008792080190472246,0.007386349889795621,0.00824718800516237,0.006763423375187723,0.00861979093851395,0.010268948655256738,0.011105381900186654
2020-10-21,-0.00941042612547127,-0.01656104718689932,-0.015969420718046298,-0.018891045640928802,0.0057893631714318605,-0.023087566746501104,-0.03146176185866412,-0.016528572153926075
2020-10-22,-0.011319364266338616,-0.0074331354289864544,-0.006479605839222913,-0.010255140565621601,-0.01165253101629704,-0.001712346756232737,0.0009995002498752736,-0.0065521051833484405
2020-10-23,-0.029072079265105057,-0.02460931840912602,-0.01934989517507642,-0.02576540990113485,-0.024583923023630883,-0.014271470536329562,-0.019970044932601128,-0.023993654626358198
2020-10-26,0.002130314827785103,0.0022047195896898555,-0.0015186834412828456,0.00470775766692455,0.0011084480218408463,0.0026847579927620213,-0.0025471217524197787,0.00633375626182997
2020-10-27,0.019325801080589084,0.011827086645813445,0.011584211998599526,0.013139458943346078,0.018564117420177013,0.005516335120666849,0.005107252298263587,0.013257924202656405
2020-10-28,0.005979060488948769,0.00086517650672376,0.003500657698582062,0.001106674491335909,0.007751001285279798,-0.0007073081591792614,0.004065040650406582,0.0017710946311874456
2020-10-29,0.012396829018448444,0.004027176876093738,0.002081010143798356,0.0023587558851153236,0.01143673289595748,-0.004772240041688081,-0.0045546558704453455,0.005543578832962008
2020-10-30,-0.004474910459768442,-0.004556277541135596,-0.003704218198880152,-0.004848046582904607,-0.014533945080320946,-0.0022308667986995104,0.021877478393492633,-0.002334892392921135
2020-11-02,-0.008022009847044412,-0.008022009847044412,-0.0011326220399480533,-0.00819008677534516,-0.004659566878917516,-0.0028868559462287276,-0.016498625114573784,-0.008022009847044412
2020-11-03,0.018629818704692342,0.018629818704692342,0.02461071691673259,0.02404598824539087,0.011852433189576034,0.02505597728331469,0.02329916123019582,0.018629818704692342
2020-11-04,-0.0037333593623324335,-0.0037333593623324335,-0.0020390600260379674,-7.237559530411564e-05,0.0026276257841108723,0.005374905533152082,-0.005464480874316946,-0.0037333593623324335
2020-11-05,0.03298442480764614,0.03298442480764614,0.02142382873910213,0.024879153781552626,0.0017667530325977676,0.01858280511388048,0.0512820512820511,0.03298442480764614
2020-11-06,-0.0006554805699931312,-0.0006554805699931312,0.00027269188475772177,-0.0073918182277328635,-0.02019217895276959,-0.00647903591960175,-0.00783972125435528,-0.0006554805699931312
2020-11-09,0.024644196289959727,0.024644196289959727,0.05062586468606622,0.024198576007121938,0.01584862435897357,0.029000502096848235,0.04389815627743632,0.024644196289959727
2020-11-10,-0.01353521835601923,-0.01353521835601923,-0.0236238604082597,-0.014736121550277889,-0.006341109450824444,-0.01627680661682825,-0.020185029436501245,-0.01353521835601923
2020-11-11,-0.01523132588622126,-0.01523132588622126,-0.033747281552429634,-0.013696936544489224,-0.01593277437206564,-0.009550415973429056,-0.030042918454935785,-0.01523132588622126
2020-11-12,0.0027098150780186328,0.0027098150780186328,-0.0009585647129530805,-0.003761770538247518,0.007802908581551563,-0.004353901307817912,-0.0008849557522122575,0.0027098150780186328
2020-11-13,-0.009080267372533238,-0.009080267372533238,0.00838380984081799,0.000610985124840739,-0.00045528151480248957,0.0037551932497471583,-0.001771479185119551,-0.009080267372533238
2020-11-16,0.0018427520088788816,0.0018427520088788816,-0.004220851521061404,0.003962276300639759,0.009965157646739293,0.013318090866462923,-0.0053238686779059075,0.0018427520088788816
2020-11-17,-0.0005828595899985594,-0.0005828595899985594,-0.003983737212865416,-0.003778303623800901,-0.021146346822027835,-0.013633110781144004,-0.007136485280999083,-0.0005828595899985594
2020-11-18,0.001404727995202193,0.001404727995202193,-0.0005588398844641461,0.0053587329736996345,-0.008670143926182334,0.004198126918514067,0.0026954177897575704,0.001404727995202193
2020-11-19,0.008075878000794567,0.008075878000794567,0.01875327531612288,0.018073064722119225,0.001863653995419841,0.013799847557116756,0.008960573476702427,0.008075878000794567
2020-11-20,-0.0011916194847431485,-0.0011916194847431485,0.0037806188195229993,0.003381261784349609,0.007296908121272446,0.013465250443205864,0.002664298401421128,-0.0011916194847431485
2020-11-23,-0.00024274217998772763,-0.00024274217998772763,-8.459082937495289e-05,0.00031860957382545707,-0.00011794415575690654,0.017934283500179005,-0.003542958370239102,-0.00024274217998772763
2020-11-24,-0.002181880246396465,-0.002181880246396465,0.007319885643521039,0.0007874029406725507,-0.003258457275917077,0.004315731505994291,0.004444444444444251,-0.002181880246396465
2020-11-25,-0.00753354556095657,-0.00753354556095657,-0.012367534837579353,-0.012504370909290722,-0.016249810710542878,-0.014950607113256242,-0.001769911504424737,-0.00753354556095657
2020-11-26,-0.004920469046112171,-0.004920469046112171,0.002421489718304841,0.003641266993950288,-0.0006484911828543716,0.004217767609815478,-0.00620567375886516,-0.004920469046112171
2020-11-27,0.004641577362008653,0.004641577362008653,0.004094418245594978,0.009198258229034344,0.008623846724418405,0.005386928443489499,-0.008136485280999084,0.004974910695341987
2020-11-30,0.004195661179082544,0.004195661179082544,0.0072699534902710035,0.010871963638814004,0.010871963638814004,0.004078932458077222,0.005700325732899136,0.0005241914473036087
2020-12-01,0.02216760572898487,0.02216760572898487,0.02312274175998678,0.012897547372939428,0.012897547372939428,0.014975133746327602,0.02995951417004039,0.014363780440569924
2020-12-02,0.0013822424602095706,0.0013822424602095706,0.0056087542510707316,-0.0006883046836139531,-0.0006883046836139531,0.0075288250951684255,-0.0015723270440252124,0.003409687415193837
2020-12-03,0.013672216597281756,0.013672216597281756,0.00482111152353315,0.011686362757151365,0.011686362757151365,0.0021709070892027924,0.024409448818897506,0.0043484857373696775
2020-12-04,0.007679604012092148,0.007679604012092148,0.0008932874432490499,0.012092225949972722,0.012092225949972722,0.005734201532487456,0.013066871637202215,-0.0008935766039804092
2020-12-07,-0.012624127410806724,-0.012624127410806724,-0.010857067236920776,-0.011983207558482959,-0.011983207558482959,-0.0054264537580192744,-0.01365705614567525,-0.010566514242082435
2020-12-08,-0.0011899848448656916,-0.0011899848448656916,0.001472693293866937,0.0014695630713970433,0.0014695630713970433,-4.240286059324183e-05,0.0007692307692306333,-0.0024121385367951165
2020-12-09,-0.015958058086382988,-0.015958058086382988,-0.02463752522967977,-0.00875232100915361,-0.00875232100915361,-0.022598279067088663,-0.016910069177555775,-0.01742344230330887
2020-12-10,0.0039095614080310774,0.0039095614080310774,0.0020187773154998197,0.00955849944137066,0.00955849944137066,0.0011335079110162218,0.009382329945269774,0.0002951541834169311
2020-12-11,-0.009922370061661485,-0.009922370061661485,-0.012719299375961316,-0.0027157830116396236,-0.0027157830116396236,-0.014741061233116137,-0.010844306738962084,-0.012072277184063486
2020-12-14,0.006687959935146333,0.006687959935146333,0.007359502057785386,0.008454716922975761,0.008454716922975761,0.00440137524038379,0.007047768206734695,0.004759305991374233
2020-12-15,0.01725322337475806,0.01725322337475806,0.00632739327643846,0.01696929378929527,0.01696929378929527,0.005842249773137741,0.026438569206842955,0.006931742783018372
2020-12-16,-0.0038635274801943616,-0.0038635274801943616,-0.007950409634663758,0.005097387268581555,0.005097387268581555,-0.0119247697496192,0.005303030303030143,-0.007664169415740255
2020-12-17,0.024697021435662103,0.024697021435662103,0.02292505803853473,0.02644693234383122,0.02644693234383122,0.014246673628375135,0.031650339110776304,0.014761858368338949
2020-12-18,-0.0016644420660542796,-0.0016644420660542796,-0.005848298680575126,0.005449743128701648,0.005449743128701648,-0.0051832747856664545,0.002191380569759094,-0.005110951691760642
2020-12-21,0.010191171150224127,0.010191171150224127,0.014141978102512498,0.005535138351529856,0.005535138351529856,0.015900258526463963,0.012390670553935834,0.007298803244157584
2020-12-22,-0.013093924238797737,-0.013093924238797737,-0.026127763241484803,-0.01422910001292384,-0.01422910001292384,-0.02085152873373297,-0.007919366450684029,-0.015899240962167067
2020-12-23,0.0027906013004430625,0.0027906013004430625,0.011073781404092207,8.747241613327178e-05,8.747241613327178e-05,0.011221210898367877,-0.0014513788098693414,0.0020163078432227826
2020-12-24,-0.006373989139953943,-0.006373989139953943,-0.006087889909017356,-8.445592178766659e-05,-8.445592178766659e-05,-0.011081360263389238,-0.007267441860464907,-0.011554823147359929
2020-12-25,0.01586585063088412,0.01586585063088412,0.007559138478439141,0.01808788356671609,0.01908788356671609,0.0015490511264798499,0.020961932650073067,0.006594229122351414
2020-12-28,-0.012986667006196956,-0.012986667006196956,-0.017728496602758992,-0.017779863462364598,-0.009798620922562451,-0.015109692010031909,-0.016781836130305927,-0.012986667006196956
2020-12-29,0.027078587835288898,0.027078587835288898,0.015314970269967197,0.0302861668422237,-0.013698061532994686,0.023482097612470772,0.04417670682730934,0.027078587835288898
2020-12-30,0.0006829521099048035,0.0006829521099048035,0.008451836543917235,0.0041475385617124605,0.011112172931483736,0.001106095885769931,0.0,0.0006829521099048035
2020-12-31,0.017654686244429785,0.017654686244429785,0.013111308001015749,0.019427723643028395,0.0031298131174763615,0.015382504854219842,0.007692307692307665,0.017654686244429785
2021-01-04,0.0025166243308119,0.0025166243308119,0.014417442171945849,0.01655303214666618,0.00502317263242787,0.004379637857295411,0.01526717557251911,0.0025166243308119
2021-01-05,0.011004088897191178,0.011004088897191178,0.02182756940325148,0.023308083445702822,0.011404149428337377,0.015415941081510749,0.014097744360902054,0.011004088897191178
2021-01-06,-0.010704043061740701,-0.010704043061740701,-0.007545666497432527,-0.018318775391546284,0.014657515752807566,-0.012997747776943883,-0.01853568118628357,-0.010704043061740701
2021-01-07,-0.017422291144361557,-0.017422291144361557,-0.006167636624783665,-0.016406789913725756,0.008657284272868715,-0.016868552923495723,-0.022662889518413665,-0.017422291144361557
2021-01-08,0.01679307213059844,0.01679307213059844,0.0029429703192090555,0.014683000229898399,0.00045041469029586745,0.007563460985802702,0.01449275362318847,0.01679307213059844
2021-01-11,0.006058621330360428,0.006058621330360428,8.425220513493415e-05,0.011679555122935984,-0.022616079898921705,0.006240591912233658,0.006666666666666599,0.006058621330360428
2021-01-12,0.0066749000314576526,0.0066749000314576526,0.013565316702621066,0.00792218803404269,0.013487551768519346,0.007125863800573636,0.010406811731315191,0.0066749000314576526
2021-01-13,0.004225611430046664,0.004225611430046664,0.006414142833784237,0.013297610836838187,-0.013387443822284628,0.01232910749347186,0.01217228464419473,0.004225611430046664
2021-01-14,0.01227036338622837,0.01227036338622837,0.00048045878546920575,0.010636432370624652,-0.011396472835263497,0.01038752347809879,0.012025901942645856,0.01227036338622837
2021-01-15,-0.01382121169736572,-0.01382121169736572,-0.012856870716997556,-0.02010637602370735,0.00013929062042117302,-0.011587243905301858,-0.018281535648994485,-0.01382121169736572
2021-01-18,0.02399499400133287,0.02399499400133287,0.027146739284953442,0.03305180549164236,0.0067754374418429455,0.03209239205188467,0.033519553072625774,0.02399499400133287
2021-01-19,0.003794597465483459,0.003794597465483459,-0.016827659786195565,-0.009449521200321942,-0.015400495975319672,-0.003514808936495694,-0.008108108108108247,0.003794597465483459
2021-01-20,-0.002119381882986067,-0.002119381882986067,0.016442452212124998,0.003394570221355068,0.028281796710451536,-0.0013628141112412098,0.004541326067211804,-0.002119381882986067
2021-01-21,0.006681981305632466,0.006681981305632466,0.00560347387543525,0.007977878875778091,0.014704602968813669,-0.0030377102587759346,0.0009041591320071429,0.006681981305632466
2021-01-22,-0.020575511213535624,-0.020575511213535624,-7.154379034849875e-05,-0.020266671373469602,0.027767915052273308,-0.025110884083609064,-0.02258355916892496,-0.020575511213535624
2021-01-25,-0.008988354664184683,-0.008988354664184683,-0.0052792066341850186,-0.007341700842066534,0.008248865412011641,-0.008078652808732396,-0.014787430683918634,-0.008988354664184683
2021-01-26,-0.01527337375614024,-0.01527337375614024,-0.02020710105112348,-0.018031195528087997,-0.023675148042300344,-0.011294256077205023,-0.01594746716697948,-0.01527337375614024
2021-01-27,0.002528828250077053,0.002528828250077053,-0.005818516860212063,-0.0005310837904175152,-0.004574639942327652,-0.005169333557673793,0.0009532888465206835,0.002528828250077053
2021-01-28,-0.03278931741018073,-0.03278931741018073,-0.03216464439871073,-0.03730927399208276,-0.022992009951350936,-0.02858661938181691,-0.03809523809523818,-0.03278931741018073
2021-01-29,-0.014296442908323546,-0.014296442908323546,-0.01005089177409779,-0.01411019972912397,-0.005390624482403683,-0.013359423655141865,-0.006940594059405946,-0.014296442908323546
2021-02-01,-0.0013320616311680946,-0.0013320616311680946,0.0022804531452472743,0.002040120530729106,0.019450081211502452,0.002040120530729106,0.006305170239596425,0.009163189483075632
2021-02-02,0.0035023459992194654,0.0035023459992194654,0.0052188898755546696,0.010556843151755608,0.007057482452568542,0.010556843151755608,0.003759398496240518,-0.0024187408297735207
2021-02-03,-0.016763150959672624,-0.016763150959672624,-0.02139882885574181,-0.028401121493081567,0.004094757731325985,-0.028401121493081567,-0.012484394506866447,-0.014037645197901145
2021-02-04,-0.013444261911114325,-0.013444261911114325,-0.011593211318725628,-0.007687400867472179,-0.0037287723495142977,-0.007687400867472179,-0.012642225031605614,-0.00496252519718765
2021-02-05,0.0007531631051538685,0.0007531631051538685,-0.005297040117099045,-0.009867188088742096,0.02036607457993337,-0.009867188088742096,0.016645326504481472,-0.009117227297822866
2021-02-08,0.0050428985102014545,0.0050428985102014545,0.006165840112506611,0.007347204958248401,0.017342445893414455,0.007347204958248401,-0.0012594458438287548,0.013236320159529765
2021-02-09,0.018392979414559935,0.018392979414559935,0.016940404888814653,0.02794661324413683,0.014836912936897186,0.02794661324413683,0.003783102143757988,0.017550946325666818
2021-02-10,0.0026881626174756197,0.0026881626174756197,0.0001972143971707973,-0.0025694975144122294,0.022495635454548097,-0.0025694975144122294,0.0,0.0005607998498114624
2021-02-18,0.014738135595855646,0.014738135595855646,0.01864133357999257,0.014629548558727851,-0.014586296945865588,0.014629548558727851,0.025125628140703293,0.03736315443209877
2021-02-19,0.0178021457339154,0.0178021457339154,0.011991691470909394,0.0072397191566587,0.0026995812213064982,0.0072397191566587,0.019607843137254832,0.020162004195617644
2021-02-22,-0.014109183063102715,-0.014109183063102715,-0.01491805649052132,-0.017525450654021852,-0.016845920225561306,-0.017525450654021852,0.006009615384615419,0.003059787805622845
2021-02-23,-0.002848799645468543,-0.002848799645468543,-0.0056253008709587675,0.0066591541220280374,-0.0026737075483043897,0.0066591541220280374,-0.005973715651135025,-0.014180759834975205
2021-02-24,-0.0025723717294368433,-0.0025723717294368433,0.004802916838263616,0.006329332284590946,-0.031077079733399605,0.006329332284590946,0.007211538461538547,-0.0024483425030741297
2021-02-25,0.019344315369169994,0.019344315369169994,0.016763713035011008,0.022984033749245923,0.009862366432047928,0.022984033749245923,0.06205250596658707,0.01929712404334209
2021-02-26,-0.015159322872419981,-0.015159322872419981,-0.023706981085629998,-0.029729024544785057,-0.016561760188978033,-0.029729024544785057,-0.030337078651685445,-0.021606878157467646
2021-03-01,0.006913394568706729,0.006913394568706729,0.013805928466591713,0.022567344261049227,0.008514418349637324,0.022567344261049227,0.009269988412514474,0.01794925148311366
2021-03-02,-0.00826943537497345,-0.00826943537497345,-0.004546795895388866,0.001406140402750407,-0.02187632571098911,0.001406140402750407,-0.008036739380022917,0.0005370176676184526
2021-03-03,0.01122387346721232,0.01122387346721232,0.008632020094390977,0.002161166054820085,0.018533193391751558,0.002161166054820085,0.0092592592592593,0.022828325637563873
2021-03-04,-0.018176658954568103,-0.018176658954568103,-0.02043967123612104,-0.017598358913639034,-0.03416661571272931,-0.017598358913639034,-0.011467889908256867,-0.01574860641320286
2021-03-05,0.005604096730337756,0.005604096730337756,0.0004902354713752411,-0.012920874787035517,-0.005328420202064105,-0.012920874787035517,-0.012600928074245954,-0.008833313970113922
2021-03-08,-0.05359139360088949,-0.05359139360088949,-0.05359139360088949,-0.06940387132013832,-0.04054034582707448,-0.06940387132013832,-0.07173356105892403,-0.05359139360088949
2021-03-09,-0.03496860597398721,-0.03496860597398721,-0.03496860597398721,-0.03477675384554413,-0.0330894361370252,-0.03477675384554413,-0.02805887764489423,-0.03496860597398721
2021-03-10,0.005901174719061004,0.005901174719061004,0.005901174719061004,0.016669022134081904,-0.0011843393539275882,0.016669022134081904,0.028395646000946462,0.005901174719061004
2021-03-11,0.024769716550982365,0.024769716550982365,0.024769716550982365,0.028183587255320733,0.028938935281685264,0.028183587255320733,0.04003681546249416,0.024769716550982365
2021-03-12,-0.0012792786558129725,-0.0012792786558129725,-0.0012792786558129725,-0.0009242910803781699,-0.009678259939281729,-0.0009242910803781699,0.0039823008849559915,-0.0012792786558129725
2021-03-15,-0.026985073254126912,-0.026985073254126912,-0.026985073254126912,-0.032766289673641216,-0.03312207010972834,-0.032766289673641216,-0.04936095196121648,-0.026985073254126912
2021-03-16,0.011041659928194761,0.011041659928194761,0.011041659928194761,0.012135698830113412,0.0008241378982953851,0.012135698830113412,0.02828001854427442,0.011041659928194761
2021-03-17,0.01093460137128277,0.01093460137128277,0.01093460137128277,0.012001749361740588,0.017250433966395175,0.012001749361740588,0.013976555455365247,0.01093460137128277
2021-03-18,0.015755995590016836,0.015755995590016836,0.015755995590016836,0.022284118448552194,-0.001396737953928325,0.022284118448552194,0.030680302356602906,0.015755995590016836
2021-03-19,-0.01064530841150857,-0.01064530841150857,-0.01064530841150857,-0.014855626141193918,-0.015154971292353658,-0.014855626141193918,-0.02329594477998287,-0.01064530841150857
2021-03-22,0.010358571037753912,0.010358571037753912,0.010358571037753912,0.006158309253006274,0.011318944846835377,0.006158309253006274,0.003975265017668095,0.010358571037753912
2021-03-23,0.000977613858882213,0.000977613858882213,0.000977613858882213,-0.0006112008853186299,-0.010741260520563307,-0.0006112008853186299,0.0048394192696874505,0.000977613858882213
2021-03-24,-0.003916648286614605,-0.003916648286614605,-0.003916648286614605,-0.007630382001981849,-0.019639211467353552,-0.007630382001981849,0.0017513134851139256,-0.003916648286614605
2021-03-25,-0.003204243847821031,-0.003204243847821031,-0.003204243847821031,0.003399989146009215,0.008908275556863613,0.003399989146009215,-0.006993006993006978,-0.003204243847821031
2021-03-26,0.01912153344863802,0.01912153344863802,0.01912153344863802,0.030580808506631914,0.023441244053432987,0.030580808506631914,0.03609154929577474,0.01912153344863802
2021-03-29,0.013219930499299074,0.013219930499299074,0.013219930499299074,0.011336214356476951,-0.006646518546502037,0.011336214356476951,0.023364485981308247,0.013219930499299074
2021-03-30,0.0062331972304110845,0.0062331972304110845,0.0062331972304110845,0.013088273685277763,0.004552564075743337,0.013088273685277763,0.0008302200083023514,0.0062331972304110845
2021-03-31,-0.023078740287513923,-0.023078740287513923,-0.023078740287513923,-0.020732213774149688,0.0006749332577667966,-0.020732213774149688,-0.015346329323931984,-0.023078740287513923
2021-04-01,0.013555301305011442,0.013555301305011442,0.013555301305011442,0.017678148391259807,0.022139235350711862,0.017678148391259807,0.02527379949452402,0.013555301305011442
2021-04-02,0.017275271980154584,0.017275271980154584,0.017275271980154584,0.018807585142867473,0.02518346090846905,0.01847425180953414,0.04419309778142966,0.017275271980154584
2021-04-06,0.004615974494788196,0.004615974494788196,0.004615974494788196,-0.008162759717540768,-0.008162759717540768,-0.00624559921530432,0.010426540284360408,0.004615974494788196
2021-04-07,-0.005537456585771983,-0.005537456585771983,-0.005537456585771983,-0.017666329710905242,-0.017666329710905242,-0.005291880318534632,-0.00844277673545979,-0.005537456585771983
2021-04-08,-0.0009026383850829396,-0.0009026383850829396,-0.0009026383850829396,0.011621759438950902,0.011621759438950902,0.010955506141118582,-0.002838221381267658,-0.0009026383850829396
2021-04-09,-0.007310846002897072,-0.007310846002897072,-0.007310846002897072,-0.020510340378311415,-0.020510340378311415,-0.019162234523680266,0.007590132827324458,-0.007310846002897072
2021-04-12,-0.02711229998845688,-0.02711229998845688,-0.02711229998845688,-0.020776242457239413,-0.020776242457239413,-0.027347411609842442,-0.031073446327683718,-0.02711229998845688
2021-04-13,-0.0006367816735640686,-0.0006367816735640686,-0.0006367816735640686,0.009866739147143422,0.009866739147143422,0.007834214975434831,-0.004859086491739495,-0.0006367816735640686
2021-04-14,0.024216095209393274,0.024216095209393274,0.024216095209393274,0.01993382961124901,0.01993382961124901,0.01637741756878023,0.0146484375,0.024216095209393274
2021-04-15,-0.0044373128272156,-0.0044373128272156,-0.0044373128272156,-0.005070802887420381,-0.005070802887420381,-0.0030308192072897957,-0.002887391722810273,-0.0044373128272156
2021-04-16,0.00371003242067706,0.00371003242067706,0.00371003242067706,0.006494533212501707,0.006494533212501707,-0.003421682717077286,0.0028957528957527234,0.00371003242067706
2021-04-19,0.036009851314765896,0.036009851314765896,0.036009851314765896,0.036556019968770816,0.036556019968770816,0.04238878884060041,0.013474494706448459,0.036009851314765896
2021-04-20,-0.009145865808941462,-0.009145865808941462,-0.009145865808941462,9.290984681294568e-05,9.290984681294568e-05,-0.0012525254047986252,-0.006647673314339908,-0.009145865808941462
2021-04-21,-0.0038235481928144592,-0.0038235481928144592,-0.0038235481928144592,0.014726176437263962,0.014726176437263962,0.013829084847899353,-0.007648183556405397,-0.0038235481928144592
2021-04-22,0.0011755580081146781,0.0011755580081146781,0.0011755580081146781,0.00019592458665029788,0.00019592458665029788,0.0015015927491222048,0.0,0.0011755580081146781
2021-04-23,0.0031409506266462106,0.0031409506266462106,0.0031409506266462106,0.016293926066131965,0.016293926066131965,0.017643398684993167,-0.003853564547206201,0.0031409506266462106
2021-04-26,-0.009315385290345516,-0.009315385290345516,-0.009315385290345516,-0.011652291669224471,-0.011652291669224471,-0.005074176552209986,0.0,-0.009315385290345516
2021-04-27,-0.009948959375496705,-0.009948959375496705,-0.009948959375496705,0.01174858727543419,0.01174858727543419,0.015398763891538972,-0.01450676982591892,-0.009948959375496705
2021-04-28,0.0120903011766403,0.0120903011766403,0.0120903011766403,0.02373834529310755,0.02373834529310755,0.02279072344960357,0.007850834151128527,0.0120903011766403
2021-04-29,0.008340101291432884,0.008340101291432884,0.008340101291432884,-0.002834505186242545,-0.002834505186242545,-0.0036318035063049865,0.002921129503408171,0.008340101291432884
2021-04-30,-0.009613250706082986,-0.009613250706082986,-0.009613250706082986,0.007379695953391941,0.007713029286725274,0.01823591346041098,-0.03495145631067964,-0.009613250706082986
2021-05-06,0.0005764079495518639,0.005769312377926586,0.02861827989073203,-0.013319332617433899,-0.024319655005318668,0.023629733533868102,0.011066398390341847,0.005769312377926586
2021-05-07,-0.024791542470197398,-0.004820329126102715,0.007692712402881977,-0.019322020602986895,-0.011937359561174882,-0.002088285534129838,-0.010945273631840724,-0.004820329126102715
2021-05-10,-0.015023613991537213,-0.011733521475975135,0.009501565486323454,-0.0008960858049146259,0.02497881809575871,0.008445655495995186,-0.01609657947686116,-0.011733521475975135
2021-05-11,0.011875962796208245,0.011878537196372996,-0.004404159641879421,0.016055134069835386,0.0038760478328460825,-0.0028474824827925786,0.024539877300613577,0.011878537196372996
2021-05-12,0.009041491864112922,0.0032761412094322777,0.0057402565893957345,0.010027993724688026,0.015150850126194696,0.007012932085472304,-0.001996007984031989,0.0032761412094322777
2021-05-13,-0.001724847344217073,-0.00419896007572514,-0.02151941989284626,-0.0005373439141090526,-0.003357482675280095,-0.020131989750602264,-0.0040000000000000036,-0.00419896007572514
2021-05-14,0.025888833110218647,0.022985654048331673,0.016581699819880186,0.02597956111720408,0.01166349448433183,0.01668395295584124,0.0381526104417671,0.022985654048331673
2021-05-17,0.002621305940827323,0.0034118197748194135,0.0014161336866273706,0.008375781644152092,0.01600037703620938,0.0009903171538752458,0.0067698259187620735,0.0034118197748194135
2021-05-18,0.006027214487465275,0.0059929837746000025,0.009680752674415594,0.0018067125499603804,-0.0016732071386584089,0.010732277385246292,0.0211335254562921,0.0059929837746000025
2021-05-19,0.00361349686665117,-0.00400727296026689,-0.009560337111168474,-0.001065002885740185,-0.008653204105830887,-0.006069525278377008,0.002822201317027373,-0.00400727296026689
2021-05-20,0.00040227618834731693,0.004756718042789135,-0.011986609893265093,0.002299453085524187,-0.004851277847726579,-0.013197163061649605,0.0018761726078799779,0.004756718042789135
2021-05-21,-0.011467702706448627,-0.012808428323077492,-0.0033374921345840445,-0.015932062942359677,-0.016395789538525385,-0.0021724294517844935,-0.01966292134831471,-0.012808428323077492
2021-05-24,0.014446873912129583,0.008043951746676086,-0.0023853560108759715,0.006131830464456016,-0.008874160276660843,0.0030108019576292246,0.009551098376313183,0.008043951746676086
2021-05-25,0.025517770171883315,0.0290168832775642,0.025038835181869112,0.026921674135334268,0.02219816902756995,0.019640349694888037,0.03405865657521301,0.0290168832775642
2021-05-26,-0.003279192539970591,0.00179201168044237,0.0016441301740257965,-0.001745211469949733,-0.0010799030710496222,-0.0021747559034019925,-0.0018298261665141702,0.00179201168044237
2021-05-27,0.024997409344845064,0.00866367788725438,0.0037845988160006092,0.009777159509210579,0.004093431712818803,0.012780169949439275,0.008249312557286892,0.00866367788725438
2021-05-28,-0.002549821873122174,-0.00012668089564375269,0.0008129268430854266,-0.008797576211408087,-0.007632908935822469,-0.0024669579178365013,0.005363636363636349,-0.00012668089564375269
2021-05-31,0.0022286518399824797,0.01418269633320094,0.009734469869968843,0.015189918203420305,0.023511753331091935,0.004591944360679519,0.01364113326337879,0.01418269633320094
2021-06-01,-0.003036285434928991,-0.0013534658409783962,-0.004024054595413847,0.012878201019610014,0.01564872624494103,0.014269989467765884,0.0041407867494824835,-0.0013534658409783962
2021-06-02,-0.005923923891523371,-0.014996139697533956,-0.009748833576118146,-0.011975506300942572,-0.012117229656951648,-0.007584914152088063,-0.01855670103092788,-0.014996139697533956
2021-06-03,0.004988765824350927,0.0026358246478803693,-0.007898673920435195,0.009450671063783795,-0.006121859427297186,0.01592634389697541,0.012605042016806678,0.0026358246478803693
2021-06-04,0.0019026284210079307,0.0016255217609224921,0.0015380970040451691,-0.01145007534976672,-0.002722294623631975,-0.019705672835647798,0.0020746887966804906,0.0016255217609224921
2021-06-07,-0.001368807728202988,0.006142818078831176,0.003852132639909837,-0.00327984832337395,0.003827667886873054,0.0012041889395483971,0.01863354037267073,0.006142818078831176
2021-06-08,0.0024478620330281955,0.007984977610711708,0.003229525008524247,-0.0032675501741303474,-0.008864869871702466,-0.002539313842963205,0.0060975609756097615,0.007984977610711708
2021-06-09,-0.0025788380728451275,0.0005189373180756187,0.004464905071271175,0.022916633971128048,0.015974841383210037,0.023797431919361234,-0.0010101010101010166,0.0005189373180756187
2021-06-10,0.004142699556241617,0.0055698568383339975,-0.0005666195421902092,0.0160141810530127,0.016549038317260324,-0.0008219754998708417,0.01921132457027297,0.0055698568383339975
2021-06-11,-0.012698292902674286,-0.019597951454571917,-0.011481080374602493,0.013677922394245366,0.010528017395281825,0.011390987073295332,-0.015873015873015928,-0.019597951454571917
2021-06-15,-0.00577967959755643,-0.0013737481135003278,-0.00877229372794704,-0.014046979600629395,-0.010922858740302077,-0.01774315763643001,0.008064516129032251,-0.0013737481135003278
2021-06-16,-0.004397510238164185,-0.009941498652929518,-0.009022136463110193,-0.02147447034195275,-0.025368300093302265,-0.014189752912307839,-0.016000000000000014,-0.009941498652929518
2021-06-17,0.008146082084839282,0.013166188910600654,0.004885610831270851,0.005742994872328358,0.010827564219192768,0.0009234986954408013,0.026422764227642226,0.013166188910600654
2021-06-18,0.0013286627531897315,0.011191119111911174,-0.0033128891739459734,-0.0005036358316889604,0.0035395091949390976,-0.01550738676942339,0.012871287128712883,0.011191119111911174
2021-06-21,-0.0033230034421856494,0.014001768840478546,0.007928777595970882,0.013041996848992727,0.00820262469877871,0.0009220522834262708,0.003910068426197455,0.014001768840478546
2021-06-22,0.000788340784098914,-0.005311071887476852,0.00677067055047061,0.0018788532269073208,0.009111035211089172,0.006170912029683783,-0.008763388510223846,-0.005311071887476852
2021-06-23,0.004383715902676647,0.004074089148703552,0.0034208199831246007,0.018526824950831022,0.016785189637024207,0.018671710013333415,0.00982318271119853,0.004074089148703552
2021-06-24,-0.0017551652007273448,-0.008242804804190818,-0.004018645715415621,0.012450730501497217,0.005267408690546242,0.0020001315166854696,-0.0019455252918287869,-0.008242804804190818
2021-06-25,0.004111816244730153,0.0009367026664890426,0.007824011913936188,0.022117486518279935,0.019803740270722587,0.02288324309152286,-0.005873294346978696,0.0009367026664890426
2021-06-28,0.008024031772551548,0.008024031772551548,-0.0008565428522832779,0.016390745034073968,0.016390745034073968,-0.0008565428522832779,0.043424317617865915,0.008024031772551548
2021-06-29,-0.012545359954437802,-0.012545359954437802,-0.01165083416198213,-0.0014075531125920335,-0.0014075531125920335,-0.01165083416198213,-0.015457788347205681,-0.012545359954437802
2021-06-30,0.0002906524794764238,0.0002906524794764238,0.006863742269277587,0.004434461226999827,0.004434461226999827,0.006863742269277587,-0.0036231884057971175,0.0002906524794764238
2021-07-01,0.0061050147096658085,0.0061050147096658085,-0.0005567821384669565,-0.011132423319851387,-0.011132423319851387,-0.0005567821384669565,-0.00484848484848488,0.0061050147096658085
2021-07-02,-0.009564524037942907,-0.009564524037942907,-0.012154869369324675,-0.006850212419102589,-0.006850212419102589,-0.012154869369324675,-0.0073081607795371095,-0.009564524037942907
2021-07-05,-0.0024299429152406047,-0.0024299429152406047,0.008726913724513025,0.00466382257017639,0.00466382257017639,0.008726913724513025,-0.00490797546012256,-0.0024299429152406047
2021-07-06,0.003920126712214052,0.003920126712214052,-0.00014710045055799103,-0.0077046011457337915,-0.0077046011457337915,-0.00014710045055799103,0.002466091245376001,0.003920126712214052
2021-07-07,0.006645125248988822,0.006645125248988822,0.011120479268853584,0.025890800363960294,0.025890800363960294,0.011120479268853584,-0.004920049200491827,0.006645125248988822
2021-07-08,-0.009783244258949386,-0.009783244258949386,-0.013496004308502469,-0.003296453639023274,-0.003296453639023274,-0.013496004308502469,-0.007416563658838027,-0.009783244258949386
2021-07-09,0.012493108018127863,0.012493108018127863,0.0009975131181346741,0.014189291919625369,0.014189291919625369,0.0009975131181346741,0.0037359900373599153,0.012493108018127863
2021-07-12,-2.0638745190426633e-05,-2.0638745190426633e-05,0.006073852542966588,0.00574527511479624,0.00574527511479624,0.006073852542966588,-0.00496277915632759,-2.0638745190426633e-05
2021-07-13,0.00802327031171468,0.00802327031171468,0.016646676389257133,0.010841549488631658,0.010841549488631658,0.016646676389257133,0.0,0.00802327031171468
2021-07-14,-0.012927395367004157,-0.012927395367004157,-0.005510257567669984,-0.01673793667754549,-0.01673793667754549,-0.005510257567669984,-0.01122194513715713,-0.012927395367004157
2021-07-15,0.013585542420943526,0.013585542420943526,0.02848933616912267,0.02863353727784575,0.02863353727784575,0.02848933616912267,-0.008827238335435084,0.013585542420943526
2021-07-16,-0.0029822668809246964,-0.0029822668809246964,0.0005520408043572971,-0.007302839854069246,-0.007302839854069246,0.0005520408043572971,-0.01526717557251911,-0.0029822668809246964
2021-07-19,-0.015941085329399085,-0.015941085329399085,-0.003699529044972653,-0.01214863155306356,-0.01214863155306356,-0.003699529044972653,-0.014211886304909549,-0.015941085329399085
2021-07-20,-0.007018630170665766,-0.007018630170665766,-0.00847781284449341,-0.003460695375192409,-0.003460695375192409,-0.00847781284449341,0.001310615989515096,-0.007018630170665766
2021-07-21,0.004474341382317762,0.004474341382317762,0.008061024980951847,0.02372498737714982,0.02372498737714982,0.008061024980951847,-0.005235602094240788,0.004474341382317762
2021-07-22,0.019704861111111062,0.019704861111111062,0.013645926661259335,0.025006725854183467,0.025006725854183467,0.013645926661259335,-0.0026315789473684292,0.019704861111111062
2021-07-23,-0.0026451140049744315,-0.0026451140049744315,0.0025571922339929043,0.0023216965953134503,0.0026550299286467833,0.0025571922339929043,-0.01715039577836408,-0.0026451140049744315
2021-07-26,-0.03546960250406961,-0.02804951227485153,-0.05379857866717459,-0.04736556561954493,-0.024582879146529936,-0.04736556561954493,-0.012080536912751683,-0.03489380753902852
2021-07-27,-0.032566433710598454,-0.02701755272851203,-0.03548128721303889,-0.03478126835354811,-0.0363315071107454,-0.03478126835354811,-0.021739130434782594,-0.03290381562692779
2021-07-28,-0.010866831293976881,-0.009232871789766655,0.01814803509252464,-0.003053434960208823,-0.018733625946892058,-0.003053434960208823,-0.029166666666666674,-0.0026819829842802774
2021-07-29,0.0013204710185632516,0.001129746618628487,0.0005050932479186239,-0.004205798243701301,0.040380505978681994,-0.004205798243701301,0.007153075822603716,0.01108476026362526
2021-07-30,-0.006855913409561118,0.0013259370053724235,-0.02809936036519393,-0.027479963008291475,0.015310996432697324,-0.027479963008291475,0.017045454545454586,0.0020929050237252778
2021-08-02,0.030060402031429158,0.01918286425273193,0.028585002145800578,0.044740650686289886,0.02018852133157578,0.044740650686289886,0.029329608938547524,0.01944656506089733
2021-08-03,0.0063099974574201126,-2.5694272203668827e-05,0.010471548667751868,0.008441491367437546,-0.021245668944200543,0.008441491367437546,0.01085481682496603,0.01375044172806361
2021-08-04,-0.008971187353204197,-0.0067839145057847485,-0.007173225195019061,-0.01204506180082776,0.022922465250903468,-0.01204506180082776,-0.008053691275167751,-0.004081211803082
2021-08-05,-3.065786970698689e-06,0.0023971884371386896,-0.007727047661083822,-0.00845872777974721,-0.005744029343515181,-0.00845872777974721,-0.0027063599458727605,0.0007347595631774042
2021-08-06,-0.0025156621468689724,0.0009013503296775675,-0.012326510135464522,-0.003201428560366241,0.00081324947497452,-0.003201428560366241,0.0013568521031208647,-0.012099206499979753
2021-08-09,0.03398798603629297,0.03465312975320778,0.0185191109900699,0.029163959405334484,0.013336546370437094,0.029163959405334484,0.04065040650406515,0.0278106209879602
2021-08-10,0.01599765063263447,0.005882287068995111,0.03204111940074653,0.03814013246000969,0.0040429835966034515,0.03814013246000969,0.0013020833333332593,0.004438176698039697
2021-08-11,0.0031012022901523908,0.012162278627321296,-0.010894084922340156,-0.013789587388841062,-0.00329670355715946,-0.013789587388841062,-0.0039011703511053764,0.0015106789604986126
2021-08-12,-0.00992356143344893,-0.006349456400878435,-0.013786025733717195,-0.013260702926774132,-0.0035111173523226418,-0.013260702926774132,-0.005221932114882533,-0.010181496150172126
2021-08-13,-0.0009689616160197811,-0.0013197057623843822,0.0021497122796827837,0.002540060529032476,-0.008583331577143527,0.002540060529032476,-0.002624671916010457,-0.003100001369840455
2021-08-16,0.004686337054758108,0.002494470199678818,-0.0005862196923482517,0.0016653735074787883,-0.007702426663563836,0.0016653735074787883,-0.003947368421052588,0.0016946596201645363
2021-08-17,-0.02417964759886478,-0.013968765545056994,-0.0307397764388968,-0.036485884048657526,-0.0159371227934324,-0.036485884048657526,-0.021136063408190298,-0.022018686846044057
2021-08-18,0.0033764656890962197,0.01361015233787725,0.01459082314070855,0.0016851103276944723,-0.004931063552579365,0.0016851103276944723,-0.009446693657219951,0.0020610195441092
2021-08-19,-0.012378978816102577,-0.013009869755829294,-0.011539698469723322,-0.013703870106607119,0.006787891413881697,-0.013703870106607119,-0.004087193460490468,-0.005091023386297114
2021-08-20,-0.021005103538368555,-0.007462174287179101,-0.04103528465231269,-0.04326510117873209,-0.009350172347849331,-0.04326510117873209,-0.017415868673050672,-0.022279742517288738
2021-08-23,0.010497835723128013,0.011546554692993889,0.014852377996936653,0.010497835723128013,0.021478013934608093,0.01335972439855267,0.012903225806451646,0.014057920789551629
2021-08-24,0.023816388470359717,0.011985610389030269,0.024464884844274115,0.023816388470359717,0.010868939610705713,0.009400644423978255,0.031847133757961554,0.014145602905591526
2021-08-25,0.021514821003125146,0.020532615413873412,0.011777015572235353,0.021514821003125146,0.019830452633000834,0.01815937873649901,0.027336860670194252,0.02270045785949374
2021-08-26,-0.030952446467506795,-0.025746029136625895,-0.03431860943344889,-0.030952446467506795,-0.015654803174624938,-0.025341631910539952,-0.033476394849785596,-0.026700745787234692
2021-08-27,-0.00306064610989983,-0.004380774570348059,-0.0010462215463512186,-0.00306064610989983,0.0076158858152325735,-0.0033186645327751467,-0.0008880994671401909,-0.0046768077260614565
2021-08-30,-0.002899243329350912,-0.004786733743028847,0.0019782255906298047,-0.002899243329350912,0.012488806348460984,-0.0036326253791520245,0.004444444444444251,-0.0033052522615474307
2021-08-31,-0.01420142338747717,-0.012255240208831248,-0.018121322271834606,-0.01420142338747717,-0.019082684879428546,-0.00735303667411491,-0.016814159292035225,-0.011281012604421936
2021-09-01,0.023398840305026404,0.03337049098427432,0.02211008137850823,0.023398840305026404,0.004623411961618345,0.03752226898894221,0.034203420342034274,0.0335859487716638
2021-09-02,-0.019792527129563843,-0.01679026913303901,-0.02765968254584013,-0.019792527129563843,0.0025337257438856984,-0.010118579859549448,-0.018276762402088975,-0.01768771807226347
2021-09-03,0.00654497968854321,0.007004313602524329,0.0052557791715695705,0.00654497968854321,-0.007116040041376633,0.013290219939353271,0.007978723404255428,0.007025365643168838
2021-09-06,0.03611129296541511,0.029498850703263413,0.04585448888492038,0.03611129296541511,0.008782127218279534,0.020182249680057735,0.036059806508355496,0.03192018236660702
2021-09-07,0.0018941612423902428,0.011793113205370501,0.0015206280764836397,0.0018941612423902428,0.01923394644874299,0.014426399614366831,0.00679117147707986,0.01363274882071604
2021-09-08,-0.01790732913147608,0.015436083905724152,-0.01247865780199057,-0.01790732913147608,0.011410339038192073,0.02054995444162407,-0.021922428330522714,0.012364101230535107
2021-09-09,-0.0034837739469000626,-0.017875047697779662,-0.0008207151037027405,-0.0034837739469000626,-0.017375915821132588,-0.01735229324113452,-0.0017241379310345417,-0.017162759054456557
2021-09-10,0.009055728509364092,-0.001550533392234617,0.0038487706703177467,0.009055728509364092,0.016784626016540995,0.002059253354590118,0.01899827288428324,-0.0003857344204709623
2021-09-13,-0.006566508624141987,0.010862013889126257,-0.010275263010611138,-0.006566508624141987,-0.011847468980045442,0.006002509114484669,-0.014406779661016889,0.009876547895250387
2021-09-14,-0.0012514787686835152,-0.00844704140543458,0.00536111220606054,-0.0012514787686835152,-0.005019027002206095,-0.014982988738880522,-0.0034393809114359186,-0.0074484995642444245
2021-09-15,-0.027047849138897274,-0.015774377478682523,-0.019446136522104064,-0.027047849138897274,0.005133467605445566,-0.008639507968084917,-0.028472821397756753,-0.016629739360836338
2021-09-16,0.0032798111686381435,2.6595744680853683e-05,0.0007587643033623397,0.0032798111686381435,-0.03175617171709103,0.012312158149983949,0.004440497335701732,-0.0007095505334894594
2021-09-17,0.034668515158673086,0.01852424518478853,0.03884617153421092,0.03433518182533975,-0.005714835709898207,0.004122083354174706,0.032598585322723195,0.022024081859954265
2021-09-22,-0.008338453343180766,-0.004280632899865022,-0.00986065289841372,0.008150962470806414,0.004047632884949914,0.0028142110933746154,0.004784688995215225,-0.004235123757324266
2021-09-23,0.0010638815853540131,0.014656185684734625,0.008126400045077881,0.009077082709404142,0.001051400526418611,0.02110413327601668,-0.0011904761904761862,0.009089563768339543
2021-09-24,0.016661157470744998,0.0035994377708759018,0.006855987432620429,0.010996061424636086,0.01553690597562259,0.001412522283480803,0.019070321811680557,0.012120312919758494
2021-09-27,0.02868777659109097,0.001845833966881057,0.013819957089036605,-0.003108219955945679,0.004873389874659092,-0.011154291453498664,0.0035087719298245723,0.020706166760486196
2021-09-28,-0.00915566076196191,-0.004546458684717221,-0.012730251847855884,-0.004073782106870372,-0.008058243241432856,-0.0004277934427717731,-0.0034965034965035446,-0.005171199627399425
2021-09-29,-0.012152703597262133,-0.018194820514808547,-0.01769919202626591,-0.014654653077454022,-0.013104432337011787,-0.02541179978572146,-0.01403508771929829,-0.01370292433770437
2021-09-30,0.012374687951142455,0.017781828736402955,0.023434068509417722,0.015539673012426942,0.01667211306437662,0.018027133759123865,0.014234875444839812,0.011242247899192776
2021-10-08,0.010860938578329888,0.014619014036423367,-0.001746137282592727,-0.013217286505292561,-0.007557549813468159,0.006096016792291473,0.0,0.005201201886505486
2021-10-11,-0.010889403446067553,-0.004564132045852672,-0.005483642394320125,-0.012992127115075911,-0.013967484785018486,0.003115947437505577,-0.012865497076023358,-0.009914045776124978
2021-10-12,0.003014418763171508,-0.016848325914358808,-0.019863698161570482,-0.01220898788403953,-0.002216488249472663,-0.020065996762367977,0.011848341232227444,-0.00697808087139536
2021-10-13,0.022590031050221095,0.00934962528499968,0.032284389314946704,0.025725860214565206,0.023981094511673847,0.005360122764223448,0.012880562060889833,0.024334796753112453
2021-10-14,-0.011588292700159411,0.002534956236630655,0.0003342313114808777,0.004582203107650377,-0.0026432304183611564,0.007070119129564788,-0.011560693641618491,-0.004362859174147878
2021-10-15,-0.013372033427730707,0.012133693879899116,0.02097235759403049,0.011523762708353386,-0.0053950234467559826,0.009729570460474735,-0.019883040935672502,0.003546752727378662
2021-10-18,-0.0363110659364196,-0.012869502443538681,-0.019141256356007757,-0.005135584163030466,-0.006064152356172709,-0.002854105149940001,-0.023866348448687402,-0.035382497743277355
2021-10-19,0.013308463508178972,0.008281284965969249,0.007664759776199774,0.00262004183856764,0.006613986423716318,0.005408372944331052,0.007334963325183352,0.009314518923030294
2021-10-20,-0.0022012525586603267,-0.0013142466668219683,0.0056987025502508075,0.0016053895640862539,0.0032962309876036775,0.002395345278064065,-0.01092233009708743,-0.00389209398217775
2021-10-21,0.0009284415155597081,-0.00849349782080866,-0.007187759979630836,-0.011915438523794359,-0.007994733588143585,-0.011214394075759674,0.0024539877300613355,-0.002992263420091067
2021-10-22,0.004292545812656516,0.004374556501237674,0.013438078842793466,0.005272963342563664,-0.003408002758439442,0.0014589625160791697,0.0,0.013306845246992957
2021-10-25,0.008641301271527919,0.005137000975162231,0.010705176941102845,0.013368182918036837,0.023209460980781138,0.010623972121355388,0.006119951040391758,0.008641301271527919
2021-10-26,0.0025834031215570636,0.0022401144157554826,-0.001841895597417283,-0.0004806486107888177,-0.004926166679974771,-0.005016862321079155,-0.0024330900243308973,0.0025834031215570636
2021-10-27,-0.016626508929217243,-0.01378531394226475,-0.009853281876576043,-0.01978841003904578,0.011298568785217844,-0.014772461075728308,-0.02195121951219503,-0.016626508929217243
2021-10-28,-0.017325997695341967,-0.00462558576669995,-0.020416357694227262,-0.045651583252823036,-0.021328468926654888,-0.024978278368991875,-0.0037406483790524137,-0.017325997695341967
2021-10-29,0.008203659561827337,0.012087829736211031,0.021017448278165318,0.004226092092868875,0.023473753467483295,0.009023248438684517,0.0,0.008203659561827337
2021-11-01,0.004271708683473374,0.006027691402758828,0.00999590915473288,0.0028346756968271975,0.0010352142291256698,-0.0010949594282927781,-0.006257822277847325,0.004271708683473374
2021-11-02,-0.016162729570384005,-0.004427503725419113,0.003622827229373274,-0.031401280945686394,-0.005696441727809919,-0.027671967559681522,-0.015113350125944613,-0.016162729570384005
2021-11-03,0.008347462200945288,0.010155757453183978,-0.003946363405772553,0.01602559522340289,-0.01029628584358011,0.003503804676720845,0.019181585677749302,0.008347462200945288
2021-11-04,0.008196342681486536,0.013306779559537775,0.004971021048874702,-0.005150942181714449,0.013163726798668543,-0.0008365031160136502,0.006273525721455453,0.008196342681486536
2021-11-05,-0.013130102615000916,-0.0002634979138089373,-0.013844649642566449,-0.035377127483269266,-0.022839000438449997,-0.02208354943366686,-0.004987531172069848,-0.013130102615000916
2021-11-08,-0.0009756114310087716,-0.009831650167525628,0.0017390833131426166,0.010261899628868882,0.005609687111070608,0.012556697521320343,-0.022556390977443663,-0.0009756114310087716
2021-11-09,0.00353696967929884,0.007297327721992023,0.01968006148590732,-0.00394209146904582,0.015914618779609018,0.0016931818874084867,0.00512820512820511,0.00353696967929884
2021-11-10,0.002666207365455568,0.0018545190537672116,0.00025168735469046277,-0.012522978092222062,-0.0078402372482832,-0.004758560433157699,0.007653061224489832,0.002666207365455568
2021-11-11,0.013949818017843969,0.008348899255144666,0.017360361924281476,0.01636129496967927,0.006096934691258567,0.021233311933345062,0.0037974683544304,0.013949818017843969
2021-11-12,0.0011323576630387624,0.011284797584929875,0.004212944597656384,-0.011494566192813674,0.01917680035632685,-0.0069479185311121325,0.0050441361916770955,0.0011323576630387624
2021-11-15,0.0033395514811480247,0.00655944938802914,-0.010957521205189927,-0.011751070393325977,-0.022993812448645103,-0.008706404135588874,0.013801756587201952,0.0033395514811480247
2021-11-16,0.0034734990965578447,0.005599432235149285,-0.024230292130202963,-0.012093615742554187,-0.019760275896650782,-0.011420875189753652,0.021039603960395947,0.0034734990965578447
2021-11-17,0.011121971140703272,0.006865963379921883,0.015318216182809966,0.014306959045183715,0.019949051153290855,0.010986286780546212,0.0,0.011121971140703272
2021-11-18,-0.0060007468961138875,-0.018212905368425087,0.0109296160286468,0.011842541392480827,0.007797957270272103,0.003760018613133279,-0.016969696969696857,-0.0060007468961138875
2021-11-19,0.008506812349310909,0.006528126671154063,0.00535004547685114,0.015489737399627076,0.006459146811816252,0.012946705591431445,0.0014660912453760009,0.008506812349310909
2021-11-22,0.009793839911232578,0.009793839911232578,0.005979253965068783,0.009793839911232578,0.009793839911232578,0.009793839911232578,0.006123698714023185,0.015637803031195885
2021-11-23,0.011728612462141075,0.011728612462141075,0.01423169119169983,0.011728612462141075,0.011728612462141075,0.011728612462141075,0.025562994522215554,0.018086071932378395
2021-11-24,0.00837780597616396,0.00837780597616396,0.011691836645155568,0.00837780597616396,0.00837780597616396,0.00837780597616396,0.013056379821958508,0.02442977771083458
2021-11-25,-0.010986871457702089,-0.010986871457702089,-0.013742384884829373,-0.010986871457702089,-0.010986871457702089,-0.010986871457702089,-0.01991798476859985,-0.011072325033711694
2021-11-26,0.0025562427268122825,0.0025562427268122825,-0.0007983796120620088,0.0025562427268122825,0.0025562427268122825,0.0025562427268122825,0.02570233114166154,0.012663117856629658
2021-11-29,-0.006262054892734348,-0.006262054892734348,-0.008919120628827677,-0.006262054892734348,-0.006262054892734348,-0.006262054892734348,-0.00815850815850816,-0.002743756066231414
2021-11-30,-0.001395725513774574,-0.001395725513774574,-0.0030592479337618883,-0.001395725513774574,-0.001395725513774574,-0.001395725513774574,-0.011163337250293726,-0.009107488492795857
2021-12-01,0.015421196597667162,0.015421196597667162,0.019933831976728524,0.015421196597667162,0.015421196597667162,0.015421196597667162,0.009506833036244888,0.012204822328661342
2021-12-02,0.007707245518152234,0.007707245518152234,0.010732879051841726,0.007707245518152234,0.007707245518152234,0.007707245518152234,0.014125956444967613,0.01544420392529718
2021-12-03,0.012097848771352929,0.012097848771352929,0.013866195367285764,0.012097848771352929,0.012097848771352929,0.012097848771352929,-0.0029019152640743506,0.006894032639522929
2021-12-06,-0.006136745263930191,-0.006136745263930191,-0.00014140728464021946,-0.006136745263930191,-0.006136745263930191,-0.006136745263930191,-0.004074505238649495,-0.006300542603516608
2021-12-07,0.0030616621777267428,0.0030616621777267428,0.0071266820484435405,0.0030616621777267428,0.0030616621777267428,0.0030616621777267428,0.007013442431326622,-0.0019884389517943104
2021-12-08,0.004210005775983182,0.004210005775983182,0.004195185641119943,0.004210005775983182,0.004210005775983182,0.004210005775983182,0.0052234474753336535,0.0041185292370249
2021-12-09,0.001216051649286065,0.001216051649286065,0.004332067939746054,0.001216051649286065,0.001216051649286065,0.001216051649286065,0.002309468822170979,-0.002254134249581985
2021-12-10,-0.006518087269541765,-0.006518087269541765,-0.012002444912425192,-0.006518087269541765,-0.006518087269541765,-0.006518087269541765,-0.010368663594470084,-0.005419700778419727
2021-12-13,0.012752147806072442,0.012752147806072442,0.007969621129399435,0.012752147806072442,0.012752147806072442,0.012752147806072442,0.0011641443538998875,0.00806663066556279
2021-12-14,-0.020097888934646996,-0.020097888934646996,-0.01606947185243246,-0.020097888934646996,-0.020097888934646996,-0.020097888934646996,-0.019767441860465085,-0.020590089703396375
2021-12-15,0.004117116091716092,0.004117116091716092,0.008990834902071383,0.004117116091716092,0.004117116091716092,0.004117116091716092,0.007710557532621731,0.006408391837381547
2021-12-16,0.037734651540608136,0.037734651540608136,0.03739096943560997,0.037734651540608136,0.037734651540608136,0.037734651540608136,0.034137728075338325,0.03694893608218419
2021-12-17,-0.015132934842024822,-0.015132934842024822,-0.013671154896590244,-0.015466268175358157,-0.015466268175358157,-0.015466268175358157,-0.004414911781445595,-0.019011308590902238
2021-12-20,-0.022343648881075057,-0.016634050849901955,-0.013446234842996044,-0.029815944027341446,-0.029815944027341446,-0.024347193069294705,-0.019731649565903675,-0.016634050849901955
2021-12-21,0.0067630407637939705,0.004765884803223337,0.0068233981498386775,0.0024345837622153916,0.0024345837622153916,0.007036843867219625,0.004025764895330131,0.004765884803223337
2021-12-22,0.0030730576130650515,-5.485778444513933e-05,-0.002873315980674381,0.0024732085556872963,0.0024732085556872963,0.012017857792420296,-0.002405773857257487,-5.485778444513933e-05
2021-12-23,-0.006973385513502646,-0.004627375526953211,-0.005607780019827128,0.004800682213074022,0.004800682213074022,0.004323232949280202,-0.008038585209003246,-0.004627375526953211
2021-12-24,-0.004254737556793212,-0.007015135054032875,0.0012397679377122253,-0.03959597011518819,-0.03959597011518819,-0.024381972796748662,0.002431118314424774,-0.007015135054032875
2021-12-27,0.0065100402273052796,0.002931649806809637,0.0033491052701366537,-0.003731523578679896,-0.003731523578679896,0.0024732013814305898,0.00808407437348424,0.002931649806809637
2021-12-28,0.008903684671751844,0.007681692518812787,0.00538988054764126,0.019731844688959683,0.019731844688959683,0.01803043425205856,0.007217321571772128,0.007681692518812787
2021-12-29,-0.006559943826581204,-0.004786864876361485,-0.009489059233728262,-0.0036566702543531595,-0.0036566702543531595,-0.010946151218176176,-0.005573248407643283,-0.004786864876361485
2021-12-30,0.004254808192075539,0.0036125827375848756,0.005732349563233985,0.0036710113842599586,0.0036710113842599586,0.0038080834483388646,0.006405124099279291,0.0036125827375848756
2021-12-31,0.001736820352572129,0.0014426161748727724,-0.0005593858271291847,0.014354235604897125,0.014354235604897125,0.011876899702569258,-0.0007955449482894839,0.0014426161748727724
2022-01-04,-0.02195972672834893,-0.01235638332834484,-0.01680177092433018,-0.030753435126873452,-0.030753435126873452,-0.0016844258373330812,-0.0286624203821656,-0.01235638332834484
2022-01-05,-0.014212808557084067,-0.004902557531753246,-0.004524982034335564,-0.03866618978691542,-0.03866618978691542,-0.026645052639819495,-0.015573770491803196,-0.004902557531753246
2022-01-06,-0.004127015009396717,-0.0009046555947951711,-0.006645352540451398,0.0036493197735925445,0.0036493197735925445,-0.0034043866360028057,-0.0033305578684429404,-0.0009046555947951711
2022-01-07,-0.0033617002625215458,0.002099172173757398,0.0026853998298228907,-0.019063820390915066,-0.019063820390915066,-0.022518012910436647,-0.001670843776106934,0.002099172173757398
2022-01-10,0.008546890498061899,0.0074826884201428055,0.00924260866895558,-0.007589475361087486,-0.007589475361087486,0.017679821687973808,0.014225941422594035,0.0074826884201428055
2022-01-11,0.00014550384702079655,0.003849207550724561,0.00452878621195459,-0.010720921567351938,-0.010720921567351938,-0.01673185974776718,0.0024752475247524774,0.003849207550724561
2022-01-12,0.01231253585443855,0.00870784541836748,0.004657557585804254,0.03373993095379201,0.03373993095379201,0.03701255228719853,0.008230452674897082,0.00870784541836748
2022-01-13,-0.018230005750531242,-0.010832030000714421,-0.012275180869152653,-0.01808711317459018,-0.01808711317459018,-0.018969020310642033,-0.01632653061224487,-0.010832030000714421
2022-01-14,-0.0001387380981914257,-0.00803643598816069,-0.006119378619962663,0.00919286048041923,0.00919286048041923,0.004185657492461507,0.003979253112033177,-0.00803643598816069
2022-01-17,0.011357705932245757,0.004974400516276992,0.020373912653181593,0.013807458641916348,0.013807458641916348,0.01141419941658824,-0.0025445292620864812,0.010025786117288105
2022-01-18,-0.0047302142813986,-0.0017550483002446067,0.001783584710018086,-0.00629190372326734,-0.00629190372326734,0.0034351714099427615,-0.0012755102040816757,-0.000946231182641329
2022-01-19,-0.025050354136481597,-0.021338548906160527,-0.023878776904495504,-0.03049516772083001,-0.03049516772083001,-0.01923720109766628,-0.017879948914431676,-0.019479941377619398
2022-01-20,0.00049713512606316,0.0010639885209069817,-0.013873917146794756,0.0016364582192241644,0.0016364582192241644,-0.017531867474466185,0.016905071521456483,-0.00577611055297537
2022-01-21,-0.002237511201174436,-0.010283488212668704,-0.013910462808500982,-0.0015515614525095642,-0.0015515614525095642,-0.007860965902304154,-0.005115089514066473,-0.01041908945401156
2022-01-24,0.011880313910802947,0.0029571908278603534,0.014792888687873724,0.00818968651396294,0.00818968651396294,0.019779152184271398,-0.01799485861182526,0.007922925917270396
2022-01-25,-0.0298938632914603,-0.029416675834332492,-0.019209897473491812,-0.027866700478155534,-0.027866700478155534,-0.026613348816385957,-0.04057591623036649,-0.026604841083697907
2022-01-26,6.906412596670818e-05,-0.009698785741411732,0.005393307413213866,-0.0051818441809687865,-0.0051818441809687865,0.014403816852072222,-0.034106412005457054,-0.004473146528497838
2022-01-27,-0.03614388939154604,-0.03198592440764088,-0.029672331430425133,-0.03297473410899861,-0.03297473410899861,-0.03373414380499924,-0.04378531073446312,-0.036030830382373015
2022-01-28,-0.011720312340720906,-0.010134368261633386,-0.006968065170558924,-0.009660139283643805,-0.009660139283643805,-0.01474468098821598,-0.005908419497784312,-0.005683273838205401
2022-02-07,0.02704580105196667,0.02461920880970858,0.0022874263364562144,0.024884474609379998,0.024884474609379998,0.020470725843092803,0.04606240713224352,0.01890279848078976
2022-02-08,-0.03270958252456202,-0.021990352587291873,-0.024573564971296036,-0.03442155703236464,-0.03442155703236464,-0.018781313210121733,-0.021306818181818232,-0.02098720250853995
2022-02-09,0.005973076444302228,0.0036362390025652665,0.0142752260183668,0.008443298402815916,0.008443298402815916,0.01184106408592722,0.0,0.008729973309545613
2022-02-10,-0.020983810423546877,-0.01548721975815115,-0.010638242531121481,-0.02051777135615762,-0.02051777135615762,-0.00988656263885627,-0.005805515239477366,-0.013039453345003189
2022-02-11,-0.02826765143067015,-0.0322569398541714,-0.016860912544583218,-0.022446995130582976,-0.022446995130582976,-0.021895346500516423,-0.033576642335766405,-0.028694014522710698
2022-02-14,0.0011691726178278588,-0.0006686932315698169,0.0022718696805290595,0.005665246907768928,0.005665246907768928,-0.001458032055965619,-0.0015105740181269312,-0.0005612173663055073
2022-02-15,0.03673892549827055,0.037681701727128925,0.03435716373668366,0.03830290864309201,0.03830290864309201,0.029228668244947333,0.03177004538577921,0.0312336630101749
2022-02-16,0.0028830589166235487,0.0013842579573909812,-0.005988798071173991,0.003453835172331295,0.003453835172331295,0.004519301744741466,0.0058651026392961825,-0.002199971433290056
2022-02-17,0.022661304206120853,0.014632561980815565,0.0152098831084236,0.023720556109464143,0.023720556109464143,0.01841207277587764,0.014577259475218485,0.01567941191419786
2022-02-18,-0.008085734319658198,-0.0010199395997073269,-0.007056871940885556,-0.009776236750977496,-0.009776236750977496,-0.006266709363810092,-0.001,-0.004001861116280868
2022-02-21,-0.004195058921514875,0.0007096268226359039,-0.0037571442861568847,0.002946299713435814,0.002946299713435814,0.0013589538905994791,0.0008403361344537785,0.0009897388674538301
2022-02-22,0.0056512089426316026,-0.011873763194330495,-0.0024588895649284566,-0.014789260649842281,-0.014789260649842281,-0.03285212477070905,0.015113350125944613,-0.0012493876402446629
2022-02-23,0.045569288994361815,0.03426835533841288,0.04579519584297416,0.030913910349935476,0.030913910349935476,0.013026682110457802,0.03639371381306855,0.039455148831657974
2022-02-24,-0.007328946506969322,-0.01771633234679056,-0.004643330503514065,-0.010723610321916526,-0.010723610321916526,-0.03870857904055162,0.006384676775738285,-0.008166956476584645
2022-02-25,0.014624547695627488,0.023712004394315086,0.006050325908802871,0.007223823252949272,0.007223823252949272,0.009931287994255317,0.015860428231562196,0.018246125632792817
2022-02-28,0.014911892364805427,0.0035024824977013163,0.010022303662983324,0.012136916099294865,0.012136916099294865,0.001303912516071944,0.024980483996877467,0.010603820300582044
2022-03-01,-0.00025537628341091656,0.004625519945854251,0.0025610178613816315,0.011238477256126403,0.011238477256126403,0.019887164447077055,0.006854531607006997,0.005689362593855366
2022-03-02,-0.011046770324879144,-0.01337781523072982,-0.014982086965748171,-0.0007610099832338069,-0.0007610099832338069,-0.005573827988269034,0.00529500756429635,-0.007963177672801303
2022-03-03,-0.021293145639874573,-0.011282877951372394,-0.021170434382760228,-0.01760125186391992,-0.01760125186391992,-0.022021514592667765,-0.020316027088036037,-0.014364850080348749
2022-03-04,-0.010129938766353225,0.003238060047742926,-0.011814682654354702,-0.0049024439167198635,-0.0049024439167198635,-0.006315038777302809,-0.006144393241167445,0.0030556006091448555
2022-03-07,-0.035283606166976934,-0.0359231583182981,-0.031969739652878894,-0.020468128318059404,-0.020468128318059404,-0.03862557357082319,-0.02086553323029372,-0.031621300414449806
2022-03-08,-0.009160718915304417,-0.017548487677524482,-0.0229816493674219,-0.024420818362111813,-0.024420818362111813,-0.012553870868172832,-0.0007892659826360671,-0.009397336856202549
2022-03-09,0.0038039902302751854,-0.015869708750360013,-0.007189170889771667,-0.010094000259877018,-0.010094000259877018,-0.00723637100879119,0.003159557661927437,-0.004856363500501078
2022-03-10,0.029952453974777672,0.02743715923682773,0.02596977842305659,0.0222590925854406,0.0222590925854406,0.026569861554963582,0.03622047244094495,0.02787478420516461
2022-03-11,-0.00438417548941609,0.015802781289507035,-7.984119659247102e-05,0.008214725613490162,0.008214725613490162,0.00923947887884587,-0.008358662613981882,0.00508005248167176
2022-03-14,-0.03317326536010923,-0.018418943759068458,-0.024495246966914852,-0.019528548733763158,-0.019528548733763158,-0.03808506262977458,-0.029885057471264354,-0.023212670926492485
2022-03-15,-0.023459527132512904,-0.03514429355750818,-0.028243956732328785,-0.04262462129760706,-0.04262462129760706,-0.05530974202740538,-0.025276461295418717,-0.030446421075928577
2022-03-16,0.0533410797873779,0.04109743291679502,0.05011010435218122,0.034713011453171294,0.034713011453171294,0.031477075799370015,0.03484602917341961,0.041783814225967664
2022-03-17,0.011266444374228968,0.029019241094789223,0.014446621776527483,0.022332730861675865,0.022332730861675865,0.04080051718892748,-0.006264682850430692,0.013703500250465739
2022-03-18,-0.008222724894100362,0.006268023544756716,-0.009041903220991075,-0.008031920140188348,-0.008031920140188348,-0.0005879284780599582,-0.008092198581560184,0.001995560404338423
2022-03-21,0.006254328512026304,0.001032196846964502,0.010777464706526702,0.002902400783339957,-0.0009940151823378445,-0.0019448766416024776,0.013355592654423987,0.006254328512026304
2022-03-22,-0.01033936624435372,-0.001314091816265739,-0.0035905216812132474,-0.00475117813139451,-0.002457369419238575,-5.145557546544976e-05,-0.016474464579901205,-0.01033936624435372
2022-03-23,0.02877475861725642,0.005386909870893852,0.009389144680510442,0.030097725319202216,0.02575156467331855,0.008483702825782702,0.06365159128978237,0.02877475861725642
2022-03-24,0.007317676553839784,-0.0206588207082391,-0.01349162835743678,-0.0016253240290034316,0.0011019003217841439,-0.02045288715095528,0.03622047244094495,0.007317676553839784
2022-03-25,-0.033434882579100135,-0.009895515161447746,-0.010807117186679668,-0.0311289498754402,-0.028314639450136087,-0.010766919884585816,-0.07446808510638303,-0.033434882579100135
2022-03-28,-0.0006514408996989669,-0.0022998833721637277,-0.010870875251005089,0.002121695441285413,0.004084627382955822,0.00417474677364286,-0.0049261083743842304,-0.0006514408996989669
2022-03-29,0.009052167722887083,-0.018357952671013734,0.0007669657243091952,0.0008474215781148677,0.003956835704478172,-0.015079786906280347,0.03300330033003296,0.009052167722887083
2022-03-30,0.023895642770715098,0.01937315093822911,0.026129332806559564,0.022068058512467882,0.027642791679154396,0.019034245945907635,0.030351437699680517,0.023895642770715098
2022-03-31,-0.01661325216435964,-0.011113384295877604,-0.016565475702966032,-0.017118128813814616,-0.017471875406402604,-0.004796627385826054,-0.041860465116279055,-0.01661325216435964
2022-04-01,0.005373376066118799,0.012495437940929294,0.015599212239393903,0.0042341802918376414,0.010380342279981563,0.010836042426963899,-0.021035598705501646,0.005373376066118799
2022-04-06,0.01842176712498041,-0.009438284790151075,-0.011719859932883232,0.017681871236812897,0.019245026043618697,-0.000219036632747027,0.05123966942148761,0.01842176712498041
2022-04-07,-0.025951000765182048,-0.021694322870712525,-0.017760030688394712,-0.029163240196949602,-0.02705308612040676,-0.025226599153390317,-0.037735849056603765,-0.025951000765182048
2022-04-08,-0.017015285794321322,-0.016967751168596168,-0.016259769231025567,-0.01813666390900437,-0.007847593813970303,-0.020905536561571975,-0.008169934640522847,-0.017015285794321322
2022-04-11,-0.030441141070282653,-0.041070138164941386,-0.04790851291156465,-0.037634681348170974,-0.034363830001357565,-0.03956024054584757,-0.04448105436573313,-0.030441141070282653
2022-04-12,0.022271541543661844,0.017100045865805637,0.017040182863692428,0.01789546338799375,0.02272141245495477,0.019177454685425088,0.01379310344827589,0.022271541543661844
2022-04-13,-0.028316486528841035,-0.02558404890690032,-0.027309671164336097,-0.03001787741429266,-0.027020038039544704,-0.029958920498192893,-0.025510204081632626,-0.028316486528841035
2022-04-14,0.01763167723538957,0.007687900740924661,5.179417544705822e-05,0.013360667276075024,0.015568810999081324,0.007119167469853638,0.029668411867364686,0.01763167723538957
2022-04-15,-0.009710743132523292,-0.007185409109230118,-0.013517247657904036,-0.011444482958196923,-0.010312752225556165,-0.015955082867984933,-0.001,-0.009710743132523292
2022-04-18,0.01822165095274434,0.01822165095274434,0.022895486292356194,0.016145882725005313,0.0003406986375077785,0.014301335341529258,0.012345679012345734,0.017799948581321536
2022-04-19,-0.012409733246726895,-0.012409733246726895,-0.002609463483691695,-0.011137364821545592,-0.004108217999843733,-0.009818085628953253,-0.008130081300813052,-0.009195923553221
2022-04-20,-0.009606080997649516,-0.009606080997649516,-0.026228956022620393,-0.008131552317344673,-0.0016836654960621375,-0.015522546671908702,-0.004098360655737654,-0.018055612611181753
2022-04-21,-0.02054133269664219,-0.02054133269664219,-0.03944051250771104,-0.02765175930057684,-0.023076495692962735,-0.039090173627876514,-0.03292181069958855,-0.027554477070022156
2022-04-22,-0.022480033180238352,-0.022480033180238352,-0.019736085923731068,-0.02018751149713497,-0.005021015087051735,-0.007501338887154688,-0.026950354609928895,-0.020419483325570826
2022-04-25,-0.07101265840047147,-0.07101265840047147,-0.06869935861203258,-0.06829042086492687,-0.06419342619497984,-0.05490677666992408,-0.06997084548104959,-0.06893293641987522
2022-04-26,-0.03790224045669658,-0.03790224045669658,-0.02665192872757538,-0.039290535041396825,0.0031311293296263,-0.013436384222043997,-0.043887147335423204,-0.031704190928947606
2022-04-27,0.053653847205554474,0.053653847205554474,0.0763156264327225,0.0529205094500839,0.0392629093895341,0.042603005460148315,0.04754098360655745,0.06896795406895709
2022-04-28,-0.009253831575017949,-0.009253831575017949,-0.005140618841723565,-0.011671414729749308,0.008301988155272461,0.005927343221558598,-0.021909233176838794,-0.006295531242921296
2022-04-29,0.055321219158370585,0.055321219158370585,0.05405162455664343,0.05996075568807449,0.022883354683823333,0.04372839989036932,0.07200000000000006,0.05518077750737345
2022-05-05,-0.0011582912311826066,-0.0011582912311826066,0.001079762224247216,0.003864465334732318,0.0042340902599678305,-0.011230481651882784,0.0029850746268655914,-0.001573637444077828
2022-05-06,-0.010591078462255044,-0.010591078462255044,-0.00858301810771848,-0.006771298104250071,-0.032516509875110455,-0.020911424079573505,0.008928571428571397,-0.010801077742405463
2022-05-09,-0.010509090844540806,-0.010509090844540806,-0.0027610200587977847,-0.008928863075942872,0.0012885103765567143,-0.0011069378454862848,-0.013274336283185861,-0.010594161458483945
2022-05-10,0.02020349607145603,0.02020349607145603,0.026939578150433647,0.023348174288644774,0.013393459985682716,0.020147307734560638,0.01943198804185342,0.02687441914657181
2022-05-11,0.02522624460191188,0.02522624460191188,0.03222499784913831,0.0192073040098788,0.01631843652947055,0.024035802223174436,0.013196480938416189,0.03572031896680316
2022-05-12,0.0015181252387899873,0.0015181252387899873,-0.0028024394313470587,0.00427868083439716,0.005857633813332042,-0.004753683741742897,0.004341534008682979,-0.00011921364241507248
2022-05-13,-0.005354400934700409,-0.005354400934700409,0.0039994969150798365,-0.004958940958595281,-0.0028228771384451257,0.006802091238721626,-0.005322766570605152,0.0010972973557258356
2022-05-16,-0.008337361624530765,-0.008337361624530765,-0.010455228534064442,-0.008833539219355849,-0.008833539219355849,0.004132359207359104,-0.006501950585175553,-0.010455228534064442
2022-05-17,0.010121725628461215,0.010121725628461215,0.027489212820872945,0.018848504908794375,0.018848504908794375,0.003939978186768685,0.01308900523560208,0.027489212820872945
2022-05-18,0.0017937273751227334,0.0017937273751227334,0.006473326793102751,0.0015758673501887384,0.0015758673501887384,-0.0004395115583491296,0.0025839793281654533,0.006473326793102751
2022-05-19,-0.002412686417361883,-0.002412686417361883,0.026225896601882015,0.0064373199221841775,0.0064373199221841775,0.0036647556576494913,0.002577319587628857,0.026225896601882015
2022-05-20,0.01239473943314991,0.01239473943314991,0.008613333269517668,0.008288103811249965,0.008288103811249965,0.014393169707423843,0.011568123393316254,0.008613333269517668
2022-05-23,0.0063125259401185145,0.0063125259401185145,0.003434071108254444,0.008755806917430942,0.008755806917430942,0.013453836720748994,0.008894536213468918,0.003434071108254444
2022-05-24,-0.04673389644718495,-0.04673389644718495,-0.036825301392534406,-0.043280410999239696,-0.043280410999239696,-0.03787975595410442,-0.037783375314861534,-0.036825301392534406
2022-05-25,0.01227804693962146,0.01227804693962146,0.005333105247381509,0.008015302880959085,0.008015302880959085,0.016930777404080777,0.0013089005235602524,0.005333105247381509
2022-05-26,0.009932780700356043,0.009932780700356043,-0.0012848999322973007,0.002036402479006679,0.002036402479006679,0.01019894653460011,0.005228758169934622,-0.0012848999322973007
2022-05-27,-0.0045345178473154,-0.0045345178473154,-0.0061551288803027475,-0.005187412970102057,-0.005187412970102057,-0.003257649994869401,-0.006501950585175553,-0.0061551288803027475
2022-05-30,0.02648138485160574,0.02648138485160574,0.014051351199392787,0.022238998231082364,0.022238998231082364,0.002259016956326169,0.02617801047120416,0.014051351199392787
2022-05-31,0.022737018576929186,0.022737018576929186,0.023999943690580006,0.021281800552489367,0.021281800552489367,0.017119348561884795,0.01913265306122458,0.023999943690580006
2022-06-01,0.000831069283453815,0.000831069283453815,-0.0015034193597217582,0.0025311389958096635,0.0025311389958096635,0.001845936592171952,0.003754693366708306,-0.0015034193597217582
2022-06-02,0.018499820970584148,0.018499820970584148,0.0289955610736942,0.0269137330515139,0.0269137330515139,0.015667427430959096,0.021197007481296604,0.0289955610736942
2022-06-06,0.03599116227687656,0.03599116227687656,0.037104988355395774,0.0352444053676831,0.0352444053676831,0.015563755254614692,0.03785103785103794,0.037104988355395774
2022-06-07,-0.006225339793537527,-0.006225339793537527,-0.007197984655266073,-0.011944011294299263,-0.011944011294299263,-0.0030440230946419122,-0.008235294117647118,-0.007197984655266073
2022-06-08,0.009356635558145735,0.009356635558145735,0.0004297231945841197,0.004651847306271106,0.004651847306271106,0.0047174181048110775,0.007117437722419906,0.0004297231945841197
2022-06-09,-0.029701280825314754,-0.029701280825314754,-0.02233547385118891,-0.030214725798237474,-0.030214725798237474,-0.010404305383576876,-0.028268551236749095,-0.02233547385118891
2022-06-10,0.012575563109489705,0.012575563109489705,0.016715909884196318,0.012942735493687074,0.012942735493687074,0.008428401823041165,0.00969696969696976,0.016715909884196318
2022-06-13,-0.0007520367416049927,-0.0007520367416049927,-0.003928060135133174,-0.005122348775332537,-0.005122348775332537,-0.004380078137126412,-0.0036014405762304635,-0.003928060135133174
2022-06-14,-0.0058260355196791585,-0.0058260355196791585,-0.016387952937784795,-0.010783080240219085,-0.010783080240219085,-0.005756734502250856,-0.009638554216867434,-0.016387952937784795
2022-06-15,0.015979005357940647,0.015979005357940647,0.0035684858517227207,0.01401352872632159,0.01401352872632159,0.004584590493919534,0.010948905109489093,0.0035684858517227207
2022-06-16,0.0036067437921125283,0.0036067437921125283,0.01722277405468886,0.007943226786314761,0.007943226786314761,0.017218439490899996,0.010830324909747224,0.01722277405468886
2022-06-17,-0.003915392426053986,-0.003915392426053986,0.0044790016876904435,-0.004009631977634523,-0.004009631977634523,-0.0028055581430439873,-0.004571428571428559,0.0044790016876904435
2022-06-20,0.0053119666999590365,-0.0027383751385336623,0.0053119666999590365,0.0048296929823912205,0.015162812315329935,0.0007598852492692511,0.020270270270270396,0.0053119666999590365
2022-06-21,-0.0005788251763108412,0.005216127194583345,-0.0005788251763108412,-0.003429273183762071,-0.006120276509965271,0.002642598075563181,0.0026490066225166586,-0.0005788251763108412
2022-06-22,-0.006790236580508701,-0.015378888818354548,-0.006790236580508701,-0.009015072914387598,-0.01366194782765843,-0.0118569184694202,-0.015852047556142668,-0.006790236580508701
2022-06-23,0.0023011218503992867,0.0051163777674242406,0.0023011218503992867,0.01597566784852829,0.025707173689873963,0.007323104786215636,0.01879194630872494,0.0023011218503992867
2022-06-24,-0.019362161912341375,-0.018474813756584697,-0.019362161912341375,-0.014786449864936897,0.005434885956362656,-0.013393983252025343,-0.00922266139657446,-0.019362161912341375
2022-06-27,0.013484629035846647,0.009736267578159225,0.013484629035846647,0.00802054640762558,0.005355565689525739,0.007373230249393921,0.005319148936170137,0.013484629035846647
2022-06-28,0.00034382280742547254,0.004467581503858361,0.00034382280742547254,0.005507308157034078,0.010640666149806594,0.0026802714055563044,-0.006613756613756627,0.00034382280742547254
2022-06-29,-0.015084786125623917,0.0027627084277529836,-0.015084786125623917,-0.012101036050670439,-0.0124604214833377,-0.004671876895222378,0.031957390146471365,-0.015084786125623917
2022-06-30,0.011048178417222422,0.010639750940071302,0.011048178417222422,0.009161371006350356,0.011098725704747976,0.007372135987139853,0.010322580645161228,0.011048178417222422
2022-07-01,-0.008305008243105316,-0.014722106774853416,-0.008305008243105316,-0.014762154684190546,-0.004953171720845159,-0.007595077932998443,-0.0063856960408684715,-0.008305008243105316
2022-07-04,0.025492769819058382,-0.005401870577701065,0.025492769819058382,0.00271985528552295,-1.0986154995913829e-05,-0.0022137430139522736,-0.003856041131105381,0.025492769819058382
2022-07-05,-0.010099923970891692,-0.007507331378299101,-0.010099923970891692,-0.005159913537923518,-0.005166537151104526,-0.0017417964647821194,-0.011612903225806437,-0.010099923970891692
2022-07-06,-0.023496675795273182,-0.020168319443400546,-0.023496675795273182,-0.018621206194159707,-0.008171363273566008,-0.021698709901386337,-0.02088772845953002,-0.023496675795273182
2022-07-07,0.0096521235451034,0.001417177017758379,0.0096521235451034,0.013239844503595128,0.014892265622840073,0.003083312713891469,0.0,0.0096521235451034
2022-07-08,0.0016306685262105214,0.0007370944716803551,0.0016306685262105214,-0.009963436013022778,-0.006944547515976099,-0.00241670432836009,0.002666666666666595,0.0016306685262105214
2022-07-11,0.0010698585513571795,-0.0048758865248226995,0.0010698585513571795,-0.018157136524822683,-0.02716614553383171,-0.011739893388829525,-0.0146276595744681,0.0010698585513571795
2022-07-12,-0.00933608067406418,0.0012874482056131438,-0.00933608067406418,-0.008616581626019082,-0.013090030978986533,0.0011053985386893323,0.005398110661268607,-0.00933608067406418
2022-07-13,-0.0006050895312639621,-0.008802965691606619,-0.0006050895312639621,0.007269646640634156,0.008949333022870116,-0.0011376901947547369,0.008053691275167862,-0.0006050895312639621
2022-07-14,-0.0145604654911838,-0.020070260149141112,-0.0145604654911838,-0.0005860701818218104,0.011873489488996062,-0.01611444192188808,-0.01464713715046606,-0.0145604654911838
2022-07-15,-0.03544915531827241,-0.03076871067992041,-0.03544915531827241,-0.03307870134285229,-0.021520576914943097,-0.03611500497321529,-0.045594594594594584,-0.03544915531827241
2022-07-18,0.025608610706282283,0.029644797487467102,0.029644797487467102,0.03797633113664263,0.012225809247002081,0.03797633113664263,0.04746317512274967,0.025608610706282283
2022-07-19,-0.002950977386146099,0.0007917565247515708,0.0007917565247515708,-0.0001340170631094484,-0.0024688976389752497,-0.0001340170631094484,-0.005468750000000133,-0.002950977386146099
2022-07-20,0.011130138198114887,0.008143818545128504,0.008143818545128504,0.0058399012898219995,0.0010405851681480522,0.0058399012898219995,0.02120974076983506,0.011130138198114887
2022-07-21,0.006503464615639701,-0.005749542787960285,-0.005749542787960285,-0.012310099915733692,-0.007960553278302992,-0.012310099915733692,0.006153846153846176,0.006503464615639701
2022-07-22,-0.005324595899292166,0.0011352743575628874,0.0011352743575628874,-0.0019697173886985917,-0.005550662719950379,-0.0019697173886985917,0.003822629969418845,-0.005324595899292166
2022-07-25,-0.0019633900493044214,0.0028946305505966143,0.0028946305505966143,-0.0017819454003057027,-0.01646895848114856,-0.0017819454003057027,-0.0015232292460015673,-0.0019633900493044214
2022-07-26,0.02778579650766444,0.028785631641232858,0.028785631641232858,0.0199699244106745,0.008172565282989227,0.0199699244106745,0.03661327231121292,0.02778579650766444
2022-07-27,-0.008671598935015382,-0.006294499095182685,-0.006294499095182685,-0.0032705582665475035,0.00534631981630244,-0.0032705582665475035,-0.010301692420897735,-0.008671598935015382
2022-07-28,0.016324126720340892,0.008456089496652108,0.008456089496652108,0.017123622578224824,0.008128118165272258,0.017123622578224824,0.02230483271375472,0.016324126720340892
2022-07-29,-0.01425346113427687,-0.009469806982294049,-0.009469806982294049,-0.010933871206571003,-0.011332783915216527,-0.010933871206571003,0.0021818181818180626,-0.01425346113427687
2022-08-01,0.006596905260705517,2.0804959405484663e-05,2.0804959405484663e-05,0.007777835253864699,0.02342343139540877,0.007777835253864699,0.013788098693759077,0.006596905260705517
2022-08-02,-0.016867601251906228,-0.020787488246155096,-0.020787488246155096,-0.02596119105922523,-0.027640996037601687,-0.02596119105922523,-0.015032211882605728,-0.016867601251906228
2022-08-03,0.002986917230550704,-0.012062691450788272,-0.012062691450788272,-0.00631348719943059,-0.010528286871240373,-0.00631348719943059,-0.005087209302325535,0.002986917230550704
2022-08-04,0.004229491456118653,0.0005908561781933224,0.0005908561781933224,-0.0034558585285820263,0.009149037156280718,-0.0034558585285820263,-0.013148283418553675,0.004229491456118653
2022-08-05,0.04328903552305648,0.019340971538323037,0.019340971538323037,0.015236613046862042,0.020939673574169888,0.015236613046862042,0.030347890451517312,0.04328903552305648
2022-08-08,-0.0038674751677439203,-0.0013775728240403478,-0.0013775728240403478,0.00929219248184776,0.0049691803382451525,0.00929219248184776,-0.0035919540229883973,-0.0038674751677439203
2022-08-09,0.0016114391479901862,-0.003785698680274711,-0.003785698680274711,0.008995248214211788,0.00774699355302381,0.008995248214211788,-0.0014419610670511895,0.0016114391479901862
2022-08-10,-0.005081963986209895,-0.004188539900749558,-0.004188539900749558,-0.00498717852699874,-0.013511960029985634,-0.00498717852699874,0.0007220216606498298,-0.005081963986209895
2022-08-11,0.019057460089508295,0.019796064629963157,0.019796064629963157,0.02849011352948364,0.02307838740460314,0.02849011352948364,0.024531024531024626,0.019057460089508295
2022-08-12,-0.004333399942321033,0.00473970981698757,0.00473970981698757,0.009115626412277885,-0.013191768826039932,0.009115626412277884,0.009154929577464888,-0.004333399942321033
2022-08-15,-0.004045924859270984,-0.013285546318987557,-0.004045924859270984,-0.003683623748776694,0.006714603366139863,0.001098598227858479,-0.024424284717376232,-0.004045924859270984
2022-08-16,0.0036504214926450875,0.0074179283018088365,0.0036504214926450875,-0.006720856110111935,0.004197234550149716,0.010324596823575708,0.005722460658083017,0.0036504214926450875
2022-08-17,0.006171143430132512,0.0014990712846463619,0.006171143430132512,0.006651981891170481,0.007737345740002176,-0.006081887040019069,0.0,0.006171143430132512
2022-08-18,-0.007737563789695996,-0.012358190736526145,-0.007737563789695996,-0.017091103387773456,-0.003953254156695192,-0.014703637714061689,-0.012091038406827792,-0.007737563789695996
2022-08-19,-0.007839901054430703,0.0038477147612465674,-0.007839901054430703,-0.013644311682634469,-0.01614205987657894,0.0062800334568735945,0.00647948164146861,-0.007839901054430703
2022-08-22,0.017073479613729514,0.005802699112179788,0.017073479613729514,0.014173543920154796,0.013498944494419574,0.012583342152608774,0.016452074391988702,0.017073479613729514
2022-08-23,-0.0016466304501162599,-0.00939360242268746,-0.0016466304501162599,-0.009679233645961793,-0.009620100879673835,-0.0034265238852280535,0.0035186488388458947,-0.0016466304501162599
2022-08-24,-0.015165286959353078,-0.007938015587592403,-0.015165286959353078,-0.022163776747832355,-0.036899297095233353,-0.02123961900214788,0.003506311360448988,-0.015165286959353078
2022-08-25,0.00011364343828790301,0.009110879679576096,0.00011364343828790301,0.0008555219047833669,-0.0028831889193570897,0.008667494834556606,0.004891684136967056,0.00011364343828790301
2022-08-26,0.001446840382983668,0.0016656350325402098,0.001446840382983668,0.0009368054797168993,-0.0037359416256593407,0.000375891547070369,0.004172461752433909,0.001446840382983668
2022-08-29,-0.014174972206821658,-0.011552112606953175,-0.014174972206821658,-0.012112864105936445,-0.006929861028731498,-0.002197498332764021,-0.020775623268698085,-0.014174972206821658
2022-08-30,-0.0033447225448924494,-0.002080712998598651,-0.0033447225448924494,-0.004217863795531536,-0.005804794254833304,-0.0022750413780105263,-0.007779349363507659,-0.0033447225448924494
2022-08-31,-0.009645249651522655,0.005912939104796732,-0.009645249651522655,-0.001163698581989391,-0.018846139835435077,-0.012552804261585707,0.002138275124732747,-0.009645249651522655
2022-09-01,-0.013368217146823383,-0.0077683962434032345,-0.013368217146823383,-0.0068798348088777335,-0.005563496319573535,-0.0013324521132276703,-0.027027027027026862,-0.013368217146823383
2022-09-02,-0.007697873506084381,-0.007722728216681925,-0.007697873506084381,-0.009179387363705011,-0.0001616720186298215,-0.0006777541691216733,-0.014619883040935644,-0.007697873506084381
2022-09-05,0.005976570022351968,0.005732862347115749,0.005976570022351968,-0.01290521073983571,-0.006289268223166333,-0.0001649207569146549,0.020771513353115667,0.005976570022351968
2022-09-06,0.007386447531796292,0.008929744718657854,0.007386447531796292,0.005058859639349119,0.008713186976838575,0.014647932764806727,0.014534883720930258,0.007386447531796292
2022-09-07,0.0010337890990838048,-0.011084048903908017,0.0010337890990838048,0.0027587635111841298,0.00826097164789578,-0.007378928237748846,-0.015759312320916763,0.0010337890990838048
2022-09-08,-0.0049861673310126475,0.0033722162206804387,-0.0049861673310126475,-0.012096739582086161,-0.016067970559101807,-0.010665608914136407,0.011644832605531175,-0.0049861673310126475
2022-09-09,0.020578284699895866,0.02794526804051667,0.020578284699895866,0.019753315638731835,0.01685920768962686,0.012273467673185118,0.03137410071942448,0.020578284699895866
2022-09-13,-0.003987120336191159,-0.003987120336191159,0.014170750003917506,-0.003987120336191159,0.005657364157824066,0.004198623364462491,0.00561797752808979,-0.014653048040298433
2022-09-14,-0.018563910349349157,-0.018563910349349157,-0.022806003353598947,-0.018563910349349157,-0.02275653665408639,-0.008035054585625923,-0.027932960893854775,-0.019560367757203746
2022-09-15,-0.028485335890940894,-0.028485335890940894,-0.035104231398725316,-0.028485335890940894,-0.04000026007282531,-0.032654415584095056,-0.04501915708812265,-0.011938156389525074
2022-09-16,-0.025642439341951834,-0.025642439341951834,-0.018397031815645448,-0.025642439341951834,-0.01814154149166195,-0.011301953902375464,-0.02006018054162484,-0.02284008710599894
2022-09-19,0.0036721843034588364,0.0036721843034588364,0.007982841864803431,0.0036721843034588364,0.0049272858445104095,-0.006677822941563641,0.0122824974411464,-0.011675734386206355
2022-09-20,0.016750354324769196,0.016750354324769196,0.012770779013672146,0.016750354324769196,0.02068916670454938,0.006748434267671206,0.022244691607684386,0.010385317470616549
2022-09-21,-0.009400162192884828,-0.009400162192884828,-0.008435007129369065,-0.009400162192884828,-0.0042059029002648645,-0.008583674039029859,-0.0029673590504449843,-0.013372023664746324
2022-09-22,-0.008647371261653453,-0.008647371261653453,-0.006331818068907294,-0.008647371261653453,-0.004783492579513678,-0.004164655467075969,-0.007936507936507908,-0.016504601804057325
2022-09-23,-0.007647791389213638,-0.007647791389213638,-0.012248573884504177,-0.007647791389213638,-0.012493195651017882,-0.020816136156929232,-0.0050000000000000044,-0.010125585663913455
2022-09-26,0.006845315404089022,0.006845315404089022,0.0024927851867716146,0.006845315404089022,0.009155728338726798,0.0030751793263751694,0.018090452261306345,0.004047959503284848
2022-09-27,0.013791158291958204,0.013791158291958204,0.0063625953823809684,0.013791158291958204,0.0032621249535081205,0.011673342014032029,-0.0029615004935833467,0.02391133539505748
2022-09-28,-0.034088188693083166,-0.034088188693083166,-0.03106325493833425,-0.034088188693083166,-0.038695216885017016,-0.03091389096353714,-0.0435643564356436,-0.02414942161369271
2022-09-29,0.01312027784755491,0.01312027784755491,0.00767037061193343,0.01312027784755491,0.008422218113523986,0.0030066187156629898,0.006211180124223503,0.007153939112492513
2022-09-30,-0.024762896504138838,-0.024762896504138838,-0.02404839372839932,-0.024762896504138838,-0.029385087581769533,-0.023017213868361048,-0.03703703703703698,-0.017671611546128323
2022-10-10,-0.027113043417391253,-0.027113043417391253,-0.004190612672188305,-0.027113043417391253,-0.02846405317335543,-0.05092270881744557,-0.026709401709401726,-0.026314582618930493
2022-10-11,0.016789462581633902,0.016789462581633902,0.02162813088223914,0.016789462581633902,0.02654690704023806,0.004268517879657282,0.0373216245883643,0.007194375266339333
2022-10-12,0.026505582009835434,0.026505582009835434,0.030161493721951278,0.026505582009835434,0.03855690430347376,0.03679507852028655,0.033862433862433816,0.0171666010728612
2022-10-13,0.004484445390069203,0.004484445390069203,-0.0013009384831002006,0.004484445390069203,-0.007223009337055404,-0.0003263432678190328,-0.0122824974411464,0.007441356826583386
2022-10-14,0.039745204696793615,0.039745204696793615,0.012660275778105134,0.040078538030126946,0.020155748754831206,0.02120618828851687,0.01868911917098448,0.054378626797084786
2022-10-17,0.018055404040725177,0.018055404040725177,0.003818773938809731,0.007784002238348112,-0.0013268448620619893,0.000989461096523684,0.021437578814627933,0.009964686881507756
2022-10-18,-0.008117226864932176,-0.008117226864932176,-0.0002650743889332321,-0.0014818591912974704,0.0039666561104672775,0.0020801369840559207,-0.00987654320987652,-0.0030758872156730894
2022-10-19,-0.005012240922465364,-0.005012240922465364,-0.0047137619591390845,-0.0018039970733263095,9.560136852659884e-05,-0.00785879586061522,-0.006234413965087282,-0.0025735978429270627
2022-10-20,0.024004707631112582,0.024004707631112582,0.0029897153162589465,0.010148600585893395,-0.016349032777518757,-0.011199408030396096,0.052697616060225716,0.011158554546550715
2022-10-21,-0.009268591141976423,-0.009268591141976423,-0.008929530260342747,-0.011470549764205584,-0.00826437816281315,-0.008223158801164827,-0.017878426698450522,-0.0072406238753037755
2022-10-24,-0.0022891279786846352,-0.0022891279786846352,-0.0066656299908779415,-0.00802224881322533,-0.012162792811615326,-0.015237913216571974,0.0024271844660195274,-0.006763139805637623
2022-10-25,-0.007986278008945025,-0.007986278008945025,-3.8416114582809704e-05,-0.0015435502416185627,0.0034654193243250178,-0.001994827768132571,-0.006053268765133124,-0.002029615855168328
2022-10-26,0.02589502358955268,0.02589502358955268,0.014129416930528159,0.017180058401968935,0.00991545500092757,0.012235933343270814,0.02679658952496955,0.019770303946437785
2022-10-27,0.007129873425618881,0.007129873425618881,-0.003369702302958891,-0.001878954488681657,-0.0092026281923037,0.004992965784158199,0.005931198102016477,0.0011093507384295487
2022-10-28,-0.024402217101590257,-0.024402217101590257,-0.04032494492975113,-0.03462213687421215,-0.04659953036430094,-0.05032769312315184,-0.01297169811320753,-0.03420423022501369
2022-10-31,0.02109667554533634,0.02109667554533634,0.008116912389609432,0.013174023611634667,0.008960647572589481,0.005439471572319313,0.021505376344086002,0.02042444404839701
2022-11-01,0.016907220977088928,0.016907220977088928,0.036605206576767614,0.02759851221915473,0.042833338202292584,0.04302614979317061,0.005847953216374213,0.026027489837617598
2022-11-02,0.012275772355162307,0.012275772355162307,0.015553518921602281,0.014772227539643504,0.020496569488640537,0.025345087851298704,0.0023255813953488857,0.01552011792431318
2022-11-03,0.010565709927060851,0.010565709927060851,0.009479895870119215,0.012251435763787288,0.0005131560821049303,-0.007399778526178827,0.03248259860788849,0.005640406472345649
2022-11-04,0.015018005205756912,0.015018005205756912,0.03171606994707643,0.028465074899526766,0.043185715195047804,0.03535803242996145,0.008988764044943753,0.026859991042084436
2022-11-07,-0.0044804972101035,-0.0044804972101035,0.002139682556260217,-0.00010442883403512758,0.00680227485172898,0.01626322171917094,-0.014476614699331813,-0.003868273275845639
2022-11-08,-0.008628389795573677,-0.008628389795573677,-0.004152280811885345,-0.007339730001759248,-0.004090314740705647,-0.001742654572256567,-0.011299435028248594,-0.00505513813656396
2022-11-09,-0.01200378543192319,-0.01200378543192319,-0.014185246494632375,-0.014966714171048556,-0.018306113939241715,-0.013862423087340314,-0.00914285714285712,-0.014634954858758244
2022-11-10,-0.01978416008356106,-0.01978416008356106,-0.02299162973022917,-0.027065655408676226,-0.025582187308721117,-0.006896277562212633,-0.02768166089965407,-0.0208774355900501
2022-11-11,0.011644747031587318,0.011311413698253985,0.012872841029214268,0.017115428585616432,0.018676776410309476,0.007794549214267663,0.013234875444839811,0.0142798440813768
2022-11-14,-0.0026797149355722487,-0.009581192548178834,-0.00837127119306691,-0.0066889873658973285,-0.0066889873658973285,-0.0027583779946132037,-0.02546201232032841,-0.0026797149355722487
2022-11-15,0.03078354000688018,0.015176887939216972,0.03069354614993913,0.017198651860588516,0.017198651860588516,0.007244769377227215,0.009270965023177258,0.03078354000688018
2022-11-16,-0.006742799855583977,-0.004733577194187395,-0.007914834099367107,3.325411449413762e-05,3.325411449413762e-05,-0.0026998929759741346,0.005010438413361129,-0.006742799855583977
2022-11-17,-0.004412424095593468,-0.015930223046003555,-0.00706483298217342,-0.014964733229770728,-0.014964733229770728,-0.013231770464936102,-0.03531366846697137,-0.004412424095593468
2022-11-18,-0.01258596986659673,-0.00731738490178102,-0.015596722554768775,-0.0038149901290465502,-0.0038149901290465502,-0.002844686561681723,-0.012919896640826933,-0.01258596986659673
2022-11-21,-0.008937464472284199,-0.004248234128984081,-0.002671342036144793,-0.013839033507154578,-0.013839033507154578,0.00096112502213123,-0.004363001745200545,-0.008937464472284199
2022-11-22,-0.004872565244847878,-0.0083697333539939,-0.00828763418075821,-0.0028985798334651607,-0.0028985798334651607,-0.008145675671584677,0.0035056967572304476,-0.004872565244847878
2022-11-23,0.001841801870588688,0.007930533026673162,0.0041516454165735715,0.0043439040116171794,0.0043439040116171794,0.0025766189904723826,0.012227074235807711,0.001841801870588688
2022-11-24,0.0003254007443047604,0.009031053487089213,0.005226590103624436,-0.0001762023170252718,-0.0001762023170252718,0.007350889874680873,0.007765314926660993,0.0003254007443047604
2022-11-25,0.005553727901802565,0.004371637167473055,0.001308256528303537,0.007211711983045561,0.007211711983045561,0.006334712567156748,0.023544520547945202,0.005553727901802565
2022-11-28,-0.011148560154998911,-0.009508899661171744,-0.011448579356227784,-0.00639270022440778,-0.00639270022440778,-0.010472079747247582,-0.013801756587201841,-0.011148560154998911
2022-11-29,0.01900887141293054,0.018005772884654547,0.017297658400403943,0.026048862590465866,0.026048862590465866,0.018278920115488186,0.017387616624257918,0.01900887141293054
2022-11-30,0.0012530733381589014,0.0027403234271163495,0.0019587737531616316,0.0026793445639148312,0.0026793445639148312,0.0006446452319955882,0.012922050854522693,0.0012530733381589014
2022-12-01,0.005138284743631205,0.006545740064411257,0.007374533510080401,0.011833125818088226,0.011833125818088226,-0.001088429486554669,-0.009876543209876631,0.005138284743631205
2022-12-02,-0.007571495647291944,-0.003637225090160179,-0.005549250472865586,-0.003955492168274732,-0.003955492168274732,-0.005596749512198537,-0.012468827930174564,-0.007571495647291944
2022-12-05,0.01341565913009816,0.012763568604589862,0.008655116566509042,0.017670585325952594,0.017670585325952594,0.009889277137037206,0.016414141414141437,0.01341565913009816
2022-12-06,0.006809440239115375,0.0036885973951229127,0.009432279091280488,0.009649849258014079,0.009649849258014079,-0.0060922712250001485,-0.001242236024844745,0.006809440239115375
2022-12-07,-0.008662140821113384,-0.0036305515198611364,-0.00847411450295906,-0.003934593236422905,-0.003934593236422905,-0.0056929226275230045,-0.02031509121061359,-0.008662140821113384
2022-12-08,-0.006006740394686997,-0.0011659635042206757,-0.007202409688721692,-0.00033780615432417904,-0.00033780615432417904,-0.0024093071444018324,-0.0021159542953871346,-0.006006740394686997
2022-12-09,0.013826296723683518,0.013302501631940356,0.008336604069667668,0.01913338311634675,0.01913338311634675,0.013179644163756943,0.004513146734520635,0.013492963390350183
2022-12-12,-0.014976751489423196,-0.014976751489423196,-0.014976751489423196,-0.01737329177394716,-0.00800383866962188,-0.0018829166556492507,-0.014154870940882747,-0.004695007843536603
2022-12-13,0.0011846392382920412,0.0011846392382920412,0.0011846392382920412,-0.010812753147658763,-0.006672431633484077,-0.009783813402753026,-0.026182432432432345,-0.0016659338774154247
2022-12-14,-0.00016676504559846438,-0.00016676504559846438,-0.00016676504559846438,-0.008046494866505216,-0.007967160201963048,-0.006004226058252978,-0.009540329575021822,-0.003887823941850869
2022-12-15,-0.004620515316141235,-0.004620515316141235,-0.004620515316141235,0.016309733818215138,0.018420993841218834,-0.0006531337524585308,0.014010507880910739,0.00036036237369004454
2022-12-16,-0.009160625705702195,-0.009160625705702195,-0.009160625705702195,-0.023412107408160687,-0.018866508374497843,-0.001463950722482103,-0.025906735751295318,-0.008461077159263697
2022-12-19,-0.017799418259024903,-0.017799418259024903,-0.017799418259024903,-0.005559694707043057,-0.010810931803793592,-0.02340625876507585,-0.004432624113475114,-0.018352880630971288
2022-12-20,-0.00877435562090112,-0.00877435562090112,-0.00877435562090112,-0.006346255536563464,-0.007996427539241013,-0.008915977335691789,0.0017809439002671734,-0.011793973591171512
2022-12-21,-0.006280937242434909,-0.006280937242434909,-0.006280937242434909,-0.013722439033327814,-0.00890208927180162,-0.008006613855034204,-0.02399999999999991,-0.003752129770101493
2022-12-22,-0.012848541560658584,-0.012848541560658584,-0.012848541560658584,-0.021633449352132884,-0.014666163143734107,0.00015546559043929254,-0.02732240437158473,0.0006984868908876951
2022-12-23,-0.009642795957899372,-0.009642795957899372,-0.009642795957899372,-0.013608955211942386,-0.012751787576172048,0.0007259058204459969,-0.01872659176029967,-0.007204650389799413
2022-12-26,0.02552175645637737,0.02552175645637737,0.02552175645637737,0.04150701042870304,0.027770626167180623,0.020131682852828292,0.06583969465648853,0.022964285192009548
2022-12-27,0.02051502211931444,0.02051502211931444,0.02051502211931444,0.014308328457066422,0.010885603514645847,0.013681915631384765,0.0214861235452104,0.017958379547206395
2022-12-28,-0.004041532891415511,-0.004041532891415511,-0.004041532891415511,-0.007038369094582294,-0.01389373780619237,0.0037221687427861916,0.007887817703768452,-0.0016062208670623765
2022-12-29,-0.01124383819156031,-0.01124383819156031,-0.01124383819156031,-0.005114657860942969,-0.0033755274261603554,0.01086126627448151,-0.00521739130434784,0.0010909917983247248
2022-12-30,0.006687379579867943,0.006687379579867943,0.006687379579867943,-0.0035205230617634618,-0.0069216163504972235,0.0030215874042223145,0.006993006993007089,0.007617572917786308
2023-01-03,0.006855147738050885,0.006855147738050885,0.006855147738050885,0.015713603397012,0.011536872318106997,0.007935649258301702,0.01736111111111116,0.0038092772361881426
2023-01-04,-0.015270808924660038,-0.015270808924660038,-0.015270808924660038,-0.018460857497802352,-0.016373330879559018,-0.002692555761008352,-0.023890784982935176,-0.005867158935611515
2023-01-05,0.008071251986540537,0.008071251986540537,0.008071251986540537,0.022780697009996406,0.024061227246480923,0.025099751750695155,0.01573426573426584,0.01668077352524655
2023-01-06,0.018866221477387254,0.018532888144053922,0.018866221477387254,0.027071294871511425,0.010192924246152812,0.012831020463429026,0.05063511187607583,0.012056125163188509
2023-01-09,0.005282578033358668,0.000783253006777803,0.005282578033358668,0.007643395288940239,0.007643395288940239,0.0067341810045096935,0.008450704225352101,0.002998779415852508
2023-01-10,0.0018296832833998673,-0.0020651802945336195,0.0018296832833998673,0.003368136469294421,0.003368136469294421,0.002849313654819182,-0.010707635009311156,-0.00828106871175612
2023-01-11,0.006944921280711003,0.006748704492301361,0.006944921280711003,0.006519543731011785,0.006519543731011785,0.00928699778025725,0.04329411764705893,0.008240452564996208
2023-01-12,0.004492119775347655,0.005199647047754959,0.004492119775347655,0.00648103474262629,0.00648103474262629,-0.004904761916482739,-0.0036084799278304214,0.0008809793085150877
2023-01-13,-0.0011222020846225849,-0.0004164323786675084,-0.0011222020846225849,-8.311290698848062e-05,-8.311290698848062e-05,0.009911470599976583,-0.001810774105930224,-0.001955099758919017
2023-01-16,0.005636312274118907,0.006839925188055318,0.005636312274118907,0.007837815635956757,0.007837815635956757,0.01571390112413436,0.0022675736961450532,0.00980917433656921
2023-01-17,-0.00029366764364457953,0.0005819226295361581,-0.00029366764364457953,0.0032616852277250756,0.0032616852277250756,0.0009470966242222834,-0.009954751131221573,0.0019130821930255877
2023-01-18,0.003993737733168615,0.004678102388121496,0.003993737733168615,0.0048004210321441745,0.0048004210321441745,0.0007832725231354809,0.008683729433272225,0.004120066673835835
2023-01-19,0.002580763674709792,0.009966138969323302,0.002580763674709792,0.008074522123538614,0.008074522123538614,0.015547086025522608,0.009515178975985528,0.009882776831999413
2023-01-20,0.019534178260798285,0.013786621412996986,0.019534178260798285,0.011319938376831797,0.011319938376831797,0.005978354681311951,0.017504488330341017,0.0199544035630211
2023-01-30,0.0070536192260637325,0.012651134203608637,0.0070536192260637325,0.013042356951333156,0.013042356951333156,-0.007565382407749029,-0.012792236435818394,0.008263868523480156
2023-01-31,0.0038527645965520385,0.0010635892455806615,0.0038527645965520385,-0.006642182215607639,-0.006642182215607639,-0.009461920120979867,0.0044682752457554376,0.005731686033440282
2023-02-01,0.005637803295687119,0.011991984660587521,0.005637803295687119,0.014559110137996932,0.014559110137996932,0.010784892819879191,0.0031138790035585284,0.01633484180344465
2023-02-02,-0.004010929453709511,-0.005983785781320675,-0.004010929453709511,0.0012695046854700096,0.0012695046854700096,0.008234066519016148,0.0057649667405765825,-0.005255435629720195
2023-02-03,-0.015746302029765125,-0.004774236865944469,-0.015746302029765125,-0.010193894576226065,-0.010193894576226065,-0.004949458074190634,-0.012345679012345512,-0.00411100921534883
2023-02-06,-0.006697549288409784,-0.007937648140868243,-0.006697549288409784,-0.00960521080475692,-0.00960521080475692,-0.006229131685098347,0.0,-0.005971291083650687
2023-02-07,0.00033602073185538356,-0.0008441141920924783,0.00033602073185538356,-0.00026424384357526254,-0.00026424384357526254,-0.0033715955177960515,-0.0008928571428573617,0.00128433119411638
2023-02-08,-0.0032640589868381253,-0.007445598556490888,-0.0032640589868381253,-0.005584721836689455,-0.005584721836689455,-0.0038484580443155867,-0.006255585344057013,-0.011384154879250966
2023-02-09,0.00857773073387147,0.011054163815286712,0.00857773073387147,0.01277131595373985,0.01277131595373985,0.018596579723564027,0.003147482014388414,0.011587350959447072
2023-02-10,-0.016078866321624398,-0.014426300176761421,-0.016078866321624398,-0.012509226724586429,-0.012509226724586429,-0.006455597860882345,-0.01344688480502021,-0.010600258455822166
2023-02-13,0.0018999166498262496,0.0018999166498262496,0.0018999166498262496,0.006673403681252798,0.006673403681252798,0.0003823812491258183,-0.003180372557928357,0.002980587249744482
2023-02-14,-0.00041807883193475037,-0.00041807883193475037,-0.00041807883193475037,0.0008348650483625357,0.0008348650483625357,0.0014295298241845387,0.005925250683682881,0.004850712605080965
2023-02-15,-0.013172907014025403,-0.013172907014025403,-0.013172907014025403,-0.002771959676750961,-0.002771959676750961,-0.011915173192953283,-0.0104213864975079,-0.012105242092929512
2023-02-16,-0.014094145926173047,-0.014094145926173047,-0.014094145926173047,-0.021696124825765883,-0.021696124825765883,-0.014027542188555026,-0.014652014652014711,-0.01259495097537777
2023-02-17,-0.001027690925129739,-0.001027690925129739,-0.001027690925129739,-0.019215686783776015,-0.019215686783776015,-0.001221243602331409,0.02091078066914509,0.006049449909972841
2023-02-20,0.012758221184708075,0.012758221184708075,0.012758221184708075,0.007113448073281884,0.007113448073281884,0.020552572837775413,0.0241238051888939,0.020144947882651566
2023-02-21,0.0119793272926841,0.0119793272926841,0.0119793272926841,0.0037148492830979167,0.0037148492830979167,0.01553239066364309,0.026666666666666616,0.019209335419906694
2023-02-22,-0.0049516201087034615,-0.0049516201087034615,-0.0049516201087034615,-0.0054851575203750755,-0.0054851575203750755,-0.003738716202109637,0.0051948051948051965,-0.0007427934729117291
2023-02-23,0.005801816148485924,0.005801816148485924,0.005801816148485924,0.0008178576128218633,0.0008178576128218633,0.012054821960027532,0.006459948320413522,0.0030451110243323956
2023-02-24,-0.009863698589210768,-0.009863698589210768,-0.009863698589210768,-0.00942654194433823,-0.00942654194433823,-0.01066695438934743,-0.004278990158322671,-0.005496886362136521
2023-02-27,-0.0019142621357483383,-0.0019142621357483383,-0.0019142621357483383,-0.011609534799262114,-0.011609534799262114,0.002786300928967478,0.005586592178770777,-0.001849978390381886
2023-02-28,0.0011068864172996498,0.0011068864172996498,0.0011068864172996498,0.005761092076008574,0.005761092076008574,-0.0003828714970392686,-0.009401709401709257,0.0014950627752611987
2023-03-01,0.005134287452064715,0.005134287452064715,0.005134287452064715,0.008142906842078707,0.008142906842078707,-0.0005731888489419372,0.0030198446937013124,0.004680935922353857
2023-03-02,-0.00891708771498223,-0.00891708771498223,-0.00891708771498223,-0.016291839170309776,-0.016291839170309776,-0.008406346752448076,0.001290322580645098,-0.00018786936418424582
2023-03-03,0.0020287117855016428,0.0020287117855016428,0.0020287117855016428,0.0028142173519999734,0.0028142173519999734,0.0019361770049114804,0.0008591065292096189,0.0035004909096509143
2023-03-06,-0.010548868127200017,-0.010548868127200017,-0.010548868127200017,0.0003213604610732279,0.0003213604610732279,-0.0013734392183195982,-0.022317596566523656,-0.01679266686802879
2023-03-07,-0.011113476123117453,-0.011113476123117453,-0.011113476123117453,-0.018851491021077894,-0.018851491021077894,-0.009448316527381576,0.0030728709394205467,-0.009373407146657945
2023-03-08,-0.003143543780259531,-0.003143543780259531,-0.003143543780259531,-0.0029314515886718446,-0.0029314515886718446,-0.004091091337671382,-0.005689277899343814,-1.551119620724073e-05
2023-03-09,-0.001846026299049952,-0.001846026299049952,-0.001846026299049952,-0.00029263704023130277,-0.00029263704023130277,-0.003910813960664283,-0.005281690140845008,-0.001524006539334969
2023-03-10,-0.01771329210414015,-0.01771329210414015,-0.01804662543747348,-0.015158771456313277,-0.01449210478964661,-0.017073543473565857,-0.02135398230088481,-0.021146123495512925
2023-03-13,-0.011862575580591709,-0.00677582770314622,-0.005089472858711382,-0.014821268743225792,-0.0038379218838670384,-0.014821268743225792,-0.012403100775193798,-0.012055929030698482
2023-03-14,-0.004629488133138829,-0.00611536263488636,-0.0059771009868075185,-0.0047005424008358014,-0.0027624516269847037,-0.0047005424008358014,-0.0031397174254317317,-0.0018790457808895988
2023-03-15,0.01273616517833942,0.006271183827324056,0.017830351297621005,0.007766448544119231,0.0044140698087100265,0.007766448544119231,0.02992125984251981,0.008388339091382924
2023-03-16,-0.013995724791936892,-0.010112280254822692,-0.006113361734842707,-0.017988077017412486,-0.01811197398114961,-0.017988077017412486,-0.010703363914373099,-0.01535835929922058
2023-03-17,0.00306720579334833,0.0028673653732350646,0.004197559649620726,-0.0009359298891767157,0.003659525984516872,-0.0009359298891767157,0.0015455950540959051,-0.0052908849176835915
2023-03-20,-0.015958519210153232,-0.004474392781687375,-0.019074368574473644,-0.010449399054761574,0.011536675288786656,-0.010449399054761574,-0.040123456790123524,-0.015406324390857429
2023-03-21,0.02259602103941649,0.010172382504741543,0.012601298116936888,0.028126203833263027,0.013998666690077469,0.028126203833263027,0.03536977491961424,0.03138485246286911
2023-03-22,0.008632752109638542,0.008901903248354825,0.008322832417295995,0.008239526317601312,0.00927485654427625,0.008239526317601312,0.007763975155279601,0.007173493984223918
2023-03-23,-0.006871442905537502,0.0004680004064414969,-0.003883792699090412,-0.00735897378298167,0.013225374338163806,-0.00735897378298167,-0.015408320493066285,-0.006979742590410601
2023-03-24,-0.0010880735054101438,-0.002650082624959656,-0.004215027851876699,-0.0009457501804773782,0.0020919000518634006,-0.0009457501804773782,-0.0046948356807511304,-0.005461509165988901
2023-03-27,0.0028024857741839604,-0.008007262653489056,-0.0018489817310571861,0.009340834117229486,-0.003858159909701952,0.009340834117229486,0.022012578616352307,0.01281784675728681
2023-03-28,-0.012379991409313932,-0.004950228190077029,-0.008753898080703445,-0.011997651681348734,-0.01547205961880534,-0.011997651681348734,-0.01846153846153853,-0.010273307625841555
2023-03-29,0.0003415396690478558,0.00043318290194223775,-0.0029786130827980464,0.0036064593440830275,0.005098810418735647,0.0036064593440830275,-0.0031347962382445305,-0.002591266324213914
2023-03-30,0.0012045574435317246,0.0063744970357087665,0.0014037756991137629,0.002411149341659609,0.007584320099083941,0.002411149341659609,-0.00786163522012584,0.00044957359445204226
2023-03-31,-0.0017760165839607969,-0.0003997286320436646,-0.0053747610088960745,0.0007155347673271826,0.008157558944217916,0.0007155347673271826,-0.007923930269413626,-0.0031811510211474654
2023-04-03,0.0006394446720108249,0.007131660301606649,0.001660614824119536,-0.005019554303784979,0.014449590287940534,-0.005019554303784979,-0.01757188498402562,-0.009142095236501002
2023-04-04,-0.007182097007724912,-0.008532988843639474,0.00322639093113275,-0.013995152132495765,-0.008669230006677039,-0.013995152132495765,0.009756097560975618,-0.0030623322779814726
2023-04-06,0.006148943493062202,-0.0032561768131293594,0.004655409721645613,0.006700486356862008,0.012540073500664587,0.006700486356862008,0.02254428341384873,0.010749017803578804
2023-04-07,0.02363260168541296,0.01322621664704086,0.023455241952131594,0.01211184470371307,0.0008257743583451141,0.011778511370379737,0.03207086614173227,0.02477511534112157
2023-04-10,0.01946570473467113,0.01773271372055052,-0.006796779357755059,0.015599930782814,0.0012815942656763113,0.007047886874074205,0.027348394768133222,0.011347918613130299
2023-04-11,-0.0011887285240863206,-0.0006185511751734355,-0.012683132207941483,0.0030943240973348995,0.003338229480702652,0.005904518817417603,-0.0011574074074074403,0.0018831514614495726
2023-04-12,-0.006627552330892775,-0.01285518296797224,-0.011913887557711165,-0.008640381351021076,0.000321855675914879,0.0003285386825326855,-0.018539976825028948,-0.0001120132143298167
2023-04-13,0.0007000158544576704,-0.01124702797070572,0.01254798901026118,-0.010105459048215804,-0.01656583624134241,-0.008671848562379087,-0.009445100354191327,0.002014222184851552
2023-04-14,0.02006121225004357,0.01891976683615241,-0.004068599409410512,0.02079577222722236,0.01747375860232636,0.01571651263057642,0.025029797377830842,0.014925778986163207
2023-04-17,0.0034123900921836365,0.012880218234849897,0.007743151930946249,0.007757302477165254,0.0032701620620409306,0.007717582001394903,0.009302325581395321,0.003580953279263221
2023-04-18,0.0005642810119439827,0.0019695616826369555,-0.00013498190559457773,-0.0008591112705464234,-0.0040208095541959255,-0.002562274287578048,0.004608294930875667,-0.0018309285688943298
2023-04-19,-0.007400520300034425,-0.008372647587951199,-0.00710288280360453,-0.00849745241721922,-0.01118297986916979,-0.008301805559796796,-0.00917431192660556,-0.010002989309094268
2023-04-20,-0.024168388014258208,-0.025822269402536586,-0.01450091838416201,-0.023321971238637846,-0.006479933620976948,-0.016870804993657153,-0.02662037037037035,-0.017859881705751847
2023-04-21,-0.014343414227463915,-0.018289944758894335,-0.009653791946685808,-0.017181989240602026,-0.028379741813590893,-0.01894244295184444,-0.015457788347205681,-0.01797121104903306
2023-04-24,-0.0042638188561832475,-0.01088152953578947,-0.009885860445813669,-0.010509570590758003,-0.013427056171506671,-0.011646609525101548,-0.004830917874396157,-0.003803372788958111
2023-04-25,-0.04192975423433283,-0.03736990230996843,-0.0002890576789067456,-0.03811716869969291,-0.0321925427235512,-0.028594192186425185,-0.04854368932038822,-0.03452372983801721
2023-04-26,0.033542744704516826,0.03464524945285492,0.002725023020257826,0.03557624732574882,0.019266956631578583,0.024613909784097162,0.049744897959183465,0.02590680194095984
2023-04-27,0.010503459017525694,0.008395632054706798,0.005624636902078187,0.007497913996094525,-0.0015130796259263208,0.005064113373041504,0.013365735115431265,0.006601683530698638
2023-04-28,-0.002354618108056113,-0.003713403389866032,0.00607612876800101,0.00030716697011523564,0.006583857338092672,0.0037982877572915923,-0.003597122302158251,0.00044024942325970873
2023-05-04,-0.0064661361690072265,-0.008816864894912253,-0.00793219461697725,-0.009884939587810632,-0.011765436832240184,-0.005200234844810062,-0.008423586040914532,-0.0062266654324415836
2023-05-05,-0.0075689434167640615,-0.014095685491893214,0.009105535918013183,-0.01582248718760685,-0.010702382748964546,-0.012826455401816924,-0.015563106796116388,-0.007630186128380844
2023-05-08,0.0018432833314487491,0.003747948748600849,-0.004189579351716007,0.018529378904603783,0.003915273652077889,-0.003034702841917832,0.004812319538017418,0.006549660051692477
2023-05-09,-0.010682667062162438,-0.0033141724900040232,-0.017068030484719127,-0.011537982435580572,-0.005565609956773798,-0.010596268626454425,-0.01819923371647525,-0.008579301677547058
2023-05-10,0.00695398444577792,0.0055384434421188455,-4.595263343939093e-05,-0.009539912568520565,0.005738930541056378,-0.006504861964390041,0.01073170731707318,0.009115679214476572
2023-05-11,-0.0020800730107872756,-0.003046982482851364,-0.0020710135607124864,-0.010660585155469304,-0.002413622966970378,0.001738127934650113,-0.0009652509652510188,-0.0025655199531960933
2023-05-12,-0.01646399022710865,-0.017784732759392886,-0.012930486204143424,-0.007192893981455505,-0.019436684561269752,-0.012977295131497552,-0.019323671497584516,-0.01899246222799189
2023-05-15,0.01830065399788605,0.01508182821683146,0.017023717374504255,0.005450906944832597,0.019930861426174395,0.009632866347933181,0.03349753694581281,0.025429677955415286
2023-05-16,-0.003376021073593249,-0.006258496878596179,0.0009500920336774259,-0.01559297575374489,-0.004192810412888437,-0.0008382421938341045,0.004766444232602529,-0.0001817180381081438
2023-05-17,-0.003312213848688405,-0.0027626685173592898,-0.012100245110084635,0.00333761212188118,-5.863838880918815e-05,0.0049694688629421755,0.000948766603415363,-0.0012057181938056232
2023-05-18,-0.011809066136145258,-0.00761733173543803,-0.011682424630019301,0.02274555745976814,-0.00882462014651797,-0.0014357222525049895,-0.01516587677725123,-0.009766853965464062
2023-05-19,-0.00015502460020281694,-0.0008120832938351603,0.0037455474345405118,0.006994677814281572,-0.0019403439037702919,0.011042046875385791,-0.0019249278152069227,-0.0014537258989041346
2023-05-22,0.005397149032962363,0.004772289689177829,0.01652315541776561,-0.011433273334026661,0.0028136608043686597,-0.004801295496708047,0.005785920925747368,0.007119690466772003
2023-05-23,-0.004777045840244557,-0.008373896416960958,-0.005093660285147869,-0.015935092188814615,-0.008050621448114118,-0.013707910114745925,-0.004793863854266389,-0.008713989399829628
2023-05-24,0.0010829159484601054,-0.007063966883858981,-0.0019098521420961943,-0.005610188291209517,0.00305862114775135,-0.007082445504938158,0.023121387283236983,0.004851916419307563
2023-05-25,-0.0003745138223328892,-0.008225904608143653,-0.004609040893234587,0.0026392878757606946,0.0013167569449100691,0.006400113919267611,0.016949152542372836,-0.000444899796491649
2023-05-26,-0.009508173503742223,-0.002947889815798928,-0.009438916528468805,0.02118216047834672,-0.008819381691722175,0.010352735587316308,-0.025000000000000133,-0.012568224436133589
2023-05-29,-0.020381675937231464,-0.009560374266256628,-0.020345155710732477,0.00040059788107179185,-0.017304687566125465,-0.0016810633350185693,-0.03513770180436837,-0.016572086833524697
2023-05-30,-0.0050095685980562354,-0.0006257331994649433,-0.006068623232023359,0.021388275384048933,-0.0030567169770951232,0.0047508735116729515,-0.011811023622047223,-0.004996204445825751
2023-05-31,-0.010199809572967473,-0.005997964565669589,-0.019829491983289944,0.012696999983789814,-0.00812460676138497,0.0013141356707851988,-0.013944223107569709,-0.007615735904556442
2023-06-01,-0.004227316425235439,-0.00019323115790614853,0.001943938452612759,0.01909689400361351,-0.004411224095411318,-0.0036105916224712375,-0.008080808080808133,0.00017127012402632768
2023-06-02,0.029496894471554236,0.033117472078084575,0.019832204308724753,-0.003699272298498386,0.025377823553864646,0.016573158379360017,0.008164969450101922,0.020191862247518864
2023-06-05,-0.009730162022126768,-0.016011140235468346,-0.009730162022126768,-0.009643249766257004,-0.00048583810117749015,0.0020362299946610945,-0.011627906976743985,-0.010637603429276813
2023-06-06,-0.015104613273880907,-0.0057189542483659555,-0.015104613273880907,-0.014967838987446766,-0.02017177873482271,-0.031043089272351106,-0.010294117647058787,-0.015519186816796721
2023-06-07,-0.0024012751087636084,-0.009186133124304791,-0.0024012751087636084,-0.004652935475599196,0.004012054636041003,0.006489509212781463,-0.0014858841010401136,-0.002690179805645306
2023-06-08,0.009669996532210973,0.015464013673029962,0.009669996532210973,0.006451323039190196,-0.002215109705942778,-0.015454107638788479,0.028273809523809312,0.006466429713015845
2023-06-09,0.004588960315314454,-0.003259535863557428,0.004588960315314454,0.0020430317415800108,0.009266319765486048,0.017876189285554712,-0.00434153400868309,0.009424395931285079
2023-06-12,0.0148952256074469,0.020339924477072113,0.0148952256074469,0.012203122467184802,0.00499271243154283,0.004296101071596281,0.0043604651162789665,0.007243615142303797
2023-06-13,0.012327741444038327,0.0049776766390423974,0.012327741444038327,0.012560946407666768,0.020457462224788576,0.03080132369489178,-0.0028943560057886897,0.009078927485766329
2023-06-14,0.006306838455103861,0.012687139664987985,0.006306838455103861,0.004930207468464842,-0.0007465112638917656,-0.0007465112638917656,-0.008708272859216049,-0.006724202411932796
2023-06-15,0.0024522910173462673,0.01389795333976118,0.0024522910173462673,0.006028313165352942,-0.0033945546187731375,-0.007618266193837245,0.007320644216690875,0.014541261694518783
2023-06-16,0.01969545877659177,0.009419851943154164,0.01969545877659177,0.010997257190392684,0.015334649106991078,0.020104889117083486,0.014534883720930258,0.022011527640554508
2023-06-19,-0.0022541493950943847,-0.014572828718078634,-0.0022541493950943847,-0.007646254503319683,0.001698022014768947,0.013063899157417975,-0.004297994269340966,0.004073016551193187
2023-06-20,0.005868919191761578,-0.00969484346829182,0.005868919191761578,-0.006665483576186866,0.002800538352436025,0.009692852859159587,-0.004316546762589968,0.011371440743842146
2023-06-21,-0.025341267341886943,-0.013121960405442962,-0.025341267341886943,-0.02324926392013345,-0.03237104584364233,-0.03853516395530776,-0.01445086705202292,-0.02458131952714463
2023-06-26,-0.030741814268914272,-0.018402483779230705,-0.030741814268914272,-0.015560749863112733,-0.029069695197793673,-0.03116774807204318,-0.004398826979472137,-0.017140872491107406
2023-06-27,0.011435414071238936,0.010119612006147452,0.011435414071238936,0.007793748137301826,0.016437313670136934,0.004402577404423846,0.008836524300441795,0.008170429118783035
2023-06-28,-0.011280205412624903,0.0018258840999596884,-0.011280205412624903,-0.0011261659166221052,-0.015246007784164812,-0.016650434881287146,-0.0014598540145985828,-0.009218815504016226
2023-06-29,-0.002935547005228282,-0.007470972116281005,-0.002935547005228282,-0.004357834960694973,-0.005150614824156722,0.0034598119275948873,0.005847953216374213,0.002298568498896869
2023-06-30,-0.0005546604517379468,0.0001411825488077203,-0.0005546604517379468,0.004508530163831681,0.002574471259380447,0.007722476407385584,0.007267441860465018,0.0039666237305632235
2023-07-03,0.00915992319778225,0.01801214218830475,0.00915992319778225,0.012033285321173093,0.005134188810472377,0.0023301249058369873,0.0043290043290042934,0.0010712683370813028
2023-07-04,0.006794905825888486,0.004041559152396568,0.006794905825888486,0.010128569410708351,0.009488638621123738,0.016629780868880596,0.002873563218390718,0.0008522615926226385
2023-07-05,-0.018174771021034597,-0.016898423039815515,-0.018174771021034597,-0.014072629663991327,-0.014576842970796014,-0.011835874580972645,-0.015759312320916763,-0.016764615618483747
2023-07-06,-0.0006740217930596426,-0.003930305317278523,-0.0006740217930596426,-0.0006485530559344386,-0.0023036206926965175,0.0007071319954755257,0.007278020378456818,0.0017883648407807464
2023-07-07,-0.0038398928795550322,-0.00039399971125605006,-0.0035065595462216988,-0.004902081758564545,-0.012216842862666295,-0.012032805005868969,0.007670520231213841,-0.008424237528103541
2023-07-10,0.006187344440638324,0.0018965203201261418,0.0033699375131599116,-0.00321552495465538,0.0026004783384790957,-0.00321552495465538,0.007130124777183333,0.006187344440638324
2023-07-11,0.005504666396305128,0.006900920042381076,-0.0007977160335613793,-0.0005784260602937161,0.0123724668459686,-0.0005784260602937161,0.005309734513274433,0.005504666396305128
2023-07-12,-0.014607120377280031,-0.0025521360267857967,-0.02847711379896215,-0.03358175293320265,-0.01166200908299242,-0.03358175293320265,-0.021126760563380143,-0.014607120377280031
2023-07-13,0.02218705158784432,0.016170693784641383,0.023959880921303373,0.016940166877235242,0.012670319082902207,0.016940166877235242,0.037769784172661636,0.02218705158784432
2023-07-14,-0.003729110237064866,-0.001361335405351475,0.009924979650178281,0.020308600934353088,-0.006383039696425582,0.020308600934353088,-0.005199306759098743,-0.003729110237064866
2023-07-17,-0.008978199780433127,-0.00707622316789754,-0.013655887921510438,-0.007342393083357972,-0.011923446319301126,-0.007342393083357972,-0.012195121951219523,-0.008978199780433127
2023-07-18,0.004930535113973159,0.002538028601806741,-0.007814944421674519,-0.017425017124991227,0.0012403047209305074,-0.017425017124991227,0.007054673721340388,0.004930535113973159
2023-07-19,0.0009464819473204255,0.00029065193515576127,0.0007853122397399879,0.004287939209967654,-0.009234267067376734,0.004287939209967654,-0.010507880910682998,0.0009464819473204255
2023-07-20,-0.0010710727506429612,-0.004208706519109576,-0.0243027812960415,-0.037677634813639574,-0.01039120962394613,-0.037677634813639574,-0.0035398230088495852,-0.0010710727506429612
2023-07-21,0.011631544708315955,0.0059643202312948205,0.005575283061640198,-0.0030216045883441804,-0.004494975210243482,-0.0030216045883441804,0.02131438721136769,0.011631544708315955
2023-07-24,-0.00021047634661149495,-0.00034163593552031623,-0.0003748033683371361,0.0008638578765799803,-0.008480712930754919,0.0008638578765799803,0.003478260869565153,-0.00021047634661149495
2023-07-25,0.02676894011692732,0.031989110179078496,0.015350264354078156,0.01640095759497928,0.019198015964045613,0.01640095759497928,0.015597920277296451,0.02676894011692732
2023-07-26,0.008509786250979904,0.0017062117348248065,-0.01652529101654243,-0.025827451965513393,-0.005409552155899073,-0.025827451965513393,0.005119453924914641,0.008509786250979904
2023-07-27,0.0002629235055652268,-8.026697404391525e-05,-0.006173989066595238,-0.01232411050065918,-0.006222378851290178,-0.01232411050065918,0.00679117147707986,0.0002629235055652268
2023-07-28,0.024502429770744644,0.04420228643141606,0.01889996842726956,0.013621610002860551,0.008878229776774807,0.013621610002860551,0.030354131534570117,0.024502429770744644
2023-07-31,-0.003847278396438502,-0.007196718793644364,0.01079970772667238,0.015614536638482925,0.014101709024430493,0.015614536638482925,-0.008183306055646433,-0.003847278396438502
2023-08-01,-0.004123739380460511,-0.0041813811287406315,0.0005500550055005752,0.0038518518518518468,5.155786122286888e-05,0.0038518518518518468,0.0016501650165017256,-0.004123739380460511
2023-08-02,-0.01675014380535067,-0.009372432659498645,-0.01231597784163537,-0.000783852635704537,-0.0013946391486765834,-0.000783852635704537,-0.034596375617792496,-0.01675014380535067
2023-08-03,0.010364885060625568,0.021435840827809173,0.00044137902671366903,-0.002419756910233402,0.0022044427168811755,-0.002419756910233402,0.006825938566553003,0.010364885060625568
2023-08-04,-0.007251321589010464,0.0006955548822945217,0.013636951770185942,0.024489899967846483,0.0041254788615967914,0.024823233301179817,-0.004389830508474634,-0.007251321589010464
2023-08-07,-0.005513203494172761,-0.005513203494172761,-0.005513203494172761,0.007228613568099636,0.007228613568099636,0.00824594139393812,0.023712183156173294,-0.005513203494172761
2023-08-08,-0.004863733178429659,-0.004863733178429659,-0.004863733178429659,-0.010091669660277561,-0.010091669660277561,-0.011138103878468437,-0.011182108626198062,-0.004863733178429659
2023-08-09,-0.013796918044131152,-0.013796918044131152,-0.013796918044131152,-0.025452946457909777,-0.025452946457909777,-0.021043304945040732,-0.037156704361874016,-0.013796918044131152
2023-08-10,0.005348033409968847,0.005348033409968847,0.005348033409968847,-0.0007002806319414594,-0.0007002806319414594,0.00311844118560974,0.012583892617449743,0.005348033409968847
2023-08-11,-0.015404842382204704,-0.015404842382204704,-0.015404842382204704,-0.017609874259356707,-0.017609874259356707,-0.02030037985383944,-0.010770505385252815,-0.015404842382204704
2023-08-14,0.011647994432505191,0.011647994432505191,0.011647994432505191,0.02359816132027026,0.02359816132027026,0.026430397105043246,0.04020100502512558,0.011647994432505191
2023-08-15,-0.019423099705092928,-0.019423099705092928,-0.019423099705092928,-0.020293086108848835,-0.020293086108848835,-0.01847929058035558,-0.029790660225442744,-0.019423099705092928
2023-08-16,-0.014288917981505592,-0.014288917981505592,-0.014288917981505592,-0.03238533811332707,-0.03238533811332707,-0.03323744289212264,-0.028215767634854783,-0.014288917981505592
2023-08-17,0.007811026035940119,0.007811026035940119,0.007811026035940119,0.01098101172566183,0.01098101172566183,0.009090133624816366,0.01707941929974388,0.007811026035940119
2023-08-18,-0.025138378705607124,-0.025138378705607124,-0.025138378705607124,-0.0326017315028988,-0.0326017315028988,-0.033240455505622934,-0.04030226700251893,-0.025138378705607124
2023-08-21,-0.008268583629444787,-0.008268583629444787,-0.008268583629444787,-0.006035144553689068,-0.006035144553689068,-0.006020198019576798,-0.01049868766404205,-0.008268583629444787
2023-08-22,0.011731468294623161,0.011731468294623161,0.011731468294623161,0.02874393318951562,0.02874393318951562,0.026016797890951716,0.027409372236958385,0.011731468294623161
2023-08-23,-0.023586022988751194,-0.023586022988751194,-0.023586022988751194,-0.031052696935741343,-0.031052696935741343,-0.033269991835963054,-0.022375215146299476,-0.023586022988751194
2023-08-24,0.016301761663872018,0.016301761663872018,0.016301761663872018,0.0025678464081698342,0.0025678464081698342,0.0014078150502445652,0.015845070422535246,0.016301761663872018
2023-08-25,-0.022190838730593646,-0.022190838730593646,-0.022190838730593646,-0.04526105707128765,-0.04526105707128765,-0.042320076922569894,-0.038994800693240794,-0.022190838730593646
2023-08-28,0.011079997093519367,0.011079997093519367,0.011079997093519367,0.013166999087191877,0.013166999087191877,0.014373751487889736,0.024346257889990897,0.011079997093519367
2023-08-29,0.03356521638134853,0.03356521638134853,0.03356521638134853,0.037756197927497626,0.037756197927497626,0.03693108590542467,0.040492957746478986,0.03356521638134853
2023-08-30,0.020050325733357223,0.020050325733357223,0.020050325733357223,0.02652773930621007,0.02652773930621007,0.0276838086703719,0.024534686971235287,0.020050325733357223
2023-08-31,-0.0029769115379093916,-0.0029769115379093916,-0.0029769115379093916,-0.006176739035388401,-0.006176739035388401,-0.008050664948177817,-0.014863748967795187,-0.0029769115379093916
2023-09-01,-0.007051424965995718,-0.007051424965995718,-0.007051424965995718,-0.010705208423226382,-0.010705208423226382,-0.010713681907997853,-0.0102204526404025,-0.007051424965995718
2023-09-04,0.01339457730621348,0.015479903589894557,0.01339457730621348,0.009823007093241243,0.009823007093241243,0.01339457730621348,0.017509727626459082,0.012622377198036642
2023-09-05,-0.01653787649735901,0.0006574559702766288,-0.01653787649735901,-0.007164765153485408,-0.007164765153485408,-0.01653787649735901,-0.019120458891013437,-0.009023578764259632
2023-09-06,0.0008285331018701065,-0.0038951314962469103,0.0008285331018701065,-0.003259166638003556,-0.003259166638003556,0.0008285331018701065,0.0,-0.0028777783847617386
2023-09-07,-0.02295487196732874,-0.023222230517096154,-0.02295487196732874,-0.025862714267670353,-0.025862714267670353,-0.02295487196732874,-0.01949317738791423,-0.024342112457685285
2023-09-08,-0.0016599688497877332,-0.00940161578663201,-0.0016599688497877332,-0.0040421142276175406,-0.0040421142276175406,-0.0016599688497877332,-0.007952286282306154,-0.005519167401531799
2023-09-11,0.02161764088046832,0.009244020175273777,0.02161764088046832,0.01780734733740741,0.01780734733740741,0.02161764088046832,0.022044088176352616,0.01887347645469184
2023-09-12,-0.00035858907209999436,0.0020805894213531033,-0.00035858907209999436,9.252097129504777e-05,9.252097129504777e-05,-0.00035858907209999436,0.0009803921568627416,0.0008046748116365965
2023-09-13,-0.025822629273086317,-0.012126597582729826,-0.025822629273086317,-0.020949793895564173,-0.020949793895564173,-0.025822629273086317,-0.027424094025465195,-0.021217701780595788
2023-09-14,-0.007012863550004855,-0.010079313922493652,-0.007012863550004855,-0.00758685000867465,-0.00758685000867465,-0.007012863550004855,-0.010070493454179319,-0.0069801456864252796
2023-09-15,-0.0155493143411074,-0.005232045545808731,-0.0155493143411074,-0.012451706722004277,-0.012451706722004277,-0.0155493143411074,-0.015259409969481164,-0.013526945263776772
2023-09-18,-0.004947320889776451,0.010699167736397229,-0.004947320889776451,-0.00042443735619775635,-0.00042443735619775635,-0.004947320889776451,-0.005165289256198302,-0.0017401915094006713
2023-09-19,-0.014614270568743943,-0.01252772134607649,-0.014614270568743943,-0.014631577595396792,-0.014631577595396792,-0.014614270568743943,-0.01661474558670817,-0.014885273278771092
2023-09-20,-0.0037280125318847794,-0.011455568755656637,-0.0037280125318847794,-0.0054453425652171514,-0.0054453425652171514,-0.0037280125318847794,-0.002111932418162654,-0.004084057749627426
2023-09-21,0.0010918217277319602,-0.01088178703564857,0.0010918217277319602,-0.0033797229877151605,-0.0033797229877151605,0.0010918217277319602,0.0,-0.0025484677923702046
2023-09-22,0.054184838690096854,0.01638032086765251,0.054184838690096854,0.04366822990401956,0.04366822990401956,0.054184838690096854,0.04761904761904767,0.0416245791103688
2023-09-25,-0.01861984922483147,-0.00494450234500802,-0.01861984922483147,-0.0118170278234699,-0.0118170278234699,-0.01861984922483147,-0.019191919191919204,-0.01109689649835636
2023-09-26,0.009600325393798254,-0.007958545757094648,0.009600325393798254,0.004952371507106848,0.004952371507106848,0.009600325393798254,0.01029866117404743,0.0031327333125973724
2023-09-27,0.002656015544111397,0.015308931569331921,0.002656015544111397,0.014104844099675235,0.014104844099675235,0.002656015544111397,0.0010193679918450993,0.01364908848200071
2023-09-28,0.009658518793937235,0.0009350944469678953,0.009658518793937235,0.00840709645049098,0.00840709645049098,0.009658518793937235,0.006109979633401208,0.007665978550513615
2023-10-09,-0.002223019677282408,-0.005031021428803961,-0.002223019677282408,-0.004627510068042813,-0.004627510068042813,-0.002223019677282408,-0.0010121457489878916,-0.004571346136280814
2023-10-10,0.0019294594719361231,-0.002858235591598849,0.0019294594719361231,-0.0026382141236693433,-0.0026382141236693433,0.0019294594719361231,0.003039513677811634,-0.00044300980080543527
2023-10-11,0.01653771004901109,-0.0007812500000000295,0.01653771004901109,0.00980370331500439,0.00980370331500439,0.01653771004901109,0.02020202020202011,0.010606511946994468
2023-10-12,-0.00923603912443427,0.019262374287188758,-0.00923603912443427,-0.000485223923153681,-0.000485223923153681,-0.00923603912443427,-0.011881188118811892,-0.0021146176317553183
2023-10-13,-0.01962707950442662,-0.01586728634881277,-0.019293746171093286,-0.019577787689785943,-0.019577787689785943,-0.01962707950442662,-0.020038076152304574,-0.018099086939302178
2023-10-16,-0.023933356380474592,-0.019095606860161686,-0.015340737810347319,-0.018619253409048908,-0.020213049544328083,-0.011422371845241122,-0.023738872403560873,-0.013068097132997133
2023-10-17,0.007304883885239125,0.007804445777389294,0.000733567899833402,0.0010265281662062975,0.003585292844483945,0.002144942689563149,0.010638297872340496,0.008619611059927404
2023-10-18,-0.010504048050335037,-0.009693892356704592,-0.018401294537137975,-0.013329353809727107,-0.011378227413896897,-0.011678198320153932,-0.006015037593984918,-0.007669327089423249
2023-10-19,-0.015894347989658088,-0.019097811193121296,-0.005552269144644128,-0.008226005797034436,-0.014618220582511793,-0.003795680658221667,-0.01966717095310133,-0.0124171122006147
2023-10-20,0.006415307407587148,0.006676084108223771,-0.03226426450528667,-0.006732433408132159,-0.010577999516087101,-0.007720527860278918,0.006172839506172867,-0.00610880430277542
2023-10-23,-0.028182403582256318,-0.023601987023618334,-0.027331891423991356,-0.02369730020443235,-0.024816400789054227,-0.02404612575241545,-0.024539877300613466,-0.026639659119721954
2023-10-24,0.00685084625416558,0.007356380987888267,0.005782047359841594,0.017432797160747894,0.0042556229846415486,0.02664197744048676,0.0062893081761006275,0.012957014568923878
2023-10-25,-0.00235748530678422,0.001156726579520669,0.0055825350119894646,-0.0025742214236824284,0.005359414300787198,-0.0024061217764161182,-0.0015625000000000222,0.00447402656348735
2023-10-26,-0.003645564191803729,0.002407181160552533,0.0013774104683195918,-0.004857572897775072,0.003030551009274518,-0.006253977060352578,0.003129890453834161,0.0006901894733119343
2023-10-27,0.035770180784353345,0.034584047535004395,0.005522103613978867,0.023532402608266313,0.018315107429437944,0.011425788969383547,0.040561622464898583,0.014934468004382953
2023-10-30,0.011440823994024019,0.012540478084084315,0.01535660379391553,0.01123643518015697,0.024759264687549555,0.006330229360152484,0.010494752623688264,0.006914857332629827
2023-10-31,-0.016458818929057574,-0.0106659684312157,-0.004623615524334582,-0.003435682704594304,-0.012099476861409034,0.0022168793041891974,-0.014836795252225476,-0.008562024363430823
2023-11-01,-0.008102519696429018,-0.005493835902178186,-0.0023976743892918,-0.0015152714822646387,-0.009523412246267182,-0.0015694564762086525,-0.003012048192771122,-0.0055663783138728915
2023-11-02,-0.018162785148724415,-0.01351453607273619,-0.001482022146448398,-0.0010005655273845147,-0.010512557458423239,0.0020612065801282058,-0.0166163141993958,-0.01111448693821108
2023-11-03,0.01492444870557419,0.011365409682096761,0.018950924897065548,0.0035041958493514658,0.018741423558087833,0.0033295023160241355,0.01228878648233489,0.017401208804315095
2023-11-06,0.03743452726811143,0.031188710360533646,0.04308884777915704,0.04523903374168259,0.03461302301623448,0.04446587176585274,0.04248861911987856,0.038417425477405155
2023-11-07,-0.005848534203833207,-0.008804162878663738,0.014201198324928015,-0.0032788381138389258,0.00291233081212483,0.0016190329172731666,-0.011644832605531286,0.0013434035028454157
2023-11-08,-0.0012655113551884867,-0.004975103300074557,0.01713740212028029,0.014106453757726012,-0.0008022599259368546,0.011895581838584746,-0.0014727540500736325,-0.0006989423664887457
2023-11-09,0.009739026470060752,0.0023398509612907827,-0.0032760893763354626,-0.005029167061524823,-0.0021767941451015234,-0.006882743092290865,0.001474926253687281,-0.0012828331157666018
2023-11-10,-0.013497866098567363,-0.008904643336199593,-0.01674542444566566,-0.015267995975168553,-0.008764775459308573,-0.012655821208354623,-0.009836524300441796,-0.007662980219106385
2023-11-13,-0.004457004363045858,-0.004457004363045858,-0.004457004363045858,-0.0013623978201634892,-0.0013623978201634892,0.007804036610822221,0.0,-0.004457004363045858
2023-11-14,0.00885427194006283,0.00885427194006283,0.00885427194006283,0.009056415903693438,0.009056415903693438,0.003440949652000147,0.015706806282722585,0.00885427194006283
2023-11-15,0.002648662782011109,0.002648662782011109,0.002648662782011109,0.0019601828910772072,0.0019601828910772072,0.003408023665691003,-0.0068728522336769515,0.002648662782011109
2023-11-16,-0.010966984349068176,-0.010966984349068176,-0.010966984349068176,-0.012591438791883661,-0.012591438791883661,-0.007489729431372308,-0.0034602076124568004,-0.010966984349068176
2023-11-17,-0.00490558316814819,-0.00490558316814819,-0.00490558316814819,-0.0025299039070510267,-0.0025299039070510267,-0.002852688233696295,-0.00520833333333337,-0.00490558316814819
2023-11-20,0.0019387670277615972,0.0019387670277615972,0.0019387670277615972,-0.0015384756791958125,-0.0015384756791958125,0.006145527235681144,0.0017452006980802626,0.0019387670277615972
2023-11-21,0.017050720129635044,0.017050720129635044,0.017050720129635044,0.010121530210360366,0.010121530210360366,2.7979244682192934e-05,0.022648083623693305,0.017050720129635044
2023-11-22,-0.010342441395582786,-0.010342441395582786,-0.010342441395582786,-0.013007225252003336,-0.013007225252003336,-0.010011062962307063,-0.006814310051107331,-0.010342441395582786
2023-11-23,0.014196580629604714,0.014196580629604714,0.014196580629604714,0.016941928848637135,0.016941928848637135,0.001253054960239049,0.027444253859348233,0.014196580629604714
2023-11-24,-0.003694291411124021,-0.003694291411124021,-0.003694291411124021,-0.005078438509358481,-0.005078438509358481,-0.005893747214876195,-0.0016694490818029983,-0.003694291411124021
2023-11-27,-0.016249099970531845,-0.016249099970531845,-0.016249099970531845,-0.010894347627827667,-0.010894347627827667,-0.005539531635597542,-0.021739130434782594,-0.016249099970531845
2023-11-28,-0.0024891922935787645,-0.0024891922935787645,-0.0024891922935787645,9.0850887968156e-05,9.0850887968156e-05,0.0004431227469409901,-0.01025641025641022,-0.0024891922935787645
2023-11-29,-0.014150224673095345,-0.014150224673095345,-0.014150224673095345,-0.01671740535166018,-0.01671740535166018,-0.001452114627443509,-0.025906735751295318,-0.014150224673095345
2023-11-30,-0.0007704986841900277,-0.0007704986841900277,-0.0007704986841900277,-0.003116189751685668,-0.003116189751685668,0.0004451086383486422,-0.0035460992907799804,-0.0007704986841900277
2023-12-01,-0.0035281477961105106,-0.0035281477961105106,-0.0035281477961105106,0.0030309561941131618,0.0030309561941131618,-0.0046014166688704465,0.007117437722419684,-0.0035281477961105106
2023-12-04,-0.013632651943426258,-0.013632651943426258,-0.013632651943426258,-0.012835555558094605,-0.012835555558094605,-0.002776704050727978,-0.015901060070671158,-0.013632651943426258
2023-12-05,-0.021752396907310047,-0.021752396907310047,-0.021752396907310047,-0.02236552595413018,-0.02236552595413018,-0.01896378332571569,-0.021543985637342944,-0.021752396907310047
2023-12-06,0.00619378773846102,0.00619378773846102,0.00619378773846102,0.005867364225924302,0.005867364225924302,0.004231514631949447,0.012844036697247763,0.00619378773846102
2023-12-07,-0.00396395605955128,-0.00396395605955128,-0.00396395605955128,-0.00261826227964701,-0.00261826227964701,-0.00519960667924002,0.005434782608695565,-0.00396395605955128
2023-12-08,-0.007713418868058096,-0.007713418868058096,-0.007713418868058096,-0.005009174732182948,-0.004675841398849615,-0.002186346350922111,-0.019018018018018057,-0.007713418868058096
2023-12-11,0.003938010931276399,0.004675958281756376,0.006853136062571726,-2.158992919476521e-05,0.005251443717744589,0.0009115025742775971,0.005698005698005604,0.004675958281756376
2023-12-12,-0.0016265167974048862,0.0043472656153539235,0.0026956408448437497,-0.0035721747818838003,-0.0016028966883054143,0.0036250769390561155,-0.009915014164305958,0.0043472656153539235
2023-12-13,-0.022273988166308174,-0.01774718210781845,-0.014346996757677661,-0.019263095687219657,-0.016514955294757733,-0.015782030326866425,-0.027181688125894055,-0.01774718210781845
2023-12-14,-0.00432810059589539,-0.002762464083862233,-0.0014621742942420024,0.0030065225844989234,-0.009042184603163231,0.005366576702543886,-0.002941176470588225,-0.002762464083862233
2023-12-15,0.006906331241301429,0.0065830205397172286,-0.0008411048983061695,0.004168621550640905,-0.0005104645227156738,0.008125100284567699,0.008849557522123908,0.0065830205397172286
2023-12-18,-0.022872228298567866,-0.013660944475885062,-0.008291795981065182,-0.024174694170044843,-0.0180562802481072,-0.02033975443338354,-0.024853801169590684,-0.013660944475885062
2023-12-19,0.0037841368431206224,0.0013606887179014406,-0.0018107647710403998,0.002796135062870686,0.0023994912840074414,-0.0004703768371328021,0.010494752623688264,0.0013606887179014406
2023-12-20,-0.007503374101321772,-0.004618313627337778,-0.010633924474134655,-0.0066305878386411585,-0.010996789722863257,-0.004594024922071505,-0.007418397626112738,-0.004618313627337778
2023-12-21,0.02001252196260439,0.015739106943575422,0.00896933381284959,0.013004382476929624,0.012977018557743358,0.00846177596063898,0.0343796711509714,0.015739106943575422
2023-12-22,0.010156411197416577,0.004318699580370455,-0.005123297398648806,0.004305460951847473,0.006790292907118226,-0.0020305067688359078,0.014450867052023142,0.004318699580370455
2023-12-25,-0.00037372724528539326,-0.001198489438852849,0.0006717353794456855,0.0035640283115621063,0.004284587468336006,0.0004205733969507113,0.0014245014245013454,-0.001198489438852849
2023-12-26,-0.003737345924864632,-0.0027398154211117167,-0.009442862622110396,-0.007096341753739965,-0.010885776324842703,-0.005311328630922799,-0.002844950213371278,-0.0027398154211117167
2023-12-27,-0.005740415313798726,-0.0018194713807817562,0.0016499630620614436,0.004083145520791513,0.0004889155044074758,0.004374905641871966,-0.004279600570613384,-0.0018194713807817562
2023-12-28,0.0557290137188103,0.04065654995069441,0.02283235803664459,0.05680242667003954,0.034967499638884826,0.047936116274402744,0.08595988538681953,0.04065654995069441
2023-12-29,-0.004344922825492444,-0.004983492429579295,0.005425742312436199,-0.0017508713638880735,0.009567586306136633,-0.0012585030724060102,-0.014511873350923521,-0.004983492429579295
2024-01-02,-0.016076788046292274,-0.0072759079582834785,-0.008567124835247611,-0.019494828153461225,-0.014648833304383081,-0.012168874319139747,-0.01740294511378848,-0.0072759079582834785
2024-01-03,0.0013309477830175664,0.0031755100654600925,-0.003990989667086294,-0.003381101323817415,-0.01167139149011916,-0.001828475251417309,0.0027247956403269047,0.0031755100654600925
2024-01-04,-0.014914629282512894,-0.008617971088579274,-0.004845640863963477,-0.010569548653727981,-0.016181407391802294,-0.007372080546904931,-0.02038043478260876,-0.008617971088579274
2024-01-05,-0.010501464814508716,-0.0053513156145632195,-0.008611053482399617,-0.017880633710531574,-0.010667575280547735,-0.017228606405654528,-0.017643550624133142,-0.0053513156145632195
2024-01-08,-0.022248869321137676,-0.02324580343210958,-0.02548798946110727,-0.01961138758774328,-0.019661862104045302,-0.009653793043611913,-0.028901734104046284,-0.022248869321137676
2024-01-09,0.009505308097036128,0.00020849759566014348,0.006388995617502316,0.007928590460964538,0.0010993279312108881,0.009113534115579617,0.01984126984126977,0.009505308097036128
2024-01-10,0.008915557643139374,-0.002619832275004656,-0.008064108256114106,-0.0057113283836249425,-0.010670609850330524,0.0033838530739477655,0.013618677042801508,0.008915557643139374
2024-01-11,0.01567751344044003,0.010363577553415881,0.021670262655708,0.019682606169517225,0.029125512757465073,0.010705492812331721,0.007677543186180413,0.01567751344044003
2024-01-12,-0.011755689930293115,-0.012471368702528074,-0.02121993669323411,-0.015460928880485853,-0.017123835261906268,0.003673739897781377,-0.01904761904761909,-0.011755689930293115
2024-01-15,-0.00890346669625371,-0.0006961484658469426,0.002504660806196083,0.0016837387019640326,-0.004798936689852243,0.000359709763711876,-0.001941747572815511,-0.00890346669625371
2024-01-16,0.0024497910654176867,0.004422958126402736,-0.006595258301313504,-0.008955355558169101,0.0010319041882887272,0.0021269366473550826,-0.009727626459143934,0.0024497910654176867
2024-01-17,-0.04055064383213173,-0.026375861430746845,-0.03520991579163827,-0.03540717417789796,-0.03116898900375179,-0.029939422821614842,-0.04911591355599221,-0.04055064383213173
2024-01-18,0.016750649935381702,0.01679431037190297,0.019510916262993984,0.011642545520233952,0.015266063635288965,0.012956732037548472,0.016528925619834656,0.016750649935381702
2024-01-19,-0.015615409467865585,-0.004327540908436345,-0.007990006060398198,-0.006800584102106081,0.008233572908440992,-0.014939443497324083,-0.04471544715447162,-0.015615409467865585
2024-01-22,-0.03516043034828701,-0.029661957250047312,-0.0533612870154085,-0.05433729035948372,-0.046411861482070695,-0.04110498978769309,-0.044680851063829685,-0.03516043034828701
2024-01-23,0.011830803623603817,0.011370875391068624,0.031202270661078464,0.033515231857565254,0.02193240837256309,0.015001114654907017,0.026726057906458767,0.011830803623603817
2024-01-24,0.0008761985272276448,0.01613189142964866,0.0008447658797884706,0.013850564168858659,-0.001561695792787606,0.014888252784034234,0.006507592190889477,0.0008761985272276448
2024-01-25,0.020520925303403027,0.015936779880119174,0.025894608020172367,0.03788321433717641,0.022404349317158696,0.03205410673516458,0.025862068965517127,0.020520925303403027
2024-01-26,-0.030004445790782465,-0.011510356076414744,-0.031992166494104704,-0.011337223477398626,-0.016319691031677148,0.00829539538355802,-0.0630252100840335,-0.030004445790782465
2024-01-29,-0.010178292953659462,-0.0133848160966162,-0.02308898200300765,-0.021357802201652433,-0.03627164254691898,-0.032310741028402624,0.0022421524663676085,-0.010178292953659462
2024-01-30,-0.029625943060835914,-0.03050955055794465,-0.032178946302498325,-0.03192596420245271,-0.032877245567787185,-0.029627005936868657,-0.020134228187919434,-0.029625943060835914
2024-01-31,-0.019389261945265208,-0.016852875261923656,-0.041506515088482576,-0.04252332116629698,-0.028007410071158513,-0.02188341838388097,-0.04109589041095896,-0.019389261945265208
2024-02-01,0.005811008144846845,0.003201161895717878,0.01448762453296807,0.00376743712452902,0.0027484669594090754,-0.00591618450336151,0.023809523809523725,0.005811008144846845
2024-02-02,-0.026253934522878605,-0.02377678152684063,-0.03406574239209481,-0.02319422979491048,-0.02165400401948725,-0.024193729982293077,-0.04751162790697683,-0.026253934522878605
2024-02-05,-0.024583523119980057,-0.024583523119980057,-0.05072914966294817,-0.03236839760654393,-0.02132237918233152,-0.05361307680730431,-0.0452079566003617,-0.024583523119980057
2024-02-06,0.0814354618852889,0.0814354618852889,0.07203711294242857,0.07232693475350596,0.06403306691356477,0.06409583164509265,0.06818181818181812,0.0814354618852889
2024-02-07,0.02882633716173595,0.02882633716173595,0.021230751478661453,0.02729227065365913,0.04530256587450432,0.017843836330971197,0.02659574468085113,0.02882633716173595
2024-02-08,0.031111618786083223,0.031111618786083223,0.04209436418071706,0.04325139448195229,0.015968912395138164,0.03358431440000135,0.04663212435233155,0.031111618786083223
2024-02-19,0.015688625685850277,0.015688625685850277,0.058409927258333084,0.037323310644317445,0.0008995842195675579,0.04290687915616605,0.03630363036303641,0.015688625685850277
2024-02-20,-0.002197859924462864,-0.002197859924462864,-0.008104762968993613,-0.0077705446338381945,-0.0036235369568702693,-0.003192540333052496,-0.006369426751592355,-0.002197859924462864
2024-02-21,0.002981337297480809,0.002981337297480809,-0.0011619440361478515,-0.0003748898087463002,0.009332316087705905,0.002394307764485977,0.0016025641025640969,0.002981337297480809
2024-02-22,0.020059883326550027,0.020059883326550027,0.030548910411622332,0.029792251815980626,0.007620826902643504,0.021600569838002476,0.03520000000000012,0.020059883326550027
2024-02-23,0.004010111144252463,0.004010111144252463,0.012315206697257606,0.005957151642694835,0.00657158571655995,0.010652580305754961,0.0061823802163833985,0.004010111144252463
2024-02-26,0.005763367704255229,0.005763367704255229,0.0006108787433594479,0.003708806847472656,0.00289667365651088,-0.0013001012725422831,0.001536098310291889,0.005763367704255229
2024-02-27,0.040268051681848105,0.040268051681848105,0.06211285209874373,0.061065394198493994,0.024745899648493053,0.03658403884295103,0.052147239263803824,0.040268051681848105
2024-02-28,-0.04226465659675312,-0.04226465659675312,-0.04881014831429779,-0.05194957951697017,-0.0269247374192794,-0.035589430970435876,-0.05247813411078717,-0.04226465659675312
2024-02-29,0.046517704712116054,0.046517704712116054,0.03582269780633214,0.04814429916095241,0.03577229420386178,0.030165110993424372,0.04461538461538472,0.046517704712116054
2024-03-01,0.018347006452691828,0.018347006452691828,0.03562294902231833,0.03448561141057678,0.012558725966087017,0.02022369054256471,0.044182621502208974,0.018347006452691828
2024-03-04,0.010934656588811912,0.010934656588811912,0.007332962561796608,0.005272816103642311,0.002155672234399756,0.0007425109976454776,0.0,0.010934656588811912
2024-03-05,-0.011326809041109831,-0.011326809041109831,-0.011965627102345314,-0.008988404485616108,-0.005364088921135897,-0.00937397188419542,-0.01128349788434413,-0.011326809041109831
2024-03-06,-0.01096766974964965,-0.01096766974964965,-0.012603190944476778,-0.01173338537668463,0.00014748129599192095,-0.0056895522806754695,-0.0099857346647646,-0.01096766974964965
2024-03-07,-0.034801409178982515,-0.034801409178982515,-0.03221868453178241,-0.02691541495545513,-0.01211467448309559,-0.01789770307483592,-0.03602305475504308,-0.034801409178982515
2024-03-08,0.015690916833757042,0.015690916833757042,0.016116573445737876,0.02050784251399203,0.011994037658477655,0.009457121786286288,0.013452914798206317,0.015690916833757042
2024-03-11,0.018545241921024358,0.018545241921024358,0.01220378073986968,0.010786969120378648,0.041701623604634135,0.010438244016705825,0.016224188790560312,0.018545241921024358
2024-03-12,0.01110905927854174,0.01110905927854174,0.0029987451019306186,0.0014824542752244207,0.0002582236273344454,0.00031793037270340906,0.004354136429608024,0.01110905927854174
2024-03-13,0.0048757787520620575,0.0048757787520620575,0.023626648445865372,0.00825209823323858,-0.0005500550055005382,0.020873840259967857,0.01734104046242768,0.0048757787520620575
2024-03-14,-0.006933518862090296,-0.006933518862090296,-0.01946803709229657,-0.014169725647643626,-0.010396237156470312,-0.01828252062506471,-0.017045454545454586,-0.006933518862090296
2024-03-15,0.001237376241000954,0.001237376241000954,0.00733706978589821,0.006754098839909702,0.01209246339396719,0.010023139113041167,0.0033352601156070314,0.001237376241000954
2024-03-18,0.00961610669032198,0.00961610669032198,-0.0007213196848401642,0.023670180593312898,0.023670180593312898,-0.0007213196848401642,0.006369426751592355,0.00961610669032198
2024-03-19,-0.007875642385086349,-0.007875642385086349,0.003652402525130438,0.001279898437404762,0.001279898437404762,0.003652402525130438,-0.02742616033755263,-0.007875642385086349
2024-03-20,0.00016503370161905884,0.00016503370161905884,0.0018632886279944896,-0.0012188262928091902,-0.0012188262928091902,0.0018632886279944896,0.0,0.00016503370161905884
2024-03-21,0.008274132886014899,0.008274132886014899,0.00993416230825861,-0.0033794726017809897,-0.0033794726017809897,0.00993416230825861,-0.002169197396963085,0.008274132886014899
2024-03-22,-0.02798605136802479,-0.02798605136802479,-0.01824952568354739,-0.018071119144970133,-0.018071119144970133,-0.01824952568354739,-0.034782608695652195,-0.02798605136802479
2024-03-25,-0.006448241390349459,-0.006448241390349459,-0.007685176334709665,-0.019601623418294967,-0.019601623418294967,-0.007685176334709665,0.0022522522522523403,-0.006448241390349459
2024-03-26,0.002294416572450256,0.002294416572450256,-0.003682722620150458,0.010796237206425675,0.010796237206425675,-0.003682722620150458,0.004494382022471877,0.002294416572450256
2024-03-27,-0.013721583104089292,-0.013721583104089292,-0.010287025183499813,-0.03507773132816756,-0.03507773132816756,-0.010287025183499813,-0.011185682326621982,-0.013721583104089292
2024-03-28,0.0022882547154392157,0.0022882547154392157,0.0005673418834152288,0.013788175662474403,0.013788175662474403,0.0005673418834152288,0.0,0.0022882547154392157
2024-03-29,0.005050145932498862,0.005050145932498862,0.011532342414695362,0.01200852428922605,0.01200852428922605,0.011532342414695362,-0.004524886877828038,0.005050145932498862
2024-04-01,0.01662721568048512,0.01662721568048512,0.008625323539430721,0.027061605042869287,0.027061605042869287,0.008625323539430721,0.013636363636363669,0.01662721568048512
2024-04-02,-0.01219026717966413,-0.01219026717966413,-0.005349321307387892,0.0039349038051179255,0.0039349038051179255,-0.005349321307387892,-0.013452914798206317,-0.01219026717966413
2024-04-03,-0.002500941050910402,-0.002500941050910402,0.008284673357312606,0.0009247378853535215,0.0009247378853535215,0.008284673357312606,-0.015909090909090873,-0.002500941050910402
2024-04-08,-0.013442270729566348,-0.013442270729566348,-0.008255476768508869,-0.020082134506186157,-0.020082134506186157,-0.008255476768508869,-0.009237875288683584,-0.013442270729566348
2024-04-09,0.012502452435711537,0.012502452435711537,0.005433955314298985,0.026149323773663042,0.026149323773663042,0.005433955314298985,0.018648018648018683,0.012502452435711537
2024-04-10,-0.014556091198482224,-0.014556091198482224,-0.003348163794496724,-0.02247956286721523,-0.02247956286721523,-0.003348163794496724,-0.004576659038901587,-0.014556091198482224
2024-04-11,-0.008807486234636081,-0.008807486234636081,-0.002687112837374809,-0.001980319556634136,-0.001980319556634136,-0.002687112837374809,-0.00919540229885063,-0.008807486234636081
2024-04-12,-0.01400293220406168,-0.01400293220406168,-0.011741761978390275,-0.014094311899256065,-0.014094311899256065,-0.011741761978390275,-0.009280742459396807,-0.01400293220406168
2024-04-15,-0.00818810417079315,-0.00818810417079315,-0.0014880423676087995,0.005688710819137096,0.005688710819137096,-0.0014880423676087995,-0.021077283372365363,-0.00818810417079315
2024-04-16,-0.022554354051186776,-0.022554354051186776,-0.017137512162338348,-0.03760108665127178,-0.03760108665127178,-0.017137512162338348,-0.028708133971291794,-0.022554354051186776
2024-04-17,0.013312394856098328,0.013312394856098328,0.011029490062652192,0.03291891348764693,0.03291891348764693,0.011029490062652192,0.004926108374384119,0.013312394856098328
2024-04-18,-0.002152420198689812,-0.002152420198689812,8.155968171271377e-05,0.00043431165927820814,0.00043431165927820814,8.155968171271377e-05,-0.007352941176470451,-0.002152420198689812
2024-04-19,-0.01688129925363187,-0.01688129925363187,-0.011125731232497455,-0.02266772459646075,-0.022001057929794083,-0.011125731232497455,-0.02716049382716057,-0.01688129925363187
2024-04-22,0.0163052904169656,0.0163052904169656,0.010181410048828813,0.010152284263959421,-0.004314201139102672,0.01242871860146244,0.030456852791878264,0.017082291193966388
2024-04-23,0.008247287946225867,0.008247287946225867,0.002690899819617158,0.009664475417093957,-0.01223425782289067,0.006016513738166104,0.02216748768472887,0.014416681798628279
2024-04-24,0.010024969855782459,0.010024969855782459,0.008420001008203467,0.025928818188462335,0.015571454405594412,0.006515436225766891,0.02168674698795181,0.016769904476663745
2024-04-25,0.0067129891161074404,0.0067129891161074404,0.004314404642542513,-0.0032153543887771807,0.0018354313472306314,0.008739102801256005,0.009433962264151052,0.002562393195470839
2024-04-26,0.0249373534387356,0.0249373534387356,0.04086395113679645,0.029265153973518032,0.034102402620765616,0.030243143580591287,0.02336448598130847,0.02132647759221869
2024-04-29,0.041065389977557556,0.041065389977557556,0.037413759262551194,0.02660941288681351,0.02005740729411154,0.03950870600705995,0.0182648401826484,0.025485121494392526
2024-04-30,-0.015004557418795065,-0.015004557418795065,-0.021641156142233792,-0.010147907577470156,-0.015250148400177688,-0.016115390896980365,-0.013452914798206317,-0.0048951743323851025
2024-05-06,0.027700946212396643,0.027700946212396643,0.020704219415559628,0.022884806320462376,0.017179798827709442,0.028278261172998066,0.04772727272727284,0.028670533932773006
2024-05-07,0.002535252558103199,0.002535252558103199,-0.00046243566538550773,-0.006031727083670501,-0.0003701058179514192,-0.0002455674110121526,-0.010845986984815648,-0.003142594321460357
2024-05-08,-0.011965136898974344,-0.011965136898974344,-0.016301374906192025,-0.023807205784524887,-0.01290878167747907,-0.01504756075917398,-0.004385964912280715,-0.014604227282659752
2024-05-09,0.019304767964265574,0.019304767964265574,0.019929212981595407,0.020334527357163047,0.016152715039342715,0.02197822215712142,0.033039647577092435,0.01854381225441385
2024-05-10,0.013262908776347615,0.013262908776347615,0.018012739743217116,-0.004739454489913567,-0.0040695347590216455,0.011570242759664673,0.010660980810234477,-0.0024585736833322436
2024-05-13,-0.010013938513296423,-0.010013938513296423,-0.0061664837525996115,-0.012325980200064996,-0.004570810836213246,-0.010657122489813726,-0.00421940928270037,-0.010612399953151441
2024-05-14,0.006637417637234281,0.006637417637234281,0.005420406446408288,0.010727243022930228,0.0025315399542538515,0.005879531434728783,0.006355932203389925,0.013301382279312508
2024-05-15,-0.005666507288486758,-0.005666507288486758,-0.009788258333605117,-0.0172503497688421,-0.019093581122508953,-0.006814378005645882,-0.021052631578947323,-0.01732638474493109
2024-05-16,0.012706796860730025,0.012706796860730025,0.014825014406923815,0.003056516278958606,0.0024756403127321005,0.014259319081876609,0.008602150537634357,-0.0010944862273070488
2024-05-17,0.029781198624482252,0.029781198624482252,0.03420039054367415,0.00689187982250942,0.010947904880668286,0.030106365646205946,0.002132196162046851,0.0009765481093053641
2024-05-20,-0.005164219484015574,-0.005164219484015574,-0.005411637331523684,0.004775283085693749,0.006385295377832759,-0.005317467485256003,0.006382978723404209,0.0016600844563811426
2024-05-21,-0.015044419972660705,-0.015044419972660705,-0.014193343866261771,-0.01408304213856922,-0.009227703786505281,-0.017137861122705617,-0.03382663847780121,-0.014053093052016371
2024-05-22,0.0037428154501325155,0.0037428154501325155,0.005532470496138585,0.0012041268229386892,0.005998080950433489,0.003893943148430019,0.0,-0.00210173398292209
2024-05-23,-0.018312774386515684,-0.018312774386515684,-0.020764336095010417,-0.022578972458682862,-0.019925769394803467,-0.020158297790267305,-0.01750547045951867,-0.01802288965832525
2024-05-24,-0.02822956432479643,-0.02822956432479643,-0.029314494179384032,-0.02472705709165816,-0.019591829400859684,-0.028956454980765118,-0.03886191536748329,-0.020658844721818743
2024-05-27,0.008229762529518828,0.016347662723202795,0.010191878259105206,0.008229762529518828,0.011408996188941273,0.016347662723202795,0.00572737686139746,0.01505984509355603
2024-05-28,-0.020717797296181024,-0.011968837005370509,-0.020717797296180986,-0.020717797296181024,-0.007472613802066208,-0.011968837005370509,-0.023917995444191376,-0.008983762378504807
2024-05-29,0.0005704188771427456,-0.0007667489129545473,0.00024032050782866543,0.0005704188771427456,0.012939861538518114,-0.0007667489129545473,0.008168028004667427,-0.0012065826861216524
2024-05-30,-0.002747675384144628,0.006022265826845136,-0.004467672510784911,-0.002747675384144628,0.003363709903144052,0.006022265826845136,-0.01041666666666663,0.005400046765100714
2024-05-31,0.011790915196487967,0.008509487351574824,0.006675673038747535,0.011790915196487967,-0.002729323176050902,0.008509487351574824,0.01520467836257322,0.005089171856955972
2024-06-03,-0.00575114016599391,-0.0027569121717658795,0.003007226424755334,-0.00575114016599391,0.00018700172440315032,-0.0027569121717658795,-0.017281105990783474,-0.003992366895592717
2024-06-04,0.006439389408803287,0.0027389419946227678,0.007940471360682839,0.006439389408803287,0.008423713802440558,0.0027389419946227678,0.009378663540445586,0.009779378897135982
2024-06-05,-0.008316214842300051,-0.004942139423358341,-0.012437163814507546,-0.008316214842300051,-0.0052742616033755185,-0.004942139423358341,-0.017421602787456414,-0.005375315223159889
2024-06-06,-0.020184402228446974,-0.018459882685931274,-0.00884359379720423,-0.020184402228446974,-0.00871119859318666,-0.018459882685931274,-0.026004728132387744,-0.014555612202865163
2024-06-07,-0.0062544862182014604,-0.002290950744558984,-0.01219398814853952,-0.0062544862182014604,-0.009673168507581115,-0.002290950744558984,0.0,-0.002014098690835834
2024-06-11,0.01676043241902403,0.02569754737931973,0.012277179698725178,0.01676043241902403,0.003474333639589636,0.02569754737931973,0.013349514563106846,0.021746530176443603
2024-06-12,0.008360503192902453,0.004621903733516564,0.010152617888242954,0.008360503192902453,0.007140051272629584,0.004621903733516564,0.017964071856287456,0.00612566313201283
2024-06-13,0.0030925111340656493,0.0031522925924423557,0.008500427261599495,0.0030925111340656493,-0.0026121531484211515,0.0031522925924423557,-0.003529411764705892,0.001525259011550021
2024-06-14,0.012150049016457146,0.0018454179305998535,0.024490996433289853,0.012150049016457146,0.0066528308122791495,0.0018454179305998535,0.0011806375442739991,-0.004463400678645294
2024-06-17,-0.011534971727752714,-0.0013045984175703573,-0.005682128918388152,-0.011534971727752714,0.01945964212760017,-0.0013045984175703573,-0.017688679245283057,0.0009250559859970879
2024-06-18,0.012578451769053403,0.005689818014747994,0.016636122493390783,0.012578451769053403,0.004184208036968543,0.005689818014747994,0.0036014405762305746,-0.0023348733432766813
2024-06-19,-0.014672570624343535,-0.011227312778900359,-0.011001117046663362,-0.014672570624343535,-0.011991093709860918,-0.011227312778900359,-0.01674641148325362,-0.010241149589667226
2024-06-20,-0.02551978349517081,-0.01637251335518856,-0.02195608338662869,-0.02551978349517081,-0.017184325405526057,-0.01637251335518856,-0.02676399026763976,-0.013660325438810276
2024-06-21,0.0005753697486799997,-0.0012000770267667578,0.00048738093182539564,0.0005753697486799997,-0.0025117616135610734,-0.0008667436934334244,-0.0060000000000000045,0.00013533438651924855
2024-06-24,-0.019912070102384823,-0.007525733658259406,-0.007525733658259406,-0.02444353154587497,-0.02003595867427125,-0.01302675762910103,0.0016501650165017256,-0.019912070102384823
2024-06-25,-0.002520751183852791,0.002432850212977048,0.002432850212977048,0.00031559872131610867,-0.014480499101767075,-0.003760995553061271,0.0,-0.002520751183852791
2024-06-26,0.02801453748987296,0.007417722604978601,0.007417722604978601,0.025143646903560336,0.02244334524439373,0.023434737533360634,0.0049423393739702615,0.02801453748987296
2024-06-27,-0.018032384210427632,-0.01471964358906493,-0.01471964358906493,-0.019801449507389157,-0.012249995464084635,-0.017095700402393832,-0.016393442622950838,-0.018032384210427632
2024-06-28,-0.006709226458811964,-0.010071762579056915,-0.010071762579056915,-0.01107770965202955,0.006890712662481276,-0.010616605476225116,-0.016666666666666607,-0.006709226458811964
2024-07-01,0.004685384349464231,0.0032245736890486047,0.0032245736890486047,0.013599438027287544,0.0035614846614198115,-0.002017845388500398,-0.006779661016949268,0.004685384349464231
2024-07-02,0.008188671411678339,0.00996728911386291,0.00996728911386291,0.004125765579087985,-0.01675334288261206,0.009445842327736154,0.015358361774743923,0.008188671411678339
2024-07-03,-0.005386024968362971,-0.006113820301260249,-0.006113820301260249,-0.0006879927874540912,0.0002875952369419583,-0.00691301053572968,-0.008403361344537785,-0.005386024968362971
2024-07-04,-0.01875614629870892,-0.013483881999936404,-0.013483881999936404,-0.025864970658271424,-0.01214959416178929,-0.018234596072494703,-0.016949152542373058,-0.01875614629870892
2024-07-05,0.0033741420153991326,-0.0029439476346106623,-0.0029439476346106623,-0.0002523312393606738,-0.0001381989598981208,-0.003949188910340351,-0.008620689655172376,0.0033741420153991326
2024-07-08,-0.026330105049582032,-0.0206132498060931,-0.0206132498060931,-0.03430685930687778,-0.009383146869957929,-0.028699382671363773,-0.027826086956521667,-0.026330105049582032
2024-07-09,0.011102867381937182,0.009779024455040789,0.009779024455040789,0.011914870912387299,0.024089759957836982,0.011859286535302882,0.012522361359570633,0.011102867381937182
2024-07-10,-0.007166545479285487,-0.004499878812618818,-0.004499878812618818,-0.007262005073842522,0.0009707423741918131,-0.0032555948174322795,-0.0017667844522968323,-0.007166545479285487
2024-07-11,0.024325909385779866,0.024635040701374972,0.024635040701374972,0.025841313400933874,0.02790240644656953,0.027363719446403662,0.030088495575221197,0.024325909385779866
2024-07-12,-0.0034380136445609404,0.003209198943145382,0.003209198943145382,0.006788255199302224,-0.004493189645800996,-0.00010028290470550294,0.00859106529209619,-0.0034380136445609404
2024-07-15,-0.006154296192959781,-0.002056148477790787,-0.002056148477790787,-0.011868633712669552,-0.009755328604921232,-0.007675868499022649,-0.0034071550255536653,-0.006154296192959781
2024-07-16,0.0018018018018017095,-0.0009009009009009656,-0.0009009009009009656,0.00427502974672785,0.01868037359530746,0.002702702702702675,0.0,0.0018018018018017095
2024-07-17,0.007948146024390128,0.012007376955368427,0.012007376955368427,0.01613548141887078,-0.01340226094641006,0.01739836920309249,0.02393162393162407,0.007948146024390128
2024-07-18,-0.002278851158334594,0.0006953996882566778,0.0006953996882566778,-0.0005765468777545097,0.0007952523246013143,-0.001684814498724226,-0.0033388981636059967,-0.002278851158334594
2024-07-19,0.00599785021363497,0.008669538049859668,0.008669538049859666,0.003562209401847372,0.004460803547915782,0.012603584395670739,0.019100502512562678,0.00599785021363497
2024-07-22,-0.0011972644944661472,-0.00566126719217704,-0.006557992134161417,-0.0011972644944661472,-0.011026287667158591,-0.0042085260462884815,-0.009302325581395321,-0.0011972644944661472
2024-07-23,-0.024323428566666395,-0.02542754997276205,-0.019673621025605437,-0.024323428566666395,-0.03178149316288943,-0.02156416192404842,-0.014084507042253502,-0.024323428566666395
2024-07-24,-0.02275373873547385,-0.017170769647939288,-0.018687857851267177,-0.02275373873547385,-0.016436442395144264,-0.0169486745111657,-0.023809523809523836,-0.02275373873547385
2024-07-25,0.015443199502310765,0.0024978204239055612,-0.004797737161999641,0.015443199502310765,0.011404941746054812,0.004265700272130505,0.004878048780487809,0.015443199502310765
2024-07-26,0.010989406161874713,0.02330815784901123,0.025448408258950932,0.010989406161874713,0.002946011222364671,0.0120736314291238,0.009708737864077666,0.010989406161874713
2024-07-29,-0.008359710363194642,-0.012575919228209848,-0.009404437700967955,-0.008359710363194642,-0.016441702097812445,0.0004833449973361177,-0.009615384615384581,-0.008359710363194642
2024-07-30,0.004600073985495704,-0.0015810556040441277,-0.003305258459170994,0.004600073985495704,-0.0005781582294038061,0.007000744382239298,0.02184466019417486,0.004600073985495704
2024-07-31,0.03966370065746686,0.032140073648641534,0.03870335407180654,0.03966370065746686,0.03411219337036216,0.033342889685493184,0.038004750593824355,0.03966370065746686
2024-08-01,-0.011821955013869437,-0.00829580689504857,-0.009709411460327517,-0.011821955013869437,-0.013338848252641273,-0.010200163170065335,-0.016018306636155666,-0.011821955013869437
2024-08-02,-0.01188293749157702,-0.005715467292480328,-0.008514679177333468,-0.01188293749157702,-0.0029381660124711733,-0.009379815254530095,-0.0046511627906976605,-0.01188293749157702
2024-08-05,-0.0063803170619325025,-0.010949451526804857,-0.012611410366388057,-0.0063803170619325025,-0.002222067211551604,-0.006598035417113976,-0.011682242990654235,-0.0063803170619325025
2024-08-06,0.030498517174019447,0.0046839825939694775,0.0063207358789434025,0.030498517174019447,0.017248400905096013,0.018919819914755776,0.01891252955082745,0.030498517174019447
2024-08-07,-0.004900121577548192,-0.00717017802944353,0.0025895676555597325,-0.004900121577548192,-0.00574058206086255,-0.004732161673279944,-0.00696055684454755,-0.004900121577548192
2024-08-08,0.0014420092126242365,0.009052717349403494,0.004489905052351029,0.0014420092126242365,0.008787347726705455,0.0029577962675750857,0.016355140186915973,0.0014420092126242365
2024-08-09,-0.0076912864727873105,-0.00552932986200516,0.0037394879806647383,-0.0076912864727873105,-0.01158034239509361,-0.00346333892748707,0.01379310344827589,-0.0076912864727873105
2024-08-12,-0.01635719398280977,-0.0035012614476096493,-0.0075628300567182425,-0.01635719398280977,3.668064606846921e-05,-0.018863459646970154,-0.03315646258503402,-0.01635719398280977
2024-08-13,0.0006477701847988904,0.0012492004219977204,-0.0037146663665395354,0.0006477701847988904,-0.001125750538009525,0.002268437993629228,-0.0025188916876575096,0.0006477701847988904
2024-08-14,-0.0024131914812917095,-0.009916225969993864,-0.01078830011646888,-0.0024131914812917095,-0.015797020721272276,-0.003040900377005291,-0.009259259259259078,-0.0024131914812917095
2024-08-15,0.02262250898416947,0.0022915560707357967,0.014623620195089854,0.02262250898416947,0.007149257470990303,0.020082805813046518,0.017841971112999122,0.02262250898416947
2024-08-16,-0.01467564738828464,-0.009798743383812997,-0.002649576463458129,-0.01467564738828464,-0.01222002207457092,-0.013092868027727612,-0.014355592654424099,-0.01467564738828464
2024-08-19,0.003726886276474069,-0.0015497852654238937,-0.000557103837656688,0.003919785732400556,0.0018409776971154792,0.0024590878741265936,0.009296148738379806,0.0037246943368934486
2024-08-20,-0.018663027675951478,-0.018916081772319553,-0.01588250662293141,-0.015241528675365691,-0.02013319921610479,-0.011980366613240718,-0.021052631578947434,-0.015083599606117232
2024-08-21,0.0002652384110519712,0.0010607926001947967,-0.001954051177745793,-0.0023510101010101683,0.0002344610826235569,0.004052249960580548,-0.005376344086021501,-0.0014764581296839996
2024-08-22,-0.019722246171713993,-0.008526017566217329,-0.007091288261365735,-0.015437673394923374,-0.015063826526297897,-0.015998335389972897,-0.01756756756756761,-0.013229013121746994
2024-08-23,0.008558958643312945,-0.00013849474352981917,0.009949195669455735,0.008236580006914926,0.0038363194861868637,0.002545124273910959,0.012379642365887289,0.005476075120612877
2024-08-26,-0.0023937752358468654,0.008801245794474758,-0.002460799561581517,-0.0025020678246484205,-0.005498010140107867,-0.00695044873735214,-0.006793478260869623,-0.004766560578271628
2024-08-27,-0.014234178427798061,0.00015768003464640933,-0.006312122953322507,-0.013253558244910108,-0.006013725411610344,-0.019866490971203188,-0.013679890560875485,-0.011065883438616253
2024-08-28,0.0035762838831396118,0.0010375226136521605,-0.002817298126257084,0.0010113486197714052,-0.000132638879887866,0.00017122012953174615,0.0,0.0010113486197714052
2024-08-29,0.010233603034582796,0.008939117503390454,-0.00018659899730263008,0.007197854770827535,-0.00165180046250409,0.0030596247436207964,0.006934812760055475,0.0039998171509011415
2024-08-30,0.023184489093579952,0.018035613693834218,0.021791772041988972,0.025062994890999946,0.020818150718258318,0.031990654257683694,0.026170798898071723,0.024301499672741974
2024-09-02,-0.032214822564811896,-0.010825356946092803,-0.013574377745276995,-0.031285472977063446,-0.020544046395267152,-0.035287076407648534,-0.03489932885906044,-0.03040211355854209
2024-09-03,0.015060292475525205,0.009140028751734475,0.008050479841671324,0.014828694799436788,0.004334440134252364,0.009636176047609505,0.015299026425591222,0.013083743306803617
2024-09-04,-0.00386114353188501,-0.004615778542244264,-0.008550861234813892,-0.0042841273310022885,-0.009640108805225995,-0.008831446652166878,-0.004109589041095929,-0.005653990344700932
2024-09-05,0.007542331524578172,-0.004210985114549537,-0.0016411167215031703,0.004726459608996499,0.00021689611124283293,0.005348207632384157,0.011004126547455195,0.005041047733802169
2024-09-06,-0.01826700658237268,-0.018458336125194354,-0.018725561059497853,-0.020872640567972556,-0.01914237168167095,-0.02015897495130714,-0.020408163265306145,-0.02037124479053809
2024-09-09,-0.005816397110621985,-0.012018932543963873,-0.012570486493265826,-0.0023422745735599175,-0.008526315466757676,-0.0032820919965231106,-0.004166666666666652,-0.001694503584648399
2024-09-10,0.019511663654675344,-0.004095600816912293,0.007189264032378295,0.01092727892008179,0.012223135248197847,0.014608346935735057,0.029288702928870425,0.01249345858489655
2024-09-11,0.005297841158539299,0.009869699290260825,0.0008335685929036218,0.006065365866905648,-0.0015139760030803417,0.001559485586402398,0.0027100271002709064,0.005635374900329282
2024-09-12,-0.0043176980021688936,-0.00021741953544966242,0.0004699216593501143,-0.0013360911969261997,0.0011233810605757824,-0.006324125501103986,-0.0013513513513513375,-0.0017865416473766456
2024-09-13,-0.005033279427229456,-0.017587944219523217,0.0007240977610027226,-0.005048582995951417,0.002892265929170875,0.005752348625362892,-0.005059539918809252,-0.001753688599697932
2024-09-18,-0.008549917146034331,-0.012879261161838127,-0.008549917146034331,-0.012418659035200452,-0.0012869079790063243,-0.009017298490982725,-0.010204081632653184,-0.002345494781854085
2024-09-19,0.020226337729892647,0.022386198537052072,0.020226337729892647,0.019197090448771343,0.010876095973516353,0.010676461219939481,0.026804123711340333,0.01752280783803391
2024-09-20,-0.002150702894855934,-0.006086523110975165,-0.002150702894855934,-0.006173769611421094,0.002290784291690976,-0.013046587599668553,0.002008032128514081,-0.002742412446893808
2024-09-23,-0.001830242942024422,0.002025730311846126,-0.001830242942024422,-0.0039009227215554,0.007386080301664542,-0.0028832953893519844,0.002004008016031955,-0.002531997327989366
2024-09-24,0.053232194331690685,0.057128039982434466,0.053232194331690685,0.050106201666583416,0.0457774696610016,0.04100766917182448,0.06000000000000005,0.04848827341702133
2024-09-25,0.005940603743757045,0.00927022429446637,0.005940603743757045,0.005921190037680546,0.00466130530342738,0.008906504771208468,0.005660377358490454,0.010156192588886892
2024-09-26,0.08258143189400279,0.06887219485581864,0.08258143189400279,0.06601095203439461,0.04342200721962275,0.0448700378826176,0.09943714821763594,0.07223122019601239
2024-09-27,0.08858607996515411,0.06701667118393528,0.08858607996515411,0.07498285041508068,0.06824288290734211,0.05918946358684832,0.10068259385665534,0.08249687060584399
2024-09-30,0.10043706453942725,0.09020353943734682,0.10043706453942725,0.09718882890470662,0.10040281594397116,0.09696710130559016,0.10077519379844957,0.09995575688723393
2024-10-08,0.04065425958661775,0.02467761207276949,0.04065425958661775,0.043821855272428316,0.09995986770805754,0.0691739679484847,0.023943661971830954,0.038277187418989285
2024-10-09,-0.03378267111118153,-0.09379812048047723,-0.03378267111118153,-0.027322162813338585,0.021782442979374112,-0.019608853655737907,-0.1004126547455294,-0.033537193185641224
2024-10-10,-0.008786180857342212,0.0127086004467305,-0.008786180857342212,-0.005084335255469216,-0.05420516122760366,-0.0020945239138704403,-0.003058103975535298,-0.004061749199419226
2024-10-11,-0.03560808119090327,-0.031214849588198423,-0.03560808119090327,-0.043214969508451495,-0.04289599285656102,-0.04978207061026233,-0.03220858895705514,-0.035374355605065
2024-10-14,0.018150175748571286,0.016891023538806373,0.018150175748571286,0.021757848195314306,0.04344269643004117,0.031834118752783525,0.01109350237717921,0.03352701841715329
2024-10-15,-0.029801830757788417,-0.027808078528391067,-0.029801830757788417,-0.025219316757259375,-0.026409542292406996,-0.015848100489491368,-0.036050156739811934,-0.022809946158994194
2024-10-16,-0.01510669504763351,-0.0010932175102114083,-0.01510669504763351,-0.012350969160234999,-0.01770111297622042,-0.01343226997324313,-0.009756097560975618,-0.00021988694048639436
2024-10-17,-0.011955677601884132,-0.014929390354912104,-0.011955677601884132,-0.00977153781693792,0.01408150095271569,-0.0006297054909529809,-0.021346469622331776,-0.017066982769327055
2024-10-18,0.054804385332246144,0.025536487744608736,0.054804385332246144,0.05239772862333924,0.07057065685370341,0.054306037568956314,0.032557046979865834,0.04721251686365402
2024-10-21,0.007101307964132664,0.004546276517591726,0.0008720370695051161,0.014240402583352463,0.0121063809298018,0.014886212991604085,0.008849557522123908,0.007101307964132664
2024-10-22,0.006366927541002135,0.014703870488828631,0.0028023393664863647,0.01684918317102224,0.016059977963897687,0.007416254689675993,0.019298245614035148,0.006366927541002135
2024-10-23,0.0018173676039371736,0.0072000186444446754,0.0019695575369735874,0.022068573606510045,0.001306941146099046,0.0025083421030536544,0.0034423407917383297,0.0018173676039371736
2024-10-24,-0.0022598002160036934,-0.011252289401455099,-0.0018624923739414263,-0.024473542179316368,-0.014007610925131734,-0.016787895614548666,-0.00857632933104635,-0.0022598002160036934
2024-10-25,0.0033721893864945285,0.009185286140455254,6.860919488952798e-05,0.03999485689982082,0.026811000595330592,0.016800411896049784,0.01384083044982698,0.0033721893864945285
2024-10-28,0.013052148673136458,0.020705948329183745,0.006845261470738199,0.0055553290620478455,0.00891993013827826,0.024521085100385715,0.025597269624573427,0.013052148673136458
2024-10-29,-0.018201398524306467,-0.024441011398655694,-0.012226724723674365,-0.022849125439874052,-0.014958278206675316,-0.02217261613714705,-0.028286189683860208,-0.018201398524306467
2024-10-30,0.0009969419215994924,-0.004779810565679295,2.8240165496111296e-05,-0.006010594950543716,-0.010838653486218448,-0.01000110435655821,0.008561643835616417,0.0009969419215994924
2024-10-31,-0.00312765822014216,-0.004493859776485161,-0.004661427500921318,0.0059723483602294545,-0.0027329907427319222,-0.002236259535371136,-0.005093378607809895,-0.00312765822014216
2024-11-01,0.0023869421799276682,0.006876346333522743,0.004443893285020113,-0.0038117094531986417,-0.01062460258340403,-0.004670209948412458,-0.0017064846416382506,0.0023869421799276682
2024-11-04,0.009908827555886363,0.01042606997663172,0.0099989762441659,0.009221963112147513,0.017564371812796537,0.016858680420027472,0.013675213675213627,0.009908827555886363
2024-11-05,0.009362294904868838,0.01761863917030837,0.0078776644126514,0.023616994673653375,0.024541277337209934,0.02595554570293901,0.015177065767284947,0.009362294904868838
2024-11-06,0.0031582319329881794,0.0034462347694530493,-0.0013922811322097197,-0.0059892194001434085,-0.0046754075942913404,0.0074641431191826415,0.009966777408637828,0.0031582319329881794
2024-11-07,0.015661269878380308,0.046940824768891824,0.01784799239889604,0.04310291161031721,0.020786477433459995,0.06124168089573663,0.027960526315789602,0.015661269878380308
2024-11-08,-0.00566440387263889,-0.02084751659426546,-0.006968839917322001,-0.013516688351176403,-0.0024931295843330465,-0.02875067038695389,-0.012800000000000034,-0.00566440387263889
2024-11-11,-0.0014796021626622968,-0.002275210313558447,-0.006375597045645572,0.008077021491536957,0.024711641556159382,0.012635626569393026,0.0,-0.0014796021626622968
2024-11-12,-0.008335041737342341,-0.006210352217478047,-0.009056467733044988,-0.003086995529565335,0.0016679822918224119,-0.016062585475606572,-0.0032414910858995505,-0.008335041737342341
2024-11-13,-0.005873917130686301,-0.0011983041561580698,-0.005731673801875781,-0.00023877891570641319,-0.0037603271563159866,0.007659985928122115,-0.009756097560975618,-0.005873917130686301
2024-11-14,-0.015498371093733974,-0.01604991501026779,-0.011129067033618082,-0.0250163269132058,-0.02324893158921515,-0.01701681853067516,-0.02298850574712641,-0.015498371093733974
2024-11-15,-0.00572710856837566,-0.011771603109239193,-0.004019241006849546,-0.021452461860612594,-0.027509322173461172,-0.009541475889556375,-0.016126050420168125,-0.00572710856837566
2024-11-18,-0.005667485340415168,-0.01073194206233045,0.015015097257004931,-0.014914902508512943,-0.018713165414196355,-0.014891949918201492,-0.0006090133982946666,-0.005667485340415168
2024-11-19,0.0037816474270335,0.005795155279096094,-0.001261756337696466,0.007522557269752224,0.027371016795441072,0.0012136552440290918,0.005484460694698212,0.0037816474270335
2024-11-20,0.014033300580807687,0.02121728371728378,0.0022414513178233473,0.026233141503590053,0.0021630701887518367,0.009752710433433473,0.0060606060606061,0.014033300580807687
2024-11-21,-0.0008534079702644894,-0.0003723301565513222,-0.0015899827901350767,-0.0014925734034407037,0.0012794376407367913,-0.0014175431311996831,-0.0018072289156625398,-0.0008534079702644894
2024-11-22,-0.02258127641831653,-0.028848671945038075,-0.02161261394340478,-0.0379523825574994,-0.02708090263868549,-0.033282411468244066,-0.009052504526252392,-0.02258127641831653
2024-11-25,0.008113003362589428,0.006840738731546188,0.0013942576619345353,0.0015062628825114333,0.002612274098779176,0.004713886426410204,0.007917174177831887,0.008113003362589428
2024-11-26,-0.0011506098437448948,-4.8731488267228507e-05,0.0005788308350041329,0.00297132192913289,-0.024239349848898417,0.003991327351354027,-0.003625377643504568,-0.0011506098437448948
2024-11-27,0.00935239417745278,0.016347652308755862,0.00680010744656682,0.020944486863140467,0.021792175819030403,0.018508614091222803,0.0024257125530624535,0.00935239417745278
2024-11-28,-0.007133135586452787,-0.007656970509070067,-0.005284735583268399,-0.008098355826116658,-0.013637145866260414,-0.010761468631008722,-0.006654567453115656,-0.007133135586452787
2024-11-29,0.004939549314717517,0.010110524246845182,0.0038138269181642315,0.012061108714663296,0.016387473008379207,0.01185144343720479,0.004872107186357999,0.004939549314717517
2024-12-02,0.006283173666540816,0.0062702687755871915,0.0027018313418996818,0.009402921563412454,0.0174211381107933,0.007029209737252258,0.00121212121212122,0.006283173666540816
2024-12-03,0.003448105754235486,0.0028191749366253864,0.008617421760768185,0.00026229115726728014,-0.005994733170410623,-0.00012249040692239688,0.002421307506053294,0.003448105754235486
2024-12-04,0.005162477141843333,-0.005181856499043531,0.00802195632085893,-0.011994852815309319,-0.00638646977155118,-0.007183578067425606,0.007246376811594235,0.005162477141843333
2024-12-05,-0.009095461652532832,-0.0061406052913837526,-0.000999200639488403,-0.006032670249043304,-0.0027423510964257325,-0.006869299456899883,-0.002997601918465209,-0.009095461652532832
2024-12-06,0.008390560821790164,0.015186660660427842,0.009694430116866437,0.02282867416251847,0.01156089943564953,0.012057738659363215,0.00120264582080587,0.008390560821790164
2024-12-09,0.004112972785869973,0.004201980351513053,0.002412133190475174,0.004874380500353048,-0.0064795944316084295,0.000518338626315451,0.0006006006006005205,0.004112972785869973
2024-12-10,6.930146360221534e-05,-0.00032938707397848566,0.0037297503011199202,-0.0030704312723367115,0.008249525086601853,0.012931664821275685,0.0030012004801922565,6.930146360221534e-05
2024-12-11,0.0015420690518377356,-0.00032534458028177227,0.003135415326892247,-0.001322751322751318,-0.0016232881911132364,0.006077098569358637,0.0029922202274086374,0.0015420690518377356
2024-12-12,0.005329516517458351,0.005117121490807748,0.004138333217855986,0.006826707911836852,0.0033595199838234446,0.017650100940080606,0.005369928400954738,0.005329516517458351
2024-12-13,-0.01716642877723717,-0.017899055512597184,-0.01934934330734957,-0.025319996589324597,-0.022114266151249336,-0.028641512628922335,-0.009308605341246334,-0.01683309544390384
2024-12-16,-0.004249010444795272,-0.005206905673876235,-0.004249010444795272,-0.011587745928549126,-0.013345116874315758,-0.014228793907340812,-0.018218623481781382,-0.009503568931712373
2024-12-17,0.0008741716593495541,-0.002411046652468052,0.0008741716593495541,-0.0033192764081594324,0.0008735789585522604,-0.010340785339230883,-0.004123711340206171,0.0003042221622709951
2024-12-18,0.008440401772071615,0.004546746234725729,0.008440401772071615,0.003036768746955243,0.0004506664951449504,0.012204943079648698,0.008281573498964745,0.0018232621626046441
2024-12-19,0.007140528626875604,-0.0057643373741377655,0.007140528626875604,0.011414651865619517,0.00332732542136153,0.017228901032643924,-0.002053388090349051,0.008976283271789157
2024-12-20,-0.002519177264210396,-0.002145178244525758,-0.002519177264210396,0.0018966995835322984,-0.0007007154386423631,0.010465246517992077,-0.006172839506172867,-0.0012091183008783681
2024-12-23,-0.0019668390579683868,0.007382672940784133,-0.0019668390579683868,-0.013787466235399207,-0.013975585110918601,-0.014607681747797214,-0.0020703933747412417,-0.005565370193017578
2024-12-24,0.011427989873753854,0.0076727044614917075,0.011427989873753854,0.01021578793348173,0.014804403845396052,0.010976232545178433,0.012448132780082943,0.006692541793501983
2024-12-25,0.004129117798870707,0.0033715827732573684,0.004129117798870707,-0.00395245314156778,-0.012606955837416887,-0.006810775515106189,-0.002049180327868827,0.00047925127738412954
2024-12-26,0.014166899850721504,-0.0017175385223736996,0.014166899850721504,0.01906258868520997,0.00750306309366396,0.014314312894333046,-0.002053388090349051,0.01358185269896591
2024-12-27,-0.00936452952069781,-0.003968060620579231,-0.00936452952069781,-0.0030490086045641407,0.0028022968979988976,-0.00917848965553843,-0.006172839506172867,-0.009481657089118559
2024-12-30,0.0014390552022502945,0.007357896198075068,0.0014390552022502945,-0.005443333020466031,0.0009803889138289374,0.0013319167282580904,0.006211180124223503,-0.001814687198061475
2024-12-31,-0.016703391113703742,-0.008341049191061118,-0.016703391113703742,-0.026504448518143854,-0.023114895349919354,-0.03661204357260972,-0.008230452674897082,-0.014755461184104608
2025-01-02,-0.0246086288606255,-0.01487530868042756,-0.0246086288606255,-0.03380131261222215,-0.032860980816653784,-0.0390157117722059,-0.018672199170124526,-0.01799612255392957
2025-01-03,-0.01518710739857343,-0.007636137577664903,-0.01518710739857343,-0.027648940751350416,-0.019561636397336248,-0.02971775712821796,-0.010570824524312794,-0.01516455754578161
2025-01-06,0.00208949335011462,0.005046870904476049,0.00208949335011462,-0.005041124040906545,0.006269134200167207,-0.00399925325946556,0.004273504273504258,-0.0002983082286254951
2025-01-07,0.008018633928865333,0.0002711083018200888,0.008018633928865333,0.018327994729343766,0.013461588673664721,0.02638726069275384,-0.012765957446808418,0.00842135003941539
2025-01-08,-0.006633026865882075,-0.0011941702984172848,-0.006633026865882075,-0.007769789889256954,-0.010390844996556032,-0.00407103974793351,-0.012931034482758674,-0.008525959804836983
2025-01-09,0.0034871035638821173,0.0022793227737347337,0.0034871035638821173,0.005500153764905461,0.00656004442595733,0.0007975140851056066,0.008733624454148492,0.007374992197533459
2025-01-10,-0.018413976384013504,-0.005440218348793934,-0.018413976384013504,-0.027227006706357023,-0.012004166420850447,-0.02339911914285331,-0.011822510822510846,-0.015151127985371993
2025-01-13,0.0063631757547055745,0.005502352525461311,0.004791720808802709,0.006881411044514488,0.006099651241214217,0.0048759678990378435,0.0016920473773265332,0.0063631757547055745
2025-01-14,0.043270074396364246,0.028592624978760695,0.057305633077257515,0.049472271739338325,0.04833859271587681,0.053973856147451274,0.03209459459459452,0.043270074396364246
2025-01-15,-0.0020106934297889527,0.0003831490118539893,-0.013277735861777124,-0.0042573218068729934,-0.010227225295168322,-0.008186001166196017,0.009819967266775809,-0.0020106934297889527
2025-01-16,0.006703214043277227,0.0011031983898442213,0.006778299146722011,0.0025802939585848708,0.0006524201505589595,0.0029550040690200135,0.011345218800648205,0.006703214043277227
2025-01-17,0.0005295564861976427,0.0006222433612138958,0.0018114891003670288,0.0012564024999289027,0.00559745150614536,0.0011566758377022182,-0.0032051282051281937,0.0005295564861976427
2025-01-20,0.0032315861609614562,0.008654015050810981,0.004783036461980306,0.003675151170442851,0.011305376670165661,0.00401741710481159,0.004823151125401992,0.0032315861609614562
2025-01-21,0.001854403133070651,-0.0017587315542963262,0.007900505055060902,0.011751243092295915,0.008051517690420451,0.008962583996284948,-0.014399999999999968,0.001854403133070651
2025-01-22,-0.01835858281114829,-0.019580568410986023,-0.001991580370823106,-0.019049658803429088,-0.013798007719441691,-0.009464895896033424,-0.012987012987012991,-0.01835858281114829
2025-01-23,0.0023149866701528414,0.0037317321885317707,-0.0019663766387018793,0.0051104245512981015,-0.004512450540348989,0.002472296041770424,-0.003289473684210509,0.0023149866701528414
2025-01-24,0.020444076280137963,0.007865946944548636,0.03201380476758168,0.023269105233337507,0.018718241958579997,0.02720492115825427,0.014851485148514865,0.020444076280137963
2025-01-27,-0.010855810443528716,-0.009163763066202146,-0.017760296548824085,-0.0072992020330442005,-0.01964550712657039,-0.011391704384074329,-0.014634146341463428,-0.010855810443528716
2025-02-05,0.02328408067482083,-0.003926803678920621,0.04900924947635728,0.04705138277816552,0.019971614273224837,0.0504281314515856,-0.0016501650165016146,0.02328408067482083
2025-02-06,0.017939680880910393,0.012182055549176654,0.022413638171031883,0.02404128892755016,0.05195869633579489,0.026885838915165085,0.01983471074380172,0.017939680880910393
2025-02-07,0.0299121264106863,0.02625855682489653,0.02787738133151947,0.02297700076902013,0.011919332977368875,0.02224658280178904,0.04051863857374394,0.0299121264106863
2025-02-10,0.01182557851944869,0.00343967494467227,0.022502688457615973,0.027762338826558725,-0.0010099952957096279,0.024104063590319504,-0.010903426791277315,0.01182557851944869
2025-02-11,-0.01563737985416295,-0.01539534522396957,-0.01211074757961931,-0.006230822622969367,-0.007285105772995422,-0.00381936976903859,-0.018897637795275646,-0.01563737985416295
2025-02-12,0.02793458036906789,0.017536020743714593,0.02779276393830073,0.03754922632933977,0.01798274758776482,0.028752436469117033,0.006420545746388395,0.02793458036906789
2025-02-13,-0.011352973780846171,-0.005571309573186115,-0.014675332362778105,-0.004657772310385406,-0.014606248205133822,-0.00609074209840632,-0.011164274322169043,-0.011352973780846171
2025-02-14,0.010221514963487704,0.004663399363517599,0.029469753741560318,0.029711505628356488,0.013618755793104415,0.03508237525869469,0.003838709677419395,0.00988818163015437
2025-02-17,-0.000385026386386341,-0.0030602537807148758,0.0022272255281963935,-0.001359573508605975,0.0021626807341093754,0.0009181982178091035,0.001386001386001423,-0.001359573508605975
2025-02-18,-0.018373778740289892,-0.016245573352436704,-0.026062748960909023,-0.017014033661058248,-0.01566293956296246,-0.018910885593566684,-0.0256055363321801,-0.017014033661058248
2025-02-19,0.0062257110223865215,0.0035158528527268933,0.013435268389765978,0.004764597694668563,0.008010154078772331,0.006886367679207398,0.010653409090909172,0.004764597694668563
2025-02-20,-0.005037391254505751,-0.0007775403492874534,0.003702601929776561,-0.002441883625286412,-0.0022391088232947736,-0.004288928578053371,-0.004919184820801115,-0.002441883625286412
2025-02-21,0.0009516351202731865,-0.0033357760202967395,0.009365364789874079,-0.0006051613467070727,-0.00022377309346529217,0.007269700584292105,0.0007062146892657939,-0.0006051613467070727
2025-02-24,0.009278310377677382,0.009812498411865414,0.004616416041261765,0.01003469886751233,0.01311132458330307,0.0021149703500384183,0.01623147494707111,0.01003469886751233
2025-02-25,-0.003339947089947041,-0.010208191834578476,-0.010382034427432905,-0.010580457015020712,-0.01559684990780034,-0.006079994405985574,-0.007638888888888862,-0.010580457015020712
2025-02-26,0.02111645746420613,0.016474749684417162,0.019991856015792266,0.014546650894942337,0.017150130353521604,0.023434681722383832,0.0216934919524141,0.014546650894942337
2025-02-27,-0.0037580744147928855,0.0013963888041864658,-0.001981227904267098,0.008234408840176047,0.01192245868207209,-0.008176647643051777,0.008904109589041198,0.008234408840176047
2025-02-28,-0.016025233457583922,-0.011395694967778109,-0.025141278715989885,-0.010938882888411383,-0.008741099126845805,-0.021244866732207008,-0.014935505770536261,-0.010938882888411383
2025-03-03,0.00441435028957741,0.008665689891235468,0.0016030750951465667,0.0006122092781341015,0.004772434891397226,0.002063432822751639,0.003445899379737938,0.0006122092781341015
2025-03-04,-0.004960113069103563,-0.0065300028307028555,0.010528415505287714,-0.008273774017217479,-0.004975053467092668,-0.001703810548095134,-0.003434065934065811,-0.008273774017217479
2025-03-05,-0.012571792789210536,-0.0062675967599131,-0.004001661100213863,-0.007876282781993482,-0.004799253454057702,-0.0072880804069453955,-0.015851137146795424,-0.007876282781993482
2025-03-06,0.015788142605723587,0.01357615271767735,0.0212666339448484,0.016076892894473893,0.017163882429002575,0.015778066632888315,0.025210084033613578,0.016076892894473893
2025-03-07,-0.004977218422983524,-0.0013237814044228715,-0.007356969437652998,0.0026629295590322455,0.0011676318767436236,-0.004905317358847731,-0.01775956284153002,0.0026629295590322455
2025-03-10,0.0054584655203668096,0.008500793562694842,-0.0016609716666024323,0.004415826242433493,0.00401527478554405,0.00393891124524918,-0.00347705146036148,0.004415826242433493
2025-03-11,-0.0006607201850016287,-0.0016754335284820954,0.007078650404428825,0.008039660456651387,0.007685667298172549,0.00023936982399933948,0.0,0.008039660456651387
2025-03-12,-0.002291549332337254,-0.005362671538078345,-0.0002817311609923563,-0.005467850808053268,-0.006357298971165918,0.0009660660038667648,-0.0034891835310538744,-0.005467850808053268
2025-03-13,0.008214843894199648,0.01034377700105075,-0.005958276735922085,0.010835229992503748,-0.004827802916038163,0.00940134287678403,-0.009803921568627305,0.010835229992503748
2025-03-14,0.011818872925382048,0.009564672511238272,0.018052514704664957,0.020632431727561757,0.02570368100956103,0.015783840671194833,0.02021640735502117,0.020965765060895092
2025-03-17,0.005024013270871837,0.003627070730017852,0.007077836414042248,-0.001536208455741132,-0.001536208455741132,-0.0014274650789294352,-0.0028763183125598557,0.005024013270871837
2025-03-18,0.0017577856574092872,0.002740638784360853,0.003346496553585876,0.004992852843413701,0.004992852843413701,0.009899401000193745,-0.006730769230769429,0.0017577856574092872
2025-03-19,-0.002003684709099396,-0.00976228296902859,0.00367230593727789,0.0009297610986133132,0.0009297610986133132,-0.020249614602528422,-0.0019361084220715918,-0.002003684709099396
2025-03-20,0.0016886168372185488,0.0036151317416907394,-0.002405955409347774,-0.004817528929597709,-0.004817528929597709,-0.011448975419934022,0.005819592628516057,0.0016886168372185488
2025-03-21,-0.003300337562754385,-0.006581833399879649,-0.006135158575857261,-0.019648954151527676,-0.019648954151527676,-0.02878349970327121,-0.0038572806171649487,-0.003300337562754385
2025-03-24,0.0047916013951978895,-0.0002515535000765512,0.007543137123710722,0.0026542895366369703,0.0026542895366369703,-0.0019907905135809383,0.0009680542110359625,0.0047916013951978895
2025-03-25,0.006333815591281581,0.003342479818201978,0.0006598883852173183,-0.0028141517842739106,-0.0028141517842739106,-0.020557730312337798,0.02224371373307532,0.006333815591281581
2025-03-26,-0.002697806148846256,-0.0034594146759064173,-0.007045445264697265,0.007838283828382808,0.007838283828382808,-0.0016480484655739074,-0.0018921475875119942,-0.002697806148846256
2025-03-27,-0.0029420507778645426,-0.0052930651863275875,0.002167809978742256,-0.006162295624318729,-0.006162295624318729,-0.003110682576512184,-0.011374407582938395,-0.0029420507778645426
2025-03-28,-0.013454245655172725,-0.012639645429674143,-0.008896665044500224,-0.005881724833337746,-0.005881724833337746,-0.004876685020564264,-0.016299137104506034,-0.013454245655172725
2025-03-31,-0.004814758378871168,-0.004284795240377318,0.0005059764672902256,-0.021448772791187287,-0.021448772791187287,0.0004956344735398039,-0.012670565302144388,-0.004814758378871168
2025-04-01,0.005040141123313524,0.006931051378484302,-0.0018641969696667387,0.0031181719853765237,0.0031181719853765237,-0.006607656585831845,0.014807502467917066,0.005040141123313524
2025-04-02,-0.0009646540895946001,0.0008536490498976719,0.0031926488002275155,0.0006053260158671581,0.0006053260158671581,0.006064609033483047,-0.0038910505836576847,-0.0009646540895946001
2025-04-03,-0.011917792811554471,-0.012721681814201228,-0.011152563208587632,-0.010459947418881822,-0.010459947418881822,-0.020009635666856762,0.0009765625,-0.011917792811554471
2025-04-07,-0.0952813169922743,-0.09533910476868135,-0.07579966933822434,-0.08990755972178976,-0.08990755972178976,-0.10001534365998006,-0.08975609756097558,-0.0952813169922743
2025-04-08,0.021093441053254836,0.0009845240842099017,0.008946245626316665,0.0038080241996933557,0.0038080241996933557,-0.037113686155353376,0.03644158628081451,0.021093441053254836
2025-04-09,0.001701089553616697,0.006596702341545339,-0.0015616887522502305,0.009213342357522542,0.009213342357522542,0.031352709665393975,0.0010341261633919352,0.001701089553616697
2025-04-10,0.01774038513247785,0.022047512106091682,0.01839166073434632,0.018278011679570067,0.018278011679570067,0.02757644722594765,0.006198347107438051,0.01774038513247785
2025-04-11,-0.0019119030064371025,0.0004945548163381996,0.001039957680497768,0.007835273958462396,0.007835273958462396,0.01370733783275176,-0.006160164271047264,-0.0019119030064371025
2025-04-14,0.009921700524131955,0.015533508162111,0.0034493524095550545,0.0052620371515529705,0.0052620371515529705,0.008793216108854935,0.024793388429752206,0.009921700524131955
2025-04-15,-0.0002358906025375177,-0.004926987334490632,0.005002091687152599,-0.003658650834346651,-0.003658650834346651,-0.00843004341531565,-0.0010080645161292257,-0.0002358906025375177
2025-04-16,-0.0026478375992938785,-0.0056047197640117785,0.00042638286623094147,-0.011577112237573517,-0.011577112237573517,-0.013873776813556614,0.0,-0.0026478375992938785
2025-04-17,-3.9800673439375545e-05,-0.0015364805905413816,0.0005141404098875461,-0.0032936605012462055,-0.0032936605012462055,0.00340378212324884,-0.0010090817356205317,-3.9800673439375545e-05
2025-04-18,-0.0005104572697934471,0.0076759323718807995,0.00443462301775266,0.0009360880011936405,0.0009360880011936405,0.010018839340284136,-0.006050505050505083,-0.0005104572697934471
2025-04-21,0.021080418891518862,0.02057600527235115,0.021080418891518862,0.021080418891518862,0.018457024686992025,0.023389913731769386,0.012302284710017597,0.014728716030227997
2025-04-22,-0.011072393144978652,-0.009794754604182221,-0.011072393144978652,-0.011072393144978652,0.006565646755118245,-0.012431800901792077,-0.00954861111111105,-0.007870218493262748
2025-04-23,0.023653729347994885,0.020587730101435366,0.023653729347994885,0.023653729347994885,0.015798398273133413,0.019202376168295045,0.027169149868536246,0.022202803286387685
2025-04-24,-0.017326936363469565,-0.015024795831398447,-0.017326936363469565,-0.017326936363469565,-0.008366207171667953,-0.019195602634222226,-0.015358361774744034,-0.012366686978599328
2025-04-25,0.01138836729598543,0.010675592098674153,0.01138836729598543,0.01138836729598543,0.007532549845307157,0.010114827845951524,0.015597920277296451,0.00927874851969997
2025-04-28,-0.009709532186917797,-0.011052846398545386,-0.009709532186917797,-0.009709532186917797,-0.00517508544520373,-0.007775817227036796,-0.011092150170648352,-0.008505075697908444
2025-04-29,0.004936456172569066,0.005439227817644905,0.004936456172569066,0.004936456172569066,0.003505298289280071,0.008214532773209122,-0.00345125107851596,0.002502141558237396
2025-04-30,0.021783920310343076,0.021088242855484236,0.021783920310343076,0.021783920310343076,0.006430217388432672,0.028508978198191683,0.0051948051948051965,0.012148268398268398
2025-05-06,0.03152920741448691,0.0317243103312755,0.03152920741448691,0.03152920741448691,0.023645347479325153,0.02846187891760521,0.03703703703703698,0.02811076673315297
2025-05-07,-0.003221526603840822,-0.002630428044788117,-0.003221526603840822,-0.003221526603840822,-0.014819774629203253,-0.0057812545140387694,0.0016611295681063787,0.0007746597352996653
2025-05-08,0.02117706908863748,0.01764743310617134,0.02117706908863748,0.02117706908863748,0.014842379625766509,0.012559154066818696,0.038971807628523925,0.020827434559554048
2025-05-09,-0.015989242756357602,-0.016229003023258987,-0.015989242756357602,-0.015989242756357602,-0.008872844375264846,-0.016778848366902945,-0.013567438148443633,-0.014523681450370675
2025-05-12,0.022551985792427676,0.022718527905353076,0.022551985792427676,0.022551985792427676,0.0010228506558595711,0.01844225914820948,0.023462783171521062,0.02698080074390874
2025-05-13,-0.006393246737296095,-0.009056684993954695,-0.006393246737296095,-0.006393246737296095,0.0015314941100023445,-0.005953544848318855,-0.006324110671936722,-0.0011662703238790226
2025-05-14,0.0029525658012920317,0.005646618544950262,0.0029525658012920317,0.0029525658012920317,0.003809015391290193,0.0035840396083347175,0.007159904534606243,-0.0004869283735220442
2025-05-15,-0.02730600997542761,-0.02500576784467697,-0.02730600997542761,-0.02730600997542761,-0.020838561216223146,-0.027327010691026943,-0.026856240126382325,-0.022680610810603276
2025-05-16,0.0036785088701739577,0.0014805032204502724,0.0036785088701739577,0.0036785088701739577,0.009491082981372133,0.0022680340990434145,0.007305194805194981,0.005155295868210619
2025-05-19,-0.0034578780238035214,-0.0032902899904711327,-0.0034578780238035214,-0.0034578780238035214,0.0020325504463404305,-0.003476809015400595,-0.0040290088638196275,-0.0034620254438490297
2025-05-20,0.002793936777221099,0.0033380304851975406,0.002793936777221099,0.002793936777221099,0.022061662295857744,0.003496783014047914,0.004045307443365731,0.002500509547174105
2025-05-21,-0.005959998907194564,-0.005996369517096589,-0.005959998907194564,-0.005959998907194564,0.0015860825394495473,-0.006387131345356881,-0.00483481063658342,-0.00449883134542628
2025-05-22,-0.007883039186834454,-0.0070349100926587,-0.007883039186834454,-0.007883039186834454,0.001501517658188364,-0.007145297396461081,-0.0032388663967611864,-0.009077650859448005
2025-05-23,-0.015424389794777633,-0.01581718650737129,-0.015424389794777633,-0.015757723128110968,-0.013718855932523458,-0.014195861545261755,-0.01805930138099121,-0.013668651528247994
2025-05-26,0.005301278355825426,0.0013935757037583465,0.005301278355825426,0.004534106829322833,-0.005740784962490086,0.006546875324818642,0.0036429872495447047,0.005301278355825426
2025-05-27,-0.01196875939984676,-0.005048391257158835,-0.01196875939984676,-0.008537528973100672,-0.006868549221490383,-0.011629679555466564,-0.010889292196007316,-0.01196875939984676
2025-05-28,-0.005648922721120608,-0.003998502610445949,-0.005648922721120608,-0.004205033721009702,-0.006808041158173793,-0.00544506445274621,-0.005504587155963359,-0.005648922721120608
2025-05-29,0.02061563109274981,0.017073337951203582,0.02061563109274981,0.013685644391160748,0.011879351965417895,0.017521477202378916,0.012915129151291449,0.02061563109274981
2025-05-30,-0.014957845433255288,-0.013449361810017508,-0.014957845433255288,-0.012504826658144378,-0.013103859531767438,-0.015711578879296417,-0.014571948998178486,-0.014957845433255288
2025-06-03,-0.001698486356527029,-0.002395873378753058,-0.001698486356527029,0.0005235940216175758,0.0027644527813339703,-0.0012322858903265712,-0.003696857670979714,-0.001698486356527029
2025-06-04,0.012579529261449524,0.00725789631528458,0.012579529261449524,0.013264104338846318,0.015083946494822918,0.00992387762881582,0.011131725417439675,0.012579529261449524
2025-06-05,0.020984852154095474,0.009978767423847845,0.020984852154095474,0.007988471119973214,0.006153608734652094,0.01651842469913552,0.005504587155963359,0.020984852154095474
2025-06-06,-0.002013174419005281,-0.0038483223187216753,-0.002013174419005281,-0.001633211678832125,-0.0019003461918892053,-0.0017460931152254076,-0.0036496350364964014,-0.002013174419005281
2025-06-09,0.009230785134399566,0.006262486387716981,0.009230785134399566,0.015040988249686471,0.010270712987607955,0.008618043974690496,0.012820512820512775,0.009230785134399566
2025-06-10,-0.016665614885150205,-0.015109194047819702,-0.016665614885150205,-0.0061205488910962185,-0.003996449676500109,-0.016423551999760606,-0.010849909584086825,-0.016665614885150205
2025-06-11,0.004413042826744965,0.004472376252147617,0.004413042826744965,0.015534017220942461,0.019483596361902146,0.00425029204258213,0.009140767824497242,0.004413042826744965
2025-06-12,-0.0007665126905151235,-0.007708099357708923,-0.0007665126905151235,-0.0012310205825278122,-0.003074537150235164,-0.0007126782070814667,-0.0018115942028985588,-0.0007665126905151235
2025-06-13,-0.013413170569480028,-0.018392048358056485,-0.013413170569480028,-0.012559160773068881,-0.012650441822049219,-0.014982190548043652,-0.014519056261342977,-0.013413170569480028
2025-06-16,0.01020116132680197,0.010552133151863355,0.01020116132680197,0.008062763825985881,0.005720642699334329,0.007852844455203511,0.005524861878453136,0.01020116132680197
2025-06-17,-0.002806518054987846,-0.0008322929671244298,-0.002806518054987846,-0.0026645122912896113,-4.899914946069727e-05,-0.0039751803775808225,-0.001831501831501825,-0.002806518054987846
2025-06-18,0.007232614478894931,0.0036630159502205233,0.007232614478894931,-0.00310323639020201,-0.003941586568248613,0.006032624078818067,0.005504587155963359,0.007232614478894931
2025-06-19,-0.010756240459088923,-0.014347601611060485,-0.010756240459088923,-0.018940232448574713,-0.01534136233061878,-0.012689276410707679,-0.018248175182481785,-0.010756240459088923
2025-06-20,-0.008795375468567679,0.0006798143805223001,-0.008795375468567679,-0.0007892797000604113,-0.004197606242215915,-0.012165334940370864,0.0027174721189590087,-0.008795375468567679
2025-06-23,0.0010413531605971325,-0.005031591657603807,0.013035454116391657,0.006905688034720248,0.011794745019087392,0.008776473321708316,-0.012544802867383575,0.0010413531605971325
2025-06-24,0.01212224512809697,0.008866303795899588,0.01733599020413264,0.022459991406048076,0.021237124533683833,0.02111896625251123,0.007259528130671544,0.01212224512809697
2025-06-25,0.013295648589766174,0.007294460235636623,0.027620421123493902,0.010144271161520724,0.011650566125549487,0.01435745175197304,0.0018018018018017834,0.013295648589766174
2025-06-26,-0.005709487587310343,-0.0012309207287050834,-0.004915836793659552,-0.007845361753604802,-0.008693849636919623,-0.008020073726701474,0.0,-0.005709487587310343
2025-06-27,-0.0002826172286954919,-0.0036800872395000477,-0.0006557154247229801,0.0064786707257855625,0.0059271793848205325,0.0020042148184367488,-0.007194244604316613,-0.0002826172286954919
2025-06-30,0.008948396528521602,0.0049759169268068035,0.011528019890493235,0.015391821939057785,0.012526286184188086,0.009103999130574506,0.005434782608695787,0.008948396528521602
2025-07-01,-0.005107565282818823,-0.004111870348819768,-0.008033895868723865,-0.0022666624575177576,-0.002591131237120662,-0.0025921069846063976,-0.005405405405405461,-0.005107565282818823
2025-07-02,-0.0035248647865416816,0.0031801160563702524,-0.010328117836275814,-0.0054434685131385194,-0.0030165088821845947,-0.00607272221019443,0.0036231884057971175,-0.0035248647865416816
2025-07-03,0.0009275237527246459,0.0006016847172081914,0.0011388471655977561,0.002778328284401166,0.007878793023920508,0.006853477052102707,0.0018050541516245744,0.0009275237527246459
2025-07-04,-0.0023667279411765385,-0.001121509209744557,-0.0011501829290111083,-0.009519557749056513,-0.011105184967595123,-0.00799297969147165,0.0,-0.0023667279411765385
2025-07-07,0.003840980018728087,0.003040094169336446,0.004441580619328682,0.0006250879103871787,0.0023304343088743997,-0.004965714410559411,-0.0018018018018017834,0.003840980018728087
2025-07-08,0.010570204297968806,0.008433695988057469,0.01281430596445321,0.014401150948968322,0.013918727926902703,0.013959968950563319,0.00902527075812265,0.010570204297968806
2025-07-09,-0.00281024411378931,0.002255723925624638,-0.004201380405297532,-0.00822611621405848,-0.007500654955272929,-0.00864587116997595,0.005366726296959001,-0.00281024411378931
2025-07-10,0.01233369369812339,0.01390606451547775,0.009362439154288471,0.010277720578223327,0.01147964365514642,0.0022310905453844323,0.005338078291814652,0.01233369369812339
2025-07-11,0.010426280758721132,0.0072749324206263415,0.015450909910038686,0.02548712018090408,0.021205565315461916,0.0051039539068855975,0.008849557522123908,0.010426280758721132
2025-07-14,-0.007472367667319957,-0.0049456489977206895,-0.013313489162647074,0.008090486267391433,0.0016807682681059264,0.0005821640668661013,0.0,-0.007472367667319957
2025-07-15,-0.009170146731447188,-0.011709475463926125,0.001057165504751656,-0.003381012769776759,-0.005964304508201512,-0.004852603323812728,-0.014035087719297956,-0.009170146731447188
2025-07-16,0.0022856978395183747,0.003083423192585773,-0.0010697647592481374,-0.0006061633642336175,-0.0020699894914624575,0.0008874880423996867,0.008896797153024716,0.0022856978395183747
2025-07-17,0.0028643122410060653,0.0023546739290751795,0.006569943451190996,0.010439054455049075,0.011496595180219872,0.010151205807795566,0.0017636684303350414,0.0028643122410060653
2025-07-18,0.006230166528889007,0.010018266600186935,0.004434324036555489,0.01185737961027718,0.01591510772945785,0.01102350919985736,0.011323943661971758,0.005896833195555674
2025-07-21,0.004543439716312066,-0.00025633104090553677,0.004503292465154684,0.0302258208208499,0.0302258208208499,0.005355037894001749,-0.0017361111111111605,0.013401707432847482
2025-07-22,0.015848560004049217,0.015716586151368762,0.00038275439167478865,0.012409812166110479,0.012409812166110479,-0.004912549248781594,0.01739130434782621,0.03405801711633686
2025-07-23,-0.0051269050650009085,-0.0017153845191575368,0.001860744579599542,-0.012442461292141955,-0.012442461292141955,3.6146644369536816e-06,-0.00512820512820511,-0.007890032919737592
2025-07-24,0.006898268274477962,0.009675822776170332,0.011115457887297692,0.029138268568948408,0.029138268568948408,0.0040750387178397265,0.00859106529209619,0.01059037421493847
2025-07-25,-0.01212160322720827,-0.003274351887818587,0.007898587263552673,-0.003939550924123162,-0.003939550924123162,0.000687659358307798,-0.013628620102214661,-0.01089666447414587
2025-07-28,-0.005010805652925776,-0.003184612476690995,-0.00020481186125439105,0.00833333909280598,0.00833333909280598,0.00446069333010605,-0.005181347150259086,-0.013427897555405001
2025-07-29,-0.0019365024143523923,0.0037782983886388557,0.004768598497185324,-0.002342207224096985,-0.002342207224096985,8.887414914097568e-05,-0.0017361111111111605,0.0017180689682715726
2025-07-30,0.005021109624075167,0.0015910534895578659,-0.008920734691436208,-0.015711609422037903,-0.015711609422037903,0.004431962652047261,0.006956521739130528,0.001795393536774159
2025-07-31,-0.018266131316964158,-0.01892908036107473,-0.008397395091842636,-0.022212037108748157,-0.022212037108748157,-0.02302434694083196,-0.022452504317789335,-0.020899469387463676
2025-08-01,-0.0005868544600938774,-0.003380150549479303,-0.0025209649347013308,-0.006195792225203981,-0.006195792225203981,0.0013923162110887803,0.0,0.00031535793125203604
2025-08-04,0.0005924170616113944,0.004381846635367706,0.015914721341056128,0.00406883308041787,0.00406883308041787,0.01285887568520209,0.0,0.002797836091226931
2025-08-05,0.008634405334689546,0.008266651281585064,0.007787988304722937,0.004430768794122815,0.004430768794122815,0.014610875851034745,0.010600706713780994,0.008588036587225362
2025-08-06,0.00018763833190889767,0.003664284693593552,0.016802244325016424,0.00759398177944548,0.00759398177944548,0.006328479214878113,0.0,0.006718853922357937
2025-08-07,0.002146325347906375,0.0029956412959641163,-0.0013330481089860458,0.009039528726985805,0.009039528726985805,0.006482165936982401,0.0017482517482516613,0.0018693702741262954
2025-08-08,-0.004259239214731592,-0.010444084573030327,-0.01230603500665961,0.002504685160376903,0.002504685160376903,-0.005860387730001046,-0.006980802792321161,-0.0037330494587324288
2025-08-11,0.012656128946437972,0.013563968623702422,0.012382925452791625,0.01640850961312871,0.01640850961312871,0.0017375707985052276,0.01405975395430592,0.006257059720143602
2025-08-12,-0.0013200098946410572,0.006620635162454222,0.009604897330169004,-0.006591150955642739,-0.006591150955642739,0.002796518742545199,-0.0034662045060658286,0.00407169440790985
2025-08-13,0.0015490559804843447,0.00445381981066976,0.008833306722892434,0.011867110499922985,0.011867110499922985,0.0019877830329536974,0.003478260869565153,-0.0020480663216739066
2025-08-14,-0.005025142295589664,-0.0002249575385957121,-0.0025470578900111582,-0.008491608883529251,-0.008491608883529251,0.0009308097849232881,-0.0034662045060658286,-0.009031182074825301
2025-08-15,0.0023817687977670805,0.007846128217942358,0.01736332365847922,0.02892981091287768,0.02892981091287768,0.002840395237276121,0.002478260869565153,0.0048849262679700285
2025-08-18,0.0009672001506805991,0.002569510642847013,0.012376737787737216,0.03163681688479706,0.03163681688479706,0.005550099564909224,0.0023696682464453556,0.0009672001506805991
2025-08-19,0.0030763433873838286,0.0007803253888910564,-0.008435730494118682,-0.005112725934290462,-0.005112725934290462,-0.002441865978489758,0.0011820330969267712,0.0030763433873838286
2025-08-20,0.005729622775792401,0.011733140817401065,0.019987449340225966,0.009936766034327027,0.009936766034327027,0.007509780992441151,0.0047225501770955525,0.005729622775792401
2025-08-21,0.0011730058726643344,0.00373128633998195,0.0024660731806026197,-0.00930914390487277,-0.00930914390487277,0.003683444533668645,0.004700352526439522,0.0011730058726643344
2025-08-22,0.0011081160531229242,0.00143840898370969,0.0354423944958148,0.017261991943841704,0.017261991943841704,0.0011834475705012615,-0.0035087719298245723,0.0011081160531229242
2025-08-25,0.01595644456715702,0.015171884875511722,0.011313414970457458,0.03926662376904333,0.03926662376904333,0.019881535163670746,0.007042253521126751,0.01595644456715702
2025-08-26,-0.004043022506293884,-0.0006622360510222247,0.0017861866953622352,-0.01110538117603225,-0.01110538117603225,-0.0071724921133304856,-0.005827505827505908,-0.004043022506293884
2025-08-27,-0.013627035257598931,-0.021875630282974304,-0.01343973130417575,-0.009240859571437093,-0.009240859571437093,-0.02399300451195252,-0.017584994138335253,-0.013627035257598931
2025-08-28,-0.00010990377648241911,0.0020237712060922064,0.028300679265593615,0.022261926668200926,0.022261926668200926,0.0015844116899714396,0.004773269689737347,-0.00010990377648241911
2025-08-29,0.008362761074778475,0.006013964832852436,-0.010170986557366998,0.010578148609007593,0.010578148609007593,-0.00045793001584415417,-0.0071258907363419555,0.008362761074778475
2025-09-01,-0.004532794566389219,-0.004224723093807613,-0.0018192191491293395,-0.0006492243135999645,-0.0006492243135999645,-0.004222313701936634,-0.011961722488038395,-0.004532794566389219
2025-09-02,0.004817475753846945,0.005740836788011368,-0.012704557879306688,-0.027606099441744414,-0.027606099441744414,-0.002250336957225504,0.01937046004842613,0.004817475753846945
2025-09-03,-0.010047718557858834,-0.015153070353931097,-0.005503254469264769,-0.029953629247946714,-0.029953629247946714,-0.013810492855473755,-0.014251781472684022,-0.010047718557858834
2025-09-04,0.0026056975321369817,0.001902039819133505,-0.02913856078004388,-0.03277207996875756,-0.03277207996875756,-0.0011335723829669995,0.009638554216867545,0.0026056975321369817
2025-09-05,0.0002170652536839972,0.0028068731066497317,0.021870221256161816,0.026202157225541752,0.026202157225541752,0.0038764540054459693,-0.009546539379474916,0.0002170652536839972
2025-09-08,0.0012982923181858639,0.010633855557094804,0.010630148056536096,0.009300889447626377,0.009300889447626377,0.007069561110690533,-0.004819277108433773,0.0012982923181858639
2025-09-09,0.0033211804106018095,0.0010983494194099683,-0.007595338406711818,-0.01441076562299163,-0.01441076562299163,0.003372034430843218,0.007263922518159882,0.0033211804106018095
2025-09-10,8.926064707137643e-05,-0.0009948804514892846,0.011765562602000715,-0.0013580786863547356,-0.0013580786863547356,-0.0017306320094966352,0.0012019230769231282,8.926064707137643e-05
2025-09-11,0.004762406042098691,0.005313483059911602,0.02535631025790367,0.0262189807740009,0.0262189807740009,0.006613048824545423,0.004801920768307211,0.004762406042098691
2025-09-12,-0.005788608922956257,-0.010800689290057099,-0.006245069215838006,0.007086853443088533,0.007086853443088533,0.0003087539527886948,-0.015531660692950977,-0.005788608922956257
2025-09-15,-0.00735078160722021,-0.00927606896354205,-0.0035827440429789803,-0.006177865629212594,-0.006177865629212594,0.0005482273056158413,-0.009708737864077666,-0.00735078160722021
2025-09-16,-0.004546231731647402,-0.005841689364140571,-0.0018573336713036213,-0.006990944271016059,-0.006990944271016059,-0.0005907995866996825,-0.009803921568627305,-0.004546231731647402
2025-09-17,-0.0005113472862386949,0.0016636143094356974,0.0007832192952264374,0.015713386123566687,0.015713386123566687,0.010025736841408282,-0.003712871287128716,-0.0005113472862386949
2025-09-18,-0.01146309891600372,-0.009677566678845412,-0.013345873796726693,-0.008664781420735863,-0.008664781420735863,-0.014655765003866264,-0.01863354037267073,-0.01146309891600372
2025-09-19,0.00482372690390028,0.0075313929762774,-0.0068478447980409776,-9.471279542834672e-06,-9.471279542834672e-06,0.015306940537349156,0.0025316455696202667,0.00482372690390028
2025-09-22,-0.0012110534458017468,-0.0005092305767855727,0.007279806267890228,0.004988934115516486,0.004988934115516486,-0.007025078128729915,-0.010101010101010055,-0.0012110534458017468
2025-09-23,0.0008302147778231164,-0.00031111447622234056,-0.010343853789364161,-0.0054676295987659,-0.0054676295987659,-0.0034052852265050726,0.012755102040816313,0.0008302147778231164
2025-09-24,0.002323199658460913,0.00520467191104712,0.009523873120373763,0.007498080568244747,0.007498080568244747,0.005862595839567275,-0.0025188916876573986,0.002323199658460913
2025-09-25,0.00395134939322724,-0.003103165234245327,0.005620837680196907,0.0057573471025201455,0.0057573471025201455,-0.004458440609307038,-0.005050505050505083,0.00395134939322724
2025-09-26,0.001809533316171323,0.001080247329153387,-0.016103704886899533,-0.0030243464706709577,-0.0030243464706709577,-0.0016861549934559978,0.0012690355329949554,0.001809533316171323
2025-09-29,-0.000272938165197134,0.0016064150304703946,0.0068859671408568746,0.012437298301327893,0.012437298301327893,0.0022349630527459157,-0.0038022813688213253,-0.000272938165197134
2025-09-30,0.011071650065852867,0.019175098341714897,0.01068868339860703,0.027460950363924264,0.027460950363924264,0.012978443288161704,-0.010178117048346036,0.011071650065852867
2025-10-09,0.01289405285973766,0.005036792269150474,0.00565054812487442,0.039786921745684545,0.039786921745684545,0.014853012405978026,-0.0012853470437017567,0.01289405285973766
2025-10-10,-0.0030639693972954,-0.004673624491463727,-0.023475294069388343,-0.01422021349568044,-0.01422021349568044,0.01431620132854757,0.0038610038610036312,-0.0030639693972954
2025-10-13,0.005441861666678888,0.011810066278178894,-0.006064915131816432,0.024223103229570404,0.024223103229570404,-6.274089572322382e-05,0.008974358974359165,0.005441861666678888
2025-10-14,0.0009016249279233399,-0.0003789211831059687,-0.013263880659846294,-0.018928123121290552,-0.018928123121290552,0.006349708969725569,0.02414231257941557,0.0009016249279233399
2025-10-15,0.004298220696070072,0.0002820624828315428,0.014074805123347245,0.008687034843610181,0.008687034843610181,0.004672827867605774,0.004962779156327368,0.004298220696070072
2025-10-16,-0.00030371276610074993,-0.0022485557439423003,0.005294662132587186,-0.014462375020535637,-0.014462375020535637,0.0005285302774505531,0.014814814814814836,-0.00030371276610074993
2025-10-17,-0.014795402274972223,-0.023287073574680406,-0.020682445736001347,-0.04119235862473876,-0.04019235862473876,-0.021933905311708097,-0.002216545012165504,-0.014795402274972223
2025-10-20,0.0024090329064746134,0.0012164975382764247,0.004092309163221711,0.011788768501065658,0.009002954089102639,0.012127818952069564,0.0011415525114155667,0.003784109338987725
2025-10-21,0.010169122594859987,0.007209204013504703,0.013153859007853855,0.02719275553266194,0.014514136882430787,0.02594044557697724,0.012542759407069504,0.010437562211553193
2025-10-22,-0.014918174643575106,-0.004572062107681574,-0.004898470890508063,-0.006491838220358629,-0.016362108184705994,-0.0034529205962157503,-0.022522522522522515,-0.013921145087295767
2025-10-23,-0.009340982745673557,-0.0011861351418201251,-0.002755579126586194,0.0024575846721797876,-0.003846601611325254,0.002681009953609685,-0.018433179723502335,-0.011143354091192085
2025-10-24,0.0182859263144115,0.015113816115246868,0.002607016632288535,0.02240282643268684,0.02110382926429436,0.025788102457819557,0.0035211267605634866,0.011644707718246512
2025-10-27,0.009400892094907649,0.00629421103762029,-0.0019768183570585034,0.006822547679840807,0.015322905229508299,0.0036583164510934525,0.010526315789473717,0.010315412710867333
2025-10-28,0.0036084687625647085,0.007450689497355722,-0.00810324824733081,-0.0015054982339817542,-0.0030894994812512566,-0.001351214173155424,-0.01273148148148151,-0.0045582334836935514
2025-10-29,0.003557041389501118,-0.004830300808686812,0.0043720531915097584,0.019443925122003693,0.025840776256599085,0.014544988639249171,0.0058616647127784915,0.0053403032022740025
2025-10-30,-0.021069556467786594,-0.012544051632318568,-0.021371834796384936,-0.02558305639408779,-0.008820169614146407,-0.02627475599883089,-0.026806526806526842,-0.023348111583405735
2025-10-31,0.005735993149058705,-0.005430344127127913,0.014576809199224217,0.0007423404017319699,-0.014075013195262756,-0.0015784123411398676,0.03473053892215572,0.02027768604411643
2025-11-03,0.007340886216855283,0.008354507464178873,0.02003392629892975,0.01345524903951049,0.0047883204579989656,0.014183862422476379,0.0092592592592593,0.0029568493957503974
2025-11-04,-0.01782318911316283,-0.0032925504784966364,-0.0072825982920424375,-0.01878978867332063,-0.009812779938680608,-0.017003783817782593,-0.022935779816513735,-0.02078964296378808
2025-11-05,-0.0022237448953949337,-0.0014412722819363935,-0.0021589351048556527,-0.006739368609162318,0.016043163860641713,-0.010061717191914102,-0.0023474178403756207,-0.0035280622325305857
2025-11-06,0.009478805365075393,0.0059307194640483285,0.00014312105860540364,0.010948177868930022,0.017459168704916445,0.014626135530240798,0.00588235294117645,0.008557387983407624
2025-11-07,-0.011173327353916998,-0.004944371124960785,-0.01301994980745802,-0.0201431014154028,-0.0004950150165414781,-0.020253745222868602,-0.019883040935672502,-0.011936162661674927
2025-11-10,0.0022265272632255124,0.0010389263314375767,0.0029727630020137674,-0.0038802787957740534,-0.00667364560002596,-0.003958399160467621,0.00835322195704058,0.005790795894736966
2025-11-11,-0.008347522883758618,-0.005574897446789184,-0.0014801413443578844,-0.015952689516448605,-0.012598163731176282,-0.016179515697094228,-0.0035502958579881616,-0.0064843889288603105
2025-11-12,0.0022432266217745625,-0.004093246536618911,0.008631050935271388,-0.008259246802160947,-0.01621015015384793,-0.006389360605097944,0.02494061757719712,0.007966720537948927
2025-11-13,0.017279723756649767,0.0029748271330535623,0.014400427573376154,0.010848556942946692,0.014369429046710827,0.008558439242875101,0.04055619930475096,0.021025940420461055
2025-11-14,-0.0074642732741199876,-0.0018278971927834964,-0.009295543647558985,-0.02495369589033898,-0.013953475094856449,-0.023355319673060367,-0.014363028953229384,-0.007174507472778627
2025-11-17,0.006483534353720732,-0.012322837327989777,-0.0059165632608238665,0.0013381137858180883,0.004393158641527709,0.0027439624323306227,-0.0028943560057886897,-0.012327080441416652
2025-11-18,0.007124136724992939,0.0018123809409061886,-0.001898081104183472,0.006412689889100412,-0.016944904593150307,0.002037001672261914,0.012336719883889735,-0.0025253948075028374
2025-11-19,-0.013219283150955958,-0.01111845241580034,-0.010774738721678704,-0.005740769899433025,0.0030797873348725005,-0.00543878620262761,-0.019354838709677358,-0.00884103634528081
2025-11-20,-0.013395130105350761,-0.011612017656622564,-0.007095726183538856,-0.007239908420045811,-0.005440442072621989,-0.006200028461890679,-0.013157894736842146,-0.006955408539472074
2025-11-21,-0.014523007856341195,-0.014186508594789758,-0.018348909657320906,-0.033725638064704,-0.041540157143257685,-0.024885809597125975,-0.005185185185185293,-0.01933280387302568
2025-11-24,0.02522917289470102,0.017227456239421825,0.022168677315210696,0.009622738178849843,0.022191707792224236,0.01042954230825699,0.032762472077438654,0.022894930008590553
2025-11-25,0.016246110387900064,0.015874351320091774,0.017128193298422262,0.029428139595966872,0.00833196619130383,0.026989963633272662,0.041095890410958846,0.016915834178366174
2025-11-26,-0.00686423579008999,-0.0037361739811036703,3.126474273825331e-05,0.020207785349166268,-0.012534635320877174,0.014410481023588217,-0.011772853185595511,0.0012325485080665328
2025-11-27,-0.009046338309197877,-0.0058966724649229425,-0.005751415497495841,-0.0014886846274357875,-0.0024491954430799026,-0.0029496050072751094,-0.01261387526278912,-0.00744346287482241
2025-11-28,0.004529819016978094,0.003259268378907443,-0.0004466859595268675,0.004767494796468282,0.015689322224266146,0.003009597691805495,-0.0007097232079489313,-0.001717236597597519
2025-12-01,0.011673015237557927,0.005864501312335957,0.008640823838947523,0.02066963215911821,0.0169420286440769,0.01889370143682978,0.015625,0.004425860719874793
2025-12-02,-0.01627015072913488,-0.013997661015462699,-0.014605127177814887,-0.009202755094849802,-0.009630481132107366,-0.009350709889271001,-0.01748251748251739,-0.013989956558434305
2025-12-03,-0.017842061082515105,-0.009547394553081104,-0.01580382154427558,-0.013711648347647596,-0.004555503392912108,-0.01366222872563712,-0.02348754448398571,-0.014706124711811281
2025-12-04,0.006843525853826193,-0.0006386050630261169,0.014082748358333156,0.009668131425190666,0.00047288780357316717,0.009910005185042554,0.001457725947521915,0.008201542283447234
2025-12-05,0.013045523204165447,0.007057927024211189,0.006054083401086745,0.004991097012378172,0.025250899672553187,0.010347657726560062,0.008005822416302655,0.0036013709420626983
2025-12-08,0.01097962021381941,0.004963848586299946,0.005529452641502989,0.031163258233277702,0.009464504537650981,0.026989198117817637,0.013718411552346543,0.003119537359565901
2025-12-09,-0.010614950339516316,-0.004269720737184198,-0.0096986765558222,0.008207680344089955,-0.008527699640568764,0.004612078172595051,-0.002849002849002802,-0.004946470174287916
2025-12-10,0.007357090550416185,0.005376324442820582,0.005376332993279146,0.007956399808069317,0.002816375755575547,0.00955826295715963,0.013571428571428568,0.004162732209810856
2025-12-11,-0.018411193366487145,-0.01112769100930629,-0.013529297216206954,-0.023810513456446022,-0.002848108442079759,-0.02498143016999695,-0.01620859760394655,-0.008727581868877047
2025-12-12,0.00640707839481162,0.0036948045745716462,0.00567551158224074,0.011234717340296425,0.01759459861699349,0.00709063653072058,0.005446991404011504,0.004451678405527996
2025-12-15,0.0006665992119386046,0.004234724742891771,-0.019028843217543834,-0.00308021925719452,-0.006600622872607728,-0.009661327336533762,0.005444646098003769,0.0006665992119386046
2025-12-16,-0.008077586445811247,-0.002102845370689055,-0.02116705080552757,-0.01732431287964268,-0.01844667835471229,-0.016964948534795205,0.0018050541516245744,-0.008077586445811247
2025-12-17,-0.0014312449095058206,0.004089979550102226,0.015985945700788852,0.011485763892003545,0.01437910433909876,0.008800388640707979,-0.003603603603603567,-0.0014312449095058206
2025-12-18,0.004447764741581077,0.0014174292655304936,-0.0032112681840114434,-0.003093481634510767,-0.006846033138719712,0.004625506258361334,-0.001808318264014619,0.004447764741581077
2025-12-19,0.00622707969342869,0.005538637781683804,0.019169327499659678,0.004085347272852184,0.009310408623461292,0.008280430726472516,0.0036231884057971175,0.00622707969342869
2025-12-22,0.002868887746424353,-0.0012683513838748586,0.0011736033339470415,0.0039060282021660857,0.011400754773415215,-0.0014701667186382734,-0.0018050541516245744,0.002868887746424353
2025-12-23,-0.007005080608870654,-0.006852808192863898,-0.0025570291891565304,-0.00406746293333234,-0.0053454466471662965,-0.004728790819811146,-0.005424954792043524,-0.007005080608870654
2025-12-24,-0.0005990791144909746,-0.0018094927772346705,-0.001954728051705157,0.006045106271337918,0.025493462698844633,-0.0021244778812196476,-0.0036363636363635488,-0.0005990791144909746
2025-12-25,0.005479840001262966,0.01262750469659224,0.007290192408590486,0.005653843069394907,0.016759737212638386,0.0040022944069102815,0.010948905109489093,0.005479840001262966
2025-12-26,0.00012031486304020533,-0.007355141996543634,0.0034412769221930555,0.008997418651904916,0.0076610861533984815,-0.0006726717633355934,-0.0072202166064982976,0.00012031486304020533
2025-12-29,-0.004291584068928526,-0.009965243836211593,-0.007142812535878562,0.0011880471148998737,0.004650980780312489,-0.006845861310163736,-0.01272727272727281,-0.004291584068928526
2025-12-30,-0.007351921518750711,-0.006328088646536112,-0.004300799867054858,-0.0042194153997140065,-0.0032011037669432696,-0.006276785520664647,-0.0036832412523020164,-0.007351921518750711
2025-12-31,-0.0008275929207058148,-0.007008382441671531,-0.008330200713537256,-0.001357110991972739,0.0015227658105986999,-0.00726858651784934,-0.009242144177449285,-0.0008275929207058148
2026-01-05,0.011499987802490914,0.03291170162765522,0.04081053017210408,0.017287641661604125,0.023061284824830903,0.028330514372365407,0.018656716417910557,0.011499987802490914
2026-01-06,0.013410764232878384,0.005524335865448944,0.017133994974375694,0.023216055583159236,0.024550640358934617,0.010681175548468813,0.0073260073260073,0.013410764232878384
2026-01-07,0.011061066955164215,-0.004931734931734895,0.02484230666339123,0.008556112759238474,-0.0017008041925388555,0.018490560333035717,-0.005454545454545379,0.011061066955164215
2026-01-08,0.004507461843804868,0.001514346497087593,-0.00016687339645364086,0.006487104535500091,0.020711715567125217,0.0013742900973527186,-0.001828153564899404,0.004507461843804868
2026-01-09,0.0043923212937297205,0.008776877917341459,0.02081245787060304,0.012905667315424604,0.01788610681288072,0.010231623013577865,0.001831501831501825,0.0043923212937297205
2026-01-12,0.0019891612649699146,0.01476338378667082,0.013973558419540288,0.03840263272514102,0.03464366710306077,0.0002188573533052537,0.010968921389396868,0.0019891612649699146
2026-01-13,-0.013560799004210922,-0.0047769584925309765,-0.0021075153708010434,-0.01208546837957051,-0.040298274236514775,0.005077195398762983,-0.009041591320072428,-0.013560799004210922
2026-01-14,-0.009368122754654077,-0.000564668742205769,0.001226271122104309,0.014875585510183087,0.004708754052888842,-0.009619518874466807,-0.005474452554744436,-0.009368122754654077
2026-01-15,-0.0019743079162537853,-0.011481690016449756,-0.009164271139433744,-0.006735720160059744,-0.008948240601363603,-0.0062438716823044835,-0.00917431192660556,-0.0019743079162537853
2026-01-16,-0.009954967533960338,-0.011962597535518722,-0.008660940231954257,-0.010679664450130095,0.00808947714398837,-0.011849564754923304,-0.005555555555555536,-0.009954967533960338
2026-01-19,0.0022317200579664203,-0.0025121129591113567,-0.009106607676449033,0.023384342183186524,0.04232597579776787,0.002122677139234641,-0.003724394785847407,0.0022317200579664203
2026-01-20,0.010031735782534208,0.007497787037172928,-0.015244601484759812,-0.026955797619377643,-0.019915437368008233,0.008589055634830922,0.009345794392523477,0.010031735782534208
2026-01-21,-0.01462007784284162,-0.015476163027522267,0.010337091260660403,0.005320937348355,0.0009806830791907473,-0.011213787532101486,-0.01666666666666672,-0.01462007784284162
2026-01-22,0.0033781632906465147,-0.0037731257149448507,-0.008159490423926719,0.0265379735910037,0.01182306473587206,0.00521860331242215,-0.0037664783427494575,0.0033781632906465147
2026-01-23,-0.0077620118123697575,-0.005319528850406244,0.02022853657751263,0.027401781872712062,0.019762613774462867,-0.005152406792660972,-0.003780718336484079,-0.0077620118123697575
2026-01-26,0.0066372578478701705,-0.00201789464658005,-0.014565354961291669,-0.030388164797664558,-0.01403538356998335,0.007954438783695172,-0.005692599620493288,0.0066372578478701705
2026-01-27,-0.01399853947004115,-0.009259715234922156,-0.01082809367691014,0.007348340977597288,-0.0010908421139673354,-0.017419765063507543,-0.01526717557251911,-0.01399853947004115
2026-01-28,0.013678927472030995,-0.0027946218872494746,0.002779834064818151,-0.0036591354351931393,0.003043547128145139,0.01584342963653314,0.0,0.013678927472030995
2026-01-29,0.04073901880908318,0.06450874453610425,-0.01375005511558643,-0.008997448388739022,-0.011571960381702273,0.03925164023192132,0.10077519379844957,0.04073901880908318
2026-01-30,-0.016835170935383743,-0.03121492450849043,-0.01905485965111975,-0.032932217107663475,-0.026047494108002292,-0.020500318941186903,-0.047535211267605515,-0.016835170935383743
2026-02-02,-0.014404760711222025,0.0078102314803448385,-0.02866953615718611,-0.026944030049499596,-0.016506040192422633,-0.019301646574228875,0.014787430683918634,-0.014404760711222025
2026-02-03,-0.0003406294889721406,0.00021099299067395228,0.020041459781900823,0.0472383170827569,0.04465400879212833,0.001963934715019692,0.0036429872495444826,-0.0003406294889721406
2026-02-04,0.041675209148365644,0.017467520351666394,0.011468451321094603,0.002022674223424133,0.0026768877605088206,0.04172770654567781,0.019963702359346858,0.041675209148365644
2026-02-05,-0.002091915627726592,0.011493885307835905,-0.016889656801937547,-0.020303264561229845,-0.03198998878920815,-0.007094849125177733,0.005338078291814652,-0.002091915627726592
2026-02-06,-0.008802447246471574,-0.012603834090839539,0.013273241935993475,-0.007876710200291015,-0.00023182986631220537,-0.009916549995109158,-0.01946902654867233,-0.008802447246471574
2026-02-09,0.0026169315019301345,0.0008438818565400888,0.012811999833855243,0.022438523799156597,0.026381691104392885,0.004864674153540749,0.0,0.0026169315019301345
2026-02-10,-0.0016339642292309735,-0.008144840184551342,0.006253562330637784,0.0011424869336622936,0.003622561074505426,-0.002754189033666347,-0.016245487364620947,-0.0016339642292309735
2026-02-11,0.005501635224557081,0.0008396305625524292,0.01290657626163331,0.0022664267164981267,0.0049467196270556926,0.0041045910611127905,0.0,0.005501635224557081
2026-02-12,-0.009991908291854699,-0.015353126599668327,0.001409828055365936,0.013308558448896408,0.019601646434911208,-0.00747934547778432,-0.01834862385321112,-0.009991908291854699
2026-02-13,-0.008186560534866919,-0.0034019015284358534,-0.00959360832947753,-0.0032669202441843637,-0.01168349478021883,-0.009821610335377871,-0.001,-0.008186560534866919
2026-02-24,-0.005161974959599432,0.00017378688686671884,0.005776978545911932,-0.002260337045353148,-0.002260337045353148,-0.002260337045353148,-0.0025673940949935137,-0.006196679891237918
2026-02-25,0.0025942566298186405,0.0049434311128750226,0.005082764371164394,0.011490348900247064,0.011490348900247064,0.011490348900247064,-0.0038610038610038533,0.0030188168184387782
2026-02-26,-0.00892272251134977,-0.004536757599069055,-0.009546470063684809,0.008367152844107753,0.008367152844107753,0.008367152844107753,-0.0025839793281654533,-0.010443134680342265
2026-02-27,0.0019243324972135025,0.006522274238012438,-0.0036689864444479077,0.0036726404367221446,0.0036726404367221446,0.0036726404367221446,0.0012953367875647714,0.0014727084963053934
2026-03-02,-0.008889414166082094,-0.004613071956841056,-0.011596238161389215,0.010678370402553814,0.010678370402553814,0.010678370402553814,0.005174644243208348,-0.012722554281402305
2026-03-03,-0.0005314955840932667,-0.0024775173409580984,-0.031818690639380844,-0.06016123869022001,-0.06016123869022001,-0.06016123869022001,0.009009009009008917,-0.00761805417317803
2026-03-04,-0.02069065354432901,-0.010709015943006068,-0.016900920131199922,0.0059124821166369745,0.0059124821166369745,0.0059124821166369745,-0.011479591836734748,-0.01523991319641645
2026-03-05,0.004702778163588439,0.00039862193359422714,0.01734305130517725,0.0059503151603954585,0.0059503151603954585,0.0059503151603954585,0.010322580645161228,0.006698904561662111
2026-03-06,0.00924240409008307,0.01774762931078825,0.019930247108134402,0.01356004626827952,0.01356004626827952,0.01356004626827952,0.0012771392081738497,0.015360557030080175
2026-03-09,-0.011418758484826244,-0.008656601522901411,-0.023143713210569773,-0.008752217781781072,-0.008752217781781072,-0.008752217781781072,-0.007653061224489832,-0.010396605583556743
2026-03-10,0.004806728569141402,0.0023199449363708142,0.03758974158597961,0.0122793910983822,0.0122793910983822,0.0122793910983822,0.0012853470437017567,0.012113288384580182
2026-03-11,0.0025758142956776955,0.008961716971085313,-0.006421444700293784,-0.015008380730216042,-0.015008380730216042,-0.015008380730216042,0.00898587933247752,-0.0007770674474253763
2026-03-12,0.0023749695056785773,0.006872720630116383,-0.01399476100598725,-0.01800735056757437,-0.01800735056757437,-0.01800735056757437,0.008905852417302906,7.725026879945585e-05
2026-03-13,0.0021170765548653714,-0.0038078792028662933,-0.009585173211375678,-0.028139257096285022,-0.028139257096285022,-0.028139257096285022,0.0025220680958386588,0.0022932585352400205
2026-03-16,0.003597304939067624,0.0010241402565279352,0.013133232813886748,-0.0013546968630099299,-0.0013546968630099299,-0.0013546968630099299,0.002515723270440251,0.009174203621632904
2026-03-17,0.005902021106840497,0.00013402545445177338,-0.013154152449321981,-0.021498369744570273,-0.021498369744570273,-0.021498369744570273,0.008782936010037767,0.004360934599567064
2026-03-18,-0.005239296457623443,-0.002021793240120269,0.019802763707916487,0.017692517403557817,0.017692517403557817,0.017692517403557817,-0.0024875621890548816,-0.002396525597353149
2026-03-19,-0.010984722305023193,-0.012678247218362302,-0.018112636054645043,-0.023140503531053864,-0.023140503531053864,-0.023140503531053864,-0.0037406483790524137,-0.01243145341497472
2026-03-20,-0.009929470229869564,-0.01106586058848217,-0.004093273597071604,-0.03310283990904931,-0.03310283990904931,-0.03343617324238264,-0.0035031289111389077,-0.008651760467780488
2026-03-23,-0.0497863759824743,-0.04837934964469999,-0.0497863759824743,-0.04439240202562607,-0.03550540452864237,-0.02867833235472191,-0.050359712230215736,-0.049573455989306875
2026-03-24,0.026991985528767987,0.015293143829926192,0.026991985528767987,0.017421072155690737,0.02349306586548483,0.018161747686553577,0.012626262626262541,0.028218779271410883
2026-03-25,0.014330425547038301,0.017240118085177482,0.014330425547038301,0.02279151257457109,0.026918743217643128,0.014835363930067014,0.014962593516209433,0.013911098497276415
2026-03-26,-0.019961270161375572,-0.025244903633907634,-0.019961270161375572,-0.022617929128262472,-0.019664573772756246,-0.014519913969913626,-0.03071253071253055,-0.0195504267922428
2026-03-27,0.023361452968937064,0.008832914768901318,0.023361452968937064,0.014152360572381154,0.01091132716070516,0.01485566800042104,0.00887198986058313,0.020750502822639866
2026-03-30,-0.0029499216331548466,-0.0033592816627895,-0.0029499216331548466,-0.0037916288495705532,0.005189593173520893,-0.005708561756918768,0.0,0.005497967056603252
2026-03-31,-0.007342971119571347,-0.009477619534509577,-0.007342971119571347,-0.011088140943484499,-0.012228889087013842,-0.01460292997002251,-0.011306532663316604,-0.005507799550943937
2026-04-01,0.04782495419985381,0.030698268504953496,0.04782495419985381,0.027757395380132294,0.005966221804247773,0.02579882752235137,0.020330368487928796,0.028825062873568747
2026-04-02,-0.01894388524039122,-0.02450346236726301,-0.01894388524039122,-0.025547782014325615,-0.01775192282083123,-0.004807337610029938,-0.031133250311332517,-0.016692263798364967
2026-04-03,-0.015301779596587257,-0.01411845678925309,-0.015301779596587257,-0.014481933772542291,-0.010401595198073894,-0.011663105268410669,-0.01285347043701801,-0.01477931899703766
2026-04-07,0.002621079751734016,0.0006284098279838075,0.002621079751734016,0.008369581752045496,0.0016097109907260796,0.014455007181418159,0.0013020833333332593,-0.0011560648884615754
2026-04-08,0.04505861551523327,0.05621018258883932,0.04505861551523327,0.05740580169065912,0.04703340635870227,0.028614821162177135,0.07152145643693109,0.043300141729030184
2026-04-09,-0.02156210213439628,-0.024303634969070138,-0.02156210213439628,-0.014629949660858657,-0.005341112147763522,-0.004264611643913155,-0.02669902912621347,-0.018892239242319676
2026-04-10,0.013901677794577072,0.025446462809166626,0.013901677794577072,0.014198763133609644,0.004416823635783995,0.007544822625280741,0.016209476309226867,0.008992955360081453
2026-04-13,-0.015673111585268185,-0.009733649179858231,-0.015673111585268185,-0.0071633064734337734,0.001804534639010905,-0.010711036380735265,0.0012269938650306678,0.0005820343604935694
2026-04-14,0.010949799819206296,0.010700560294135167,0.010949799819206296,0.009074506804672772,0.011059795029890221,3.7048463736493245e-06,0.019607843137254832,0.016409627509048026
2026-04-15,0.008622931010241586,-0.006003249810762353,0.008622931010241586,-0.008689829847249381,0.0004527957879281539,-0.00835212476816501,-0.014423076923076983,0.007604545279910982
2026-04-16,0.017543204927135937,0.017601264325670662,0.017543204927135937,0.022253779204870927,0.010530260806897413,0.016828462815784723,0.019512195121951237,0.009689399620392392
2026-04-17,-0.010489606129639967,-0.007545444654878718,-0.0108229394629733,-0.00344135161612824,0.004787315015487903,-0.003687788823516242,-0.0021961722488038618,-0.004705141887283621
2026-04-20,0.003659162122682025,-3.111724436507168e-05,0.007400362108286392,0.010435569037624326,0.019917582161012616,0.010901118385855243,0.0,-0.00022173587513677856
2026-04-21,-0.006674045507262175,-3.382638674653826e-05,-0.0030038480585369287,-0.0013919500357898091,-0.007711165717334063,-0.0037164502682398197,0.0,-0.0030132054666097696
2026-04-22,0.002133290767974379,-0.006312029006873517,-0.001887301471644435,-0.0073621532503598255,0.004984967097798942,-0.0048227992473748316,-0.009022556390977488,-0.004165814715913707
