trade_date,ew_ret,ew_cum,ew_MA200,ew_slope_21,mkt_ret_252,mkt_ret_21,mkt_TS_mom,mkt_vol_60,mkt_vol_60_med252,breadth,mkt_disp,mkt_disp_med252
2018-01-02,,,,,,,,,,0.0,,
2018-01-03,0.00837638565439887,0.00837638565439887,,,,,,,,0.0,,
2018-01-04,0.00085936737473387,0.00923575302913274,,,,,,,,0.0,,
2018-01-05,0.0008141226558402552,0.010049875684972997,,,,,,,,0.0,,
2018-01-08,0.0010370573883319155,0.011086933073304913,,,,,,,,0.0,,
2018-01-09,-7.149942526998247e-05,0.01101543364803493,,,,,,,,0.0,,
2018-01-10,-0.007763921994511563,0.003251511653523366,,,,,,,,0.0,,
2018-01-11,0.007030310482406788,0.010281822135930154,,,,,,,,0.0,,
2018-01-12,-0.004181633560831609,0.006100188575098545,,,,,,,,0.0,,
2018-01-15,-0.02672119126242655,-0.020621002687328006,,,,,,,,0.0,,
2018-01-16,0.007983644340832758,-0.012637358346495249,,,,,,,,0.0,,
2018-01-17,0.0014524686449673863,-0.011184889701527862,,,,,,,,0.0,,
2018-01-18,0.0019201253350892298,-0.009264764366438631,,,,,,,,0.0,,
2018-01-19,-0.0014441082027142479,-0.010708872569152879,,,,,,,,0.0,,
2018-01-22,0.004966321361228705,-0.005742551207924174,,,,,,,,0.0,,
2018-01-23,0.0022648634857506244,-0.0034776877221735494,,,,-0.003477687722173551,,,,0.0,0.08278164295217677,
2018-01-24,0.006709519692200534,0.003231831970026984,,,,0.0032318319700269825,,,,0.0,0.08523653657032594,
2018-01-25,-0.001793413948036999,0.0014384180219899853,,,,0.0014384180219899835,,,,0.0,0.08698617074521034,
2018-01-26,-0.003212109195017724,-0.0017736911730277388,,,,-0.0017736911730277406,,,,0.0,0.09148790298714837,
2018-01-29,-0.012372660590026134,-0.014146351763053873,,,,-0.014146351763053875,,,,0.0,0.09839123911442664,
2018-01-30,-0.0020448644286459447,-0.016191216191699817,,,,-0.01619121619169982,,,,0.0,0.09942740067440951,
2018-01-31,-0.027291435082217326,-0.04348265127391714,,,,-0.04348265127391715,,,,0.0,0.10818820557120873,
2018-02-01,-0.0435333843269045,-0.08701603560082163,,,,-0.09539242125522052,,,,0.0,0.11714943363126766,
2018-02-02,-0.008765576973648213,-0.09578161257446985,,,,-0.1050173656036026,,,,0.0,0.11909132929839769,
2018-02-05,-0.008363863449384208,-0.10414547602385406,,,,-0.11419535170882707,,,,0.0,0.11874581556095391,
2018-02-06,-0.05996497871256985,-0.1641104547364239,,,,-0.17519738780972882,,,,0.0,0.13269235094550194,
2018-02-07,0.004803618420679934,-0.15930683631574397,,,,-0.17032226996377892,,,,0.0,0.12770062551525538,
2018-02-08,0.013147172656131903,-0.14615966365961205,,,,-0.14941117531313544,,,,0.0,0.1238175533926564,
2018-02-09,-0.034845706901753135,-0.18100537056136518,,,,-0.19128719269729538,,,,0.0,0.12288742559770555,
2018-02-12,0.02633788645588861,-0.15466748410547657,,,,-0.16076767268057515,,,,0.0,0.11979260973913777,
2018-02-13,0.000872691654762123,-0.15379479245071445,,,,-0.13317378976338648,,,,0.0,0.12434903321013768,
2018-02-14,0.0018844784727018243,-0.15191031397801263,,,,-0.13927295563151743,,,,0.0,0.1261197904744363,
2018-02-22,0.018371846156165147,-0.13353846782184747,,,,-0.12235357812031966,,,,0.0,0.12168942577112822,
2018-02-23,0.004779746590668534,-0.12875872123117893,,,,-0.11949395686474035,,,,0.0,0.1173957648284329,
2018-02-26,0.024630201491370796,-0.10412851973980813,,,,-0.0934196471706553,,,,0.0,0.1086786289520139,
2018-02-27,0.0030010466393269905,-0.10112747310048115,,,,-0.09538492189255703,,,,0.0,0.10691359012964124,
2018-02-28,0.00038801515207368266,-0.10073945794840747,,,,-0.09726177022623397,,,,0.0,0.10677690653354271,
2018-03-01,0.01507433139325282,-0.08566512655515465,,,,-0.08889695852518167,,,,0.0,0.10676044347630888,
2018-03-02,-0.005156438827021975,-0.09082156538217663,,,,-0.09225998340416666,,,,0.0,0.10517891479021278,
2018-03-05,0.0072146477313810645,-0.08360691765079556,,,,-0.08183322647776788,,,,0.0,0.10700907331121548,
2018-03-06,0.011868148112359738,-0.07173876953843582,,,,-0.057592417775382,,0.016806621852775757,,0.0,0.10253943069212564,
2018-03-07,-0.0055762109500951396,-0.07731498048853096,,,,-0.061123764296831196,,0.016605721241151745,,0.0,0.10229586981603322,
2018-03-08,0.010447326922987199,-0.06686765356554376,,,,-0.023385002291626662,,0.0165119926184364,,0.0,0.09977247946180566,
2018-03-09,0.016977081948227193,-0.04989057161731657,,,,0.037125463983505025,,0.016558178107077437,,0.0,0.10278810253223424,
2018-03-12,0.015258982501097322,-0.03463158911621925,,,,0.06115002345825056,,0.01655065585972116,,0.0,0.10794299022593667,
2018-03-13,-0.005789835978107843,-0.04042142509432709,,,,0.06372405092952693,,0.01637848671239932,,0.0,0.11239154136360407,
2018-03-14,-0.01059763591338842,-0.05101906100771551,,,,0.11309139372870836,,0.016258498786059592,,0.0,0.10339156658401744,
2018-03-15,-0.009252764438724909,-0.06027182544644042,,,,0.09903501086930352,,0.016124618827553307,,0.0,0.09563994317083824,
2018-03-16,-0.0004132696941965052,-0.06068509514063693,,,,0.0854745685189751,,0.015952651285225338,,0.0,0.0966123620539017,
2018-03-19,0.004241475580768688,-0.056443619559868236,,,,0.12456175100149693,,0.015805186075073117,,0.0,0.09830672677858282,
2018-03-20,0.003910079207732547,-0.052533540352135685,,,,0.10213394375334088,,0.015659448993146294,,0.0,0.10318494907177742,
2018-03-21,-0.005308916948060317,-0.057842457300196,,,,0.09595233515051843,,0.015513526944907952,,0.0,0.10451267548351921,
2018-03-22,0.001931840700559404,-0.055910616599636594,,,,0.095999697378376,,0.015366563862984439,,0.0,0.10658881179799135,
2018-03-23,-0.059535123232799254,-0.11544573983243585,,,,0.018092727989411604,,0.01720676039191314,,0.0,0.1089418286980514,
2018-03-26,0.015077175518799049,-0.1003685643136368,,,,0.028390156917542125,,0.01720465614182239,,0.0,0.11394918290885533,
2018-03-27,0.027111734871496304,-0.0732568294421405,,,,0.030871690297667634,,0.017486521409606506,,0.0,0.11494369363003377,
2018-03-28,-0.005200163778491535,-0.07845699322063203,,,,0.022670479879849107,,0.017334532645761697,,0.0,0.11314169267596147,
2018-03-29,0.010365252700514138,-0.06809174052011789,,,,0.03264771742828956,,0.017249610487743507,,0.0,0.10286302042932237,
2018-03-30,0.015700917494684226,-0.052390823025433665,,,,0.03327430352972097,,0.017240956956417086,,0.0,0.10825272973693464,
2018-04-02,0.004705517878941915,-0.04768530514649175,,,,0.043136260235684856,,0.01710727287549114,,0.0,0.10730839050547451,
2018-04-03,-0.008298212683614773,-0.05598351783010652,,,,0.027623399820689024,,0.01698921614750914,,0.0,0.10874867376394591,
2018-04-04,-0.004498866523577354,-0.060482384353683874,,,,0.01125638518475193,,0.01695090658917081,,0.0,0.10826972171423493,
2018-04-09,0.003817721715095756,-0.05666466263858812,,,,0.020650317849942826,,0.01696114289401448,,0.0,0.11025885392898462,
2018-04-10,0.0016818606289617235,-0.054982802009626394,,,,0.01188485155591735,,0.01696317106442384,,0.0,0.10446907302868251,
2018-04-11,0.00780108733930472,-0.04718171467032167,,,,0.0027088569469948774,,0.016999941618899363,,0.0,0.10438895545935697,
2018-04-12,-0.005541921949085561,-0.05272363661940723,,,,-0.018092047503188005,,0.017009701508102725,,0.0,0.10630607539663019,
2018-04-13,-0.003339317844455705,-0.05606295446386294,,,,-0.01564152936953587,,0.016989734549498325,,0.0,0.10364066501409705,
2018-04-16,-0.007572782968277518,-0.06363573743214046,,,,-0.012616676424424966,,0.016977506972991097,,0.0,0.11472271800588148,
2018-04-17,-0.02426243010792031,-0.08789816754006077,,,,-0.027626342093620367,,0.01723265042746964,,0.0,0.1138260932216268,
2018-04-18,0.01130265485848872,-0.07659551268157205,,,,-0.01591041754093514,,0.01698935886733107,,0.0,0.115276734455493,
2018-04-19,0.0029311617853975424,-0.07366435089617451,,,,-0.017220731336306288,,0.016956905114964466,,0.0,0.11037364246081754,
2018-04-20,-0.0263152721093449,-0.09997962300551941,,,,-0.04744608265338374,,0.0172644968645806,,0.0,0.11088888281355085,
2018-04-23,-0.007383641587260985,-0.1073632645927804,,,,-0.049520807292584394,,0.017275219522896134,,0.0,0.10938737105548386,
2018-04-24,0.023886337402899558,-0.08347692718988084,,,,-0.027566310590244246,,0.017586669866790142,,0.0,0.12245847270774293,
2018-04-25,0.004833049078748768,-0.07864387811113208,,,,0.03680186172130378,,0.017585884611814383,,0.0,0.11874720207358835,
2018-04-26,-0.02136893612808817,-0.10001281423922025,,,,0.0003557500744165547,,0.01777033248868033,,0.0,0.11779742268332803,
2018-04-27,0.0006894610266330527,-0.09932335321258719,,,,-0.026066523770446697,,0.017739537571349634,,0.0,0.11184939295665246,
2018-05-02,-0.0061303871543140626,-0.10545374036690125,,,,-0.026996747146269224,,0.017748719818206717,,0.0,0.1118801542298042,
2018-05-03,0.01106230725398304,-0.09439143311291821,,,,-0.02629969259280032,,0.01782472480224851,,0.0,0.11227038921079122,
2018-05-04,-0.0017116196723116186,-0.09610305278522983,,,,-0.04371222975979617,,0.017767993525827863,,0.0,0.11058828899217311,
2018-05-07,0.01880999957726925,-0.07729305320796058,,,,-0.029607748061468833,,0.017957460606650277,,0.0,0.11216380615406056,
2018-05-08,0.007838164075943056,-0.06945488913201753,,,,-0.013471371301911002,,0.01765649099027128,,0.0,0.10894704638142996,
2018-05-09,0.0013260632555559288,-0.0681288258764616,,,,-0.007646441522777718,,0.016725728095029407,,0.0,0.1069626249901118,
2018-05-10,0.006131414956355856,-0.061997410920105744,,,,-0.005332748281517618,,0.016699198357601336,,0.0,0.10554598587296582,
2018-05-11,-0.012168668430957933,-0.07416607935106367,,,,-0.019183277341437276,,0.016740844231084333,,0.0,0.10111293836398542,
2018-05-14,-0.0066636363002071305,-0.08082971565127081,,,,-0.033648000980949125,,0.01477692094104576,,0.0,0.10158913093741224,
2018-05-15,0.012129310055369883,-0.06870040559590093,,,,-0.015976768976493683,,0.01483576807041594,,0.0,0.10191969146084821,
2018-05-16,-0.004519151188650971,-0.0732195567845519,,,,-0.017156602320688948,,0.014776085726074794,,0.0,0.10477250442761182,
2018-05-17,-0.0019455464812955018,-0.0751651032658474,,,,-0.011529365833706931,,0.014005543695869895,,0.0,0.1050855435383603,
2018-05-18,0.005307835667060879,-0.06985726759878652,,,,0.018040899941274256,,0.01363847499505778,,0.0,0.10417714582797766,
2018-05-21,0.013992985856852316,-0.0558642817419342,,,,0.020731230939637853,,0.013734500584476679,,0.0,0.10386078691700058,
2018-05-22,0.006062177352509861,-0.04980210438942434,,,,0.02386224650675017,,0.013746385810472913,,0.0,0.11357192463928285,
2018-05-23,-0.011009770905301745,-0.060811875294726085,,,,0.03916774771079332,,0.013665575988728876,,0.0,0.10940098243325658,
2018-05-24,-0.0015764684305194922,-0.06238834372524558,,,,0.044974920867534816,,0.013662087116612834,,0.0,0.10739897073160455,
2018-05-25,-0.00828872405318592,-0.0706770677784315,,,,0.012799859411449338,,0.01335901148423755,,0.0,0.10987389020919582,
2018-05-28,-0.00973697061484606,-0.08041403839327756,,,,-0.0017701602821454908,,0.013420594861125944,,0.0,0.11767026639133846,
2018-05-29,-0.008707485044245991,-0.08912152343752355,,,,0.010891290801696688,,0.013471376136373172,,0.0,0.1139767528207133,
2018-05-30,-0.04151443272136429,-0.13063595615888784,,,,-0.03131260294630066,,0.014363298645489448,,0.0,0.11317596385083312,
2018-05-31,0.018061638206148686,-0.11257431795273916,,,,-0.007120577585837909,,0.01455405490235913,,0.0,0.11823574783168311,
2018-06-01,-0.009990861346556412,-0.12256517929929557,,,,-0.02817374618637736,,0.014571720407293903,,0.0,0.11482456276992309,
2018-06-04,-0.002854773809101045,-0.12541995310839663,,,,-0.02931690032316679,,0.014481040697129481,,0.0,0.11263581076705101,
2018-06-05,0.016848590515937387,-0.10857136259245924,,,,-0.03127830938449865,,0.014646604192872661,,0.0,0.11168417863197935,
2018-06-06,0.0029465690171534033,-0.10562479357530584,,,,-0.03616990444328831,,0.014583273970985406,,0.0,0.11331297041695422,
2018-06-07,-0.008923802772949437,-0.11454859634825527,,,,-0.04641977047179367,,0.014435368196516253,,0.0,0.11279034507058973,
2018-06-08,-0.011322749242192141,-0.1258713455904474,,,,-0.06387393467034166,,0.014333031856606426,,0.0,0.11542393979503605,
2018-06-11,-0.007628728432636483,-0.1335000740230839,,,,-0.05933399467202022,,0.014344276953641776,,0.0,0.11442707941019468,
2018-06-12,0.007303781989607696,-0.1261962920334762,,,,-0.04536657638220539,,0.014339098059322998,,0.0,0.11162683965480585,
2018-06-13,-0.019410378864319934,-0.14560667089779614,,,,-0.0769062653018952,,0.014494271078062637,,0.0,0.11446545390760206,
2018-06-14,-0.004096800203491789,-0.14970347110128793,,,,-0.07648391431673603,,0.014497725600430245,,0.0,0.11257864164489988,
2018-06-15,-0.025795656640528644,-0.17549912774181659,,,,-0.10033402447596917,,0.014811881900782415,,0.0,0.11861996913754434,
2018-06-19,-0.07778117525272564,-0.25328030299454224,,,,-0.18342303539575566,,0.017728328334854652,,0.0,0.13465261151441404,
2018-06-20,0.010865001662728918,-0.24241530133181333,,,,-0.18655101958987907,,0.01782069657972816,,0.0,0.13819663598041934,
2018-06-21,-0.029082102542549195,-0.2714974038743625,,,,-0.22169529948493813,,0.018120243812446764,,0.0,0.14713941699539196,
2018-06-22,0.015384689032411285,-0.2561127148419512,,,,-0.1953008395472251,,0.016727805814636815,,0.0,0.14375898161699863,
2018-06-25,-0.0029453709419553858,-0.2590580857839066,,,,-0.196669742058661,,0.016570744234120225,,0.0,0.1427444364432129,
2018-06-26,0.011244033986625091,-0.2478140517972815,,,,-0.17713698401885,,0.016210498503526457,,0.0,0.1377881098764235,
2018-06-27,-0.004661812473287674,-0.2524758642705692,,,,-0.1720618258772916,,0.01620935795894465,,0.0,0.13750556080979037,
2018-06-28,-0.011253852409773214,-0.2637297166803424,,,,-0.17460819324281882,,0.016149655189145913,,0.0,0.13657806199028075,
2018-06-29,0.029675186993803417,-0.23405452968653898,,,,-0.1034185735276511,,0.016524170058160464,,0.0,0.13467172026813054,
2018-07-02,-0.014221253416550436,-0.2482757831030894,,,,-0.13570146515035023,,0.016554668088290675,,0.0,0.13445687528670383,
2018-07-03,0.015006073747293468,-0.23326970935579594,,,,-0.11070453005650036,,0.016709104446690486,,0.0,0.13308556481190864,
2018-07-04,-0.020119309011440926,-0.2533890183672369,,,,-0.12796906525884025,,0.01685462600380953,,0.0,0.12994003373181992,
2018-07-05,-0.02844814669604003,-0.2818371650632769,,,,-0.17326580247081763,,0.017138775835196983,,0.0,0.13152171798630494,
2018-07-06,0.0043301769432375955,-0.27750698812003927,,,,-0.17188219454473344,,0.017156410609549783,,0.0,0.1313500520720638,
2018-07-09,0.02208135313881593,-0.25542563498122334,,,,-0.14087703863296808,,0.017415878681949198,,0.0,0.13108154243656656,
2018-07-10,0.009319536902283638,-0.2461060980789397,,,,-0.12023475248849233,,0.0174914395949967,,0.0,0.1322938357517231,
2018-07-11,-0.02566964183998792,-0.2717757399189276,,,,-0.13827566589584375,,0.017729895624397324,,0.0,0.13653234740695708,
2018-07-12,0.0268257809902713,-0.24494995892865631,,,,-0.11875366689518016,,0.01815026615623484,,0.0,0.13415278865381539,
2018-07-13,0.0025431821801909136,-0.2424067767484654,,,,-0.0968001058506693,,0.017947348639685317,,0.0,0.12962840877959111,
2018-07-16,-0.0006389717917513955,-0.2430457485402168,,,,-0.09334227743892891,,0.017856827415248192,,0.0,0.13155268184357868,
2018-07-17,0.0028283118704622145,-0.2402174366697546,,,,-0.06471830892793805,,0.0178562753773921,,0.0,0.13348611265797236,
2018-07-18,-0.00448916919768011,-0.2447066058674347,,,,0.008573697127107482,,0.01758892206813275,,0.0,0.12498605595605054,
2018-07-19,-0.012526895267568125,-0.2572335011350028,,,,-0.01481819980318956,,0.01762605563438147,,0.0,0.12957765898854923,
2018-07-20,0.01151464638307618,-0.24571885475192665,,,,0.025778549122435816,,0.017382860466656002,,0.0,0.12647864544237492,
2018-07-23,0.007238132267533076,-0.23848072248439356,,,,0.017631992357557604,,0.01740329652916764,,0.0,0.1284485751122667,
2018-07-24,0.017862595081314665,-0.2206181274030789,,,,0.03843995838082766,,0.017425589761795122,,0.0,0.12033446531999745,
2018-07-25,0.0016615076517479152,-0.218956619751331,,,,0.028857432045950482,,0.01742859370674027,,0.0,0.11544414127070994,
2018-07-26,-0.001608914578087593,-0.22056553432941858,,,,0.03191032994115056,,0.017420178094482174,,0.0,0.11170047434300293,
2018-07-27,-0.006342643086722062,-0.22690817741614064,,,,0.03682153926420171,,0.017345108946920294,,0.0,0.10899519203005642,
2018-07-30,-0.015850601861505838,-0.24275877927764647,,,,-0.008704249591107542,,0.017434060023875392,,0.0,0.11781638942307861,
2018-07-31,0.0013535981820130317,-0.24140518109563344,,,,0.006870602007455926,,0.01721767018196997,,0.0,0.11560453293592174,
2018-08-01,-0.016704981230821488,-0.25811016232645495,,,,-0.02484045297065903,,0.017253720328520846,,0.0,0.11742491510779166,
2018-08-02,-0.028112430531136177,-0.2862225928575911,,,,-0.03283357449035428,,0.017540627593983622,,0.0,0.12201483318598037,
2018-08-03,-0.011664139611221909,-0.29788673246881303,,,,-0.01604956740553616,,0.01752313398601421,,0.0,0.12374580736475588,
2018-08-06,-0.021187110958017678,-0.3190738434268307,,,,-0.04156685530679143,,0.01763331933148279,,0.0,0.12772956999663493,
2018-08-07,0.0264808987614801,-0.29259294466535063,,,,-0.037167309684127264,,0.0180649516306409,,0.0,0.1286753349771961,
2018-08-08,-0.01644806043609493,-0.30904100510144555,,,,-0.06293490702250583,,0.018021781730224583,,0.0,0.1356956032140899,
2018-08-09,0.022149578907142083,-0.28689142619430347,,,,-0.01511568627537583,,0.018335051380636607,,0.0,0.13117031646797453,
2018-08-10,0.006222433510764397,-0.28066899268353906,,,,-0.03571903375488273,,0.018377523864446837,,0.0,0.12376905507275403,
2018-08-13,0.0028087282868417703,-0.2778602643966973,,,,-0.03545348764823188,,0.018360219595996385,,0.0,0.11872243111578155,
2018-08-14,-0.0004072658725907985,-0.27826753026928813,,,,-0.035221781729071276,,0.01822171597941649,,0.0,0.116919469657651,
2018-08-15,-0.02023733114747829,-0.2985048614167664,,,,-0.05828742474701178,,0.01829889643423078,,0.0,0.11610948586349307,
2018-08-16,-0.010307766174332912,-0.30881262759109934,,,,-0.06410602172366459,,0.01829465675919691,,0.0,0.11526799490154015,
2018-08-17,-0.01892085525188308,-0.3277334828429824,,,,-0.07049998170797954,,0.018390349581378168,,0.0,0.11591353262891414,
2018-08-20,0.004971257198485693,-0.32276222564449675,,,,-0.07704337089257003,,0.01842274519535565,,0.0,0.11021818902020558,
2018-08-21,0.010781382553163583,-0.31198084309133317,,,,-0.07350012060693953,,0.018508486464301702,,0.0,0.10970098888546334,
2018-08-22,-0.012158456406793826,-0.324139299498127,,,,-0.103521172095048,,0.018529157874178904,,0.0,0.10757350762650145,
2018-08-23,0.0063661636576669255,-0.3177731358404601,,,,-0.098816516089129,,0.01790294718960011,,0.0,0.10230253511283234,
2018-08-24,-0.003071225082100235,-0.3208443609225603,,,,-0.10027882659314165,,0.01768574888423015,,0.0,0.10116368653036616,
2018-08-27,0.01961780903066124,-0.30122655189189906,,,,-0.07431837447575834,,0.017912376320751617,,0.07596764875794339,0.1026309098245067,
2018-08-28,0.0013764459550885217,-0.29985010593681055,-0.135523660658474,,,-0.057091326659163985,,0.017921195340053743,,0.07950274645851402,0.09909161441980636,
2018-08-29,-0.005572633450667414,-0.305422739387478,-0.13657893443939947,,,-0.06401755829184443,,0.017735066020463333,,0.07747904018502458,0.10006044313938241,
2018-08-30,-0.016356692442914537,-0.32177943183039254,-0.13772214738625746,,,-0.06366926950393748,,0.017795165901733277,,0.0707887893672349,0.09895683214549575,
2018-08-31,-0.011481943046388098,-0.33326137487678065,-0.138921774548776,,,-0.0470387820191894,,0.0178111885112075,,0.06528018486424032,0.10059183477953665,
2018-09-03,-0.0019374757914629418,-0.33519885066824356,-0.14011858598852886,,,-0.037312118199430436,,0.017783810711499835,,0.06708897207025626,0.10395615746790958,
2018-09-04,0.01249885047224493,-0.32270000019599865,-0.14122514001402867,,,-0.0036261567691678234,,0.017893889270146946,,0.07472590882862089,0.0986512721391675,
2018-09-05,-0.013590729084609255,-0.3362907292806079,-0.14240023392527315,,,-0.043697784615257175,,0.017890247696989273,,0.0654555940023068,0.09952101750504765,
2018-09-06,-0.0031577111518993548,-0.3394484404325072,-0.14358016330555598,,,-0.030407435331061605,,0.017767911696907914,,0.06514845776880945,0.09741780280527977,
2018-09-07,0.002543711373514459,-0.33690472905899277,-0.14473090476837405,,,-0.05001330286468923,,0.01778310052102521,,0.06460917219498125,0.09074637440780767,
2018-09-10,-0.019869812977367566,-0.35677454203636033,-0.14598560084688283,,,-0.0761055493528212,,0.017671132738340378,,0.0578368999421631,0.09027789056791088,
2018-09-11,0.0023910273589716527,-0.35438351467738866,-0.14721147092823875,,,-0.0765232502806913,,0.014704425751860851,,0.05945165945165945,0.09220089130345678,
2018-09-12,0.0008099920427863115,-0.35357352263460234,-0.14841826655225257,,,-0.0753059923653142,,0.014616002594263414,,0.05767012687427912,0.09090240551837803,
2018-09-13,0.008420090130043663,-0.34515343250455865,-0.14956207565662646,,,-0.046648571087792245,,0.014228563577916882,,0.06440483036227718,0.0973519188770152,
2018-09-14,-0.010401681128104686,-0.35555511363266334,-0.15075278685880006,,,-0.046742486041564016,,0.014107206103988378,,0.05728267127230858,0.09557894164117851,
2018-09-17,-0.017428374373881127,-0.37298348800654446,-0.1520299747964308,,,-0.04525000516356206,,0.014252773836276883,,0.0515701526937482,0.09949299028600452,
2018-09-18,0.017265287100103506,-0.35571820090644096,-0.15319390751705944,,,-0.032955975261944256,,0.014367616322880755,,0.06258972150445019,0.10072446143696623,
2018-09-19,0.01087041829745881,-0.34484778260898213,-0.1542828499891726,,,-0.032866939517649026,,0.01445481246236451,,0.07132585562266322,0.09863347086642066,
2018-09-20,-0.0024824570304051497,-0.3473302396393873,-0.1553735132075354,,,-0.02319094014126035,,0.014399148628606877,,0.06850892343120323,0.09852408199382928,
2018-09-21,0.012448803260745302,-0.334881436378642,-0.1563819846860248,,,-0.01710830053818197,,0.013933376023567638,,0.07601835915088927,0.09844139296279213,
2018-09-25,-0.0032418626896071998,-0.3381232990682492,-0.15739729929151206,,,-0.017278938145688937,,0.013837652015931822,,0.07829079437912245,0.09580628021429731,
2018-09-26,0.00395801100756765,-0.3341652880606815,-0.158379343673563,,,-0.032938736168782526,,0.013687008207135441,,0.08214081282198053,0.09037469231687195,
2018-09-27,-0.018245264057092505,-0.352410552117774,-0.1594513393003266,-0.023927678641852607,,-0.05256044618096355,,0.013646297516786561,,0.07421203438395416,0.09159309835300326,
2018-09-28,0.009566795383748551,-0.34284375673402545,-0.1604589899455667,-0.02388005550616723,,-0.03742101734654759,,0.013257989111276089,,0.08216432865731463,0.0894782677326173,
2018-10-08,-0.03456155503963085,-0.3774053117736563,-0.1616444889719497,-0.02392234158569223,,-0.0556258799432639,,0.013926036490802863,,0.06079724691712073,0.09310619856042718,
2018-10-09,0.003275014360015598,-0.37413029741364073,-0.16279930314826324,-0.023877528599487247,,-0.040868922536860204,,0.013590098535429246,,0.06001714775650186,0.09520813029879502,
2018-10-10,0.003505666578596958,-0.37062463083504377,-0.1639226832979215,-0.023804097309392647,,-0.03542578016680031,,0.013528766615524726,,0.0642123287671233,0.09734481888817294,
2018-10-11,-0.07916284227321807,-0.44978747310826184,-0.16545959077002012,-0.024234450755991455,,-0.1270874729122633,,0.01653795186295403,,0.036,0.10786738422006303,
2018-10-12,-0.009556397083244269,-0.45934387019150613,-0.16703116445676605,-0.0246309305314929,,-0.1230531409108983,,0.01608793978747041,,0.046232876712328765,0.12131350557303124,
2018-10-15,-0.012636623257122908,-0.471980493448629,-0.16865323535565893,-0.02507307205010295,,-0.13253205301612186,,0.01610946699832447,,0.037649743297204795,0.11648322978002609,
2018-10-16,-0.01996050809890005,-0.49194100154752907,-0.1703637526370974,-0.025632847868723357,,-0.15503627248853635,,0.016237284480296738,,0.03022526375819789,0.11601125650218373,
2018-10-17,0.008883185570015387,-0.4830578159775137,-0.17200951086520483,-0.026023910018321994,,-0.1262832739411534,,0.016300072763679254,,0.03130335799658509,0.11458513056142887,
2018-10-18,-0.03267879110121708,-0.5157366070787308,-0.1738091291699877,-0.02659765824174895,,-0.16135309240134216,,0.016714030696938355,,0.017123287671232876,0.11739281834019154,
2018-10-19,0.02044662089460731,-0.4952899861841235,-0.17548350863360299,-0.027065242081350416,,-0.14171646354952117,,0.016986078330109865,,0.029378208784940102,0.1165541520591071,
2018-10-22,0.04876621013059003,-0.4465237760535335,-0.1768878623508047,-0.027325786694178233,,-0.10137034354897481,,0.01819904633463342,,0.05330672748004561,0.11445190369443274,
2018-10-23,-0.0130010008785966,-0.4595247769321301,-0.17834475366307959,-0.027591966804279527,,-0.10396966329946672,,0.018187092554969406,,0.043329532497149374,0.11637036261970489,0.11177493364982768
2018-10-24,0.0016676268398267652,-0.4578571500923034,-0.17977815056784482,-0.02774817577141403,,-0.08487366208575882,,0.017980903466497635,,0.04228571428571429,0.1123479212911121,0.11184939295665246
2018-10-25,-0.00652155367378079,-0.46437870376608414,-0.18123019420661135,-0.02803628668955191,,-0.10866050285964311,,0.017968618175715854,,0.042225392296718976,0.1164921205907304,0.11186477359322833
2018-10-26,0.004979999953238185,-0.459398703812846,-0.1826422170980136,-0.028359367108840988,,-0.11455092120386373,,0.018004139595035537,,0.039120502569960025,0.11183068861815772,0.11184939295665246
2018-10-29,-0.014144389599580521,-0.4735430934124265,-0.18411141344303586,-0.028737900235500463,,-0.12621285377303912,,0.018049603575312448,,0.031936127744510975,0.11169875163447901,0.11184004078740509
2018-10-30,0.012356764169757943,-0.46118632924266856,-0.1855037497033355,-0.029121765017310702,,-0.12630489286402646,,0.01810589737201849,,0.038746438746438745,0.11158468603621893,0.11183068861815772
2018-10-31,0.015511700060242899,-0.4456746291824257,-0.18680460410073096,-0.02940730480921891,-0.4456746291824256,-0.10755133011417636,-0.33812329906824923,0.018263658176459044,,0.04420992584141472,0.10771094500474926,0.11176558148058033
2018-11-01,0.0053113425032877285,-0.44036328667913793,-0.18904830246239865,-0.03066895878883566,-0.4403632866791379,-0.10619799861845629,-0.3341652880606816,0.01821300310864431,,0.04475484606613455,0.10556942090759723,0.11170047434300293
2018-11-02,0.027546777404987195,-0.41281650927415076,-0.19115856377391505,-0.03170722447358845,-0.41281650927415064,-0.0604059571563766,-0.35241055211777406,0.018331280422899734,,0.06237539162631729,0.09951385231350052,0.11169961298874097
2018-11-05,0.008281524328396177,-0.40453498494575457,-0.1932314880770687,-0.03277249813150199,-0.4045349849457545,-0.06169122821172897,-0.34284375673402556,0.01833593412421994,,0.0656623081296191,0.10145333086112655,0.11169875163447901
2018-11-06,-0.0027266671090735704,-0.4072616520548281,-0.19532323100270937,-0.033678742030759684,-0.40726165205482806,-0.02985634028117169,-0.3774053117736564,0.018158748826548807,,0.06414987226795345,0.10096653485164281,0.11169146513322918
2018-11-07,-0.0023933323707621837,-0.4096549844255903,-0.1974265830930775,-0.034627279944814265,-0.40965498442559023,-0.03552468701194947,-0.3741302974136408,0.017784198642046535,,0.0647175702526256,0.1031643267453766,0.11168417863197935
2018-11-08,-0.0010854479117424906,-0.41074043233733276,-0.19949654281303178,-0.03557385951511027,-0.41074043233733276,-0.04011580150228892,-0.3706246308350438,0.017682241174857997,,0.06057175205208039,0.10622449495483591,0.1116555091433926
2018-11-09,-0.0018987382003377606,-0.4126391705376705,-0.20161114777639977,-0.03615155700637965,-0.4126391705376705,0.037148302570591395,-0.4497874731082619,0.0174029399705614,,0.057790368271954676,0.1127343402013281,0.11168417863197935
2018-11-12,0.028915556561898644,-0.38372361397577187,-0.20356026678915412,-0.03652910233238807,-0.38372361397577187,0.0756202562157343,-0.4593438701915062,0.017828184184325274,,0.07803223070398643,0.11440203792352083,0.11169146513322918
2018-11-13,0.019738633676297333,-0.3639849802994745,-0.20527708667721484,-0.036623851321555906,-0.3639849802994745,0.10799551314915454,-0.471980493448629,0.01803382388772417,,0.09211641706696808,0.11910854875682578,0.11169875163447901
2018-11-14,-0.00023111794525723943,-0.3642160982447318,-0.20703498037670603,-0.036671227739608625,-0.3642160982447318,0.12772490330279734,-0.4919410015475291,0.018034008437612877,,0.08653846153846154,0.11429244859600741,0.11169961298874097
2018-11-15,0.018843025203696098,-0.3453730730410357,-0.2087059212934036,-0.03669641042819877,-0.34537307304103565,0.13768474293647806,-0.48305781597751374,0.018049048508093374,,0.11230248306997742,0.11797479835033517,0.11170047434300293
2018-11-16,0.010043173562646272,-0.3353298994783894,-0.21033624696896333,-0.036527117798975633,-0.33532989947838937,0.18040670760034144,-0.5157366070787308,0.01805820500948756,,0.13641488162344984,0.12265931671269928,0.11176558148058033
2018-11-19,0.004662208909102381,-0.330667690569287,-0.21193604105896402,-0.036452532425361034,-0.330667690569287,0.1646222956148365,-0.4952899861841235,0.01790518374222226,,0.14672686230248308,0.11987231675069365,0.11183068861815772
2018-11-20,-0.02714633570119081,-0.3578140262704778,-0.21369639843427676,-0.036808536083472065,-0.3578140262704778,0.08870974978305565,-0.44652377605353344,0.01822970995476388,,0.10410804727068092,0.1161234702763204,0.11184004078740509
2018-11-21,0.00870012381189382,-0.349113902458584,-0.21542457950795885,-0.03707982584487926,-0.349113902458584,0.11041087447354607,-0.45952477693213006,0.01820968600460465,,0.12285150746689208,0.11227210643017849,0.11184939295665246
2018-11-22,0.0013169243132090359,-0.34779697814537497,-0.21717972355853588,-0.03740157299069105,-0.34779697814537497,0.11006017194692834,-0.4578571500923033,0.01814794492663889,,0.12032611751475963,0.1122095106524512,0.11186477359322833
2018-11-23,-0.04573129070473907,-0.39352826885011405,-0.21915455699289638,-0.037924362786285026,-0.39352826885011405,0.07085043491597007,-0.46437870376608414,0.019043229175345185,,0.07584269662921349,0.10822195008081899,0.11184939295665246
2018-11-26,-0.003209168678793278,-0.39673743752890733,-0.22112937572467575,-0.03848715862666216,-0.39673743752890733,0.06266126628393859,-0.4593987038128459,0.01904345955601713,,0.07765897580191333,0.11249226284621044,0.11186477359322833
2018-11-27,0.007664248008752651,-0.3890731895201547,-0.22300400991346123,-0.03889259647042537,-0.3890731895201547,0.08446990389227177,-0.47354309341242645,0.018883141443221223,0.017236803691943366,0.08701774148127288,0.11009326580216022,0.11184939295665246
2018-11-28,0.011558042962324428,-0.37751514655783025,-0.2248106295652919,-0.03930687986195641,-0.37751514655783025,0.08367118268483825,-0.4611863292426685,0.01895471355398377,0.017240956956417086,0.09966405375139978,0.1087362277341319,0.11184004078740509
2018-11-29,-0.02533533677763341,-0.40285048333546364,-0.22660746872559964,-0.03980286462486868,-0.40285048333546364,0.042824145846961946,-0.44567462918242556,0.01920043345895456,0.0172452837220803,0.0791023842917251,0.10633106727174996,0.11183068861815772
2018-11-30,0.006681602842414991,-0.39616888049304866,-0.22815323295006076,-0.039104930487662115,-0.39616888049304866,0.04419440618608921,-0.4403632866791379,0.019131045584790285,0.017249610487743507,0.08735955056179776,0.10215067343608106,0.11176558148058033
2018-12-03,0.03127663306422858,-0.3648922474288201,-0.22949878612433253,-0.03834022235041748,-0.3648922474288201,0.04792426184533059,-0.4128165092741507,0.01953517678857195,0.017251665408132177,0.12216307088820398,0.09632846921185159,0.11170047434300293
2018-12-04,0.00834257346767586,-0.35654967396114423,-0.23076080711401897,-0.03752931903695028,-0.35654967396114423,0.04798531098461028,-0.4045349849457545,0.019567651917004478,0.017253720328520846,0.13598209289311697,0.09615683496739379,0.11169961298874097
2018-12-05,-0.007548094589661754,-0.364097768550806,-0.23176074368309088,-0.036437512680381506,-0.36409776855080594,0.043163883504022095,-0.40726165205482806,0.019515519364168225,0.01725910859655072,0.12016806722689076,0.095056270640434,0.11169875163447901
2018-12-06,-0.017643785605994215,-0.3817415541568002,-0.2328729172722962,-0.03544633417921869,-0.38174155415680017,0.027913430268790063,-0.40965498442559023,0.019567875271714504,0.0172644968645806,0.10187517492303387,0.0891533376169367,0.11169146513322918
2018-12-07,0.0011385692945152287,-0.380602984862285,-0.23404513387830955,-0.03454859106527777,-0.38060298486228494,0.03013744747504778,-0.4107404323373327,0.01956680402520149,0.017269858193738365,0.10173766816143498,0.08817466158543917,0.11168417863197935
2018-12-10,-0.013008348860673669,-0.39361133372295865,-0.23510816369411752,-0.033497015917717754,-0.3936113337229586,0.019027836814711874,-0.41263917053767046,0.01962621488426565,0.017275219522896134,0.0925356443947442,0.08808047002472744,0.1116555091433926
2018-12-11,0.00935602211089,-0.38425531161206866,-0.23625610283165044,-0.03269583604249632,-0.3842553116120686,-0.0005316976362967699,-0.3837236139757718,0.01951090240678727,0.017304876084328916,0.10426008968609865,0.08762681137260288,0.11162683965480585
2018-12-12,0.0006251509076478019,-0.38363016070442085,-0.237405279672919,-0.03212819299570416,-0.3836301607044208,-0.0196451804049463,-0.3639849802994745,0.01950786355684953,0.017334532645761697,0.10651383841207716,0.0858171267270061,0.1116057628455124
2018-12-13,0.008703005291273642,-0.3749271554131472,-0.23852036388009468,-0.03148538350338864,-0.3749271554131472,-0.010711057168415418,-0.3642160982447318,0.019543341830554076,0.017339820796340995,0.11807498601007274,0.08610392786412921,0.11158468603621893
2018-12-14,-0.025868327993196442,-0.40079548340634363,-0.23985664895801714,-0.031150727664613548,-0.40079548340634363,-0.055422410365307956,-0.3453730730410357,0.019782230451505064,0.017345108946920294,0.08913104219055602,0.08968454107149812,0.11123678442488488
2018-12-17,0.0007892345719621209,-0.4000062488343815,-0.24121288659603315,-0.030876639627069824,-0.4000062488343815,-0.0646763493559921,-0.3353298994783894,0.019744108189733794,0.017363984706788148,0.09202797202797203,0.08613029444905855,0.11088888281355085
2018-12-18,-0.006312163019554497,-0.406318411853936,-0.2427238360566038,-0.030787794997639784,-0.40631841185393597,-0.07565072128464899,-0.33066769056928697,0.01963672851123642,0.017382860466656002,0.08247134470226447,0.08568915976663426,0.11073858590286198
2018-12-19,-0.012155230177999878,-0.4184736420319359,-0.2443105669012611,-0.030614168466984337,-0.4184736420319359,-0.06065961576145805,-0.3578140262704778,0.01955132646913753,0.017392900218608703,0.07440559440559441,0.086265200517506,0.11058828899217311
2018-12-20,0.004944048869071292,-0.4135295931628646,-0.24587451757733336,-0.030449938069374516,-0.4135295931628646,-0.06441569070428058,-0.349113902458584,0.019505020141379417,0.0174029399705614,0.08042446244065904,0.08458695588520349,0.11048096572649532
2018-12-21,-0.0070532672752735516,-0.42058286043813814,-0.24754910624674828,-0.030369382688212404,-0.42058286043813814,-0.07278588229276317,-0.34779697814537497,0.019519254392085756,0.01740311824986452,0.07758861289422272,0.08743650163669893,0.11037364246081754
2018-12-24,0.008729419288366406,-0.41185344114977174,-0.24915426562558626,-0.029999708632689887,-0.41185344114977174,-0.018325172299657695,-0.39352826885011405,0.019480974596888342,0.01740329652916764,0.08654383026242322,0.0898866521580089,0.11031624819490107
2018-12-25,-0.011663992797263168,-0.4235174339470349,-0.2508538182070675,-0.029724442482391727,-0.4235174339470349,-0.026779996418127585,-0.39673743752890733,0.019525620635905853,0.01740958760555842,0.0873215785054576,0.0954784572421988,0.11025885392898462
2018-12-26,-0.0018185879436691708,-0.4253360218907041,-0.25262180446882876,-0.029617794555367533,-0.4253360218907041,-0.03626283237054941,-0.3890731895201547,0.01951287456295649,0.017415878681949198,0.08617795187465026,0.09302464440316609,0.11023852147459509
2018-12-27,-0.016722258718064074,-0.4420582806087682,-0.25444552096942996,-0.029634891404138053,-0.4420582806087681,-0.06454313405093791,-0.3775151465578302,0.019491727152726356,0.017418028388215684,0.07862339115836597,0.09114693472546395,0.11021818902020558
2018-12-28,-4.026569981389459e-05,-0.4420985463085821,-0.2563216754331452,-0.02971420670754557,-0.44209854630858203,-0.03924806297311839,-0.40285048333546364,0.01943871274159471,0.017420178094482174,0.08349623010332309,0.08930794467337931,0.1101557274111829
2019-01-02,-0.0025435691560179927,-0.4446421154646001,-0.25829543315238157,-0.030142200202320807,-0.44464211546460003,-0.04847323497155138,-0.39616888049304866,0.01895345043135374,0.01742288392813865,0.07823414361553506,0.09312203892222846,0.11009326580216022
2019-01-03,-0.005952558213108221,-0.4505946736777083,-0.260375248575189,-0.030876462450856484,-0.4505946736777082,-0.08570242624888819,-0.36489224742882004,0.018954616057977085,0.017425589761795122,0.07320480581167924,0.09240003108244665,0.10998357800567801
2019-01-04,0.02475823564022828,-0.42583643803748,-0.2623023236399048,-0.03154151652588583,-0.42583643803747995,-0.06928676407633576,-0.3565496739611442,0.019241855953385355,0.017427091734267694,0.0997485331098072,0.09034739574411312,0.10987389020919582
2019-01-07,0.019908661960720053,-0.40592777607675995,-0.26407686721525003,-0.03231612353215915,-0.4059277760767599,-0.041830007525953956,-0.36409776855080594,0.016464155182290104,0.017425589761795122,0.12402234636871508,0.09202613535461902,0.10978743954732958
2019-01-08,-0.0009377878330972873,-0.40686556390985723,-0.2658098359075671,-0.03293691863527093,-0.4068655639098572,-0.02512400975305703,-0.38174155415680017,0.016410389609065212,0.01742288392813865,0.123046875,0.09018919519437966,0.10970098888546334
2019-01-09,0.0030826611532796546,-0.4037829027565776,-0.26752532494564685,-0.033480191067337295,-0.4037829027565775,-0.0231799178942926,-0.38060298486228494,0.01631623671239229,0.017420178094482174,0.13005861010326542,0.08684044279137984,0.10955098565935996
2019-01-10,-0.001491183430415147,-0.40527408618699273,-0.2692694772787824,-0.0341613135846649,-0.4052740861869927,-0.01166275246403408,-0.3936113337229586,0.016084041083653897,0.017418028388215684,0.13257047167178343,0.086209673712293,0.10940098243325658
2019-01-11,0.008431964229071583,-0.3968421219579211,-0.27099102018681137,-0.03473491735516093,-0.3968421219579211,-0.012586810345852498,-0.3842553116120686,0.01608060915178835,0.017415878681949198,0.14142538975501115,0.08665712939378666,0.10939417674437021
2019-01-14,-0.00601888055522993,-0.40286100251315105,-0.2727161129128761,-0.03531083323995712,-0.40286100251315105,-0.01923084180873023,-0.3836301607044208,0.015479036880787809,0.01740958760555842,0.13827711179258434,0.08824350521788135,0.10938737105548386
2019-01-15,0.010861382282144014,-0.39199962023100704,-0.274396557931033,-0.03587619405093834,-0.39199962023100704,-0.017072464817859855,-0.3749271554131472,0.015332956128779157,0.01740329652916764,0.15365309537088678,0.0898691646358677,0.10919128154277014
2019-01-16,-0.0019410662842508227,-0.3939406865152579,-0.2757890326644471,-0.035932383706429954,-0.4023170721696567,0.0068547968910857605,-0.40917186906074243,0.014038826026669338,0.01740311824986452,0.1505016722408027,0.08528631704624134,0.10899519203005642
2019-01-17,-0.009992698752751702,-0.4039333852680096,-0.27730685676921896,-0.0360939701731858,-0.4131691382971423,-0.003927136433628063,-0.4092420018635142,0.013993723683153611,0.0174029399705614,0.13676880222841226,0.08711177908266991,0.10897111920574319
2019-01-18,0.005825790208037163,-0.39810759505997245,-0.27893111059730813,-0.036207274540704326,-0.4081574707449454,0.008210816793963597,-0.416368287538909,0.014007745593016159,0.017392900218608703,0.1435340022296544,0.08079447634611517,0.10894704638142996
2019-01-21,0.005987104631624819,-0.3921204904283476,-0.2804994280833467,-0.03618886118208561,-0.40320742350165245,0.026353151603588292,-0.42956057510524076,0.013987035977712637,0.017382860466656002,0.15181058495821728,0.07980378609004653,0.10894443753974067
2019-01-22,-0.009372594921987906,-0.4014930853503355,-0.28216643480749776,-0.036291917230164394,-0.4125085189983704,0.012036507812529098,-0.42454502681089945,0.014043983551801215,0.017363984706788148,0.14178063075634942,0.08051876540050759,0.1089418286980514
2019-01-23,0.0017349670227347824,-0.3997581183276007,-0.2839032712840086,-0.03635416503726033,-0.40300962998112405,0.020824742110537434,-0.42383437209166147,0.013903339814167932,0.017345108946920294,0.14994425863991082,0.08268707541438955,0.10884525123099865
2019-01-24,0.004279867961412183,-0.39547825036618856,-0.28564223601010713,-0.03648797038452087,-0.40576007250211865,0.01637519078358321,-0.42213526328570183,0.013832701440249255,0.017339820796340995,0.15952115812917594,0.08287186221562468,0.10874867376394591
2019-01-25,-0.00856617102372694,-0.4040444213899155,-0.2873825405279062,-0.0365287223208387,-0.41014460996501395,0.01947301255711944,-0.42961762252213337,0.013756425426287364,0.017334532645761697,0.15609348914858096,0.08646249280727888,0.1087424507490389
2019-01-28,-0.008294659649735348,-0.41233908103965083,-0.28914182401133603,-0.036520019542507276,-0.39171807835232275,0.012996940851053263,-0.404715019203376,0.013791118187725576,0.017304876084328916,0.15207117041979426,0.08694667474040303,0.1087362277341319
2019-01-29,-0.020494560851368245,-0.4328336418910191,-0.29102266890759815,-0.036577147938168186,-0.42019628354452376,0.009224638717749093,-0.42942092226227285,0.013585332797150303,0.017275219522896134,0.13896609227348528,0.09539937424899708,0.1087074283430729
2019-01-30,-0.015364642618084552,-0.44819828450910365,-0.29298874632009553,-0.036667070886950315,-0.43701339480757573,-0.0060997382005215685,-0.43091365660705416,0.01367386888540569,0.017269858193738365,0.12055555555555555,0.09578820524020495,0.1086786289520139
2019-01-31,-0.019177175532108893,-0.46737546004121255,-0.29508971504695,-0.036794281894568404,-0.45811069567477386,-0.02273334457661247,-0.4353773510981614,0.0138780298095283,0.0172644968645806,0.11645358532518066,0.10483059173722722,0.10847417533312442
2019-02-01,0.027242765922862542,-0.44013269411835,-0.2970267603344447,-0.036651511759255684,-0.42942382154919706,0.010461979559358296,-0.43988580110855535,0.014347130786360235,0.01725910859655072,0.15044493882091212,0.09825451864199802,0.10826972171423493
2019-02-11,0.02678301506126577,-0.4133496790570842,-0.2988131939574108,-0.036510870317505995,-0.40760712784916,0.012486758980395786,-0.4200938868295558,0.014772907686041933,0.017253720328520846,0.1911519198664441,0.09884384646138666,0.10826122572558479
2019-02-12,0.014406393463049469,-0.39894328559403475,-0.30048973169822024,-0.03641286448297021,-0.39546559787186114,0.006984490482725201,-0.40245008835458634,0.014887724118401119,0.017251665408132177,0.20890125173852572,0.09791162224184376,0.10826122572558479
2019-02-13,0.0173133171615072,-0.38162996843252756,-0.3019583907026826,-0.03614855479511547,-0.38486180040255447,0.02523559547732969,-0.41009739587988414,0.014580989601533182,0.017249610487743507,0.24528301886792453,0.09662787160047563,0.10826122572558479
2019-02-14,0.004964854832072579,-0.37666511360045496,-0.303458738707277,-0.03593341376163017,-0.37810353162244487,0.027117789156122615,-0.4052213207785675,0.014365766525939112,0.0172452837220803,0.2553427699139606,0.09842640303665384,0.10826122572558479
2019-02-15,-0.0010816317405080715,-0.37774674534096303,-0.304979150679501,-0.03570967340071857,-0.37597305416793525,0.02752734084602969,-0.40350039501396495,0.014366205986690143,0.017240956956417086,0.2506948304613674,0.09707575292709905,0.10826122572558479
2019-02-18,0.03286728810639568,-0.34487945723456737,-0.3062036498506462,-0.035212629663834816,-0.3307331054715134,0.051962664723353785,-0.3826957701948672,0.014789558196501755,0.017236803691943366,0.343871325568497,0.10370665215051147,0.10826122572558479
2019-02-19,0.004038085432870595,-0.34084137180169677,-0.30737104038669083,-0.03465492747381471,-0.3246501556099969,0.06201963071145431,-0.3866697863214512,0.01474073650782363,0.01723265042746964,0.3487079744373437,0.09432823075040093,0.10826122572558479
2019-02-20,0.002573153128365685,-0.33826821867333107,-0.308644996844108,-0.034248438913075,-0.29478556739941386,0.05373140155767598,-0.34851696895708983,0.014731781539061708,0.017225160304719808,0.3540856031128405,0.09465220730992932,0.10826122572558479
2019-02-21,-0.0030787560523966337,-0.3413469747257277,-0.309958512327181,-0.034169479662733926,-0.254330939124906,0.05259371178953017,-0.30692465091443616,0.014305087664591282,0.01721767018196997,0.340460983060261,0.09549940224477795,0.10823733990887682
2019-02-22,0.02100488933601511,-0.3203420853897126,-0.31106015868293346,-0.033753301913714506,-0.22456047281524272,0.08359129987829697,-0.30815177269353966,0.01451459354037865,0.017212215286941557,0.4138218151540383,0.09953154711335424,0.10808247015337782
2019-02-25,0.04876704962937773,-0.27157503576033487,-0.3119214170956722,-0.0329903064983641,-0.16742955973648074,0.12653255929963755,-0.2939621190361183,0.015797012251705118,0.01720676039191314,0.5723793677204659,0.10324314490155263,0.10790518722299985
2019-02-26,-0.0010734740604271518,-0.272648509820762,-0.3127573909429415,-0.03225796285959481,-0.10853805508433804,0.11947198060758558,-0.22801003569192363,0.014547577916961409,0.017205708266867764,0.5684152095475993,0.10260955138154015,0.10778916461240615
2019-02-27,-0.001498838083613499,-0.2741473479043755,-0.3136561705168988,-0.03148973570940106,-0.11484051158863148,0.12734573744595998,-0.24218624903459146,0.014538841543130824,0.01720465614182239,0.566147859922179,0.1013341144314348,0.10764222631562535
2019-02-28,0.004337141945246744,-0.26981020595912875,-0.3145247062827683,-0.03062143499875969,-0.12365054229951665,0.12994791236847195,-0.2535984546679886,0.014523375765956494,0.017180533375686084,0.594782126006106,0.09372898310991065,0.107486239179053
2019-03-01,0.006185205011406754,-0.263625000947722,-0.3154563660214671,-0.029814130011359963,-0.08261963038635675,0.13185324941846654,-0.2144728798048233,0.014479866098523161,0.017156410609549783,0.6011080332409973,0.09907950156868575,0.10735368061853953
2019-03-04,0.01784632122855158,-0.24577867971917045,-0.31633798497440285,-0.02895544444649667,-0.0911111956136938,0.15826574167074503,-0.24937693728443883,0.014173218318657836,0.017147593222373383,0.6537180910099889,0.10623165348851364,0.10715873190834499
2019-03-05,0.025819701252256733,-0.2199589784669137,-0.31709713573735515,-0.027955311726019116,-0.06616418601619917,0.19238010257273713,-0.2585442885889363,0.014478291047585783,0.017138775835196983,0.7202216066481995,0.11624480431368388,0.10715873190834499
2019-03-06,0.021840270970397944,-0.19811870749651575,-0.3177777422202372,-0.026755073312639044,-0.04620839351850306,0.2347149343945033,-0.28092332791300634,0.014214068812744094,0.01712302435534406,0.7706192724243266,0.12351527414225165,0.10715873190834499
2019-03-07,0.01739889589568435,-0.1807198116008314,-0.31831051088148604,-0.025321764561390514,-0.047181343778983836,0.26747847290827226,-0.31465981668725607,0.0143218194992139,0.01710727287549114,0.8055478502080444,0.13861485698757203,0.10715873190834499
2019-03-08,-0.04761912991098783,-0.22833894151181922,-0.31904805701078875,-0.02395834196383878,-0.09958022028064022,0.23903651852939325,-0.33861673881003346,0.015687876569053107,0.017058487191796933,0.6910299003322259,0.1384277295408022,0.10715873190834499
2019-03-11,0.04056046974567366,-0.18777847176614557,-0.31964344734163996,-0.02261668700719527,-0.08364995202633735,0.2523542223522044,-0.33600417437854174,0.016226392866554393,0.017009701508102725,0.7840909090909091,0.13302926442347346,0.10715873190834499
2019-03-12,0.018767111088323823,-0.16901136067782174,-0.32012240636110634,-0.021309212403695543,-0.06788388757734051,0.24433831837926243,-0.31222220595660294,0.016346982402183446,0.017004821563501044,0.8133481030185544,0.13711189709346233,0.10735368061853953
2019-03-13,-0.019250573948492257,-0.188261934626314,-0.32068789051790864,-0.020198158819688394,-0.08752247667790646,0.21068135096772073,-0.2982038276456272,0.016473373982484087,0.016999941618899363,0.7815964523281597,0.12868806209157427,0.107486239179053
2019-03-14,-0.029190833585900286,-0.21745276821221426,-0.3214258680209758,-0.01946747731829318,-0.13178764165705958,0.16417720022031324,-0.2959648418773728,0.016981849087672262,0.016994838084198844,0.7298420615128844,0.11921018399737585,0.10764222631562535
2019-03-15,0.015746179909668655,-0.20170658830254562,-0.32215507955377887,-0.018696340846501847,-0.11088502292036892,0.1749585252979093,-0.28584354821827823,0.017061342523722784,0.016999941618899363,0.7734959800388134,0.11655268219383202,0.10778916461240615
2019-03-18,0.023147555056840026,-0.1785590332457056,-0.32279886419806025,-0.017819713518559266,-0.09495211559490997,0.1991877120952574,-0.2941398276901674,0.017243653330715286,0.017004821563501044,0.822339246119734,0.11237036923236474,0.10790518722299985
2019-03-19,0.0042627212967763575,-0.17429631194892925,-0.3233662863813313,-0.017162636530685116,-0.10255754241049335,0.17058314528563806,-0.2731406876961314,0.016813994562862568,0.017004821563501044,0.8262676641729011,0.11099972967952716,0.10808247015337782
2019-03-20,0.0011778755973645425,-0.1731184363515647,-0.3239199368444629,-0.016548896457772078,-0.09580345586303367,0.16772293545013203,-0.2635263913131657,0.01681289967316725,0.017004821563501044,0.8294101356964829,0.11475824017817159,0.10823733990887682
2019-03-21,0.01136092286232192,-0.16175751348924278,-0.3243753390730169,-0.0157303422289089,-0.09488985992369894,0.17651070518408826,-0.2714005651077872,0.01678786052705858,0.017004821563501044,0.8428334255672385,0.11822538525145143,0.10826122572558479
2019-03-22,0.00507105569131133,-0.15668645779793144,-0.32475670117004024,-0.014798188842859217,-0.10679588618061481,0.18466051692779623,-0.29145640310841103,0.01665232433596636,0.017004821563501044,0.8530555555555556,0.11294087989495369,0.10850297472418341
2019-03-25,-0.009113626907487179,-0.16580008470541863,-0.3251400939763797,-0.014079935293446255,-0.1311684955891993,0.15454200068429394,-0.2857104962734932,0.01674266144609862,0.017004821563501044,0.8367630700778643,0.11479969703145597,0.1087424507490389
2019-03-26,-0.026586978994167416,-0.19238706369958605,-0.3254488495140832,-0.013527432418410978,-0.15196563860525888,0.0791879720607488,-0.2311536106660077,0.017148774738523935,0.017035522015912755,0.7933815350389322,0.11162972249121574,0.1087424507490389
2019-03-27,0.006260636900013432,-0.18612642679957261,-0.32581661005831736,-0.01305921911537583,-0.13510736579185703,0.08652208302118937,-0.22162944881304641,0.01713971407587827,0.017084307699606963,0.8076816031171723,0.11598984818945887,0.10884525123099865
2019-03-28,-0.013763616274784868,-0.19989004307435748,-0.3262032343771926,-0.012547063860293806,-0.13961821762791699,0.07425730483001801,-0.213875522457935,0.017173852369261035,0.01712302435534406,0.7790147509045366,0.10945415335542907,0.10894443753974067
2019-03-29,0.0263079637626196,-0.17358207931173789,-0.32644404500820934,-0.011919338725441042,-0.11289698417110089,0.09622812664739086,-0.20912511081849175,0.017402262422482957,0.017139244955537626,0.8239377950569287,0.10703037041257205,0.10894443753974067
2019-04-01,0.03488296427926728,-0.13869911503247062,-0.3265946837704094,-0.011138317748942306,-0.0822554954726023,0.12492588591525139,-0.2071813813878537,0.017624726069527304,0.017144244407201102,0.8694929343308395,0.10921545925537263,0.10897111920574319
2019-04-02,0.006048602569783788,-0.13265051246268683,-0.32672981236484633,-0.010391827390443475,-0.08011697211055106,0.1131281672564836,-0.19324513936703466,0.017612410287693735,0.01715259267403686,0.8800554016620499,0.11065226047264043,0.10910532564271452
2019-04-03,0.011445365080112204,-0.12120514738257462,-0.32676309512001794,-0.009665959382662792,-0.06336269008237853,0.09875383108433906,-0.1621165211667176,0.01760132553060747,0.01716513148940541,0.88811771238201,0.11125873859506613,0.10930141515542824
2019-04-04,0.004029685100563927,-0.1171754622820107,-0.3267196157034757,-0.008941873483238494,-0.06126484568237401,0.08094324521450505,-0.14220809089687905,0.017539358520631227,0.017189254255541714,0.8913525498891353,0.12074511403121635,0.10939417674437021
2019-04-08,-0.00364194261469548,-0.12081740489670618,-0.3266562023578439,-0.00834569147635783,-0.005371665064270237,0.059902406704125215,-0.06527407176839545,0.017395014995414352,0.017189254255541714,0.8891659739540039,0.12894742734018907,0.10942756789434283
2019-04-09,0.004435135609148517,-0.11638226928755767,-0.32660713224411425,-0.007559075233325496,-0.01601370497392077,0.11195667222426156,-0.12797037719818233,0.01728585949130145,0.017195761275615503,0.8950138504155125,0.12457352323585619,0.10942756789434283
2019-04-10,-0.0007331500568667625,-0.11711541934442443,-0.3264646759863474,-0.006821228644707411,-0.043858589902283834,0.07066305242172115,-0.11452164232400498,0.017284723176946227,0.017195761275615503,0.8971523361902128,0.13076556356033053,0.10942756789434283
2019-04-11,-0.017577484794467604,-0.13469290413889204,-0.3263896231515354,-0.006267216790429075,-0.05623591091825991,0.034318456538929724,-0.09055436745718964,0.01752423575232953,0.017195761275615503,0.8820924439523942,0.126423664025868,0.10942756789434283
2019-04-12,-0.0003305690119306572,-0.1350234731508227,-0.3261872448785805,-0.005499354360671838,-0.0669317326307047,0.05323846147549132,-0.12017019410619603,0.017518167014099636,0.017195761275615503,0.8746202706434687,0.12261020343762756,0.10957757112044621
2019-04-15,-0.008030169502189577,-0.14305364265301226,-0.3256361115768728,-0.0042102435558969975,-0.0906628196275785,0.07439912555920203,-0.16506194518678052,0.017584396967028505,0.017195761275615503,0.8662613981762918,0.11944667130596866,0.10978743954732958
2019-04-16,0.01932580368317096,-0.1237278389698413,-0.3250426742650629,-0.002887594711284025,-0.07604253382334945,0.07797874933270435,-0.1540212831560538,0.01763836226036656,0.017225160304719808,0.8829699144355506,0.11936337573488086,0.10998357800567801
2019-04-17,0.008559272957750901,-0.1151685660120904,-0.3242610300757516,-0.0014621658776913238,-0.05918504818198379,0.06339046723361522,-0.12257551541559901,0.017627126920956415,0.017238151879092466,0.8901766004415012,0.12162812911087684,0.1101557274111829
2019-04-18,-0.006212233291842078,-0.12138079930393247,-0.32358737049806147,-0.0002210841167301636,-0.06089841495024851,0.05291551264499678,-0.11381392759524529,0.017662635904037494,0.017248686829618068,0.8822068965517241,0.12138438169000107,0.11023852147459509
2019-04-19,0.007210349603083454,-0.11417044970084902,-0.3228629323176462,0.0010570045268167294,-0.0575057870622608,0.05894798665071569,-0.1164537737129765,0.017562026181384145,0.01725910859655072,0.8866206896551724,0.12203497834344375,0.11029591574051156
2019-04-22,-0.012467013123323906,-0.12663746282417293,-0.32225704937278066,0.0021182897002362533,-0.07165466081454644,0.03512005066506987,-0.10677471147961631,0.01770265536228944,0.017269858193738365,0.8790055248618784,0.12307792741670585,0.11048096572649532
2019-04-23,-0.018646085389312388,-0.14528354821348533,-0.3217210877924952,0.0030356133775450433,-0.09810183354316354,0.01140290958444615,-0.10950474312760969,0.017952045393620258,0.01727997134992118,0.8557241379310345,0.11995447851647928,0.11062027473240676
2019-04-24,0.0092645322468012,-0.13601901596668411,-0.32108253428892697,0.00405755968745275,-0.08329537934727678,0.02978106873873453,-0.1130764480860113,0.017875811083975866,0.01728529133412384,0.8682106424041908,0.11724897703219801,0.11077057164309564
2019-04-25,-0.04099919265252442,-0.17701820861920853,-0.32079735268359033,0.004651496830492874,-0.1209552541553455,0.015368855080377525,-0.13632410923572302,0.018811635395638866,0.017315484219110874,0.8100635886093448,0.11649785914867243,0.110944306246539
2019-04-26,-0.012906470543024004,-0.18992467916223255,-0.320505597163886,0.005311012894431366,-0.12628894173009197,-0.003798252362659911,-0.12249068936743207,0.01893329933869225,0.017363984706788148,0.7779314159292036,0.11646707238217445,0.110944306246539
2019-04-29,-0.03746163981839816,-0.22738631898063072,-0.3204761802120102,0.0057270541651824325,-0.13948815144056984,-0.027496275906273203,-0.11199187553429663,0.019599284203925958,0.017388937731035177,0.6910501523967858,0.11934223855046006,0.110944306246539
2019-04-30,0.010078924475845455,-0.21730739450478526,-0.3202957720926979,0.006148272915511455,-0.1407118818232131,-0.04372531519304735,-0.09698656663016575,0.0195642126802959,0.017398638708948654,0.7230897936419409,0.11403270402465392,0.110944306246539
2019-05-06,-0.07683414855713912,-0.29414154306192436,-0.32035729398269114,0.006237389787718262,-0.22047719216574976,-0.15544242802945374,-0.06503476413629602,0.021931932586385424,0.017402601196522177,0.4619850705004147,0.12291751381525244,0.11112923413729664
2019-05-07,0.014517591743903263,-0.2796239513180211,-0.32036787879868106,0.006361933566165268,-0.1796443283125016,-0.1469734388553343,-0.03267088945716731,0.02186291204151234,0.01740311824986452,0.521306032097399,0.12397619919091749,0.11142171231564253
2019-05-08,-0.0016517537926372145,-0.2812757051106583,-0.32049712914932826,0.00626596597068968,-0.17391244051787783,-0.1600705577280837,-0.013841882789794119,0.02168049807086849,0.01740958760555842,0.5126003877042371,0.12059803365933938,0.1116057628455124
2019-05-09,-0.008247956273503911,-0.2895236613841622,-0.32071421696585434,0.006005398737621348,-0.2060467341942813,-0.17234819910215154,-0.03369853509212975,0.021494036850516974,0.01740958760555842,0.4965479149406241,0.12085454381478755,0.1116057628455124
2019-05-10,0.03393084025499557,-0.2555928211291666,-0.32063330237190557,0.0060228999859383014,-0.17694894301803452,-0.13477541623246048,-0.04217352678557404,0.02165009095152678,0.01740958760555842,0.6032578685808946,0.12064822476528408,0.1116057628455124
2019-05-13,-0.005773268127529823,-0.2613660892566964,-0.32071538302354574,0.00589174922056851,-0.16135327501747615,-0.1449838199691388,-0.01636945504833734,0.021620758750464375,0.01740958760555842,0.5828492392807746,0.12431878779909275,0.1116057628455124
2019-05-14,-0.007396420246356722,-0.26876250950305314,-0.32084716168731864,0.005617514299028736,-0.16943915629046594,-0.1516470901586288,-0.017792066131837148,0.02156506582188865,0.01740958760555842,0.5612047526941144,0.1266754760437922,0.1116057628455124
2019-05-15,0.02135229646431764,-0.2474102130387355,-0.3208689840098113,0.005520639141724126,-0.14195647267183423,-0.11271730889984354,-0.029239163771990692,0.021708083754455633,0.01740958760555842,0.6174682144831398,0.1262596338062032,0.1116057628455124
2019-05-16,0.007508842046189473,-0.23990137099254602,-0.3208674036814252,0.005319841197155284,-0.1455099378796278,-0.10487789784172341,-0.04063204003790438,0.021714707947560297,0.01740958760555842,0.6484547461368654,0.12507178799783136,0.1116057628455124
2019-05-17,-0.03648876841343298,-0.276390139405979,-0.321025821349118,0.004610290227754776,-0.18028708662074916,-0.1333364967529668,-0.04695058986778236,0.021904981582387715,0.01740958760555842,0.5338842975206611,0.1336265114266518,0.11162828107301079
2019-05-20,-0.004432829746344361,-0.28082296915232335,-0.3211437686892046,0.0038989055758583135,-0.2035299159443628,-0.15709513018248214,-0.04643478576188065,0.021913292801025178,0.01740958760555842,0.5276090557702926,0.13296496114260445,0.11162828107301079
2019-05-21,0.01681398334067645,-0.2640089858116469,-0.32123521934450316,0.003025810731248413,-0.19455409667962936,-0.1488404197995566,-0.04571367688007277,0.022007537300358045,0.01740958760555842,0.582850840915357,0.1315762697548901,0.11165695056159755
2019-05-22,-0.005760718367954136,-0.269769704179601,-0.32139166425297916,0.0021957062450823073,-0.20164087830313945,-0.14838890487566864,-0.05325197342747082,0.022019173509698897,0.017418028388215684,0.5658402203856749,0.13364162217655387,0.11169146513322918
2019-05-23,-0.022780034910335423,-0.2925497390899364,-0.32175132231141346,0.0011116100062327217,-0.23055232816983073,-0.1783792893890875,-0.052173038780743225,0.022076920838131467,0.01742288392813865,0.49958666299255994,0.13361053633362976,0.11169961298874097
2019-05-24,-0.006779199955066634,-0.2993289390450031,-0.32215318390788183,0.00010386546489882242,-0.22516285969393943,-0.17269147622083025,-0.05247138347310917,0.021162728509400406,0.017427091734267694,0.48044077134986224,0.12895632017169528,0.11176558148058033
2019-05-27,0.02659918459350153,-0.27272975445150155,-0.3224140050084923,-0.0006929172159971242,-0.19190003880023077,-0.1274462062380163,-0.06445383256221446,0.02144879821612795,0.01743132686530783,0.5717828602920915,0.12790021938305585,0.11202009963530446
2019-05-28,0.0015328966631959781,-0.27119685778830555,-0.3226354484103531,-0.0015529141214261077,-0.20249645219240467,-0.13517784182162154,-0.06731861037078313,0.021448781730952108,0.017462749809436046,0.5695017891549683,0.12900334607014016,0.11224080854131485
2019-05-29,0.004081898530776021,-0.26711495925752954,-0.3227572293102525,-0.0019598766266621936,-0.19389540247297768,-0.09009675063832112,-0.10379865183465656,0.021447942155418107,0.017504803304548167,0.5785714285714286,0.12985673291076502,0.11231001386064529
2019-05-30,-0.00619308565504621,-0.27330804491257576,-0.3229167436293372,-0.0024111464654512083,-0.19814294164672838,-0.08338336575034332,-0.11475957589638507,0.021447411076784346,0.017520650500056925,0.5632057284494629,0.13342989764500562,0.11235914526173842
2019-05-31,0.0008008076902413061,-0.27250723722233444,-0.3229887290038166,-0.0025125487918064016,-0.20264996962354798,-0.045120918241703854,-0.15752905138184412,0.02131733636121713,0.01752368486917187,0.5645472061657033,0.12664127107501652,0.11243131603928759
2019-06-03,-0.014825298626650956,-0.2873325358489854,-0.32299427871877356,-0.0026985066260756807,-0.2314682541070512,-0.07002514134420026,-0.16144311276285095,0.021113369171483883,0.017531797136480377,0.5202200825309491,0.13158628935818878,0.11253545224555517
2019-06-04,-0.01626150187618873,-0.3035940377251741,-0.3230228152450554,-0.0026655212623642455,-0.2537919333357498,-0.009452494663249881,-0.2443394386724999,0.0209835940616263,0.017539993057307426,0.475626549160011,0.12635041306994904,0.11253545224555517
2019-06-05,0.0010949210948128633,-0.3024991166303613,-0.322939941611073,-0.0025720628123919176,-0.2416872413356352,-0.02287516531234028,-0.21881207602329494,0.020836362720806745,0.017551326887683884,0.48511576626240355,0.1278558279225002,0.11260722620597544
2019-06-06,-0.024976709049687244,-0.3274758256800485,-0.3231143560161465,-0.0026172268668182563,-0.265087481954803,-0.04620012056939031,-0.21888736138541265,0.020191754102971245,0.017573211574206327,0.40807914262159933,0.1244133625242128,0.11268507548418955
2019-06-10,0.010831329809600667,-0.31664449587044785,-0.32315237346999154,-0.002438156504137201,-0.24596742809201635,-0.02712083448628573,-0.2188465936057306,0.01949093788484693,0.01758665951758063,0.4404073768235618,0.1280469429907227,0.11276234263595891
2019-06-11,0.03495494770757825,-0.2816895481628696,-0.3231263640798343,-0.0024930617079287343,-0.20127550976959208,-0.026096727033703047,-0.17517878273588902,0.019893238268411485,0.01759512379937011,0.5526170798898071,0.12477356954003724,0.11276234263595891
2019-06-12,-0.003759886455838057,-0.2854494346187077,-0.32315026628951016,-0.002434883265964416,-0.19632791118118412,-0.02408334536201128,-0.17224456581917283,0.019764053004152994,0.0176068679091506,0.5362159184797577,0.12890867000362707,0.11276234263595891
2019-06-13,0.007146398292399322,-0.2783030363263084,-0.32315248014915826,-0.0023053184618396227,-0.14766708016742053,-0.009540526823255237,-0.1381265533441653,0.019459269429955295,0.01761856817861052,0.5628956785026149,0.12455161236731883,0.11276234263595891
2019-06-14,-0.021990068367319548,-0.3002931046936279,-0.32326260802128,-0.002393624011468698,-0.18771878674088877,-0.05288289165489242,-0.13483589508599636,0.019518123692072512,0.017625390851954387,0.4955947136563877,0.12372011498323775,0.11276234263595891
2019-06-17,0.0006423814050429907,-0.29965072328858494,-0.3232683373306391,-0.002400933649213899,-0.17708554398928936,-0.0597493522960389,-0.11733619169325046,0.019248014237935256,0.01762659127766894,0.5012406947890818,0.12256361878194122,0.11276234263595891
2019-06-18,-0.0006139692731930135,-0.30026469256177796,-0.3232255976554924,-0.0021997763063744125,-0.17484473945338133,-0.023874553155798936,-0.1509701862975824,0.01923133153661008,0.017630223126219605,0.5001377031120904,0.11946081259874522,0.11286561248277172
2019-06-19,0.013999539971657288,-0.28626515259012064,-0.3230182560042282,-0.0018744873150235986,-0.17769378999766142,-0.005442183437797288,-0.17225160655986413,0.019339298680923944,0.017635840795924673,0.5390753990093561,0.12039246877805766,0.11312692515595396
2019-06-20,0.014753368187236843,-0.2715117844028838,-0.3227620037980201,-0.0015267844535169495,-0.165886990827578,-0.007502798591236894,-0.1583841922363411,0.01938359179844248,0.017650499082202026,0.593285635663181,0.11794555387024454,0.1134867919598038
2019-06-21,0.018948720101018987,-0.2525630643018648,-0.32246491490407275,-0.0010732506510935935,-0.13801446795360955,0.017206639877736227,-0.1552211078313458,0.019549413224958363,0.017666884321188937,0.6485148514851485,0.11584234553644521,0.11416257631033067
2019-06-24,-0.0005993729885605081,-0.2531624372904253,-0.3221100305930342,-0.0003587082816207676,-0.12729109169997793,0.039387301799511144,-0.16667839349948907,0.019524820069181,0.017676686956599186,0.6417009602194788,0.1141487401240993,0.11409072207437661
2019-06-25,-0.009128812821898388,-0.2622912501123237,-0.32183262116439354,0.00032056274348829517,-0.12879117608923982,0.03703768893267939,-0.1658288650219192,0.019272411498457466,0.017683995029544073,0.6089462129527992,0.10805673956813719,0.1134867919598038
2019-06-26,-0.00042234632530472926,-0.2627135964376284,-0.32154196734196894,0.0008720376665233842,-0.13651730440415225,0.010016158013873126,-0.14653346241802537,0.019248064397701447,0.017694202123259794,0.6124691018950837,0.10363837238197138,0.1134867919598038
2019-06-27,0.005649655632108796,-0.25706394080551964,-0.32132115428653696,0.0013142941238161177,-0.11145726990772352,0.014132916982785945,-0.12559018689050946,0.019197700902138768,0.017715491848572046,0.6293859649122807,0.10153391108565665,0.11283761004814089
2019-06-28,-0.013361475015544452,-0.2704254158210641,-0.32117403083595825,0.0015831984742942784,-0.12072194471977618,-0.003310456563534528,-0.11741148815624165,0.01892408648681424,0.01772911197962599,0.5859802847754655,0.10111110835891263,0.11283761004814089
2019-07-01,0.027481676065787792,-0.2429437397552763,-0.3208616358377972,0.0020551077915400007,-0.06744461201345975,0.030364305157299473,-0.09780891717075922,0.018705006158864185,0.017732480822430327,0.6655728739403883,0.1006263629443593,0.11261330152376928
2019-07-02,0.00030938127345586094,-0.24263435848182044,-0.32046591047105444,0.00252281853276215,0.010645944512721753,0.029872878740514027,-0.019226934227792272,0.018679171963442483,0.017751488858685625,0.6685855263157895,0.09305778507589502,0.11243131603928759
2019-07-03,-0.009839233167084079,-0.25247359164890454,-0.320061971554915,0.0029323071638585607,-0.010058290317091243,0.034858944200080906,-0.04491723451717215,0.018624754778077773,0.017751488858685625,0.6379830090435736,0.09375924360764673,0.11235914526173842
2019-07-04,-0.0035223275891031647,-0.2559959192380077,-0.31966595689776384,0.003356858347291547,0.015501484636354788,0.047598118487166476,-0.032096633850811684,0.01860753498045419,0.017751488858685625,0.6302497941257206,0.09039419527568779,0.11231001386064529
2019-07-05,0.00351922944642894,-0.2524766897915787,-0.3193148403457417,0.0036251012653312764,0.0036360250503724417,0.05002242683878255,-0.04638640178841011,0.01862183195106533,0.01777550610896656,0.6423477783872737,0.08772759313206957,0.11224080854131485
2019-07-08,-0.035222590117763304,-0.287699279909342,-0.3190718830988854,0.00404247291726112,-0.028641194125435476,0.03977654577070648,-0.06841773989614196,0.01908068926516173,0.017783455616262524,0.5175727622185612,0.09004472263363404,0.11202009963530446
2019-07-09,0.003610740458322021,-0.28408853945102,-0.31879508359397796,0.004357289876013581,-0.036274487653738544,0.03255595641942784,-0.06883044407316638,0.01909711176716512,0.017784004676773185,0.5321605277625069,0.0888674745745916,0.11176558148058033
2019-07-10,-0.006353914460798391,-0.2904424539118184,-0.3185627722182421,0.00456359186159222,-0.03796658964124926,-0.008752905748948808,-0.02921368389230045,0.019004483678521686,0.017789682271889908,0.5093304061470911,0.0910453756177344,0.11169961298874097
2019-07-11,0.0004947344360820664,-0.28994771947573633,-0.31822863810543894,0.004921628184071214,-0.026218002795393984,-0.004498284857028684,-0.0217197179383653,0.019006449581322547,0.017803177206470386,0.5137362637362637,0.09144731910174841,0.11166423706284737
2019-07-12,0.002863034546965842,-0.2870846849287705,-0.3178921439566959,0.005260336192462356,-0.05303015524223156,-0.008781648602462163,-0.0442485066397694,0.01900555320697022,0.017819686347766386,0.5320899616017554,0.08974596539458539,0.11160720426371734
2019-07-15,0.00876241786456995,-0.27832226706420055,-0.31751588767884387,0.005746720342436118,-0.030046483961111176,0.021970837629427333,-0.05201732159053851,0.01884916509143019,0.017842229780858688,0.5562859490550535,0.09099392460613165,0.11142171231564253
2019-07-16,0.003235552589476388,-0.27508671447472416,-0.31716555408869473,0.006102783241944354,-0.041817005118928254,0.02456400881386073,-0.06638101393278899,0.01880834281957064,0.01785655139632015,0.5639901342833653,0.09219115452003619,0.11112923413729664
2019-07-17,0.0002721098129720894,-0.27481460466175206,-0.3167618515438402,0.0064637461116522354,-0.021425586294515235,0.025450087900025835,-0.04687567419454107,0.018806246127819823,0.01786631924961203,0.5589364035087719,0.09002153807926971,0.11082599507608379
2019-07-18,-0.01800000195455422,-0.29281460661630626,-0.3163610071368889,0.0066572488673392605,-0.010977441553029422,-0.006549454026185671,-0.0044279875268437505,0.018865850955632927,0.01788302939048257,0.5027412280701754,0.09089439499422494,0.110435224746423
2019-07-19,0.005337559045175108,-0.28747704757113113,-0.3160198013702124,0.006742202427807709,-0.00997005945109191,-0.015965263168247406,0.005995203717155496,0.018854079316056944,0.01789206848356811,0.5190254585272379,0.0936003970208086,0.1101557274111829
2019-07-22,-0.029088418064241717,-0.31656546563537286,-0.3158783897853443,0.006586525118728426,-0.06113983065414956,-0.06400240133350811,0.0028625706793585504,0.01905111750629428,0.01789841822987353,0.4286492374727669,0.09797567895190272,0.10989712734381178
2019-07-23,0.012233408748045056,-0.3043320568873278,-0.31566339887158407,0.006446631721450158,-0.05822595880838814,-0.05116961959690255,-0.007056339211485595,0.019086949991833062,0.017904065465911185,0.4648002174503941,0.09632344236920497,0.10957757112044621
2019-07-24,0.012871094596667491,-0.2914609622906603,-0.31544629650114414,0.006386324663249399,-0.01968522237173273,-0.029169712178336665,0.009484489806603935,0.018518423327053907,0.017908780031486937,0.5013601741022851,0.09184553191040962,0.10933480630540085
2019-07-25,0.0032176363858023873,-0.2882433259048579,-0.3151968966353272,0.006345070706641753,-0.04329336697620165,-0.02552972946722955,-0.017763637508972096,0.01847304073701881,0.017908780031486937,0.5061157923348736,0.09004173830198112,0.10910532564271452
2019-07-26,0.00033181615203618136,-0.2879115097528217,-0.3149656277437879,0.006355526542749068,-0.045504733004356375,-0.030847568947302166,-0.014657164057054209,0.017865187598233922,0.017904065465911185,0.5070690592713432,0.09043924464273945,0.10886570988209415
2019-07-29,-0.00016504208534810506,-0.2880765518381698,-0.3146439577423899,0.006530073093568345,-0.04503080329795308,-0.017651136017105818,-0.027379667280847262,0.017806281989486576,0.017904065465911185,0.5027173913043478,0.09843494680816611,0.10847908890747544
2019-07-30,0.00504017222082006,-0.2830363796173498,-0.31434492085680654,0.006516714980990657,-0.04281894294759524,-0.04009263986207355,-0.0027263030855216863,0.014792399437970186,0.017904065465911185,0.5217509516041327,0.0877106647824926,0.1081393448244781
2019-07-31,-0.006108046992232131,-0.2891444266095819,-0.31390361643098613,0.006562294040068306,-0.04443782074214726,-0.04651006812776154,0.002072247385614276,0.01469300670055714,0.017904065465911185,0.49511665762344004,0.08894487911366461,0.10796206189410011
2019-08-01,-0.002657306486849883,-0.29180173309643176,-0.31349197360940007,0.006569997945514938,-0.03456823196142902,-0.039328141447527346,0.004759909486098328,0.014695311907715874,0.017904065465911185,0.4846509100787829,0.09415210933980775,0.10778916461240615
2019-08-02,-0.015568196280512848,-0.30736992937694463,-0.3131757001021096,0.006490256795654237,-0.061651074625018044,-0.05137401013893703,-0.010277064486081011,0.014793526843089497,0.017904065465911185,0.4215952251763429,0.09378823728563328,0.10764222631562535
2019-08-05,-0.010266357082016774,-0.3176362864589614,-0.3125149441688631,0.006799896176878595,-0.0791555639745679,-0.06515959666738275,-0.01399596730718515,0.01414651274419971,0.017904065465911185,0.38476138828633405,0.0940044206595562,0.10730193901953675
2019-08-06,-0.02903011611949971,-0.34666640257846115,-0.31195155683079784,0.007120326268087562,-0.12604827517538228,-0.058967122669119146,-0.06708115250626313,0.01459022776769589,0.017904065465911185,0.3063991323210412,0.10174995451635159,0.106680718842161
2019-08-07,-0.0030626880727553066,-0.34972909065121643,-0.3113402998168108,0.007454783777167184,-0.1307724708998855,-0.06564055120019648,-0.06513191969968903,0.01457086268753705,0.017904065465911185,0.29642663779101247,0.09736851487910497,0.1062813603801318
2019-08-08,0.005508678875785329,-0.3442204117754311,-0.3106016968679503,0.00796107535029178,-0.12365487744601256,-0.05377795786361275,-0.0698769195823998,0.01429339868855588,0.017904065465911185,0.30422993492407807,0.09546902391642412,0.10622807422167477
2019-08-09,-0.011560062781847713,-0.35578047455727885,-0.3099653101608491,0.008263327944589838,-0.1288722971411382,-0.06583275508154253,-0.06303954205959568,0.014299122879969059,0.017904065465911185,0.2766476810414972,0.09705534033041119,0.10589695793121656
2019-08-12,0.015986121472908267,-0.33979435308437056,-0.30908559889087733,0.008806545065818572,-0.09703557380672412,-0.05270966815560011,-0.04432590565112401,0.013743629479334132,0.017904065465911185,0.3107007061379685,0.09883751823419276,0.10520000632241222
2019-08-13,-0.0051220224040092665,-0.34491637548837983,-0.3083337308373986,0.009182156841445244,-0.10351119439274642,-0.06659410842417932,-0.036917085968567104,0.013746786590016184,0.017904065465911185,0.2976416373000813,0.10502016146041443,0.10492537659882083
2019-08-14,0.005998470662573985,-0.33891790482580586,-0.30779570148126,0.009369852607434725,-0.08080774249935094,-0.06383119035108173,-0.01697655214826921,0.013578203875863386,0.017904065465911185,0.3094850948509485,0.10129181750099976,0.1043933746025684
2019-08-15,0.0030456902051143263,-0.33587221462069156,-0.30717743866970276,0.009584412874137416,-0.04964962176310044,-0.06105760995893948,0.01140798819583904,0.013576198451686183,0.017904065465911185,0.31019522776572667,0.1041146528706094,0.10403540516925949
2019-08-16,0.004269480441933664,-0.3316027341787579,-0.30654616659013506,0.009814840546753856,-0.03371600170994487,-0.038788127562451605,0.005072125852506736,0.013290229576768262,0.017904065465911185,0.3155471289274106,0.10589672630359398,0.10403540516925949
2019-08-19,0.0291775223242555,-0.3024252118545024,-0.30573639913057715,0.010283402239635253,0.016648631572328314,-0.014948164283371215,0.03159679585569953,0.01380973087626005,0.017904065465911185,0.39046845383157325,0.10238547967706693,0.10383140480921052
2019-08-20,0.0023484961080885865,-0.3000767157464138,-0.30493978919024495,0.01093860059509938,-0.0074837710810632,0.016488749888959087,-0.02397252097002229,0.013364198105233944,0.01789841822987353,0.39826605256028175,0.10182066679192339,0.10367251226624143
2019-08-21,0.0001873861527132693,-0.29988932959370057,-0.30407152037115137,0.011591878500432695,0.009151675507745,0.004442727293627302,0.0047089482141176985,0.013361933228167625,0.01789206848356811,0.40167930660888407,0.09728248064280344,0.103440758641762
2019-08-22,0.0039583440176283475,-0.2959309855760722,-0.3032452436528184,0.012201052848325733,-0.009039559381768736,-0.004470023285411842,-0.004569536096356894,0.01336122804913899,0.01788302939048257,0.41007583965330446,0.094625316776544,0.10320373582346462
2019-08-23,-0.0031215629877775907,-0.29905254856384983,-0.3025121332497255,0.012684763385601705,-0.018383555880310723,-0.01080922265899182,-0.007574333221318903,0.01334484309368954,0.017870499341104892,0.398534997287032,0.09461198119719917,0.10289761828494165
2019-08-26,-0.007082457106760236,-0.3061350056706101,-0.3018409918446829,0.013124635899105008,-0.02827474127391273,-0.018223495917788237,-0.010051245356124491,0.013371310364641188,0.0178466858912796,0.38161106590724164,0.0978062244956739,0.10262023060302343
2019-08-27,0.018374107877596073,-0.287760897793014,-0.3012157137872772,0.013428243955112718,-0.009493367523725857,0.00031565404515594003,-0.009809021568881797,0.013457646637012651,0.017819686347766386,0.42369205746814853,0.09400608014988049,0.10249751552930354
2019-08-28,7.999572567499366e-05,-0.287680902067339,-0.3006314433728851,0.013713477483921432,0.010823959349427427,-0.004644522449989126,0.015468481799416553,0.013287396524080208,0.017808735250347037,0.42187923097752505,0.09065686858801955,0.10234400739494964
2019-08-29,-0.001215312568915547,-0.28889621463625453,-0.3000396161857922,0.013864000245193908,0.01991641295484479,0.0002482119733274589,0.019668200981517333,0.01328829872145913,0.017800723945609928,0.4104296136179411,0.09809892897624485,0.1022266042744567
2019-08-30,-0.014667268997583156,-0.30356348363383767,-0.2995091586818334,0.013982814927566645,0.024169999209144723,-0.011761750537405814,0.035931749746550536,0.013020844343279808,0.017789682271889908,0.37405405405405406,0.09599349138831573,0.10198567011400222
2019-09-02,0.02278186556547672,-0.28078161806836094,-0.29885936461048856,0.014316335491621035,0.041980607576135746,0.026588311308583752,0.015392296267551994,0.013272113485193393,0.017784004676773185,0.4352401511063141,0.10139689027297408,0.10178531065413748
2019-09-03,0.006823990495066266,-0.27395762757329467,-0.2981659568956667,0.01434898727319639,0.03802321551803843,0.04367865888566679,-0.005655443367628361,0.012513009266049304,0.017783455616262524,0.4502702702702703,0.09787471697277847,0.10164193280100411
2019-09-04,0.007909098606601819,-0.26604852896669284,-0.2975775814706213,0.014373975360176539,0.05809077053143408,0.08061787361176832,-0.022527103080334246,0.01254219243364668,0.01777550610896656,0.4709851551956815,0.10018400877783465,0.1014936209733916
2019-09-05,0.008619784530821647,-0.2574287444358712,-0.2970448002913033,0.01429549952550746,0.06034439140458879,0.09230034621534527,-0.031955954810756484,0.012557211131697428,0.017751488858685625,0.49595250944414465,0.09723891502889603,0.10142511056705031
2019-09-06,0.003931999584069826,-0.2534967448518014,-0.29649120352433866,0.014110493343611641,0.06734761607075886,0.09072366692362978,-0.023376050852870922,0.012216958894392962,0.017751488858685625,0.5067567567567568,0.10031670345730732,0.10142511056705031
2019-09-09,0.01999848555034297,-0.23349825930145843,-0.2959318294556408,0.014033480705208323,0.06772829259044058,0.12228221525582045,-0.05455392266537987,0.01246628013022477,0.017718860691376386,0.5672246220302376,0.10124935722608162,0.10136550235220443
2019-09-10,0.0024559187337267166,-0.2310423405677317,-0.2954103916610875,0.01367520722978982,0.06880776536907877,0.10875201251663891,-0.03994424714756013,0.01246541549885522,0.01769244826857372,0.5732828555976204,0.10160926860300276,0.10142511056705031
2019-09-11,-0.005480518725344588,-0.2365228592930763,-0.29493966750470646,0.013394063332692163,0.0688998800944016,0.10839351619530357,-0.03949363610090198,0.012378549905001875,0.017676686956599186,0.5577753779697624,0.10103552918276505,0.10142511056705031
2019-09-12,0.005688493293968979,-0.2308343659991073,-0.2943047692033496,0.013490932277910428,0.09094506583128512,0.10808353882669856,-0.017138472995413448,0.012260477479353002,0.017666884321188937,0.5770164553547343,0.10397079952221808,0.1014936209733916
2019-09-16,0.003829347661252241,-0.22700501833785508,-0.2936942247827459,0.013483213886956835,0.10625635653892546,0.10886719628283649,-0.0026108397439110337,0.012031836107937049,0.017650499082202026,0.5832658569500675,0.10088038208789005,0.1014936209733916
2019-09-17,-0.022372826227504614,-0.2493778445653597,-0.29320212911484583,0.013344037475289228,0.08582100610288379,0.0822248896133982,0.0035961164894855874,0.01238641410550078,0.017632744590661487,0.5085020242914979,0.0936093820052619,0.10142511056705031
2019-09-18,0.0012245761189074611,-0.24815326844645222,-0.29247525411282754,0.01326114501774961,0.07454673174954632,0.054271943408050166,0.020274788341496153,0.012328170658916091,0.01762592649524186,0.5108049702863318,0.09238827919228466,0.10142511056705031
2019-09-19,0.010575012195227844,-0.23757825625122436,-0.29167945820643915,0.013260330983805801,0.09871247302938342,0.06249845949518942,0.036214013534194,0.012399766155822127,0.01761856817861052,0.5395411605937922,0.09288710123541233,0.10142511056705031
2019-09-20,0.0006896887649001518,-0.2368885674863242,-0.29091853509627,0.013152985274881346,0.10255987294618292,0.0630007621073763,0.039559110838806616,0.012380822078401408,0.0176068679091506,0.5393743257820928,0.09104901103429333,0.10142511056705031
2019-09-23,-0.008480367494999138,-0.24536893498132334,-0.29025780403838747,0.01298743961443094,0.09153579407766932,0.050562050594748824,0.040973743482920495,0.012305096429867797,0.01759286124881799,0.5024311183144247,0.09895351071980193,0.10142511056705031
2019-09-24,0.0024544007150469186,-0.24291453426627643,-0.2894581242930415,0.01305400895668396,0.1138600077700838,0.056138014297573334,0.05772199347251047,0.011785335492245922,0.017573211574206327,0.5022941970310392,0.10050444734757066,0.10142511056705031
2019-09-25,-0.01872348689690365,-0.2616380211631801,-0.28878546999639215,0.01305552184829073,0.09274549351420851,0.04449698450742992,0.04824850900677859,0.012030475496510625,0.017573211574206327,0.4483688325694257,0.10381770407685571,0.1014936209733916
2019-09-26,-0.02793328486537765,-0.28957130602855774,-0.28840886528939086,0.012806848497886325,0.06400221660604455,-0.0018104082355438061,0.06581262484158835,0.012491181730267613,0.017573211574206327,0.3717532467532468,0.09649617628968712,0.1014936209733916
2019-09-27,0.00871783424923387,-0.28085347177932385,-0.28803038427848177,0.012601059094403344,0.06429996072523475,0.006827430288015071,0.05747253043721968,0.012542794895748482,0.017573211574206327,0.3917025862068966,0.1000147769351489,0.1014936209733916
2019-09-30,-0.010707405020928111,-0.29156087680025194,-0.287667699819729,0.012371916366063218,0.06399423683241133,-0.0026646621639974943,0.06665889899640882,0.012601508389535991,0.017573211574206327,0.36385671963371935,0.09918714321344671,0.1014936209733916
2019-10-08,0.0010302105885302605,-0.2905306662117217,-0.2872116453800036,0.012297513301829821,0.08245282179482272,0.013032817422115922,0.06942000437270679,0.011756598749909638,0.017573211574206327,0.36547811993517015,0.09929312753719682,0.1014936209733916
2019-10-09,0.009277336237024201,-0.2812533299746975,-0.28671489710556564,0.012144467504922929,0.07446487093174342,-0.0004717119063365957,0.07493658283808002,0.01180912488020523,0.017573211574206327,0.39713822894168466,0.09816433548855942,0.1014936209733916
2019-10-10,0.012085426319501134,-0.26916790365519633,-0.2860926799552268,0.012073276940439914,0.07567987895378574,0.004789723918098272,0.07089015503568746,0.011879441169986339,0.017573211574206327,0.4256008641641912,0.09886898217306017,0.1014936209733916
2019-10-11,0.002014148893303986,-0.26715375476189235,-0.28550717217097593,0.012070409299645368,0.08017648487749486,-0.0011052257951995612,0.08128171067269442,0.011881364335177464,0.017573211574206327,0.4331175836030205,0.10041857972280607,0.1014936209733916
2019-10-14,0.014759591421317808,-0.2523941633405745,-0.2848509921841567,0.012193808107146598,0.08248727303806738,0.0050345810952965985,0.07745269194277078,0.012021938329390257,0.017573211574206327,0.4785772029102668,0.0978428138252322,0.1014936209733916
2019-10-15,-0.011020634083664703,-0.26341479742423923,-0.2842934303942122,0.012197773130126488,0.07470850164400988,-0.009918052572437929,0.08462655421644781,0.012064881665536155,0.017573211574206327,0.45129171151776104,0.10153753858052249,0.10153572483308956
2019-10-16,-0.006486732544986698,-0.26990152996922595,-0.2836389606270266,0.01229286882861419,0.06426375809145553,-0.03640327066776759,0.10066702875922312,0.012089346395787305,0.017573211574206327,0.4319956908160517,0.10211967044228244,0.10157340359176262
2019-10-17,-0.002133759901125882,-0.27203528987035186,-0.28299910583220644,0.012411285828881069,0.08037526224742214,-0.040992949302620194,0.12136821155004233,0.012092709476890087,0.017573211574206327,0.4174077068175694,0.10085235212691616,0.10157340359176262
2019-10-18,-0.012096851221069729,-0.2841321410914216,-0.2823881744783939,0.012551493026312532,0.05871161564260386,-0.04760928179834533,0.10632089744094919,0.01196675464636266,0.017573211574206327,0.3752021563342318,0.10303485485539594,0.10167961155967717
2019-10-21,-0.004434193519537669,-0.28856633461095926,-0.281738637941289,0.012566131262060576,0.08883897716269705,-0.05773196861185198,0.14657094577454904,0.011961377796872867,0.017573211574206327,0.3629010514963602,0.1013029470712105,0.10167961155967717
2019-10-22,0.010513765992947843,-0.2780525686180114,-0.2810612528185647,0.012632971964181228,0.0960777287956293,-0.05104755028015638,0.14712527907578568,0.011410002476422425,0.017573211574206327,0.3932614555256065,0.10311602816363132,0.10178531065413748
2019-10-23,-0.005111371824984297,-0.2831639404429957,-0.280374158218589,0.012827970896256813,0.08746069039204803,-0.03378609587763606,0.12124678626968409,0.011330791731571206,0.017573211574206327,0.37775982767905225,0.09637821469922736,0.10178531065413748
2019-10-24,-0.0009124241931480064,-0.2840763646361437,-0.2797352728360209,0.012739981276806644,0.1657111084721181,-0.03592309618969153,0.20163420466180962,0.011211790372132704,0.017573211574206327,0.37621097954790095,0.09806953303002514,0.10167961155967717
2019-10-25,0.005805316368600601,-0.2782710482675431,-0.2790090409076234,0.01267041729881574,0.18107282192396298,-0.04069279201631877,0.22176561394028177,0.011228859839555004,0.017573211574206327,0.3903225806451613,0.09935451829289008,0.10157340359176262
2019-10-28,0.017804036786757294,-0.2604670114807858,-0.2781846958555738,0.01273383924069621,0.21151348196784317,-0.023578443994461632,0.2350919259623048,0.011457458547502013,0.017573211574206327,0.4307898259705489,0.10018928672471614,0.10153572483308956
2019-10-29,-0.014621132278469664,-0.2750881437592555,-0.27734984517132627,0.012907958867061198,0.21685285778827354,-0.02971920877793216,0.2465720665662057,0.011621590071488474,0.017573211574206327,0.39046598821638995,0.10837898488298858,0.10153572483308956
2019-10-30,-0.013139943857845515,-0.288228087617101,-0.27658049287786884,0.012877631415172675,0.19482972836041265,-0.04531355335082459,0.24014328171123725,0.011730185019834248,0.017573211574206327,0.35827299544113705,0.10944175320335789,0.10153572483308956
2019-10-31,-0.012042285513955468,-0.3002703731310565,-0.27585863416620116,0.012926835830190997,0.21546623394767428,-0.03863235196787641,0.2540985859155507,0.011806585146744724,0.017573211574206327,0.32609278626977745,0.10730722476442903,0.10153572483308956
2019-11-01,0.009232185821093707,-0.2910381873099628,-0.2750608517343624,0.01334801355502846,0.20425179887416064,-0.0014668812814050535,0.2057186801555657,0.011864029875853353,0.017573211574206327,0.3505623995715051,0.10706999087552091,0.10153572483308956
2019-11-04,0.0027685052867172065,-0.2882696820232456,-0.27437301795429125,0.013657366324190512,0.15825409403028784,-0.007416210243921717,0.16567030427420956,0.011690777451247037,0.017550692351007688,0.3549771934531795,0.10719393668567628,0.10153572483308956
2019-11-05,0.0009117637238158138,-0.2873579182994298,-0.2737801686654046,0.013887531154324395,0.17216685863270026,0.004202958500822208,0.16796390013187806,0.01160801612075491,0.017531797136480377,0.35295691731335294,0.10824464637262911,0.10153572483308956
2019-11-06,-0.008561556891859157,-0.29591947519128897,-0.2732254382218117,0.013986207158191877,0.16193767490101432,-0.00538880897956721,0.16732648388058152,0.011010724885292447,0.017521201383214585,0.329144385026738,0.1071159686468734,0.10153572483308956
2019-11-07,0.0065766008822390155,-0.28934287430905,-0.2726532380795741,0.014061659025991546,0.17503582945703414,-0.008089544334352394,0.18312537379138652,0.011023046145836725,0.01746055349233052,0.3452508004268943,0.10602276599672095,0.10153572483308956
2019-11-08,-0.001803911559078867,-0.29114678586812887,-0.2720826015779798,0.014010078377246993,0.16825191794471708,-0.021978882212932396,0.19023080015764948,0.011012844486159898,0.017402601196522177,0.3413269384492406,0.10410808233727016,0.10153572483308956
2019-11-11,-0.024850303414572013,-0.31599708928270087,-0.2716783764146037,0.013828795756372247,0.15754600412972558,-0.0488433345208084,0.206389338650534,0.011394432632192095,0.017398638708948654,0.28354632587859424,0.11376225483877496,0.10153572483308956
2019-11-12,0.003101985208656953,-0.3128951040740439,-0.27122854692240816,0.01362244526174855,0.14829122516862459,-0.06050094073346926,0.20879216590209385,0.011220847707960167,0.017340437243357903,0.28639872238488157,0.1113939130169414,0.10153572483308956
2019-11-13,-0.0036381558554053842,-0.3165332599294493,-0.2708512151209004,0.013442215273311797,0.12914136925297634,-0.053118462505209935,0.18225983175818627,0.011209992397945713,0.01728529133412384,0.27767404641237664,0.11001034553285474,0.10153572483308956
2019-11-14,0.005948082180832512,-0.31058517774861677,-0.2704344375770672,0.013204523049959394,0.1297781089305211,-0.04068364777939072,0.17046175670991182,0.011209573319204177,0.017264188253830755,0.2844942620763277,0.10825957094386507,0.10153572483308956
2019-11-15,-0.012268498407194042,-0.3228536761558108,-0.27002903903150616,0.012970066800700286,0.08996283311833987,-0.05081838628545888,0.14078121940379876,0.011323750113683126,0.01720875284998816,0.2597126130920703,0.10795899215017701,0.10157340359176262
2019-11-18,0.006936087868287931,-0.31591758828752287,-0.2696180889976439,0.012770085480750037,0.08861739665823161,-0.03178544719610122,0.12040284385433284,0.011345137719282175,0.017161313553892485,0.2711548696114955,0.10703867860179968,0.10167961155967717
2019-11-19,0.016974270128755832,-0.298943318158767,-0.269152203136296,0.012586434804992996,0.10831833389606102,-0.010376983547807719,0.11869531744386874,0.01091936021026234,0.017144244407201102,0.3002666666666667,0.10919456079603325,0.10178531065413748
2019-11-20,-0.0063000984509770834,-0.3052434166097441,-0.26867095479259306,0.012390298025971636,0.10441156781584612,-0.027190847991732645,0.13160241580757875,0.010945664082059596,0.01710052829980053,0.28799574128293853,0.1140577687572023,0.10178531065413748
2019-11-21,-0.0006048219659993605,-0.30584823857574345,-0.26820140539383375,0.012172752824755273,0.10489219376158924,-0.02268429813274771,0.12757649189433695,0.010945806386070882,0.017021595805697523,0.28115015974440893,0.10793221463108235,0.10178531065413748
2019-11-22,-0.008255326583492395,-0.3141035651592358,-0.267794531967799,0.011940740868221889,0.09853560537843462,-0.030027200523092098,0.12856280590152672,0.010982574537220296,0.016897921825267413,0.26549614259111465,0.10866117208566589,0.10178531065413748
2019-11-25,-0.0031488959022030866,-0.3172524610614389,-0.2673605721661566,0.0116484687414668,0.06647115291433289,-0.03898141279389579,0.10545256570822868,0.010982694001997912,0.01681344711801491,0.25851970181043665,0.10768865693366166,0.10178531065413748
2019-11-26,-0.0014505872476523512,-0.31870304830909124,-0.2668923920025038,0.011292303853070007,0.045281931990383203,-0.05823603682830543,0.10351796881868863,0.01094778478350936,0.016800380100112915,0.25831338121840913,0.10356250872707026,0.10178531065413748
2019-11-27,-0.001275963511207839,-0.3199790118202991,-0.26632811885215024,0.011021726319176028,0.0442370864244326,-0.04489086806104361,0.08912795448547621,0.01067290108074722,0.0167652609865786,0.2544583444237423,0.10037391358866858,0.10167961155967717
2019-11-28,-0.0029503241693916295,-0.3229293359896907,-0.26570177410955315,0.010878718768315698,0.022443737051344878,-0.03470124837258971,0.05714498542393459,0.010677101130336712,0.01669749289103249,0.24660090642495336,0.09923169639268017,0.10157340359176262
2019-11-29,0.0012038214128038793,-0.3217255145768868,-0.26497352438223154,0.010885109783969615,0.013604384901502484,-0.02145514144583037,0.03505952634733285,0.010679257452901417,0.01656284915922522,0.24853645556146886,0.09430950393085098,0.10153572483308956
2019-12-02,0.0009529253660799345,-0.32077258921080687,-0.26437672385769384,0.010684127876668559,0.009895101358480039,-0.029734401900844146,0.039629503259324184,0.010518387418197751,0.016468764582387094,0.2502668089647812,0.09505611452080062,0.10146540067931537
2019-12-03,0.006264486469745574,-0.3145081027410613,-0.2638825159761137,0.01049050197817758,0.043305923529416424,-0.026238420717815777,0.0695443442472322,0.010112720894967541,0.01643727239567766,0.26090425531914896,0.09527254639948655,0.10136550235220443
2019-12-04,0.0013316244853725208,-0.3131764782556888,-0.263453681939422,0.010326486725982631,0.03593742420289512,-0.02581855995625907,0.06175598415915419,0.010069495226513627,0.01637868600562433,0.26216431800053175,0.09100087360716402,0.10131853075132265
2019-12-05,0.009253591749191103,-0.3039228865064977,-0.26306514652979185,0.010160291692019874,0.04387409163887719,-0.008003411315208809,0.051877502954086,0.010090347757255229,0.016331609557287866,0.2751196172248804,0.09602718751406478,0.10129738228610513
2019-12-06,0.006247812017437624,-0.29767507448906005,-0.26267019633423483,0.00998304174533926,0.09585319436105388,-0.0083322001800102,0.10418539454106408,0.010058083929914356,0.016271314789473343,0.2871576708322255,0.09166523212100687,0.10127058736354069
2019-12-09,0.003114118462805789,-0.29456095602625426,-0.2622542673876613,0.009828334190318533,0.10217648150265296,-0.0034141701581255437,0.10559065166077851,0.010052292788966738,0.016155216975104143,0.29292929292929293,0.0933571210702929,0.10118023279249713
2019-12-10,0.005191626917053108,-0.28936932910920116,-0.2619767167470345,0.009701659667569196,0.09970386041095342,0.026627760173499576,0.07307610023745384,0.009711917029566825,0.016082325117721123,0.29885668705131613,0.10541275576894059,0.10118023279249713
2019-12-11,-0.0025414474922211853,-0.29191077660142234,-0.2617320637710331,0.00949648315137508,0.0856043699564078,0.020984327472621436,0.06462004248378636,0.009703802209340855,0.015938810701746735,0.29596174282678,0.0989516826387287,0.10107331877083883
2019-12-12,-0.0024009871366060804,-0.2943117637380284,-0.2615122814963566,0.0093389336245438,0.10853871959743513,0.02222149619142074,0.08631722340601439,0.009687911098736646,0.015742444410379114,0.29099123040127556,0.09537535366978284,0.10095795563532756
2019-12-13,0.011224303726439339,-0.2830874600115891,-0.26122098392278587,0.009213453654281334,0.11308142048145947,0.02749771773702757,0.0855837027444319,0.009778271107166973,0.015583456724920458,0.3141416821438047,0.09783987488703752,0.1008663671074031
2019-12-16,0.015753405820783873,-0.2673340541908052,-0.2609559437667913,0.009073095264714837,0.09755819323801476,0.05551962196500548,0.04203857127300928,0.009994206543260048,0.015405996504783484,0.34781456953642387,0.09945947248692052,0.1008663671074031
2019-12-17,0.012326361250010777,-0.2550076929407944,-0.2608731070526937,0.008744981944950214,0.10154198102034968,0.06090989534672833,0.04063208567362135,0.009717309788422205,0.015110340123590138,0.37321711568938193,0.1014905439370189,0.10095795563532756
2019-12-18,0.0026141274364489607,-0.25239356550434544,-0.26077183233111156,0.008380370805184445,0.1117042030464604,0.046549752654421454,0.06515445039203896,0.009722159837169338,0.014840625480745308,0.38046068308181097,0.09731133540601679,0.10095795563532756
2019-12-19,0.005842150041359423,-0.246551415462986,-0.26063385266890465,0.008037102123688411,0.13519013869381402,0.05869200114675797,0.07649813754705606,0.00965327788811659,0.01479296314052984,0.39973509933774837,0.09490640646019514,0.10095795563532756
2019-12-20,-0.00873150087088607,-0.25528291633387207,-0.2605612162207784,0.007640189173055367,0.12532006852841274,0.050565322241871255,0.07475474628654148,0.00971581522230514,0.01479097881723597,0.3778484366719661,0.09252264102010144,0.10095795563532756
2019-12-23,-0.02056893037226635,-0.27585184670613844,-0.26062235044957044,0.007172181518228571,0.11775948701682007,0.0382517184530973,0.07950776856372277,0.010009100543004617,0.014781232941271844,0.32583972494049196,0.10739828929543181,0.10107331877083883
2019-12-24,0.015869511478846198,-0.25998233522729225,-0.2606933687271111,0.006667203439045533,0.12427297638477625,0.05727012583414658,0.06700285055062966,0.01022392713152401,0.01475682209693278,0.3621464446206714,0.10450096165056727,0.10118023279249713
2019-12-25,0.0026838479482065207,-0.2572984872790857,-0.2608800662711719,0.0060123257313319245,0.12633167342533497,0.06140456103000546,0.0649271123953295,0.009939109410254176,0.01473625902344267,0.36765484383271574,0.10465200188747253,0.10127058736354069
2019-12-26,0.008819200103968755,-0.24847928717511697,-0.2611318691695649,0.005196249682585363,0.1264478682380301,0.07149972464518205,0.05494814359284804,0.009295569416391918,0.01471354672338879,0.3925925925925926,0.10627207628873121,0.10129738228610513
2019-12-27,-0.006619008033384623,-0.2550982952085016,-0.26150376158760325,0.004198012521949901,0.14569718819784191,0.06783104078118905,0.07786614741665286,0.009281790766932663,0.014694159304136506,0.37351308485329104,0.09714486151078686,0.10129738228610513
2019-12-30,0.004909952998226637,-0.2501883422102749,-0.26161300859109554,0.0033605157911359984,0.14981790662410643,0.0715371723666118,0.07828073425749463,0.009182641363121045,0.014641617234126516,0.39757447930398104,0.09951390258532915,0.10129738228610513
2019-12-31,0.006060858115700885,-0.24412748409457402,-0.2618947536527377,0.002481970204956163,0.1621909277593618,0.07664510511623276,0.08554582264312904,0.009208734275875178,0.014585608684614535,0.41201264488935724,0.09786253871925,0.10129738228610513
2020-01-02,0.01862861342924233,-0.2254988706653317,-0.2621771912026752,0.001705324773438488,0.19297477136660401,0.08900923207572953,0.10396553929087449,0.009431538294221825,0.014575926144535116,0.4635238346062681,0.10411061140559415,0.10131853075132265
2020-01-03,0.00570787937060412,-0.21979099129472757,-0.2623348364860173,0.0011188454534046821,0.19373860186813682,0.09338548696096113,0.10035311490717569,0.00933916302068545,0.01455922030224923,0.48165742940089734,0.09862846122941912,0.10131853075132265
2020-01-06,0.008168548436439289,-0.21162244285828827,-0.26230568485924766,0.0007594616705441926,0.20896041757984968,0.09230044364820932,0.11665997393164036,0.009386147015524562,0.014543209730046115,0.5045992115637319,0.1075529672840519,0.10136550235220443
2020-01-07,0.013019729493117919,-0.19860271336517035,-0.2622901654845608,0.000380030849674029,0.2132507277846012,0.0990723611238896,0.11417836666071159,0.009345282066909974,0.01453110865454366,0.5406044678055191,0.10714437148379524,0.10144371710499649
2020-01-08,-0.01371449840999533,-0.2123172117751657,-0.2624589563772081,-0.00020468898954684178,0.21120022217186904,0.08224374425108848,0.12895647792078058,0.009409755025945155,0.014518984653167573,0.495391098235449,0.1101751446228663,0.10151222751133777
2020-01-09,0.014553339503898362,-0.19776387227126732,-0.2625762941788198,-0.000599577431785292,0.22757214961943656,0.09160545683793374,0.1359666927815028,0.009523008035735407,0.014497229819450907,0.5393524611739932,0.10710495748178037,0.10153572483308956
2020-01-10,-0.002623844533268262,-0.20038771680453557,-0.2627126405810846,-0.0009805768100515366,0.24167056380423238,0.09152305979688666,0.15014750400734572,0.009526127602241216,0.014479078573054471,0.5303911205073996,0.10158112974423052,0.1015593341623765
2020-01-13,0.00972563543276237,-0.1906620813717732,-0.26285716342049725,-0.0013448819241406729,0.25143646493680866,0.1036496823662551,0.14778678257055355,0.009426143657957619,0.014422248517137963,0.5556434599156118,0.1080106704670285,0.10159519917361665
2020-01-14,0.00016257519983783303,-0.19049950617193537,-0.2630262286623673,-0.0018052447395814353,0.25414260929266447,0.0925879538396536,0.16155465545301087,0.00939524677000867,0.014365986256314627,0.5608409986859395,0.10955368219874147,0.10167961155967717
2020-01-15,-0.004912076759025991,-0.19541158293096136,-0.263174286153495,-0.0022183423867036534,0.25518309074674667,0.07192247125984373,0.18326061948690292,0.009359141075356363,0.014356448656149674,0.5392311743022643,0.105606175446307,0.10178531065413748
2020-01-16,-0.003652191574163081,-0.19906377450512444,-0.2632076697075227,-0.002334562654829009,0.22677266353235534,0.05594391843566988,0.17082874509668547,0.009343877783434519,0.014334475142787068,0.5229839768846861,0.10655031567648744,0.10197016861710292
2020-01-17,-0.002474854017990891,-0.20153862852311533,-0.2632847307161404,-0.002512898385028828,0.20438914755364437,0.050854936981230024,0.15353421057241434,0.00935260934149081,0.014313453581902592,0.5115424973767051,0.11146230982873895,0.1022525750596747
2020-01-20,0.008821292762465805,-0.19271733576064953,-0.26324886717957185,-0.002615014510667202,0.21414822814920748,0.05383407970233641,0.16031414844687106,0.0093848696886968,0.01430210527228017,0.5392079727248885,0.11563066282237355,0.10249751552930354
2020-01-21,-0.01167074876852565,-0.20438808452917517,-0.26340289720565907,-0.00284168098488069,0.19939481822740218,0.05089483180469683,0.14849998642270534,0.009283911858326197,0.014296260784262469,0.5035368090123133,0.11497532689348307,0.10282220311846804
2020-01-22,0.00039185552689378406,-0.2039962290022814,-0.2637293827755081,-0.0031070323259376753,0.2012778571847111,0.07185561770385697,0.12942223948085413,0.009057093808950513,0.014253733750649988,0.49594771241830066,0.12370122458769955,0.10307544150951363
2020-01-23,-0.03440168589524155,-0.23839791489752293,-0.2642581197876823,-0.0035647510605712474,0.15844420706039797,0.021584420329769212,0.13685978673062876,0.009994484964479342,0.014193643565700964,0.3991090146750524,0.11836641958561415,0.10317958653259197
2020-02-03,-0.09292091021659347,-0.3313188251141164,-0.26530868817633996,-0.004428621905168073,0.07154217739903443,-0.07402033783503079,0.14556251523406522,0.015627057313634226,0.014193643565700964,0.2423844537815126,0.13123363709209745,0.10340282681431145
2020-02-04,-0.006081476189186621,-0.33740030130330306,-0.26640981237144645,-0.005277943201881574,0.054599318927703804,-0.08892101412818615,0.14352033305588996,0.015590133817069685,0.014193643565700964,0.2532808398950131,0.15994752621454272,0.10360044055452082
2020-02-05,0.026205503491454216,-0.31119479781184883,-0.2673616993360222,-0.005857937748418973,0.08274588870340885,-0.056096502603347316,0.13884239130675616,0.015969362940075275,0.014253733750649988,0.2869496855345912,0.16554748843874076,0.10367251226624143
2020-02-06,0.02485033860686494,-0.2863444592049839,-0.2682115102856093,-0.006598501694513759,0.11758892606302548,-0.036156116994709005,0.15374504305773448,0.01629789570297776,0.014296260784262469,0.32170949134766647,0.17027423696034422,0.1037621781136836
2020-02-07,0.011535106919655544,-0.2748093522853284,-0.26899997995031383,-0.00710522629757615,0.12329824277464387,-0.03068186819075435,0.1539801109653982,0.016325093049683777,0.01430210527228017,0.3449724337096351,0.16912305923305376,0.1038942517995369
2020-02-10,0.015256923085483272,-0.2595524291998451,-0.2696242775756186,-0.00744708637294339,0.13256806122850232,-0.03405355853451341,0.16662161976301573,0.016419381507270386,0.014313453581902592,0.3656618610747051,0.16138051341559895,0.10403944092974413
2020-02-11,-0.005814685546217222,-0.26536711474606234,-0.2702759957835948,-0.007941159297577494,0.136125970604273,-0.04557612345133475,0.18170209405560775,0.01643706043032991,0.014334475142787068,0.35748031496062993,0.15231514808485658,0.10410934687143215
2020-02-12,0.016202991829273036,-0.2491641229167893,-0.2708065481849137,-0.00850086332566602,0.15059399541081125,-0.037541680058501004,0.18813567546931226,0.016219925065354312,0.014356448656149674,0.3833682008368201,0.15558293575404392,0.10411263213810178
2020-02-13,-0.009338737070968594,-0.2585028599877579,-0.27148042329000327,-0.00919025780544247,0.13697539037843046,-0.05990014662258751,0.19687553700101795,0.016273508347658953,0.014365986256314627,0.3667539267015707,0.1555304428700785,0.10430780726058833
2020-02-14,0.0013791653524598984,-0.257123694635298,-0.2721901989331193,-0.00973124255591118,0.14692072675461731,-0.044806482860132286,0.1917272096147496,0.01626264667953729,0.014422248517137963,0.37460732984293194,0.15146020524021445,0.1045764817690199
2020-02-17,0.0327335195366567,-0.2243901750986413,-0.2727052458120928,-0.010128951633273042,0.18794890594100938,-0.02662630282737395,0.21457520876838332,0.016761057163368176,0.014479078573054471,0.42637075718015666,0.1489067891768906,0.10474129681234988
2020-02-18,0.016200648944839423,-0.20818952615380187,-0.2731753411943576,-0.01046270061327298,0.22464411573721704,-0.007801809349266265,0.23244592508648332,0.01676946850187658,0.014497229819450907,0.45679979117723835,0.14605484616794245,0.10492537659882083
2020-02-19,-0.005493412780670784,-0.21368293893447265,-0.2736105685749091,-0.010753405154411866,0.2345153455746308,-0.023020857562699417,0.2575362031373302,0.016783107943059594,0.014518984653167573,0.4485006518904824,0.14113838835127956,0.10521645861467752
2020-02-20,0.01709347581956779,-0.19658946311490486,-0.27386709814941623,-0.010840869487048932,0.27078599692630745,-0.00608995694296946,0.2768759538692769,0.016784953220424528,0.01453110865454366,0.48760114852518927,0.1348428003039168,0.1055094656076238
2020-02-21,0.009674543933791567,-0.18691491918111328,-0.2741215776654884,-0.010947291511993418,0.2532177749372365,0.008496663749848098,0.24472111118738843,0.01678250441953472,0.014543209730046115,0.5050873989042526,0.1378892600417232,0.1057514508749505
2020-02-24,0.011841892190134443,-0.17507302699097882,-0.2741118517573472,-0.010904182049824518,0.23827665206610518,0.02399074751414562,0.21428590455195956,0.016826977957754174,0.014543209730046115,0.5291666666666667,0.14687130124615794,0.10595974615015746
2020-02-25,-0.0023745630019471257,-0.17744758999292595,-0.2740494663115007,-0.010764735595360286,0.22149569560110857,0.024091038530189388,0.1974046570709192,0.016782234612614393,0.014543209730046115,0.5170706280948658,0.15461475515576548,0.1061272097426173
2020-02-26,-0.015145658477266625,-0.19259324847019257,-0.27387550095894847,-0.010626633779376615,0.18903671996233476,0.00012408729045695552,0.1889126326718778,0.01691889169749915,0.014543209730046115,0.5033854166666667,0.1378377482766799,0.10625186488862243
2020-02-27,0.0019193873624650602,-0.19067386110772752,-0.2737423332919632,-0.01033943608630411,0.18599125249272724,0.013714223421447664,0.1722770290712796,0.016912572881234926,0.01455922030224923,0.5131271120353522,0.13062645652547494,0.10641119598260933
2020-02-28,-0.05419792316181181,-0.24487178426953932,-0.2734959844980013,-0.009766601722493162,0.1328749610714235,-0.04087555526725793,0.17375051633868144,0.018407363997527872,0.014580545227616471,0.41083051288726896,0.13516929457806248,0.10679034304452975
2020-03-02,0.03974788866547712,-0.2051238956040622,-0.2731234842194315,-0.008865364431749179,0.13975556163050493,0.03327401929346074,0.10648154233704418,0.019056089547783494,0.014580545227616471,0.49492583918813426,0.13619981632971828,0.10703452450718587
2020-03-03,0.012075316094403704,-0.19304857950965848,-0.2726823485914265,-0.007373660415086525,0.14779279229203804,0.13827024560445791,0.009522546687580125,0.019100377991005182,0.014580545227616471,0.515340613624545,0.13569829043649254,0.1070543347386603
2020-03-04,0.009886629079616599,-0.18316195043004188,-0.27215054003665584,-0.005740727665209389,0.15510626824328896,0.15423835087326115,0.0008679173700278098,0.01912573489784344,0.014580545227616471,0.54639979204575,0.13879653977284212,0.10708747417865064
2020-03-05,0.017975051631622354,-0.16518689879841952,-0.27169851042500215,-0.0043368110889799305,0.17616007592730795,0.14600789901342928,0.03015217691387867,0.019226432566132316,0.014641617234126516,0.5969334719334719,0.13970236198347868,0.10711046306432688
2020-03-06,-0.0018016133110738402,-0.16698851210949336,-0.2712266225392661,-0.0030151122536568042,0.153353573280219,0.11935594709549051,0.0339976261847285,0.0192338821388547,0.014694159304136506,0.590070184559397,0.1375989438802124,0.10713017006533432
2020-03-09,-0.03285538491212826,-0.19984389702162164,-0.27088202947685897,-0.0018820495265451376,0.07173113873871301,0.07496545526370668,-0.0032343165249936745,0.019742443259939003,0.014694159304136506,0.517160686427457,0.1338653755170859,0.10716915408473576
2020-03-10,0.02033324166300421,-0.17951065535861743,-0.2705425316884584,-0.0009182541128398003,0.09313785446214437,0.08004177384122763,0.013096080620916745,0.01988028246242382,0.01474385567284303,0.564495198546587,0.13753515504470304,0.10725058072505265
2020-03-11,-0.008866371652758595,-0.18837702701137604,-0.2702849099685525,-8.91418495768681e-06,0.08577032089299927,0.07699008773468627,0.008780233158313,0.019928696517495882,0.01479296314052984,0.5471991701244814,0.13482073840172754,0.10735275702993041
2020-03-12,-0.01860833669815942,-0.20698536370953546,-0.26993788609007036,0.0008686620948433199,0.0628248422495931,0.04217875920725381,0.020646083042339294,0.0200955933430288,0.015191830330079592,0.5076603479615684,0.13899579855145508,0.10747562828974186
2020-03-13,-0.01231412636379103,-0.2192994900733265,-0.2696302686946753,0.0018501545953279463,0.044325510874395326,0.039203369914431366,0.00512214095996396,0.02016733535467637,0.015608595565351956,0.4690426638917794,0.14011306886385902,0.10762081210885678
2020-03-16,-0.03849052708208861,-0.2577900171554151,-0.26959917385139415,0.0025910250817251512,-0.012011337436244864,-0.0006663225201171408,-0.011345014916127723,0.02080497093535132,0.015657466941343665,0.38197870682939494,0.14673236410516272,0.10781043578237201
2020-03-17,-0.003277878621598085,-0.26106789577701317,-0.26955566480938126,0.0031495810027115656,-0.041108917310099684,-0.036677720678371925,-0.004431196631727759,0.020763752325922126,0.01582861975456419,0.37808361464554663,0.14502614266540917,0.10781043578237201
2020-03-18,-0.015793795284758397,-0.27686169106177155,-0.2694772245692404,0.0036981166251172093,-0.07874298356525603,-0.06867216490796975,-0.010070818657286276,0.020766952842789295,0.016094644002714792,0.34421980300673927,0.14177014838393395,0.10781043578237201
2020-03-19,0.0064625013999705765,-0.270399189661801,-0.2693325758223244,0.004277992752584725,-0.08967937806096979,-0.05671625072732839,-0.0329631273336414,0.02072094774965805,0.016223158965954353,0.3641558441558442,0.14085553315432167,0.10781043578237201
2020-03-20,0.013817108278905855,-0.2565820813828951,-0.26925183745698134,0.004615260692434897,-0.028243139871076114,-0.05999261826799032,0.03174947839691421,0.020797586883476972,0.01624451977304584,0.39201451905626133,0.14185710799746634,0.10781043578237201
2020-03-23,-0.03935383553646726,-0.2959359169193624,-0.26937553275263665,0.0047460449128517435,-0.10815744515321704,-0.10902099773824915,0.0008635525850321096,0.02138987424364676,0.01626807751359812,0.31689592525304955,0.15197240216459498,0.10781043578237201
2020-03-24,0.018992396807566394,-0.276943520111796,-0.26942467555690797,0.004687176200439236,-0.10793215943397447,-0.1018704931208172,-0.006061666313157271,0.021515219671090425,0.01626807751359812,0.357864731795802,0.1538301481211698,0.10781043578237201
2020-03-25,0.022683696957235263,-0.25425982315456075,-0.2693294344481179,0.004720031863382768,-0.06599788852824695,-0.0768122331616348,0.010814344633387846,0.02155123757550909,0.01626807751359812,0.3994818652849741,0.13283674449046243,0.10781043578237201
2020-03-26,-0.009949132734810837,-0.2642089558893716,-0.2692879430414531,0.004587557917495377,-0.046756187677157494,-0.07161570741917903,0.02485951974202153,0.02149399245514089,0.01626807751359812,0.37496760818864994,0.13624797813588957,0.10781043578237201
2020-03-27,-0.004238573993649972,-0.26844752988302156,-0.2691935180116233,0.004548815280339902,-0.06674094158047612,-0.07777366877529406,0.011032727194817932,0.021497536126295746,0.01626807751359812,0.3664853664853665,0.13314265491697969,0.10781043578237201
2020-03-30,-0.021886608964198702,-0.29033413884722026,-0.26912721851723354,0.0043687659807677415,-0.11177510560151485,-0.04546235457768094,-0.06631275102383391,0.02164451604496919,0.01626807751359812,0.3200928553004901,0.1400209766652405,0.10781043578237201
2020-03-31,-0.00026181455037409853,-0.29059595339759436,-0.26906770270106967,0.004055781518361834,-0.1162996414486653,-0.08547205779353216,-0.030827583655133134,0.02163059369872787,0.01626807751359812,0.3142635257571835,0.137712783527055,0.10781043578237201
2020-04-01,-0.005322798250533752,-0.29591875164812814,-0.2689099173309101,0.0037724312605164068,-0.1228003152965636,-0.10287017213846962,-0.01993014315809398,0.021626821026257383,0.01626807751359812,0.30296774193548387,0.12923520580614686,0.10781043578237201
2020-04-02,0.020807187065682856,-0.2751115645824453,-0.26870225267447007,0.0034482873621857757,-0.11335405109320267,-0.09194961415240335,-0.021404436940799312,0.021788857046413382,0.01626807751359812,0.3365136668385766,0.11838216634526845,0.10781043578237201
2020-04-03,-0.005111455562539787,-0.28022302014498507,-0.2686949200343806,0.0030035903906215355,-0.12353656234705378,-0.1150361213465655,-0.008500441000488274,0.02165041704824567,0.01626807751359812,0.32894736842105265,0.12056984570275726,0.10781043578237201
2020-04-07,0.029588354383726347,-0.2506346657612587,-0.2685208461900934,0.002705776349172684,-0.08483458105584026,-0.08364615365176531,-0.001188427404074946,0.021990999870518634,0.01626807751359812,0.3866804336602994,0.11629784250410767,0.10781043578237201
2020-04-08,0.004776220108590688,-0.245858445652668,-0.26835862323672516,0.0025234062401338075,-0.053471381953082146,-0.04601454863104636,-0.007456833322035783,0.021972651726889184,0.01626807751359812,0.4016477857878476,0.12127000783101712,0.10781043578237201
2020-04-09,0.007965151554412422,-0.2378932940982556,-0.2680466241837483,0.002495907504710071,-0.051766867298683156,-0.05838263873963816,0.006615771440955001,0.021929310235359333,0.01626807751359812,0.4218266253869969,0.11408354974907327,0.10781043578237201
2020-04-10,-0.023249564632229824,-0.2611428587304854,-0.26785408486095785,0.0024308251075946252,-0.06125281565612811,-0.07276583171910939,0.011513016062981274,0.022059717006894616,0.01626807751359812,0.36920700308959836,0.11854112632321648,0.10781043578237201
2020-04-13,-0.0086945928455277,-0.26983745157601313,-0.267701948656029,0.0022359374340413796,-0.09625537226427541,-0.06285208786647765,-0.03340328439779776,0.021989283877464506,0.01626807751359812,0.35077319587628863,0.13181960685518623,0.10794560339062968
2020-04-14,0.01773637676645849,-0.2521010748095546,-0.26753112826712616,0.002099140427549162,-0.11340195977708421,-0.03280158473622814,-0.08060037504085607,0.02212364626231931,0.01626807751359812,0.3869889431730522,0.12385221028850092,0.10794560339062968
2020-04-15,-0.005723534939004688,-0.2578246097485593,-0.26746269239385456,0.002136481457539585,-0.12517409728587267,-3.459259314422033e-05,-0.12513950469272844,0.02208820901927464,0.01626807751359812,0.3747422680412371,0.11948718331734416,0.10794560339062968
2020-04-16,0.003975831920683084,-0.25384877782787624,-0.2674691209614846,0.002086543847896638,-0.1326436304453018,0.0072191179491369484,-0.13986274839443877,0.022097444086861824,0.01626807751359812,0.38234539389273803,0.1189218550668808,0.10794560339062968
2020-04-17,0.0003003382181156421,-0.2535484396097606,-0.26747105097308127,0.002006173596159122,-0.13637297732775008,0.023313251452010984,-0.15968622877976107,0.022092272103631672,0.01626807751359812,0.38193018480492813,0.11989971401869672,0.10794560339062968
2020-04-20,0.011543508660252645,-0.24200493094950795,-0.26736961937726716,0.001962956445057229,-0.12118752605280196,0.028394258712293056,-0.149581784765095,0.022148020530103014,0.01626807751359812,0.40548155737704916,0.12185855482896743,0.10794560339062968
2020-04-21,-0.00400314457281027,-0.2460080755223182,-0.26728609177269064,0.0019657456842906984,-0.12962580623476075,0.01057400586057693,-0.1401998120953377,0.022150956582924042,0.01626807751359812,0.39399383983572894,0.12116274086743914,0.10794560339062968
2020-04-22,0.00977652048425077,-0.23623155503806745,-0.26718192984385336,0.0021936029087832876,-0.11911613569364322,0.05970436188129496,-0.17882049757493818,0.02215828790966647,0.01626807751359812,0.4124872057318321,0.1241424655902252,0.10794560339062968
2020-04-23,-0.004115071817114477,-0.24034662685518193,-0.267031535899024,0.002393139657883958,-0.10565372271629009,0.03659689325661409,-0.14225061597290417,0.022116459452181676,0.01626807751359812,0.40789136561619266,0.12808393055217016,0.10794560339062968
2020-04-24,-0.0175197915826133,-0.25786641843779523,-0.2671061492924366,0.0022232851556813205,-0.12284294528697273,-0.0036065952832344747,-0.11923635000373825,0.02222348053842006,0.01626807751359812,0.3759302027200411,0.11987137525631077,0.10794560339062968
2020-04-27,-0.006273651821111061,-0.2641400702589063,-0.267213677851322,0.002074265190131097,-0.1210864276058942,6.888563046530093e-05,-0.1211553132363595,0.02179733585588512,0.01626807751359812,0.3650141279219111,0.12525287163490922,0.10794560339062968
2020-04-28,-0.02117237350314008,-0.28531244376204634,-0.2673778721118877,0.0018156458997355962,-0.16158460479220524,-0.016864913879024807,-0.14471969091318043,0.0183294007022013,0.01626807751359812,0.32519280205655526,0.1327728256851911,0.10794560339062968
2020-04-29,-0.0010039661563057852,-0.2863164099183521,-0.2675294745652894,0.0015977439519441194,-0.17114784390626195,0.00401772892886811,-0.17516557283513007,0.018308956866511836,0.01626807751359812,0.32577319587628867,0.13327093683800365,0.10794560339062968
2020-04-30,0.02079895685565159,-0.2655174530627005,-0.267594678381645,0.0014730243194246428,-0.14413665375876827,0.0250785003348938,-0.16921515409366208,0.018195009304946635,0.01626807751359812,0.35767935767935766,0.1291697249057198,0.10794560339062968
2020-05-06,0.016551528764268023,-0.2489659242984325,-0.2674010116035905,0.0015089057273195983,-0.13479547459758373,0.04695282734969558,-0.1817483019472793,0.01803966673447758,0.01626807751359812,0.3808296830713734,0.12861868235105503,0.10794560339062968
2020-05-07,-0.002341237904270636,-0.25130716220270316,-0.2672371047173489,0.00146514795712116,-0.12466969937853044,0.02380440237974208,-0.14847410175827253,0.01798626958103796,0.01626807751359812,0.3820340733092411,0.12491216042668013,0.10794560339062968
2020-05-08,0.010345884570311171,-0.240961277632392,-0.2669896988359518,0.001705221198428808,-0.09567772941890688,0.03926174251259304,-0.1349394719314999,0.01792855723425003,0.01626807751359812,0.4,0.13142594970806248,0.10794560339062968
2020-05-11,-9.987365368504029e-05,-0.24106115128607705,-0.2667452659950035,0.001775580195089943,-0.10504213531939312,0.009573514475181653,-0.11461564979457477,0.01791063990975221,0.01626807751359812,0.40154241645244215,0.136214561125806,0.10794560339062968
2020-05-12,-0.0010081696973949937,-0.24206932098347206,-0.266520189175277,0.0018384340614481798,-0.0650511123642637,0.0037891246691959713,-0.06884023703345966,0.017790759910141882,0.01626807751359812,0.4036082474226804,0.13616222347491666,0.10794560339062968
2020-05-13,0.005372987663123102,-0.23669633332034895,-0.26631205950655773,0.0017345646771905754,-0.04677165415811659,0.00119696077790665,-0.047968614936023245,0.01775956541774629,0.01626807751359812,0.4072072072072072,0.14101453660765348,0.10794560339062968
2020-05-14,-0.007487305423651736,-0.24418363874400068,-0.2661575441279041,0.001696540733053753,-0.016797319763370167,0.01695921998648474,-0.0337565397498549,0.017787836241236036,0.01626807751359812,0.3948929584730462,0.13876357026041664,0.10794560339062968
2020-05-15,0.0022034353236451178,-0.24198020342035556,-0.2659933721216971,0.0017085765343318737,-0.024672808915570502,0.027857248155657554,-0.052530057071228056,0.017271032733407434,0.01626807751359812,0.3925449871465296,0.13838052993131486,0.10794560339062968
2020-05-18,-0.004432504463577408,-0.24641270788393296,-0.2657613626280353,0.00176976563909087,0.04772883517799121,0.00568836692562166,0.042040468252369546,0.017141988504389596,0.01626807751359812,0.3868556701030928,0.13925706890631337,0.10794560339062968
2020-05-19,0.010965139873280625,-0.23544756801065234,-0.2655012152302329,0.001961477163621661,0.044176383307368575,0.022377041737906972,0.021799341569461603,0.017194564740697634,0.01626807751359812,0.4062902810002578,0.14632251428656826,0.10794560339062968
2020-05-20,-0.007636080263546322,-0.24308364827419865,-0.26513380614342696,0.0023353148180576544,0.038192056836459466,0.010765129553677567,0.0274269272827819,0.017064940590452278,0.01626807751359812,0.3931425625161124,0.14555944349750238,0.10794560339062968
2020-05-21,-0.009027306455964083,-0.2521109547301627,-0.2648727006326412,0.002598350340440092,0.037412706653999296,0.0014374848795978435,0.035975221774401454,0.017041624784384205,0.01626807751359812,0.3776458440887971,0.140429701586815,0.10794560339062968
2020-05-22,-0.016068561041614738,-0.26817951577177745,-0.26475629340004675,0.0026133259772204154,-0.012586694642611012,-0.026174584822269538,0.013587890179658526,0.017063655266485945,0.01626807751359812,0.34761290322580646,0.14535931542617544,0.10794560339062968
2020-05-25,-0.0014360293046068449,-0.2696155450763843,-0.2646631544959044,0.0026229372767862524,-0.008249455819688034,-0.023607469554066115,0.015358013734378081,0.0170633184067786,0.01626807751359812,0.3433719433719434,0.1468467453907883,0.10794560339062968
2020-05-26,0.02067796711458424,-0.24893757796180005,-0.2644682848369493,0.002713645006904075,0.01982493154125293,-0.012706022923732647,0.03253095446498558,0.017205197987359807,0.01626807751359812,0.374806800618238,0.1500610427130701,0.10794560339062968
2020-05-27,-0.0022009831236694958,-0.25113856108546956,-0.26428359488318576,0.002747941015838251,-0.003728348046734207,-0.010791934230287663,0.0070635861835534565,0.017201818045508063,0.01626807751359812,0.3745163786432809,0.14944888774630435,0.10794560339062968
2020-05-28,-0.0032305317141028667,-0.2543690927995724,-0.2641402584490969,0.0029658908433397024,-0.014467721807026547,0.00349732563822277,-0.017965047445249318,0.01572577569149057,0.0162412858724458,0.3696437790397522,0.1460576082304855,0.10794560339062968
2020-05-29,0.0076453014134287775,-0.24672379138614364,-0.2639281552729797,0.0032855225783423037,0.029666348019835212,0.01741627887276261,0.012250069147072603,0.014867732104261802,0.016094644002714792,0.37906976744186044,0.1417379500443849,0.10794560339062968
2020-06-01,0.02701610214770697,-0.21970768923843667,-0.2635676850536897,0.003810187058197967,0.061115279913886544,0.06560475452360966,-0.0044894746097231125,0.015206472707829094,0.015847569315782923,0.43598347960764067,0.13782479963413927,0.10794560339062968
2020-06-02,0.00544542807089206,-0.2142622611675446,-0.2631021467126427,0.004427327852646712,0.04974672464410215,0.0720541487508075,-0.022307424106705345,0.01516608829697478,0.0156764165025624,0.45074780814853016,0.13094881896770177,0.10794560339062968
2020-06-03,0.0009596516096930803,-0.21330260955785152,-0.26258047832813713,0.005014200053507889,0.05646709462174937,0.05221484350484899,0.004252251116900377,0.014972266677435064,0.015608595565351956,0.44761904761904764,0.13266770331636585,0.10794560339062968
2020-06-04,0.00388407063454154,-0.20941853892330997,-0.2618942390098614,0.005506772593729059,0.08313120016662633,0.039547385375122514,0.04358381479150381,0.014983820558426064,0.01539830326244939,0.4557157569515963,0.12978843539156038,0.10794560339062968
2020-06-05,8.83131701766192e-05,-0.20933022575313334,-0.261192244685371,0.0060448600319779056,0.08999871329186959,0.04197693644956976,0.04802177684229983,0.014377132616241758,0.015186280502401936,0.44630440381148595,0.1300731088678873,0.10794560339062968
2020-06-08,-0.0010825206710635704,-0.2104127464241969,-0.26052320635861487,0.006466492477336938,0.06231700802730448,0.03054853120819502,0.03176847681910946,0.014123384812279908,0.015074954427700422,0.44736164736164735,0.12476171383977028,0.10794560339062968
2020-06-09,0.004915129458841851,-0.20549761696535507,-0.2597717920706552,0.006973473924348272,0.06569924082295035,0.035563534320721915,0.030135706502228438,0.014097304873225755,0.014978043617930564,0.4567233384853168,0.12476586253600869,0.10794560339062968
2020-06-10,-0.0024453198768278565,-0.20794293684218293,-0.2591125349894443,0.007407654185832668,0.05917202241534648,0.034126384141289046,0.02504563827405743,0.013894204152079958,0.014919999390848433,0.44681397738951695,0.1229930402633955,0.10794560339062968
2020-06-11,-0.0031168767486542902,-0.21105981359083723,-0.25844325217995656,0.007868807326601168,0.062248231321738394,0.025636519729511656,0.03661171159222674,0.01380668383297069,0.014830629473675649,0.43930041152263377,0.12398196747367783,0.10794560339062968
2020-06-12,0.00043396855383905146,-0.21062584503699816,-0.25780179188101254,0.008355752246891557,0.06188139218533614,0.033557793707002445,0.028323598478333697,0.012841650629125498,0.01479296314052984,0.43401080524826346,0.1246209754141014,0.10794560339062968
2020-06-15,-0.0019234445753112828,-0.21254928961230946,-0.2571851772559706,0.008808194865726482,0.07478324623667582,0.029430913808046043,0.04535233242862977,0.012835574689638819,0.01474385567284303,0.425564681724846,0.12768581848537713,0.10794560339062968
2020-06-16,0.01601381086186272,-0.19653547875044675,-0.25650984097882906,0.009251521649206229,0.10705855897472727,0.049877229133486176,0.057181329841241094,0.012795033968250161,0.014694159304136506,0.4611438830469351,0.12874810616604887,0.10794560339062968
2020-06-17,0.004311134851596872,-0.19222434389884988,-0.25595883663905084,0.009542378591182066,0.11027477273151128,0.04322322411180242,0.06705154861970886,0.012783441322878336,0.014641617234126516,0.4756160164271047,0.1271275704419104,0.10794560339062968
2020-06-18,-0.0012806343119269147,-0.19350497821077678,-0.2554259779513726,0.009707828192054346,0.1339708474692716,0.04957867006342182,0.08439217740584978,0.012681119414765312,0.014580545227616471,0.47384615384615386,0.1235464311068151,0.10794560339062968
2020-06-19,0.004354304589868518,-0.18915067362090826,-0.25487228467150863,0.010000415961132547,0.12749382224953945,0.06296028110925443,0.06453354114028502,0.011523250431621493,0.014473997651889404,0.47793740379681887,0.12403393608317811,0.10794560339062968
2020-06-22,0.0023729614243344506,-0.1867777121965738,-0.25432651830461117,0.010429775095435578,0.09491183596629565,0.08140180357520362,0.013510032391092039,0.011300072091662271,0.014338127748105408,0.4776042999744049,0.1267352572561958,0.10794560339062968
2020-06-23,-0.0010853062861652582,-0.18786301848273906,-0.2537705706542056,0.010892583841698777,0.09758641613596844,0.0817525265936452,0.015833889542323246,0.010956351146945932,0.014296260784262469,0.4753007422574866,0.12941022050198767,0.10794560339062968
2020-06-24,-0.002182187456025774,-0.19004520593876484,-0.25319012165554633,0.011278163181402956,0.08825783038754337,0.05889237202303519,0.029365458364508178,0.010869049091593246,0.014219955716377795,0.4704376759662145,0.13552877475505803,0.10794560339062968
2020-06-29,-0.0057245637747748435,-0.19576976971353968,-0.252730166015149,0.01155342886803673,0.10452333498008806,0.05536879137192984,0.04915454360815822,0.010883418683210225,0.014134948778239809,0.45185185185185184,0.13986062998774157,0.10794560339062968
2020-06-30,0.014879617345019412,-0.18089015236852027,-0.2521962122666549,0.011944046182441992,0.11876057092006448,0.07347894043105212,0.04528163048901236,0.010592017996969768,0.014110344842752831,0.4768245838668374,0.13947490921884056,0.10794560339062968
2020-07-01,0.004487787884461942,-0.17640236448405833,-0.2516337430158939,0.012294412257085774,0.12386232807771945,0.07032142690208527,0.053540901175634176,0.01059391286952127,0.013995754512652857,0.48989511383985673,0.13337227723932887,0.10794560339062968
2020-07-02,0.013712069620455559,-0.16269029486360276,-0.25092937707204277,0.012638307981646946,0.12357485772651772,0.05701739437483387,0.06655746335168385,0.010658666384172802,0.013851967514170005,0.5330272889568988,0.13289491411460655,0.10794560339062968
2020-07-03,0.011337576750521569,-0.15135271811308118,-0.2502822325722664,0.01281991414037631,0.12015906628980243,0.06290954305446338,0.05724952323533905,0.010446785315997225,0.013808207354615371,0.5708077709611452,0.13208410066584744,0.10794560339062968
2020-07-06,0.03760699194572162,-0.11374572616735956,-0.2494811730652367,0.01309930526290043,0.13881733813450506,0.09955688339049193,0.03926045474401313,0.011364904591405505,0.013776735211493437,0.6845859872611465,0.1368942005864295,0.10794560339062968
2020-07-07,0.009647629909551161,-0.1040980962578084,-0.24867142090169228,0.013222818108169138,0.14906434103261673,0.10532044266550153,0.0437438983671152,0.010847273416530995,0.013745208034675157,0.6903061224489796,0.14189862673324327,0.10794560339062968
2020-07-08,0.02048265241645528,-0.08361544384135312,-0.24780235439871967,0.01338989028665133,0.1786758062709704,0.1257147819117802,0.0529610243591902,0.011091326158560335,0.013660916677598759,0.7367617107942973,0.14430649027736375,0.10794560339062968
2020-07-09,0.02534457078928772,-0.05827087305206541,-0.24682622503972101,0.013696981318893853,0.20444272338556285,0.15214187337213148,0.05230085001343138,0.011452120936091935,0.013577201163774784,0.7869144602851323,0.1438716475241652,0.10798483130860276
2020-07-10,-0.006611541455152598,-0.064882414507218,-0.2459831458157498,0.013788646254905418,0.19218152629830146,0.14061520245813705,0.05156632384016441,0.010998344346313912,0.013516922544349417,0.7463712757830405,0.14541968933758032,0.1081276584198288
2020-07-13,0.03174104649017756,-0.03314136801704044,-0.24499364095299633,0.014118894036447976,0.23728404780402346,0.17480156882514247,0.062482478978880984,0.011480984999793633,0.013414478500826919,0.8075260615306382,0.14798482732461074,0.10825210865824708
2020-07-14,-0.00472370470097152,-0.03786507271801196,-0.24400035202012102,0.014442900159835542,0.20507866703726416,0.17319474087282521,0.03188392616443894,0.011389485059760328,0.013367754234937565,0.7965972574911122,0.15396258219758782,0.10831927791342683
2020-07-15,-0.025886532658389597,-0.06375160537640157,-0.24316493821700746,0.014636853664005078,0.17888275310541868,0.1468742396605966,0.032008513444822084,0.011951928978870416,0.013363065666700785,0.7512716174974567,0.14536921079061194,0.10852007848432724
2020-07-16,-0.045741417342296434,-0.109493022718698,-0.24257737823891168,0.014607799017058942,0.14298056893020636,0.10305626689361141,0.039924302036594944,0.01352020892314923,0.013363065666700785,0.6630213631739573,0.14323967748299,0.10892786644084956
2020-07-17,0.0008796541532567918,-0.10861336856544121,-0.24187355585891213,0.014636285119916936,0.14738255067256628,0.08792211018500551,0.05946044048756077,0.013518886549550047,0.013363065666700785,0.660664468678671,0.14694993211836885,0.10931815699969558
2020-07-20,0.03331654012181078,-0.07529682844363042,-0.241009273658898,0.014949562980152847,0.17717986134794814,0.11692751545521941,0.06025234589272872,0.014049854511155847,0.013363065666700785,0.7437722419928826,0.14338970161130488,0.10949771770104968
2020-07-21,0.0039637748199072165,-0.0713330536237232,-0.24017804764576048,0.01524793030561214,0.2163662262856187,0.12217192458705355,0.09419430169856514,0.014022296475931803,0.013363065666700785,0.7456251585087497,0.14406950205660649,0.10978201386579811
2020-07-22,0.004663078693616388,-0.06666997493010682,-0.2393269546829794,0.015545329988529227,0.21741856452091302,0.12248069869080142,0.0949378658301116,0.01399537713605454,0.013363065666700785,0.7491765898150494,0.14499935006935405,0.11009274507786052
2020-07-23,-0.0025989981175741687,-0.06926897304768098,-0.23844645487331118,0.015880063431299996,0.22117348086413727,0.1175087391488928,0.10366474171524447,0.013983996924090747,0.013363065666700785,0.7342125285315749,0.1507587422124126,0.11078452881990386
2020-07-24,-0.04126863530408194,-0.11053760835176292,-0.2377845702437386,0.015986000410466994,0.17941011112397326,0.07732541013097612,0.10208470099299714,0.014877901339050916,0.013363065666700785,0.6476697061803445,0.1551815855208124,0.11142811142284018
2020-07-27,-0.004396469583089168,-0.1149340779348521,-0.23705105052759698,0.01613907112794935,0.17215060699391824,0.07511112800391272,0.09703947899000552,0.014861198304050192,0.013363065666700785,0.6389792344258194,0.16141647628174963,0.11261228233375695
2020-07-28,0.011458889874934944,-0.10347518805991715,-0.2361205699377538,0.016609596077395233,0.17484707900428323,0.0922945816536225,0.08255249735066073,0.014575028052255147,0.013363065666700785,0.668925702811245,0.1563467665816614,0.11391001179798863
2020-07-29,0.02458361751467477,-0.07889157054524237,-0.2351107604315834,0.017085451835071486,0.19619514392948162,0.10199858182327787,0.09419656210620375,0.014827137748893033,0.013363065666700785,0.7084898572501879,0.15845943741947727,0.11407065925313778
2020-07-30,-9.916458710798346e-05,-0.07899073513235036,-0.23404790972324385,0.017585833292650066,0.19582386952940153,0.09741162935170794,0.0984122401776936,0.014657342793249884,0.013363065666700785,0.705305506663314,0.15934711206455357,0.11452943832127817
2020-07-31,0.011908511530005708,-0.06708222360234466,-0.23293066751019698,0.017998709561845794,0.22573238301396148,0.09560807126125809,0.1301243117527034,0.014597302189943089,0.013363065666700785,0.7254705144291091,0.16640204672493208,0.1153029948579283
2020-08-03,0.028465665243998656,-0.038616558358346,-0.23171748365211525,0.018564748920151142,0.24886048921278503,0.1127361597547352,0.13612432945804984,0.014942835597170167,0.013363065666700785,0.76925,0.1681516859239426,0.11596425266324062
2020-08-04,-0.005028379499108955,-0.043644937857454956,-0.23058986882312651,0.01889130424211019,0.2729205277779178,0.07010078830990461,0.20281973946801318,0.014956047656418416,0.013363065666700785,0.7669756953144575,0.1644229835927949,0.11733213104486091
2020-08-05,0.010112022241067326,-0.03353291561638763,-0.22942176462739902,0.01924965627429326,0.27079914127094007,0.07056518064142077,0.20023396062951931,0.014974926786453934,0.013363065666700785,0.772215269086358,0.16456453265179544,0.1183742929654413
2020-08-06,-0.0018529926553902656,-0.0353859082717779,-0.22833672335205502,0.019465631046664655,0.2560750540188823,0.04822953556957523,0.20784551844930707,0.014979594559844598,0.013363065666700785,0.7697318967677274,0.16484390430307225,0.11846164633424247
2020-08-07,-0.013216284058196267,-0.04860219232997417,-0.22726266032658368,0.019563564713137332,0.23964113357488365,0.009668680722091238,0.22997245285279241,0.01513051611637689,0.013363065666700785,0.742549461557726,0.1645232496691252,0.11873149069504864
2020-08-10,0.007572208711842674,-0.041029983618131496,-0.22611830259482824,0.019864843220921552,0.24688152613469014,0.023852430889086507,0.22302909524560363,0.015076132856551782,0.013363065666700785,0.7723861930965483,0.16174552430237138,0.11920451919211247
2020-08-11,-0.018664382521869693,-0.05969436614000119,-0.22505659797617647,0.019937042976819863,0.22838218569816854,-0.026552998122960747,0.2549351838211293,0.015342229229219333,0.013363065666700785,0.7379344836209052,0.15517384213435792,0.11967927928682746
2020-08-12,-0.006729961407403325,-0.06642432754740452,-0.22396805890845634,0.020032293111664684,0.21661205206994516,-0.028559254829392554,0.24517130689933772,0.015364041760526095,0.013363065666700785,0.733983983983984,0.14813673716184203,0.11988554463750374
2020-08-13,0.005758209256469011,-0.0606661182909355,-0.22282855782685626,0.020336380390151204,0.2284783083186463,0.003085487085466055,0.22539282123318025,0.015332961809641867,0.013363065666700785,0.7504380475594493,0.14692251897255437,0.12023477986072699
2020-08-14,0.006595098124832226,-0.054071020166103274,-0.22170865008459673,0.020868728154314953,0.2377307129303284,0.05542200255259472,0.1823087103777337,0.015276980565847887,0.013363065666700785,0.7662337662337663,0.14157700656514008,0.12086629328509821
2020-08-17,0.018088168752676118,-0.03598285141342716,-0.22047274463944888,0.021400811219463245,0.27138707796351735,0.07263051715201405,0.1987565608115033,0.015311665269769468,0.013363065666700785,0.7938092860708936,0.13618225194804887,0.12121637434922813
2020-08-18,0.007553750506659738,-0.028429100906767417,-0.21919450832080198,0.02181476533809601,0.2892071855521939,0.046867727536862996,0.24233945801533088,0.015099532633747604,0.013363065666700785,0.7997506234413965,0.14057052362418543,0.12156428132999228
2020-08-19,-0.015364959977015867,-0.043794060883783285,-0.2180221233838832,0.02215592426187729,0.3028723416946777,0.027538992739939917,0.27533334895473777,0.015290330972156449,0.013363065666700785,0.7768904417269777,0.13855138723295016,0.12242579754618146
2020-08-20,-0.011516968551883553,-0.05531102943566684,-0.2169963434736576,0.02233061120932181,0.2944180612155495,0.011358945494439972,0.2830591157211095,0.015251557112777097,0.013363065666700785,0.7576740703768405,0.13440665704304144,0.1232697356851053
2020-08-21,0.0060676874786398894,-0.049243341957026954,-0.21586711946464646,0.02257933540866472,0.29497706981840405,0.02002563109065403,0.27495143872775,0.015239030426422596,0.013363065666700785,0.7662758792716388,0.13872237823379982,0.12362382784725733
2020-08-24,0.004742406265206572,-0.044500935691820384,-0.21464848370502004,0.02313608653871857,0.31127953886545834,0.06603667265994254,0.2452428662055158,0.015215287177419257,0.013363065666700785,0.7711590965500124,0.12244055924053132,0.12362382784725733
2020-08-25,0.0005580431889811291,-0.043942892502839254,-0.21336684630187897,0.023684204225718014,0.2958514605815312,0.07099118543201284,0.2248602751495184,0.015210052516105738,0.013363065666700785,0.769192546583851,0.11944528857544781,0.12362382784725733
2020-08-26,-0.020761886480969802,-0.06470477898380905,-0.21223517926024818,0.023885390677505614,0.2802115965045706,0.03877040907610809,0.24144118742846252,0.015202299942755609,0.013363065666700785,0.732390873015873,0.12328418296137741,0.12362382784725733
2020-08-27,0.01124632067981616,-0.053458458303992894,-0.2110611231416519,0.024049637289931508,0.2854594465218128,0.02543311224124948,0.2600263342805633,0.015239211160526974,0.013363065666700785,0.7554563492063492,0.12715767306609055,0.12377671743810023
2020-08-28,0.008484800847132403,-0.044973657456860494,-0.2098492018374391,0.02419870788580475,0.2908985571638309,0.034017077675489865,0.25688147948834106,0.015255769241280538,0.013363065666700785,0.7657992565055762,0.1242083386347127,0.12391708888108938
2020-08-31,0.001614400434069013,-0.04335925702279148,-0.20858640074659657,0.02434426676360041,0.28824347715596627,0.023722966579553174,0.26452051057641307,0.015255863380185378,0.013367754234937565,0.7585951026465496,0.13619097670754823,0.12400795177842797
2020-09-01,0.005215084978945525,-0.03814417204384596,-0.20733040723527058,0.024387076416844677,0.26428103981065626,0.0004723863145000432,0.26380865349615623,0.015254959550201563,0.013367754234937565,0.7611386138613861,0.13376887839405419,0.12408820083670166
2020-09-02,0.004758985808056758,-0.0333851862357892,-0.20604159923710888,0.024548269586017635,0.26669152951062447,0.010259751621665756,0.2564317778889587,0.015248055292531542,0.013414478500826919,0.7688888888888888,0.13964052316939363,0.12417540211246894
2020-09-03,-0.009114681920000456,-0.042499868155789655,-0.20467411313147432,0.0247476514959247,0.2573894614379107,-0.008966952539402025,0.26635641397731274,0.015324797304731566,0.01348826659328135,0.7548753394223648,0.13860750218164017,0.12441465702440704
2020-09-04,0.0013630426345941093,-0.04113682552119555,-0.2033153217387101,0.02502140161334493,0.2547941600548765,-0.00575091724941765,0.26054507730429416,0.015310935543090152,0.013519547736349637,0.7590897848132575,0.14057196215750012,0.12469134462693585
2020-09-07,-0.011356603680012992,-0.05249342920120854,-0.20199512258506888,0.0252675377415148,0.24655911936264108,-0.0038912368712343747,0.25045035623387546,0.01540140903753556,0.013663446378059961,0.7406674907292954,0.14733829042302243,0.12476378818788948
2020-09-08,0.008985760825353654,-0.04350766837585488,-0.20065973503820506,0.02545856755662318,0.262627337294755,-0.0024776847577233935,0.26510502205247843,0.015420180707747892,0.013850443992525325,0.7638613861386139,0.15845510066704224,0.12483901148134441
2020-09-09,-0.026806258604639106,-0.07031392698049399,-0.1993970362923285,0.025659561683847976,0.21744697081251982,-0.010619560840492804,0.22806653165301263,0.015876806119947243,0.013939100538085353,0.7309217046580773,0.1469395364970867,0.12508251603079468
2020-09-10,-0.03901653749871243,-0.10933046447920641,-0.1983641006732869,0.02560395823516942,0.17835043758813235,-0.04290613693180191,0.22125657451993425,0.01664616301262904,0.013989687030072643,0.6283098243009156,0.12871915883820637,0.1259940644455525
2020-09-11,0.013971333999442602,-0.09535913047976381,-0.1973461797348919,0.025482378091964353,0.1935370841564905,-0.03469301218882832,0.22823009634531882,0.01672082139127799,0.014008836805993172,0.6506798516687268,0.12755806044264065,0.1269314138490531
2020-09-14,0.015301899650808139,-0.08005723082895567,-0.19622024880598798,0.02548840127860874,0.22350625280488182,-0.025986210662852404,0.2494924634677342,0.016808971049602738,0.014036075493543826,0.6765505312577218,0.1406383281614429,0.12714262175400048
2020-09-15,0.0028011515732702047,-0.07725607925568546,-0.19507728800938764,0.025395456630061236,0.20352553881267532,-0.04127322784225832,0.24479876665493364,0.01680630865425472,0.0140735796921908,0.6772198862231017,0.1372198109602007,0.1273578667543656
2020-09-16,-0.005948996603312294,-0.08320507585899775,-0.19392279556288647,0.02527171275791551,0.19075255171429675,-0.054775974952230355,0.2455285266665271,0.016836357648476855,0.014110344842752831,0.6516383345651638,0.13738805144477648,0.1276219394640089
2020-09-17,0.0033210221485090413,-0.0798840537104887,-0.1927359535261317,0.025286169857751478,0.18616447525620397,-0.03608999282670544,0.2222544680829094,0.01683349596322861,0.014250258714260833,0.6556650246305419,0.1292001957455491,0.12788487451877364
2020-09-18,0.012255811648389767,-0.06762824206209894,-0.19148057949489675,0.025515763978760847,0.18980050237377208,-0.012317212626432122,0.2021177150002042,0.016878745351852034,0.014476080334248452,0.6852579852579852,0.12388883372345265,0.12788487451877364
2020-09-21,-0.0017400057187267938,-0.06936824778082573,-0.1902275256746994,0.02563959378994707,0.18412849707097548,-0.020124905823798805,0.20425340289477428,0.01685549941051528,0.014586165121099118,0.6817622446468127,0.11897756055914546,0.12788487451877364
2020-09-22,-0.015071706368909608,-0.08443995414973535,-0.1890350787654996,0.02561340493952044,0.1490583051517229,-0.03993901845791499,0.1889973236096379,0.016914221350471728,0.014627322491596487,0.6361404370243064,0.12160889488940926,0.12788487451877364
2020-09-23,0.006973144839116718,-0.07746680931061863,-0.18781378523916828,0.025553061062710686,0.1535755312571129,-0.0335239168077794,0.18709944806489232,0.016924434882539873,0.014742240271071459,0.644138608994839,0.12139708587983997,0.12788487451877364
2020-09-24,-0.0267155884382171,-0.10418239774883573,-0.1867308342818584,0.02550434497838977,0.13234046154424037,-0.0394776187650267,0.17181808030926707,0.01723788672343502,0.014844168026471613,0.5731137871712951,0.1130784034811063,0.12788487451877364
2020-09-25,-0.005438698962633875,-0.1096210967114696,-0.18570639925171048,0.025354723889941422,0.12121326928763751,-0.056162638407476734,0.17737590769511424,0.01720297856183612,0.014864465204155998,0.5569713305562363,0.11584777243292474,0.12788487451877364
2020-09-28,-0.014702178114456364,-0.12432327482592598,-0.18476213323456164,0.02508706860287746,0.10268174351192892,-0.0793496173690655,0.18203136088099442,0.016616121811283507,0.01487281672165636,0.5129774730656219,0.11904391931564531,0.12788487451877364
2020-09-29,0.007008165596571206,-0.11731510922935477,-0.1838290943481759,0.024757306398420664,0.13206273533600477,-0.0739558522065633,0.20601858754256808,0.016593150318824627,0.014910368468110542,0.531410413101931,0.11643614465628938,0.12788487451877364
2020-09-30,-0.0019491120623440898,-0.11926422129169886,-0.18293704008218914,0.024393367153081436,0.1288890471547532,-0.08112004924785292,0.21000909640260612,0.016369989336700794,0.014949441626794291,0.5161369193154034,0.11212636828751646,0.12788487451877364
2020-10-09,0.029037716180449924,-0.09022650511124894,-0.1819153678276141,0.02412623140949477,0.14735175113997528,-0.05684131887545975,0.20419307001543502,0.016475775442692995,0.01496415716692674,0.5851272015655578,0.11045711723152565,0.12788487451877364
2020-10-12,0.02879729312499234,-0.0614292119862566,-0.18077566724199937,0.023898445889474956,0.17545935550006744,-0.01892934383046696,0.1943886993305344,0.01688345476884631,0.0149735967319445,0.6512082011227728,0.1127276779871287,0.12788487451877364
2020-10-13,0.003851779180620949,-0.05757743280563565,-0.17960400052302045,0.02371132121568964,0.18779150217568755,-0.01644060728444012,0.20423210946012765,0.016372569320932343,0.014977260673149266,0.6497684621009018,0.11570582121539615,0.12788487451877364
2020-10-14,-0.005910059820830258,-0.06348749262646591,-0.17844987916746263,0.02354524341760625,0.17942704163981038,-0.010994063425257388,0.19042110506506776,0.01637858573977731,0.014981707559135332,0.6217995610826628,0.12455145445258649,0.12788487451877364
2020-10-15,-0.00749448696795234,-0.07098197959441825,-0.17738935176537676,0.023270383272828293,0.19065604156876167,-0.027474311218563384,0.21813035278732507,0.016063091415019142,0.015029976707488922,0.6105698977106673,0.125083064069913,0.12788487451877364
2020-10-16,0.00041910930515492816,-0.07056287028926332,-0.17640549584586906,0.02299154044645943,0.21900843573929424,-0.0002489433087693484,0.21925737904806358,0.014904703989848417,0.015029976707488922,0.6149159151840117,0.1315843419751722,0.12835130645161258
2020-10-19,-0.005154812158981148,-0.07571768244824446,-0.1755090457934063,0.022855054879880626,0.20513578933107923,0.03361278203096193,0.1715230073001173,0.014923468039268214,0.015029976707488922,0.605314480741102,0.1231166303711781,0.12835130645161258
2020-10-20,0.010152337334433907,-0.06556534511381056,-0.17457490469145362,0.022771275043438288,0.22599553168644126,0.029793785365953236,0.19620174632048804,0.01434999508756613,0.015029976707488922,0.6177615571776156,0.12135956734453922,0.12835130645161258
2020-10-21,-0.01143125403267134,-0.0769965991464819,-0.1737271306098711,0.02249311819611688,0.21353406706523967,0.0030606316824737557,0.21047343538276592,0.014418341077800868,0.015029976707488922,0.5892813641900122,0.12036293753405597,0.12835130645161258
2020-10-22,-0.0036463622480153615,-0.08064296139449725,-0.17285393083517422,0.02222335717421342,0.2006103685802001,-0.0033868821388118105,0.2039972507190119,0.01441177554354806,0.015029976707488922,0.583232077764277,0.12135529769097558,0.12835130645161258
2020-10-23,-0.013106856226523722,-0.09374981762102097,-0.17194342068974866,0.021979374873137808,0.17541808603417525,-0.010544741762023238,0.1859628277961985,0.014504562471561918,0.015029976707488922,0.554014598540146,0.11719919486758619,0.12835130645161258
2020-10-26,0.00147139729122431,-0.09227842032979666,-0.1711049011152612,0.021631052410870516,0.17487533443209555,-0.01239436661930797,0.1872697010514035,0.013476944697162648,0.015029976707488922,0.5476248477466504,0.12034244242984654,0.12835130645161258
2020-10-27,9.762372019116069e-05,-0.0921807966096055,-0.17027931266191376,0.021201266832982985,0.16021336673096892,-0.024552554547506576,0.1847659212784755,0.013462857222944173,0.015029976707488922,0.5390415957188032,0.1230998908762147,0.12835130645161258
2020-10-28,0.001314217232944886,-0.09086657937666061,-0.1694912491229215,0.0207362765517779,0.1725482180475785,-0.021498331595834898,0.1940465496434134,0.013384827531472895,0.015029976707488922,0.539003645200486,0.12710316881078604,0.12835130645161258
2020-10-29,-0.0034134507275596893,-0.0942800301042203,-0.16868715779740007,0.020347920968099537,0.1756214998650055,-0.009840075954484977,0.18546157581949047,0.013003300195602032,0.015029976707488922,0.5301263362487852,0.12205885432050127,0.12835130645161258
2020-10-30,-0.02670305984220677,-0.12098308994642706,-0.16804113153608086,0.019772653703087423,0.15105219992392463,-0.043516280635808466,0.19456848055973308,0.013443960373569479,0.015029976707488922,0.4679300291545189,0.12762419159284125,0.12835130645161258
2020-11-02,0.00021938892255169484,-0.12076370102387537,-0.16742431262072735,0.01930652166113106,0.16336844006754606,-0.01658130327503967,0.17994974334258573,0.013342464764225,0.015029976707488922,0.4656636738655666,0.1361739728988826,0.1286689205946307
2020-11-03,0.019279842554603084,-0.1014838584692723,-0.16680423755974708,0.018902161691963404,0.1870824761416868,0.008137238242197288,0.17894523789948952,0.013049342830923474,0.015029976707488922,0.5099514563106796,0.1301488801655828,0.1287336325021276
2020-11-04,-0.00235219562919926,-0.10383605409847156,-0.1662244628737658,0.018537670360795844,0.1742165145195397,0.020487220727454392,0.1537292937920853,0.013040076789048142,0.015029976707488922,0.49781553398058254,0.12812296014418245,0.1287336325021276
2020-11-05,0.016674187695847456,-0.0871618664026241,-0.16560215999148745,0.018226934356688457,0.19600207404037145,0.030153242826730643,0.1658488312136408,0.013161832682331067,0.015029976707488922,0.5319252245690702,0.12607255278213006,0.1287336325021276
2020-11-06,-0.008846299770290363,-0.09600816617291447,-0.16508918725552615,0.017847852826662985,0.18806819846322909,0.02325605511878437,0.16481214334444472,0.013201376025204156,0.015029976707488922,0.5182038834951457,0.12055882292277172,0.1287336325021276
2020-11-09,0.02031517028183656,-0.0756929958910779,-0.16440606617610573,0.01750930165150838,0.20257805237646506,0.01453350922017101,0.18804454315629404,0.013384381548323538,0.015029976707488922,0.563468992248062,0.11709216147900178,0.1287336325021276
2020-11-10,-0.0092345861365745,-0.08492758202765241,-0.16384188472488767,0.016933782517111695,0.17553942945313325,-0.02349837004139583,0.19903779949452907,0.013389480402169172,0.015029976707488922,0.5458937198067633,0.11989492690264753,0.1287336325021276
2020-11-11,-0.011649012257237384,-0.0965765942848898,-0.16332282911228943,0.016281171410731016,0.17851154947436554,-0.03899916147925416,0.2175107109536197,0.013260236377960644,0.015029976707488922,0.5272331154684096,0.1140785373050514,0.1287336325021276
2020-11-12,0.000824249360499937,-0.09575234492438986,-0.1628482804300525,0.015601598737410127,0.192475742692711,-0.03226485229792397,0.22474059499063498,0.013237031624928229,0.015029976707488922,0.530478955007257,0.11195292944275366,0.1287336325021276
2020-11-13,0.00011708563907947755,-0.09563525928531039,-0.1623739591956194,0.015015392569757369,0.20463511384574595,-0.02465327969089215,0.2292883935366381,0.01321191871152085,0.015029976707488922,0.5277038470844423,0.11487823003274139,0.1287336325021276
2020-11-16,0.009696749582064918,-0.08593850970324547,-0.1618265938294808,0.014578902016388257,0.20509967760671713,-0.01537563941398216,0.22047531702069928,0.01324650236219893,0.015029976707488922,0.5603677715944835,0.12144240110801661,0.1287336325021276
2020-11-17,-0.006744512221252469,-0.09268302192449794,-0.16129469006657768,0.01421435572682861,0.19558666009874748,-0.016965339476253484,0.21255199957500095,0.013041244906460758,0.015029976707488922,0.5476937937696209,0.12271106091488815,0.1287336325021276
2020-11-18,0.003547165540821594,-0.08913585638367635,-0.16073267620588047,0.01384222848557315,0.19822206191575326,-0.0235705112698658,0.22179257318561907,0.013007203530157578,0.015029976707488922,0.5589582830962141,0.12332359951609809,0.1287336325021276
2020-11-19,0.0027945581100724064,-0.08634129827360394,-0.16020079601844525,0.013526334591425854,0.20957817691768482,-0.009344699127122049,0.21892287604480687,0.012878198335193382,0.015029976707488922,0.5672542864042501,0.11862985153234246,0.1287336325021276
2020-11-20,0.00506352001506304,-0.0812777782585409,-0.1595852444870921,0.01326868634808212,0.20806509605050885,-0.0006348168640436472,0.2086999129145525,0.01282011361677657,0.015029976707488922,0.5755013288233873,0.12021412418195253,0.1287336325021276
2020-11-23,0.0032908025994960828,-0.07798697565904482,-0.1589551982203759,0.012988222469372757,0.21315981020908378,0.015762841961976158,0.19739696824710762,0.012801247259271608,0.015029976707488922,0.5835946924004826,0.12711745057980206,0.1287336325021276
2020-11-24,-0.0007094257032690956,-0.07869640136231391,-0.15815669065269986,0.012948210462561338,0.2373006879203867,0.013582018967482751,0.22371866895290393,0.012782892387697135,0.015029976707488922,0.5785662563359885,0.12745690648376465,0.1287336325021276
2020-11-25,-0.01305211871068592,-0.09174852007299983,-0.15695883912749425,0.013320473534419508,0.22114658400104384,0.00043227653660567016,0.22071430746443818,0.012882903871769368,0.015029976707488922,0.5446859903381642,0.12264160768073726,0.1287336325021276
2020-11-26,-0.004434054091968518,-0.09618257416496835,-0.15575275049180262,0.013738498631118867,0.2203506857644807,-0.0053159947883077326,0.22566668055278843,0.012623870222354063,0.015029976707488922,0.5340086830680174,0.12110491190061777,0.1287336325021276
2020-11-27,-0.0008676263105097594,-0.0970502004754781,-0.15468202750512075,0.014005130292279316,0.21353497727313844,-0.002770170371257803,0.21630514764439623,0.012528936295681099,0.015029976707488922,0.5357745121657432,0.11568619337203817,0.1287336325021276
2020-11-30,-0.0023084918700722375,-0.09935869234555034,-0.1537470986708236,0.014294032865257267,0.22349498381026023,0.021624397600876727,0.2018705862093835,0.01247179384392275,0.015029976707488922,0.5244755244755245,0.11755319316567253,0.1287336325021276
2020-12-01,0.012777557138192092,-0.08658113520735825,-0.15280595758543375,0.014618355035293601,0.2293364530801644,0.03418256581651712,0.19515388726364727,0.012592715514818716,0.015029976707488922,0.5542168674698795,0.11491907672398007,0.1287336325021276
2020-12-02,0.0020920750794276542,-0.08448906012793059,-0.15193064074007415,0.01487359681967293,0.2144542580308362,0.016994798341341696,0.19745945968949452,0.01257420702761799,0.015029976707488922,0.5608108108108109,0.11541174938270045,0.1287336325021276
2020-12-03,-0.00250876153829658,-0.08699782166622717,-0.15103879427467498,0.015185668599090818,0.21824559494351672,0.016838232432244374,0.20140736251127234,0.012555010095548864,0.015029976707488922,0.559971098265896,0.11293917034233608,0.1287336325021276
2020-12-04,0.001977161413120302,-0.08502066025310687,-0.15021807696135656,0.01538408303013089,0.2208275783226364,0.0021412061495172208,0.21868637217311918,0.012513499007680713,0.015029976707488922,0.5602990834539315,0.10779178188326928,0.1287336325021276
2020-12-07,-0.005223964077997164,-0.09024462433110403,-0.1493767857830733,0.01571240147245284,0.2238589408281316,0.0057635418418104205,0.2180953989863212,0.012523905548159032,0.015029976707488922,0.5297089247053164,0.11143834252631844,0.1287336325021276
2020-12-08,-0.002289994387918354,-0.09253461871902238,-0.14855384040349193,0.015852225772613804,0.22471784234241635,-0.016841622827944495,0.24155946517036084,0.012449074123327249,0.015029976707488922,0.5102188025967781,0.10609166949720387,0.1287336325021276
2020-12-09,-0.018533254361114054,-0.11106787308013644,-0.14798722889339938,0.01585465583148829,0.20763517522895464,-0.026140291052484048,0.2337754662814387,0.012593496813876712,0.015029976707488922,0.46318575553416746,0.10715324501080527,0.1287336325021276
2020-12-10,-0.0007779190488289201,-0.11184579212896535,-0.1475055102232752,0.01581731888901422,0.20813321969133358,-0.015269197844075584,0.22340241753540915,0.01213380763314848,0.015029976707488922,0.4619826756496631,0.1071719123448487,0.1287336325021276
2020-12-11,-0.016788444784180134,-0.1286342369131455,-0.14708026671316857,0.01576801371688394,0.19429509907654505,-0.03288189198875566,0.2271769910653007,0.011251084559981514,0.015029976707488922,0.4141656662665066,0.11533407426525785,0.1287336325021276
2020-12-14,0.0060985804842863525,-0.12253565642885914,-0.14670999767973836,0.015663961515881036,0.19918985814802753,-0.02690039714354878,0.2260902552915763,0.011126790874022865,0.015029976707488922,0.4214320038443056,0.1096817925101263,0.1287336325021276
2020-12-15,-0.0016002602541935111,-0.12413591668305264,-0.14639610266724806,0.015430491162232746,0.1966366725277541,-0.03819740697980721,0.2348340795075613,0.010933437246209899,0.015029976707488922,0.4179678116742734,0.10872814039546147,0.1287336325021276
2020-12-16,-0.011908772518099913,-0.13604468920115256,-0.14620096097829893,0.015093729088278746,0.1784634135399086,-0.04336166727665466,0.22182508081656327,0.011017409844996507,0.015029976707488922,0.38979396262577864,0.12307973999319662,0.1287336325021276
2020-12-17,0.008541536758864791,-0.12750315244228777,-0.14595123879054572,0.014781437415334747,0.18567332581340087,-0.03836729605861146,0.22404062187201235,0.011065352478286158,0.015029976707488922,0.4156872151595107,0.11858255606682074,0.1287336325021276
2020-12-18,-0.003964438552965749,-0.1314675909952535,-0.14564561050317104,0.01455518551527421,0.17245529551124403,-0.045126292721649613,0.21758158823289364,0.011060024768890361,0.015029976707488922,0.40382775119617226,0.12160231025875783,0.1287336325021276
2020-12-21,0.009769778914780095,-0.12169781208047342,-0.14530073025803478,0.014284514229057327,0.1759772624085865,-0.04042003382193256,0.21639729623051907,0.011014621075096612,0.015029976707488922,0.42494613358870004,0.12392496430114622,0.1287336325021276
2020-12-22,-0.020944883741611842,-0.14264269582208527,-0.14478958481579748,0.01416561340457842,0.15191826020416888,-0.06465572016304048,0.21657398036720937,0.011314375784666262,0.015029976707488922,0.37066283799952143,0.1300792782347529,0.12895891553588434
2020-12-23,0.003393762924530536,-0.13924893289755474,-0.14446021000226494,0.013696480650434911,0.1501203962116463,-0.06055253153524085,0.21067292774688715,0.011181606290360689,0.015029976707488922,0.3825358851674641,0.1378429057678948,0.12918496032563445
2020-12-24,-0.019230907321030725,-0.15847984021858547,-0.1442873663058096,0.012671472821684654,0.13343093638283676,-0.06673132014558565,0.2001622565284224,0.011378358707023554,0.015029976707488922,0.3516483516483517,0.14464899963879066,0.129217700775848
2020-12-25,0.008584255810086745,-0.14989558440849873,-0.14412103447570188,0.011631716016100746,0.14441617932952958,-0.053713010243530396,0.19812918957305997,0.010949095989560205,0.015029976707488922,0.36600525938321776,0.14240980888587132,0.12932271315406726
2020-12-28,-0.011717483394622466,-0.1616130678031212,-0.1441031653207254,0.010578862184395355,0.12147439220846777,-0.0645628673276431,0.1860372595361109,0.01102429901172946,0.015029976707488922,0.3479923518164436,0.1521809216032938,0.12959932794677403
2020-12-29,-0.0030211707882748236,-0.16463423859139603,-0.1440913939531349,0.009655704717688701,0.10269981559940908,-0.06527554624584568,0.16797536184525474,0.010877996948613598,0.015029976707488922,0.34000953743443013,0.1414104194375544,0.12993077212972384
2020-12-30,0.003746215744510264,-0.16088802284688578,-0.14389661458226122,0.008909343003172532,0.09411967009390855,-0.07430688763952752,0.16842655773343607,0.010847070658152234,0.015029976707488922,0.34403997144896503,0.1472861590336806,0.1300761935513201
2020-12-31,0.013313404357928736,-0.14757461848895703,-0.1437369343979129,0.008193706342161239,0.10481894701538834,-0.06308555836102643,0.16790450537641477,0.01099584713945465,0.015029976707488922,0.3696738871697215,0.14498831248937374,0.13011407920016785
2021-01-04,0.013737658206077922,-0.1338369602828791,-0.14346423406427042,0.007574560210404563,0.11271445518010682,-0.046839138616651926,0.15955359379675876,0.010464471781031886,0.015029976707488922,0.3883079847908745,0.1479539630193552,0.13038766834552887
2021-01-05,-0.0008615911611656472,-0.13469855144404477,-0.14310280000294295,0.007115276958413602,0.12058436488982725,-0.04967789119093788,0.17026225608076512,0.009720228647512366,0.015029976707488922,0.3829332065604944,0.14847569626155732,0.13078763774658836
2021-01-06,-0.012625732289039177,-0.14732428373308395,-0.14274292397124178,0.006633861811831537,0.12852756297305443,-0.05707965940197989,0.18560722237503433,0.009806857176526546,0.015029976707488922,0.3619092852054144,0.15544015841085715,0.13109122802989961
2021-01-07,-0.026789615402580055,-0.174113899135664,-0.142324543381143,0.006229297022348923,0.08586843609162817,-0.08157928041664159,0.16744771650826976,0.010323019110730487,0.015029976707488922,0.3228720874940561,0.16705789068925658,0.13132979340007997
2021-01-08,-0.001610304374480049,-0.17572420351014403,-0.14189782491980865,0.006089403973590729,0.0815742837689416,-0.06465633043000758,0.14623061419894917,0.010296342591096967,0.015029976707488922,0.3183547313361864,0.16106884109804898,0.13150514584161732
2021-01-11,-0.023539860724942425,-0.19926406423508647,-0.14150983678567525,0.005995673437599963,0.049215222940030424,-0.08741827210612109,0.13663349504615152,0.010668818206843532,0.015029976707488922,0.2846958174904943,0.16295054404768963,0.13170197441517922
2021-01-12,0.007160969633933085,-0.19210309460115338,-0.14111835631037198,0.005961910402796589,0.06299520060734813,-0.06346885768800786,0.126464058295356,0.010728239190009209,0.015029976707488922,0.2978622327790974,0.16611250089835938,0.13195185376051682
2021-01-13,-0.015549735986358492,-0.20765283058751188,-0.14087371005639507,0.005836287623343289,0.042535511622763006,-0.08511717415865272,0.12765268578141573,0.010750336768411181,0.015029976707488922,0.28476664297559817,0.1692705977175875,0.13237590199110666
2021-01-14,0.003827084079476016,-0.20382574650803587,-0.14041315920433844,0.005982943462909618,0.040301737586538135,-0.0796898298249832,0.11999156741152134,0.010712715964116645,0.015029976707488922,0.2852062588904694,0.15448861512069434,0.13272026450077848
2021-01-15,0.012967357028975576,-0.19085838947906028,-0.13998273355117477,0.006218227427124162,0.034640481186271374,-0.05481370027790769,0.08945418146417906,0.010885745336932488,0.015029976707488922,0.2875118708452042,0.14468180591635801,0.13280478508782678
2021-01-18,0.014442625966525353,-0.17641576351253493,-0.13959351325296465,0.0063577255375810715,0.04337522778219261,-0.048912611070247136,0.09228783885243974,0.010982906933990087,0.015029976707488922,0.3082403229636666,0.14230265754140456,0.1328658293025345
2021-01-19,0.00390722455925648,-0.17250853895327845,-0.13913501116828417,0.006510599334886874,0.0391139039050098,-0.04104094795802491,0.08015485186303471,0.010998108422531504,0.015029976707488922,0.31221826809015424,0.1306775610348767,0.1328658293025345
2021-01-20,0.003155574569180859,-0.16935296438409758,-0.13863953834078954,0.006661191917245235,0.029249748981072743,-0.047655152303624146,0.07690490128469689,0.01101194667510401,0.015029976707488922,0.31522770398481975,0.13249538919184564,0.1328658293025345
2021-01-21,0.005846516046431391,-0.1635064483376662,-0.1380053998882418,0.006784184927555698,0.04881076343749946,-0.02086375251558091,0.06967451595308037,0.011045580707276246,0.015029976707488922,0.32297842067820726,0.133781755978085,0.13301878451579313
2021-01-22,-0.010049513208593402,-0.1735559615462596,-0.1374201999289851,0.00704001007327984,0.0242079107250077,-0.03430702864870485,0.05851493937371255,0.011101095808358002,0.015029976707488922,0.3041518386714116,0.13470094659639284,0.13320679587749168
2021-01-25,-0.014434109455962425,-0.18799007100222204,-0.1368805565257556,0.007406809780054008,0.012397645802313536,-0.02951023078363655,0.041907876585950084,0.010732516541958234,0.015029976707488922,0.2837869822485207,0.14319024999353486,0.13332160703866625
2021-01-26,-0.008426888084973709,-0.19641695908719575,-0.13648708349827932,0.00763395097742256,-0.005754877715422541,-0.046521374678697006,0.040766496963274466,0.010772244687070208,0.015029976707488922,0.2704685281590156,0.14025899440372108,0.13357057781669152
2021-01-27,0.0011126026365730253,-0.19530435645062272,-0.1360624901798075,0.008040675140917886,-0.004804850278687349,-0.03369128864750151,0.02888643836881416,0.010435146876370463,0.015029976707488922,0.2707051585423568,0.14260336543974508,0.1337753171860696
2021-01-28,-0.01344119507547578,-0.2087455515260985,-0.13585304460863173,0.008238349344503154,-0.013333968595137137,-0.04411131293470247,0.030777344339565332,0.010546948644480197,0.015029976707488922,0.25,0.133683787716109,0.1337753171860696
2021-01-29,-0.014578533700180384,-0.2233240852262789,-0.13574037280649975,0.008156241775761464,-0.024260310721154442,-0.062436062379393115,0.03817575165823867,0.010392292945009486,0.015029976707488922,0.23918695343890334,0.13641055271159588,0.13382356574758547
2021-02-01,0.00499098561752411,-0.21833309960875477,-0.13564257183405226,0.008094362563860646,-0.01679447108563944,-0.07075848111979774,0.0539640100341583,0.010397401076313843,0.015029976707488922,0.2485822306238185,0.14582296788809979,0.13413601628006366
2021-02-02,0.0018207015062777585,-0.21651239810247702,-0.13541941953091224,0.008044814533358174,-0.02379506234182749,-0.08267543781959791,0.05888037547777042,0.00998961146672017,0.015029976707488922,0.2516509433962264,0.1454532236663371,0.13455380181971716
2021-02-03,-0.015516606001626574,-0.2320290041041036,-0.1352303772935527,0.007872422709390259,-0.02764091957492841,-0.09733045266005884,0.06968953308513043,0.010095384054423784,0.015029976707488922,0.2391611687087653,0.15237327102117923,0.13476084249906017
2021-02-04,-0.018330094653856644,-0.25035909875796025,-0.13522166741329472,0.007521256557947054,-0.04636286975567884,-0.1030348150248763,0.05667194526919746,0.010234437560166896,0.015029976707488922,0.22025912838633688,0.1539401973078151,0.13483176935282215
2021-02-05,-0.013473241151975604,-0.2638323399099359,-0.13525170606410158,0.007072837317041419,-0.025434425012412894,-0.08971844077427185,0.06428401576185896,0.010320319563601497,0.015029976707488922,0.20725388601036268,0.14890316116943594,0.13500604744098965
2021-02-08,0.0004977774879514417,-0.26333456242198444,-0.13529913498707213,0.006598689932736518,0.06798426269213201,-0.08761035891184035,0.15559462160397236,0.010322261039598666,0.014981707559135332,0.21008007536504947,0.14741183868694283,0.13534903466656026
2021-02-09,0.01668105255221729,-0.24665350986976714,-0.13526466033837217,0.006245176447303075,0.09074679143353595,-0.047389445634680644,0.1381362370682166,0.010503312593067141,0.014977260673149266,0.2257458303969932,0.14853521014430257,0.13534903466656026
2021-02-10,0.006712839830308904,-0.23994067003945824,-0.13525433903382192,0.00586401727655006,0.07125412777239062,-0.047837575438304816,0.11909170321069544,0.01055855638476676,0.0149735967319445,0.23334896810506567,0.14581166961741265,0.13534903466656026
2021-02-18,0.025003765106197305,-0.21493690493326092,-0.13509898318087665,0.005774726875518416,0.07140755427172299,-0.007284074345749025,0.07869162861747202,0.01111401471919902,0.01496415716692674,0.2567535823349777,0.13733063489228542,0.13534903466656026
2021-02-19,0.02557734078698073,-0.1893595641462802,-0.13486462322641768,0.0055485359779207655,0.08544978813904819,0.01446618236175569,0.0709836057772925,0.011659748632916125,0.014949441626794291,0.287626203334116,0.12996840487542,0.13500604744098965
2021-02-22,0.008030047052109456,-0.18132951709417072,-0.13456953767761262,0.005413195873562149,0.07822291210567436,0.00952887238488957,0.06869403972078479,0.011695223698768829,0.01493315181821919,0.3006091846298032,0.13057793737414186,0.13483176935282215
2021-02-23,-0.006422867342750784,-0.1877523844369215,-0.13421896750760828,0.005374545745356368,0.0776147303091408,-0.011336620924386566,0.08895135123352738,0.011692655079471368,0.014914086014558316,0.29568884723523897,0.1305557517155957,0.13476084249906017
2021-02-24,-0.0008124825817855367,-0.18856486701870703,-0.13384109149140727,0.005293919676876896,0.06059925589808223,-0.01605632806542858,0.07665558396351081,0.011692495335014213,0.014891302664449668,0.2933458294283037,0.12515963693061422,0.13455380181971716
2021-02-25,-0.006250460215771313,-0.19481532723447834,-0.13338860590876944,0.0052509324320201,0.06368753275327951,-0.025462362850380754,0.08914989560366027,0.011614573970598683,0.01487281672165636,0.2830675422138837,0.13014521051627165,0.13413601628006366
2021-02-26,-0.0043533839921775785,-0.19916871122665591,-0.13295286741531095,0.005052532472930832,0.05795498340864203,-0.03566226288898972,0.09361724629763175,0.0116142588705458,0.014864465204155998,0.2738987816307404,0.13082028210059832,0.13382356574758547
2021-03-01,0.021467768904453934,-0.177700942322202,-0.13251378486160845,0.004906415067376657,0.046689232776439264,-0.004144980775942386,0.05083421355238165,0.011993671990909269,0.014844168026471613,0.2981962988990396,0.13338579352032193,0.1337753171860696
2021-03-02,-0.005568633852172027,-0.183269576174374,-0.13218530312098817,0.004695253404767424,0.024919949979427813,0.004720494827848009,0.020199455151579802,0.012005493713434788,0.014742240271071459,0.28902410484437163,0.12428424515698695,0.13372633305508158
2021-03-03,0.012601374129355112,-0.1706682020450189,-0.13178210832019974,0.004704975178079579,0.04301473688945371,0.02574875704217683,0.01726597984727688,0.012001988702454664,0.014627322491596487,0.31121495327102805,0.12968825355926908,0.13353479061821547
2021-03-04,-0.00897631149790911,-0.179644513542928,-0.13147552449975242,0.004586965680055094,0.01694494957197681,0.015659842907694697,0.001285106664282113,0.012032405539462443,0.014586165121099118,0.29988304093567253,0.1252514250261125,0.1333790353798254
2021-03-05,0.007624927115419789,-0.17201958642750823,-0.13113031667545957,0.0047227279331721606,0.014895332753605033,0.03672596509859026,-0.021830632344985227,0.012090215140976012,0.014539795261908533,0.31112669471715754,0.12700856339805935,0.13332160703866625
2021-03-08,-0.012648234110215812,-0.18466782053772404,-0.13084330917323084,0.004897063633268917,-0.009594793546745223,0.038656264688554834,-0.04825105823530006,0.012167809168830588,0.014461451774681392,0.2931558047185237,0.1311156139248163,0.13320679587749168
2021-03-09,-0.02571641493923363,-0.21038423547695767,-0.13071174868401386,0.004930823150038399,-0.032936645484031725,0.007948864131797094,-0.04088550961582882,0.012551086963928329,0.014415058310674463,0.2550257129499766,0.13374780702679437,0.13320679587749168
2021-03-10,-0.011295183494893769,-0.22167941897185145,-0.13059922758515316,0.004820191945759084,-0.02908617050165887,-0.005167020869374431,-0.023919149632284437,0.012608297059284741,0.01439445407989491,0.24367977528089887,0.1284709753365833,0.13301878451579313
2021-03-11,0.018969774448907777,-0.20270964452294368,-0.1304028747906661,0.004827502502886605,-0.012035783415216151,0.029319359581159922,-0.041355142996376076,0.012711634672951508,0.014363563851903944,0.27310924369747897,0.13460779254267322,0.13320679587749168
2021-03-12,0.0007232362124897434,-0.20198640831045395,-0.1301807432927987,0.005040924120496032,0.042885375959085405,0.04837269044750631,-0.005487314488420908,0.012714611693066414,0.014236689949923019,0.2861150070126227,0.1323169688476137,0.13301878451579313
2021-03-15,-0.0032235408925608833,-0.20520994920301483,-0.1300295551987605,0.005222150865341085,-8.605359895259845e-05,0.05862239070692103,-0.05870844430587363,0.01255783267874324,0.014110344842752831,0.2890807279514699,0.1444546724977876,0.13301878451579313
2021-03-16,0.012534240182717137,-0.19267570902029768,-0.129777515502491,0.005521619484581131,0.00037287048936083395,0.07065885340168672,-0.07028598291232588,0.012649044919801107,0.0140735796921908,0.3061129258049463,0.1493475126885047,0.13301878451579313
2021-03-17,0.005584753268770297,-0.18709095575152737,-0.1294524155075978,0.00581224483077436,-0.003929005321485468,0.05956255411823973,-0.06349155943972519,0.012678868519412977,0.014036075493543826,0.3030586037823955,0.14542467186495103,0.13301878451579313
2021-03-18,0.0011851116952299192,-0.18590584405629745,-0.1290410471490204,0.0062132918848015195,-0.020718945257877902,0.05403482598316074,-0.07475377124103864,0.012601233711599791,0.014008836805993172,0.3082847141190198,0.134167585110052,0.13301878451579313
2021-03-19,-0.0023340041534719563,-0.1882398482097694,-0.12863416866468735,0.006464814516189299,-0.02125133610027602,0.026697056723491482,-0.047948392823767505,0.012542211601738911,0.013989687030072643,0.2984586641756189,0.127604078839229,0.1328658293025345
2021-03-22,0.01584222849322429,-0.17239761971654513,-0.12825146887346106,0.006613154352956618,0.027446277305076535,0.016961944429735042,0.010484332875341493,0.012722553034033055,0.013939100538085353,0.3258087037468001,0.1272062399578992,0.13280478508782678
2021-03-23,-0.01104718403004837,-0.1834448037465935,-0.12791300008676668,0.006656537590845946,-0.003934148387976044,-0.0021152866524227834,-0.0018188617355532604,0.0127165353136811,0.013850443992525325,0.302185030218503,0.12628478698936724,0.13272026450077848
2021-03-24,-0.008510563902525907,-0.1919553676491194,-0.12760093146101442,0.0066180360465938615,-0.0035783406377433557,-0.004202983212197906,0.0006246425744545507,0.012485695782989312,0.013663446378059961,0.2903975819576843,0.12645738536840356,0.13258154625410573
2021-03-25,-0.0037401848341656724,-0.19569555248328507,-0.12734579026650011,0.006495301224907157,0.01128981122625039,-0.007130685464578042,0.01842049669082843,0.012478836334870305,0.013519547736349637,0.2831199068684517,0.12179212653932146,0.13240617901972968
2021-03-26,0.012453429013471549,-0.18324212346981353,-0.127163462437657,0.006225143471112443,0.03605736660351297,0.01157320376466482,0.024484162838848147,0.01236157543558315,0.013497915623356348,0.3022552894675657,0.11501611009895707,0.13220053475673058
2021-03-29,0.0008845460654066635,-0.18235757740440686,-0.12700393901884133,0.005948928396469627,0.07543243975100825,0.016811133822249063,0.05862130592875918,0.012306436070282527,0.013469900960053412,0.3113273106323836,0.12173556057530846,0.13195185376051682
2021-03-30,-0.00767883094333017,-0.19003640834773702,-0.12688760801279075,0.005626176848817693,0.07103148742927616,-0.01233546602553504,0.0833669534548112,0.012255207837268332,0.013453408798256825,0.3011600928074246,0.11832286177076311,0.13170197441517922
2021-03-31,0.0020050606210664803,-0.18803134772667054,-0.12678067205680757,0.005404631064180598,0.08883034333510104,-0.004761771552296533,0.09359211488739758,0.012254678007030131,0.013416720387869325,0.3014176156170114,0.119211935751198,0.13150514584161732
2021-04-01,0.00236466829247079,-0.18566667943419976,-0.1266623543252129,0.005119753994986848,0.08473251022760125,-0.014998477389180854,0.0997309876167821,0.012248070819331268,0.013387153966821034,0.3022067363530778,0.11272998557091239,0.1312707818164394
2021-04-02,0.004494788338642865,-0.1811718910955569,-0.12651615004856967,0.0049593744511827464,0.07541019028733825,-0.0015273775526288783,0.07693756783996714,0.012132932883143627,0.013384604539898218,0.29979084359749014,0.11263253160467661,0.13103221644625904
2021-04-06,0.009785794400331383,-0.1713860966952255,-0.12634559244721902,0.0047847242282405555,0.1245498202241369,0.0006334897322827146,0.12391633049185419,0.012064535550011439,0.013363423156274269,0.31154381084840055,0.11316763936024535,0.13088455053415005
2021-04-07,0.007155064569315899,-0.16423103212590962,-0.1261270329236377,0.004716276249593143,0.11271248798588641,0.020436788411814427,0.09227569957407199,0.012106199218135657,0.013301350571092822,0.32031430552345735,0.11415042524606514,0.1307489215677375
2021-04-08,-0.006742942530653648,-0.17097397465656328,-0.1259266037289663,0.00478514495504756,0.0832858484979975,0.03941026082039441,0.04387558767760309,0.012029847058464991,0.013253369370079787,0.30760342038363764,0.10906006532702607,0.13062774920450929
2021-04-09,0.0003887115365306432,-0.17058526312003264,-0.12572640081938147,0.004872826765771693,0.09362369276933898,0.05109415585181882,0.04252953691752016,0.011519988431906785,0.01324176699356358,0.3045286506469501,0.10829354113030408,0.13056684454486878
2021-04-12,-0.012689579823374094,-0.18327484294340673,-0.12558002858603698,0.004822846204629111,0.08517268693961486,0.019434801579536948,0.06573788536007791,0.011635413177840413,0.01322447516822454,0.2897347174163783,0.11397559990979841,0.13035231594058924
2021-04-13,-0.00788298049679626,-0.191157823440203,-0.12555314030948575,0.0046276029833129395,0.0991763154070173,0.010828584870250945,0.08834773053676635,0.011271276607062267,0.013206647368362502,0.2674982674982675,0.11473459826340118,0.13014704534092722
2021-04-14,0.010926549051909725,-0.18023127438829326,-0.12549317496193294,0.004536380236827564,0.11036467900930111,0.024978674814721553,0.08538600419457956,0.011321432409710994,0.013181604353767612,0.2889760147601476,0.11841537539574794,0.13011224437551228
2021-04-15,-0.003818446546155102,-0.18404972093444835,-0.1254458986755513,0.004331616826939694,0.11186903071367978,0.008625988085849315,0.10324304262783046,0.01114478308467514,0.01310558775662727,0.2814012445263886,0.11440831878229046,0.13011224437551228
2021-04-16,0.015494272034367068,-0.16855544890008128,-0.1253429225519472,0.004109492955650607,0.10655611568236398,0.018535506851446087,0.08802060883091789,0.01130632265377085,0.013045293868692116,0.3069306930693069,0.11242070882195149,0.13011224437551228
2021-04-19,0.012896244445740031,-0.15565920445434125,-0.125187330013236,0.0038537171357843902,0.1245638156906438,0.0302466396019562,0.0943171760886876,0.011305006599539542,0.013040660847754449,0.328196872125115,0.10692763064762263,0.13011224437551228
2021-04-20,-0.003946762353296037,-0.15960596680763728,-0.1250460447548605,0.0035881239098268514,0.09102869895362141,0.02863388140213212,0.06239481755148929,0.011171479265410652,0.01302364015960286,0.31868384721583065,0.10846924766016007,0.13011224437551228
2021-04-21,-0.0032285548524642106,-0.16283452166010148,-0.1249099913334672,0.0033414775399938645,0.08302392399256651,0.009563098056443614,0.0734608259361229,0.011170194802227274,0.013005251862879805,0.3110651974288338,0.1096717578481881,0.13011224437551228
2021-04-22,0.0041002029816158865,-0.1587343186784856,-0.1247248140782919,0.003188186008474772,0.07915897541976998,0.02471048506810787,0.054448490351662104,0.011175151303813377,0.0129431020336857,0.3167545267018107,0.11331006301220589,0.13011224437551228
2021-04-23,-0.008124510085570061,-0.16685882876405564,-0.12465465746026959,0.0029462740007448335,0.09428402996642975,0.02509653888506372,0.06918749108136603,0.011200540438238628,0.012880551103481375,0.30604736721085307,0.11380222091208564,0.13011224437551228
2021-04-26,-0.004047908304837299,-0.17090673706889295,-0.12462717932319377,0.002718610943306346,0.09893071450712014,0.02478881541439209,0.07414189909272806,0.011136394329242266,0.012859924482159439,0.29660238751147844,0.11845745344755555,0.1300761935513201
2021-04-27,-0.007972805887409187,-0.17887954295630215,-0.12470812556365728,0.0024553368739997222,0.07322153185325246,0.0043625805135113545,0.06885895133974111,0.01102469736685137,0.01283861265938216,0.2912353347135956,0.12163120766624626,0.1300761935513201
2021-04-28,0.0012771973503490671,-0.1776023456059531,-0.12483937370112164,0.002164565317719691,0.08022226414260623,0.004755231798453758,0.07546703234415247,0.010967745851017176,0.012827844153207694,0.2973841211564938,0.1252374188790237,0.1300761935513201
2021-04-29,-0.0033015571037360047,-0.1809039027096891,-0.12517516458383326,0.0017124434289574886,0.07294487511818713,0.009132505638047923,0.06381236948013921,0.010977095953669892,0.012810680438024089,0.29150356896154733,0.1239870149723669,0.1300761935513201
2021-04-30,-0.00817852006193909,-0.18908242277162818,-0.12560008621640237,0.0011805858404052016,0.0644660168381324,-0.0010510750449576455,0.06551709188309005,0.010886577184559714,0.012798140613760885,0.28755760368663597,0.13290637604502267,0.13011224437551228
2021-05-06,0.003569238381351457,-0.18551318439027673,-0.12610957491914698,0.0005527794060659064,0.05649174655923122,0.00015349504392302192,0.0563382515153082,0.010716183123048523,0.01278923764556425,0.29233593391463975,0.13438733280573578,0.13014704534092722
2021-05-07,-0.004701243333544549,-0.19021442772382127,-0.12676929269250578,-0.00025314264393611063,0.05579364779849694,-0.009042536628264392,0.06483618442676133,0.010722382806222237,0.012783166855287735,0.28767750801649106,0.1323532380846848,0.13035231594058924
2021-05-10,0.004590486735904704,-0.18562394098791657,-0.12737300032490928,-0.0010274078776902618,0.05060761405015087,-0.014237844292691072,0.06484545834284194,0.010734258283412441,0.012752722710865095,0.2991963260619977,0.14158964383173686,0.13056684454486878
2021-05-11,0.003899576762357664,-0.1817243642255589,-0.12811591530595184,-0.00198888238231415,0.058622262629623015,-0.017493332099649306,0.07611559472927232,0.010533563030082703,0.012719544173857077,0.30032095369096745,0.13732329635334897,0.13062774920450929
2021-05-12,0.009737470041548837,-0.17198689418401006,-0.12878652441328187,-0.0028599206843155645,0.08587952425378514,-0.0010129195274468216,0.08689244378123197,0.010288246473880025,0.012715573503373757,0.3157172271791352,0.14431103716304153,0.1307489215677375
2021-05-13,-0.004278079959868918,-0.17626497414387898,-0.12934909125711924,-0.0036226904377377744,0.08787509611502729,-0.005679711023846382,0.09355480713887368,0.010131655352708246,0.012713123183008962,0.3125428375599726,0.14522671715295885,0.13088455053415005
2021-05-14,0.012418147533693212,-0.16384682661018576,-0.12962086027657668,-0.0040408316905397035,0.12146561715186059,0.019428016333220922,0.10203760081863966,0.01022888549486471,0.01269637704385841,0.3337145471180238,0.14260433325652105,0.13088455053415005
2021-05-17,-0.008726321250263704,-0.17257314786044947,-0.12994065917305173,-0.004387518863565976,0.11374326205790267,0.018584675579753483,0.09515858647814918,0.010121771693100608,0.012679993967089145,0.31665524331734063,0.14226180788398707,0.13088455053415005
2021-05-18,0.005165802620493664,-0.16740734523995582,-0.13040121175703334,-0.004908036795100407,0.09811010782274474,0.012823929148337418,0.08528617867440731,0.010109543275268546,0.012663956719607041,0.3214367421642645,0.14234594637177708,0.13103221644625904
2021-05-19,-0.0010660983725024249,-0.16847344361245825,-0.130886913706977,-0.005441015031425689,0.0804924806859743,0.015576277321990096,0.0649162033639842,0.009617798805481378,0.012636457571077585,0.32166552276366966,0.1440974358651773,0.1312707818164394
2021-05-20,-0.003825568994275573,-0.17229901260673383,-0.13141505889536015,-0.006072136343412943,0.07900814959596936,-0.003743563706652546,0.0827517133026219,0.009065847293020481,0.012616083640819401,0.3181299885974915,0.14333474178014854,0.13150514584161732
2021-05-21,0.0014690718700241829,-0.17082994073670965,-0.1319228637338053,-0.006735533720569287,0.07013133689568238,-0.015170736282368393,0.08530207317805077,0.00901023509011349,0.012604765385442265,0.320264417597447,0.14285607800533298,0.13183422132050981
2021-05-24,0.005729886367514524,-0.16510005436919512,-0.13219567596389245,-0.007149631209031948,0.07596109691688194,-0.005494087561557832,0.08145518447843977,0.008995987275584457,0.01259736526273825,0.3327251995438997,0.13961893987144047,0.13183422132050981
2021-05-25,0.0081552591518504,-0.15694479521734472,-0.1324057295503049,-0.007495738216837716,0.08512452576612732,0.005889726442756777,0.07923479932337055,0.009050213855687689,0.012593106164347714,0.34463919872524473,0.13913891105092777,0.13183422132050981
2021-05-26,0.006622616462551283,-0.15032217875479345,-0.1326399645037793,-0.007915150425487391,0.08637415456555551,0.008412139923692174,0.07796201464186334,0.009039401966125531,0.012583461271218354,0.35494880546075086,0.1363289759752171,0.13183422132050981
2021-05-27,0.008163308775841422,-0.14215886997895202,-0.13295630100094785,-0.008301643540678263,0.10202476876504867,0.024699958785103657,0.07732480997994501,0.009064224189009262,0.012566019853180614,0.3625,0.13138578502861123,0.1314850635018917
2021-05-28,-0.0033560463887981153,-0.14551491636775013,-0.13328892190712485,-0.008661742583931084,0.09646528705260543,0.02539182070114284,0.07107346635146258,0.008669790159591673,0.012556421387146053,0.3533954122189416,0.1369705664988172,0.1314850635018917
2021-05-31,0.012140112179690675,-0.13337480418805944,-0.13362038481005342,-0.008912259246396145,0.1130379036958735,0.0455047387682427,0.06753316492763081,0.008759399081572847,0.012553048529738597,0.37911464245175935,0.1360132565282969,0.1314850635018917
2021-06-01,0.007954376917899894,-0.12542042727015956,-0.1340544041546125,-0.009215030453490869,0.11002714074049279,0.052181918335793526,0.05784522240469926,0.008673692478979242,0.012546649282833621,0.38789390160961235,0.13027861298760532,0.13125069947671375
2021-06-02,-0.006536467081560213,-0.13195689435171978,-0.13449596393708382,-0.009320799353250558,0.1111267539224789,0.04894700835796932,0.06217974556450957,0.008632924396076668,0.012535573948710004,0.37664697864606994,0.12380478511070347,0.13103221644625904
2021-06-03,-0.00028359518143360657,-0.1322404895331534,-0.13498950180666763,-0.009389415590265265,0.11987046519700936,0.05684193323847481,0.06302853195853456,0.008587126175574424,0.012526420921920065,0.37678207739307534,0.1230174631895823,0.13088455053415005
2021-06-04,-0.0007927482819149534,-0.13303323781506834,-0.1354777384543841,-0.009368163535237117,0.13514627795670917,0.052479946575208394,0.08266633138150077,0.008410217237939084,0.012518702277919872,0.375679347826087,0.12680553458109128,0.1307489215677375
2021-06-07,0.00824226259003688,-0.12479097522503146,-0.13585868236885937,-0.009089389676353588,0.1448245698513529,0.06542345249878982,0.07940111735256307,0.007704397210427382,0.012499597395335012,0.38830992297236067,0.129618614538772,0.13062774920450929
2021-06-08,-0.0008496247702297026,-0.12564059999526117,-0.13628173545074504,-0.00890873512583576,0.12329697796653893,0.05998334099265542,0.06331363697388351,0.007528056369104973,0.012482266058929808,0.3884241465068958,0.12540715905662317,0.13056684454486878
2021-06-09,0.0029453554226451495,-0.12269524457261602,-0.1365967398429081,-0.008480824536956255,0.1284433165128536,0.059029119652942906,0.06941419685991068,0.007177493402298518,0.012475315089396527,0.3942960615663196,0.1222795667257019,0.1304171823516005
2021-06-10,0.004815076894945712,-0.1178801676776703,-0.13685401904355943,-0.00806749463027756,0.13648892512190214,0.054106726506339776,0.08238219861556237,0.007191022632831729,0.012460433983624999,0.40312005426181324,0.12682276227363487,0.13021374657659407
2021-06-11,-0.00641263858001533,-0.12429280625768563,-0.13717215248339318,-0.007823061226273936,0.12243098512845806,0.05197216788619337,0.07045881724226469,0.007237425756225418,0.0124053247794552,0.39474875509280216,0.123833490796053,0.13014704534092722
2021-06-15,-0.008573406849175007,-0.13286621310686064,-0.13756612844809696,-0.007945268171520276,0.08684147613157607,0.030980613503325146,0.05586086262825092,0.007197389468791361,0.01233400575293284,0.3723981900452489,0.12926039748075147,0.13011224437551228
2021-06-16,-0.01149638362552496,-0.1443625967323856,-0.13810802717469176,-0.00816736800164003,0.06989966443515905,0.02821055112806389,0.041689113307095155,0.007349058413615656,0.01228082195377543,0.3553494684460529,0.12871642005569234,0.1300761935513201
2021-06-17,0.00661153158474198,-0.13775106514764363,-0.13865463699589614,-0.0082534252388628,0.07555154441020795,0.029656280092312207,0.04589526431789574,0.00738826287865437,0.012254942922149232,0.3680759665385485,0.13454219322497094,0.1300761935513201
2021-06-18,0.008150443507427819,-0.1296006216402158,-0.13908366979967832,-0.008196756092701318,0.07981791728309423,0.038872821972242455,0.040945095310851776,0.007436647866709285,0.0122513744131807,0.379746835443038,0.13547018403712216,0.13011224437551228
2021-06-21,0.01130034826119517,-0.11830027337902063,-0.13939861601939507,-0.007983557124034923,0.0910299523741128,0.05399873922771319,0.0370312131463996,0.007304718418031667,0.012207939994080928,0.3992773261065944,0.140415209084782,0.13014704534092722
2021-06-22,0.006221114192361019,-0.11207915918665962,-0.13971279510554324,-0.007789931371737946,0.09833358723753738,0.05875078155005003,0.03958280568748735,0.00716480199882491,0.012150808400989534,0.4141118124436429,0.13556034108896958,0.13021374657659407
2021-06-23,0.0032778534806349987,-0.10880130570602461,-0.14003429695561426,-0.007838620991721806,0.09669631125933052,0.0562987486631705,0.04039756259616002,0.007055091264399555,0.012133370258146054,0.4219171917191719,0.13881893086862615,0.1304171823516005
2021-06-24,-0.005636366878155666,-0.11443767258418028,-0.14038677085602097,-0.007981041305716058,0.09350526425800271,0.04250712263316444,0.05099814162483827,0.00708263574583408,0.012119566050639642,0.41340530814215026,0.14167760512365912,0.13056684454486878
2021-06-25,0.0024474716769118973,-0.11199020090726838,-0.14062319796563827,-0.007983233461858974,0.0990696126835689,0.03833197784752505,0.060737634836043844,0.006933089026783268,0.012098207179555835,0.4160485502360081,0.13369704874460564,0.13062774920450929
2021-06-28,0.0051883198959047265,-0.10680188101136366,-0.14088991507917512,-0.007933614078227263,0.10382396402563457,0.035356988967588356,0.06846697505804622,0.006952138408821128,0.012077375345493725,0.42388863942523575,0.13541223870605237,0.1307489215677375
2021-06-29,-0.0083164996622374,-0.11511838067360106,-0.14124063869525882,-0.007951716788133972,0.09743090893870845,0.030396535694149074,0.06703437324455938,0.006966506319030338,0.012048470544736942,0.3998651382333109,0.1339467327283366,0.1309679480127073
2021-06-30,0.006464640104473979,-0.10865374056912708,-0.1415671111129905,-0.00794672630293708,0.08788173818131972,0.024721063618932372,0.06316067456238736,0.006998430191315907,0.012031126298963718,0.42017937219730944,0.1373642670764772,0.13125069947671375
2021-07-01,-0.014041902584551787,-0.12269564315367887,-0.14198986846853964,-0.007935464313927137,0.06952870074517106,0.0027247841164806923,0.06680391662869037,0.00727220279259947,0.01201767038594989,0.38753083651042836,0.13167086860468327,0.1314850635018917
2021-07-02,-0.005009034989955464,-0.12770467814363434,-0.1424614659280789,-0.007965501990995077,0.0658003000671425,0.004252216208085444,0.061548083859057065,0.007299340414930784,0.012003741207944726,0.3864755933721451,0.1385014833892902,0.13162760528992773
2021-07-05,0.012670791768686258,-0.11503388637494809,-0.14282413601917468,-0.007834634212507047,0.07411678724596024,0.017206603158205307,0.05691018408775493,0.0073681041555447736,0.012003741207944726,0.41434977578475335,0.13972022206267815,0.13187748463526536
2021-07-06,0.00011300148146486572,-0.11492088489348322,-0.14319305631603613,-0.007715317861652027,0.07185682730309066,0.018112352921585126,0.053744474381505536,0.007323363752127396,0.012003741207944726,0.4137158225011206,0.13138960908311784,0.13187748463526536
2021-07-07,0.007919952998525076,-0.10700093189495814,-0.14346559382950486,-0.007606911460645488,0.08086208658778099,0.01779004333007332,0.06307204325770767,0.007311288923098878,0.012003741207944726,0.42250055915902485,0.134648118117885,0.13220053475673058
2021-07-08,-0.004556052594962346,-0.11155698448992049,-0.1438058404100752,-0.007524104959330147,0.07848822144884442,0.01408361550534068,0.06440460594350374,0.007346837427825744,0.012003741207944726,0.41055456171735244,0.13910876813257603,0.13220053475673058
2021-07-09,0.006037478583889074,-0.10551950590603142,-0.14398186830470286,-0.00738512846179476,0.09025026380750834,0.017175738666584603,0.07307452514092373,0.007151292787583573,0.012003741207944726,0.4262734584450402,0.13699055024772183,0.13220053475673058
2021-07-12,0.012240843519590061,-0.09327866238644135,-0.14390160929423906,-0.007047590250679636,0.08761148998207899,0.024601505291228953,0.06300998469085003,0.0071853286214977365,0.012003741207944726,0.45277963831212326,0.13809180964856885,0.13220053475673058
2021-07-13,0.005037309362692713,-0.08824135302374864,-0.14386602040695898,-0.006693867923565799,0.08816101146030976,0.036051453233937,0.05210955822637276,0.007095868118435891,0.012003741207944726,0.4663247100802855,0.13338477913604616,0.13220053475673058
2021-07-14,-0.007402967164284541,-0.09564432018803318,-0.14394395585375436,-0.006377827405657399,0.06704597467556966,0.037221892918827465,0.0298240817567422,0.007156518759916896,0.012003741207944726,0.4490069180986387,0.1330408950084303,0.13220053475673058
2021-07-15,-0.0065033563825077694,-0.10214767657054094,-0.14406841384032865,-0.005960386665636891,0.04920504154254032,0.04221492016184465,0.006990121380695671,0.0069875309940638135,0.012003741207944726,0.4355595264686174,0.1377773083796516,0.13233510346614924
2021-07-16,-0.0011802430235554465,-0.10332791959409639,-0.14416902805900414,-0.005514391063107998,0.010417806573263256,0.034423145553547224,-0.024005338980283966,0.006819273253301392,0.012003741207944726,0.4376391982182628,0.1360918365543791,0.13233510346614924
2021-07-19,-0.0023980424294738605,-0.10572596202357025,-0.14429823760056956,-0.0052145678008912455,-0.0016278657657617665,0.02387465961664555,-0.025502525382407316,0.006803636768315157,0.012003741207944726,0.4407233757535164,0.1368224178670439,0.13233510346614924
2021-07-20,0.002205976590462587,-0.10351998543310767,-0.14447769631742458,-0.0050790802980295036,-0.01990454159175446,0.014780287945912966,-0.034684829537667425,0.006783915466881422,0.012003741207944726,0.4439732142857143,0.13873257541765352,0.13233510346614924
2021-07-21,0.011638989721579484,-0.09188099571152819,-0.14459026005707812,-0.004877464951534877,-0.03361012265946269,0.020198163475131432,-0.053808286134594124,0.006911144167861936,0.012003741207944726,0.4592724838205758,0.14254125360188133,0.13233510346614924
2021-07-22,0.004142990810411719,-0.08773800490111647,-0.144606750310835,-0.004572453355220746,-0.022855590393898378,0.021063300804908154,-0.04391889119880653,0.006813971171708437,0.012003741207944726,0.4660431975061234,0.15326786369747286,0.13233510346614924
2021-07-23,-0.011450680274592518,-0.09918868517570899,-0.14471535969016044,-0.004328588834139474,-0.06604731715866846,0.015248987408471297,-0.08129630456713977,0.006977840144358932,0.012003741207944726,0.4463729417000445,0.1522785450417513,0.13233510346614924
2021-07-26,-0.014947291772492136,-0.11413597694820113,-0.14476512758615728,-0.004141929620519014,-0.07627090423018908,-0.002145776040932735,-0.07412512818925635,0.007188082560792716,0.012003741207944726,0.4249833296288064,0.15916837912708232,0.13233510346614924
2021-07-27,-0.019516160512473082,-0.13365213746067423,-0.1448852827899033,-0.003995367710728198,-0.06990053208427256,-0.026850256449310543,-0.04305027563496202,0.007663871976817993,0.012003741207944726,0.3959074733096085,0.15311788897933373,0.13233510346614924
2021-07-28,-0.02416803563283031,-0.15782017309350455,-0.1450527672812412,-0.0038121285859823717,-0.048327150374806435,-0.04270179241990345,-0.0056253579549029875,0.008297301437667715,0.011997830346681965,0.3491781430475344,0.14883484614676104,0.13233510346614924
2021-07-29,0.024690050299091895,-0.13313012279441266,-0.1451318423490665,-0.0035647312360760075,-0.024516754228971333,-0.024476382225285535,-4.037200368579852e-05,0.008792602016239609,0.011844447844839049,0.391072618254497,0.16607133512326397,0.13233510346614924
2021-07-30,0.008141681476467783,-0.12498844131794488,-0.14516046344919772,-0.0031705949806580813,-0.04969161287431434,-0.002292798164265966,-0.04739881471004837,0.008835552476688208,0.011693939389120098,0.4104328523862375,0.1685794213376506,0.13233510346614924
2021-08-02,0.017825601517323812,-0.10716283980062108,-0.14524514512264458,-0.0027836791945656802,-0.035829786176897735,0.020541838343013312,-0.05637162451991105,0.00906445589988224,0.01169257520724279,0.44163337771859745,0.16081228395574443,0.13233510346614924
2021-08-03,-0.003310208187057703,-0.11047304798767878,-0.1454903643026517,-0.0026662282834770124,-0.04380307305757182,0.004560838387269351,-0.04836391144484117,0.009074469700426321,0.01167612198396517,0.44728079911209767,0.14603522378490003,0.13233510346614924
2021-08-04,0.010722439807560658,-0.09975060818011812,-0.1457012301795241,-0.002508173863487978,-0.030481635132437,0.015170276713365143,-0.04565191184580214,0.009150632750283907,0.01164758090537827,0.4623204419889503,0.15067618247463,0.13233510346614924
2021-08-05,-0.0064963997096715576,-0.10624700788978968,-0.14591502775584073,-0.00244943392633587,0.00429060046197338,0.0007539240051685093,0.0035366764568048707,0.0091389107180637,0.011624993574219547,0.4519124474906036,0.1457427977049601,0.13233510346614924
2021-08-06,-0.00028016402644372184,-0.1065271719162334,-0.14609275371744979,-0.0022869133073745995,0.008406906018618827,0.005029812573687134,0.0033770934449316933,0.00911360599642923,0.011614416420572241,0.4520123839009288,0.14728715684082072,0.13233510346614924
2021-08-09,0.010994726893125192,-0.0955324450231082,-0.14621760159111902,-0.0022357332864161583,0.007942743036809075,0.00998706088292325,-0.0020443178461141756,0.009085618900947513,0.011567123651226292,0.47626407595495696,0.13709877791215005,0.13233510346614924
2021-08-10,0.009966391981332616,-0.08556605304177559,-0.1462668434440867,-0.002365234149847628,-0.006674482496533079,0.007712609344665805,-0.014387091841198884,0.009062074444409762,0.01144917356946517,0.4929390997352162,0.13679380212870165,0.13233510346614924
2021-08-11,0.006041138508151454,-0.07952491453362413,-0.14633664129118573,-0.002470620884226754,-0.000534179401273642,0.008716438490124545,-0.009250617891398187,0.009068859726301897,0.011349895558367275,0.5002207505518764,0.14254311051439636,0.13233510346614924
2021-08-12,0.003439410744291519,-0.07608550378933261,-0.1463320858144,-0.002388129960645635,-0.00900328018698783,0.019558816398700607,-0.028562096585688437,0.009066201845173346,0.011317904097188629,0.5051864930478923,0.14274461891049542,0.13233510346614924
2021-08-13,-0.00014878471160445378,-0.07623428850093707,-0.1463100424499322,-0.0022416286096035576,-0.03761773014259094,0.025913388069603922,-0.06353111821219487,0.009041714783017822,0.011310349219218557,0.5022045855379189,0.14265303547320413,0.13233510346614924
2021-08-16,0.0004377327144992066,-0.07579655578643786,-0.14622027614075928,-0.002051248081755136,-0.03215161792898278,0.027531363807658575,-0.059682981736641355,0.009042950234154334,0.011305664626655196,0.5094713656387665,0.1357224204929956,0.13233510346614924
2021-08-17,-0.024267476087640547,-0.1000640318740784,-0.14625920419848068,-0.001960966597911118,-0.06653111625769065,0.005661930149491887,-0.07219304640718253,0.009620624431269105,0.011288141603300904,0.46358635863586356,0.13257834915458092,0.13233510346614924
2021-08-18,0.008566485985558118,-0.09149754588852028,-0.14625578794487526,-0.0017780916274506842,-0.05611163761674227,0.01202243954458742,-0.06813407716132969,0.009625892500112185,0.01126118058352189,0.48668866886688666,0.1314638729661126,0.1319939187261485
2021-08-19,-0.0024592379119026176,-0.0939567838004229,-0.1462712389669941,-0.0016809789099159755,-0.045354591470448624,-0.002075788088894684,-0.04327880338155394,0.009608821388040829,0.011225812499110071,0.48175021987686895,0.12818380912375324,0.13162760528992773
2021-08-20,-0.006034949230467026,-0.09999173303088993,-0.14629979748162744,-0.0016930471707924388,-0.05896174941275832,-0.01225372812977343,-0.04670802128298489,0.009602731750083516,0.01119107336429966,0.47296703296703296,0.1298262481054101,0.1315241074706424
2021-08-23,0.023520548143469888,-0.07647118488742004,-0.14607723795633237,-0.0013618782661719286,-0.016776818747418737,0.022717500288288978,-0.039494319035707715,0.01002764986527547,0.011178378797087033,0.5101054481546573,0.1287616428030713,0.1314267410246152
2021-08-24,0.005203392648385989,-0.07126779223903405,-0.14582975841240817,-0.0010646308262508841,-0.004843464691629422,0.042868184709167104,-0.04771164940079652,0.009938392869988155,0.011173315284612014,0.5190789473684211,0.12940208092088723,0.13138769705586453
2021-08-25,0.007422871401871123,-0.06384492083716294,-0.14564156372424766,-0.00075628093434435,-0.0031788025462273104,0.0698072166235113,-0.07298601916973861,0.009932356009014251,0.011170837033818963,0.5298376480912681,0.1379960233867999,0.13138769705586453
2021-08-26,-0.0069311542958739765,-0.07077607513303691,-0.14547626382942047,-0.0004234965481792752,-0.016705054966933513,0.08704409796046764,-0.10374915292740115,0.009937578961488542,0.011157488943451206,0.5185185185185185,0.13853495045656353,0.13138769705586453
2021-08-27,-0.002582361905157931,-0.07335843703819483,-0.14540724668259833,-0.00027540433353182014,-0.03737558562476757,0.05977168575621781,-0.09714727138098538,0.009947115390014164,0.011140588706958703,0.5108481262327417,0.1410922024634197,0.13138769705586453
2021-08-30,0.0005425305466918602,-0.07281590649150298,-0.14529128538419125,-0.00013082193499353023,-0.044386805584735435,0.052172534826441894,-0.09655934041117734,0.009944572274077643,0.011131592601632566,0.5078947368421053,0.14642305755054041,0.13138769705586453
2021-08-31,-0.0007003600889106597,-0.07351626658041363,-0.14528040173763793,-3.5256614993345314e-05,-0.02972220569663023,0.03364657322020742,-0.06336877891683765,0.009901163554476318,0.011120402796610942,0.5086603814952861,0.15766596089132653,0.13138769705586453
2021-09-01,-0.0036063660153225125,-0.07712263259573614,-0.14524137699047834,0.0002489873121733488,-0.021811603160069193,0.03335041539194261,-0.055162018552011804,0.009915591558122714,0.011107555263778511,0.5209200438116101,0.14722471851224772,0.13138769705586453
2021-09-02,0.010566666769174178,-0.06655596582656195,-0.1450912738481867,0.0006099563313373968,-0.0173126238695349,0.03319464235355613,-0.050507266223091034,0.009991949277363297,0.011083224143322079,0.5371629028721772,0.15707511471056176,0.13138769705586453
2021-09-03,0.0030828855959705538,-0.0634730802305914,-0.14492987752471773,0.0009851502311229998,-0.01897214453877092,0.04277392765919824,-0.06174607219796916,0.009983048893148947,0.011062688623588258,0.5521311475409836,0.14933580863687337,0.1314267410246152
2021-09-06,0.015156531704591707,-0.04831654852599969,-0.14469328397092118,0.0013994697465286032,-0.004373656023160345,0.05821062339023367,-0.062584279413394,0.010102644524702494,0.011052802738083303,0.5735422106179286,0.15884974392289716,0.1315241074706424
2021-09-07,0.010652003580932013,-0.03766454494506768,-0.14445191414713027,0.0017656874439887504,0.02704023403874147,0.05786790007804049,-0.03082766603929902,0.010090148409887428,0.011035139037063808,0.5923747276688454,0.1563995237625287,0.13162760528992773
2021-09-08,0.008348388632842022,-0.029316156312225658,-0.14413507981906892,0.0021317636250177685,0.024142301991767333,0.05624989672954989,-0.03210759473778256,0.009978659087173155,0.011024498189290416,0.6170444638186574,0.15708161327252257,0.1319939187261485
2021-09-09,0.0011872870200807751,-0.028128869292144882,-0.14383004488361126,0.002506596407574474,0.016844788164715702,0.05139604524147921,-0.034551257076763514,0.009959964650540979,0.011020854428362984,0.6147148454505877,0.16400912470890952,0.13233510346614924
2021-09-10,-0.004484078750292875,-0.03261294804243776,-0.14356140313245544,0.002770682681944553,0.010746308980353815,0.04347255574689483,-0.03272624676654101,0.009957568484542696,0.01101601546004656,0.6030052264808362,0.15869517225545668,0.13233510346614924
2021-09-13,0.0034878990415497225,-0.029125049000888036,-0.14330063948616717,0.0030094029637650344,0.009019123042958013,0.047109239500049006,-0.038090116457091,0.009879566662899509,0.01101328387510031,0.6133942161339422,0.1686898773850194,0.13233510346614924
2021-09-14,-0.010087825311886858,-0.0392128743127749,-0.1431067689794358,0.00311350716132347,-0.005827688076985604,0.036583681473662935,-0.04241136955064854,0.009971018840729462,0.011005027548817757,0.5817391304347826,0.1608616125593014,0.13233510346614924
2021-09-15,0.005152289068931559,-0.03406058524384334,-0.14288358989884345,0.0033756142996372307,0.00843928291194641,0.06600344663023504,-0.057564163718288625,0.009980525287133862,0.010996977780993077,0.5896544229515323,0.16460579167814343,0.13233510346614924
2021-09-16,-0.015469121860168734,-0.04952970710401207,-0.14267249583399855,0.0035832921108767124,-0.008392881582816432,0.04196783878450819,-0.05036072036732462,0.010174288661957536,0.01098937703672237,0.5662388514248423,0.16654933666532046,0.13233510346614924
2021-09-17,-0.002694178263302656,-0.052223885367314725,-0.14245270239001026,0.003818536576983833,0.00026954383389390414,0.04173289843310815,-0.04146335459921425,0.010184239380858523,0.01098000144382999,0.5508382320923144,0.16274477981940016,0.13233510346614924
2021-09-22,0.005302561644332857,-0.04692132372298187,-0.14220205800624777,0.004097739475379669,-0.003413655347126893,0.05307040930790803,-0.05648406465503492,0.01018504708204791,0.010972420902343533,0.5529743812418585,0.1842032850843114,0.13233510346614924
2021-09-23,0.006747950518544508,-0.04017337320443736,-0.1419061314105422,0.004171106545790171,0.03014055377605672,0.036297811682982656,-0.0061572579069259364,0.010137106959167108,0.01095842092028869,0.5755146262188515,0.18059397320840248,0.13233510346614924
2021-09-24,-0.01591035713657117,-0.05608373034100853,-0.14175364438621046,0.0040761140261977025,0.053246734138197985,0.015184061898025496,0.038062672240172485,0.010351283941170292,0.010941266617885052,0.5397788857576414,0.17407799652946246,0.13242431363826523
2021-09-27,-0.027749133363757304,-0.08383286370476584,-0.14175036340409464,0.0038912003201530265,0.01152626677499808,-0.019987942867602932,0.031514209642601015,0.010826461009434959,0.010910007215384807,0.4752604166666667,0.17476705949800553,0.13253686917321328
2021-09-28,0.0030865468738359965,-0.08074631683092984,-0.14171910587991815,0.003757157949502321,-0.0006890860019740644,-0.00997024169789296,0.009281155695918895,0.010805193373827526,0.0108861612607461,0.4877253964805562,0.16480555298085015,0.13253686917321328
2021-09-29,-0.029268804684640284,-0.11001512151557012,-0.14184407818623046,0.003563168496367869,-0.032759042259884553,-0.036656684477375315,0.0038976422174907613,0.011365145686563874,0.0108861612607461,0.429191064844936,0.16917390617050873,0.13253686917321328
2021-09-30,0.02100732506414883,-0.08900779645142129,-0.14183789404683206,0.0034533913373591962,-0.0058027205924234306,-0.016191889959918344,0.010389169367494913,0.011681761040875049,0.0108861612607461,0.4665367121507472,0.16426366960938713,0.13253686917321328
2021-10-08,0.013828603034654363,-0.07517919341676693,-0.14175111692032077,0.003529284817317152,0.0047048602937218905,-0.0016629268363533237,0.006367787130075214,0.011770523327570977,0.0108861612607461,0.5181975736568457,0.15204465123102268,0.1327423625998018
2021-10-11,-0.002216102780368322,-0.07739529619713525,-0.14158275403590578,0.00365862295457256,-0.009767054135036198,-0.00027266360139913343,-0.009494390533637065,0.011757253904212993,0.0108861612607461,0.5192640692640693,0.15646516715325545,0.13297363552672647
2021-10-12,-0.01667688723561324,-0.0940721834327485,-0.14149388599242468,0.0035973878557620242,-0.024703935651922644,-0.027516217606186548,0.002812281954263904,0.011942433880340267,0.0108861612607461,0.47941048981361073,0.14556715141851048,0.13321283707223824
2021-10-13,0.003451530430524406,-0.09062065300222409,-0.1413038180728701,0.0036260594518476297,-0.00618069885248863,-0.027147572771632697,0.020966873919144067,0.011845633518674114,0.0108861612607461,0.483409238776838,0.13173093872474076,0.13321283707223824
2021-10-14,0.005393176749081303,-0.0852274762531428,-0.1411172771719915,0.003576006798929693,-0.007760666942524044,-0.0369109277271431,0.029150260784619055,0.01184826469682928,0.0108861612607461,0.4931714719271624,0.12555477094525394,0.13321283707223824
2021-10-15,-0.0071560587911574484,-0.09238353504430025,-0.14095851526379774,0.003493398883332527,0.011798862704535607,-0.05471899009923256,0.06651785280376817,0.011845674771487406,0.0108861612607461,0.46470333477695974,0.13832523246188885,0.13338528632818403
2021-10-18,0.006555246988215799,-0.08582828805608445,-0.1407074332580724,0.0034276465609965334,0.02379280865538528,-0.05651213174385879,0.08030494039924407,0.01184311053405995,0.0108861612607461,0.48100172711571676,0.13839990697073357,0.13353479061821547
2021-10-19,0.004517586030190498,-0.08131070202589395,-0.14047647100599042,0.0033535738776208357,0.043012572800032144,-0.05318183273374906,0.0961944055337812,0.011854107333429294,0.0108861612607461,0.48315334773218144,0.12851189733606122,0.13353479061821547
2021-10-20,-0.0016280582244932497,-0.0829387602503872,-0.1402338268522661,0.0033275762801893427,0.034376348978967686,-0.05032581220794943,0.08470216118691712,0.011851479752785658,0.0108861612607461,0.47502702702702704,0.13328229427908123,0.13353479061821547
2021-10-21,-0.005475385057140677,-0.08841414530752788,-0.14006740851840138,0.0032332309677657878,0.030850075984171103,-0.05928909630663983,0.09013917229081093,0.011872887105965738,0.0108861612607461,0.461638210503566,0.1312383578836811,0.13353479061821547
2021-10-22,-0.008452688034055383,-0.09686683334158326,-0.13983852920599887,0.0032682397734369317,-0.006640328230334206,-0.057653959028808356,0.05101363079847415,0.011829532202767088,0.0108861612607461,0.43202416918429004,0.13318375976823932,0.13353479061821547
2021-10-25,0.0064022929350141455,-0.09046454040656912,-0.13959460724354394,0.003288982655299505,-0.029035328420312402,-0.05640395516272576,0.02736862674241336,0.0118467956675241,0.0108861612607461,0.4429805615550756,0.13986359898176318,0.13369041823035732
2021-10-26,-0.0050331232248977485,-0.09549766363146688,-0.13927969636060836,0.00339279947339019,-0.0379202308258311,-0.04596795652745479,0.008047725701623695,0.011770804573112362,0.0108861612607461,0.4357312594512854,0.1294156808866339,0.13369041823035732
2021-10-27,-0.01784329093259096,-0.11334095456405784,-0.13909692321138611,0.0033557791786241464,-0.0498534619375918,-0.06111706919674309,0.011263607259151293,0.01183913118369741,0.0108861612607461,0.39197930142302717,0.13971202898065285,0.1337224278857
2021-10-28,-0.01947256351498206,-0.1328135180790399,-0.13895292546276572,0.003249132543482053,-0.06183153848462152,-0.08589219435605801,0.024060655871436486,0.011837913542661454,0.0108861612607461,0.3560491697218029,0.1349817384179855,0.1337647815024397
2021-10-29,0.015538698252847157,-0.11727481982619276,-0.1387161283689397,0.003190003041602496,-0.04671194953692929,-0.07710144662175536,0.03038949708482607,0.0115699829210376,0.0108861612607461,0.39267241379310347,0.13779394191629496,0.13386424435321082
2021-11-01,0.013050876978982627,-0.10422394284721012,-0.13843280796894133,0.0033208364172691296,-0.028506260398965512,-0.048140212506201555,0.019633952107236043,0.011253779199114095,0.0108861612607461,0.41596729072519906,0.13007296197024681,0.13386424435321082
2021-11-02,-0.012689373136796226,-0.11691331598400635,-0.13827950145641657,0.0034708619476780667,-0.051347970870195644,-0.03308045227924048,-0.018267518590955163,0.011334496444462647,0.0108861612607461,0.3825806451612903,0.14766586362140013,0.13405715891919429
2021-11-03,0.006649799203185616,-0.11026351678082073,-0.1381616342389063,0.003557471641011861,-0.03326691763433869,-0.02951719994989086,-0.0037497176844478314,0.011128808307861605,0.0108861612607461,0.3991388589881593,0.13123424869931147,0.13405715891919429
2021-11-04,0.014274807452690727,-0.09598870932813,-0.13796808502832672,0.00387599315790374,-0.015345747933632605,0.014026412187440152,-0.029372160121072757,0.01127217090059916,0.0108861612607461,0.4258424554625456,0.13852989979411548,0.1342774589578939
2021-11-05,-0.004291278581270656,-0.10027998790940065,-0.1377328635492083,0.004105030497623757,-0.006530170288379537,-0.011272191457979332,0.004742021169599795,0.011201985794562818,0.0108861612607461,0.42028362698753763,0.14493269875454184,0.13446476301535337
2021-11-08,0.0068752316306569675,-0.09340475627874369,-0.1373293178349237,0.004421799085397082,-0.0011263359489468794,-0.018225562861976727,0.017099226913029848,0.011203741964547766,0.0108861612607461,0.43062406176281365,0.14146379827241748,0.13457499288382208
2021-11-09,0.010912519869229337,-0.08249223640951435,-0.13686315799942053,0.004719596036485252,0.009688560200091297,-0.00509694021237907,0.014785500412470367,0.011288235633647135,0.0108861612607461,0.4458530296519123,0.14376146784454527,0.1346279553302791
2021-11-10,0.005792471644862579,-0.07669976476465178,-0.1362503365020684,0.005243549490356297,0.01416681461200899,0.017372418668096745,-0.003205604056087755,0.01122528703530743,0.0108861612607461,0.4606620808254514,0.13895459015681233,0.13467453235713892
2021-11-11,0.009828671787291007,-0.06687109297736077,-0.13562417649394942,0.0056796415789206744,0.027408937126859687,0.02374956002486335,0.003659377101996337,0.01122329374825628,0.0108861612607461,0.4807733619763695,0.1313043490916241,0.13467453235713892
2021-11-12,0.010011850485369522,-0.056859242491991244,-0.13487020855347182,0.006247068618519674,0.06412384745443599,0.028368233761151565,0.03575561369328442,0.011269263462864092,0.0108861612607461,0.49678387650085765,0.1367993053736384,0.13484134250718915
2021-11-15,0.009048348429597917,-0.047810894062393326,-0.13409013429124358,0.006868380972554156,0.0729528069614822,0.044572640981906934,0.02838016597957526,0.011318248868367204,0.0108861612607461,0.5231590181430096,0.14909355442009878,0.13484134250718915
2021-11-16,-0.009210813741804037,-0.057021707804197366,-0.1334209508828693,0.007286482375203102,0.044462150665075084,0.0288065802518871,0.015655570413187984,0.011386917719481004,0.0108861612607461,0.500320444349498,0.1441098993055584,0.13519698856201895
2021-11-17,0.013805154287378326,-0.04321655351681904,-0.1327549548328907,0.007721516173099713,0.06061950058165266,0.03809414850907492,0.02252535207257774,0.011519256979813238,0.0108861612607461,0.5335326783425887,0.1431630026418418,0.13544121137158727
2021-11-18,-0.007062131133949427,-0.050278684650768464,-0.13214380556137814,0.008090021290887955,0.03688318175185579,0.03266007559961875,0.00422310615223704,0.011097601026177082,0.0108861612607461,0.5076759061833689,0.14591679134994964,0.13551526256304586
2021-11-19,0.011159459168121196,-0.03911922548264727,-0.1314926368668709,0.008574771651530477,0.05688894069026734,0.049294919824880615,0.0075940208653867275,0.011133231582658984,0.0108861612607461,0.5343137254901961,0.14569225917833722,0.1356413807909826
2021-11-22,0.008416538048803265,-0.030702687433844005,-0.1308286180623518,0.009009911143647076,0.04499030845723404,0.06616414590773927,-0.021173837450505224,0.011166545278200914,0.0108861612607461,0.5414623747601791,0.14790421645866164,0.13586783851064627
2021-11-23,0.0046083359595480945,-0.02609435147429591,-0.13009131001199198,0.009503297231551966,0.05883323055335664,0.06437018893227321,-0.005536958378916573,0.011136517563760509,0.0108861612607461,0.5546808510638298,0.14329598936654733,0.136052546541338
2021-11-24,0.003735716870260311,-0.022358634604035598,-0.12926315283000103,0.010016543530607325,0.07421795968085433,0.07313902902743127,0.0010789306534230575,0.010751625572040622,0.010881871142773043,0.5596760443307758,0.14510988299052574,0.13621040626479808
2021-11-25,0.00010884665609360556,-0.022249787947941992,-0.12839231697430478,0.010704606237081332,0.073502556976448,0.09109116661611584,-0.017588609639667838,0.01073718626868636,0.010862533803382916,0.5630592245419684,0.14036184175736327,0.13636976434340647
2021-11-26,-0.002391802871829954,-0.024641590819771946,-0.12753900314615052,0.0114139223166152,0.07099366846553858,0.10817192725926794,-0.037178258793729366,0.01070956782054818,0.010836765833793597,0.5496914237071717,0.14036370464252323,0.13660217742014877
2021-11-29,-0.0008038853068313455,-0.025445476126603292,-0.12662250276915304,0.012093625599786662,0.06049303357664231,0.09182934369958945,-0.03133631012294714,0.010665140714349128,0.010815827191631242,0.5317612067134055,0.15338666057921455,0.13679655375117003
2021-11-30,0.006911897826982148,-0.018533578299621142,-0.12559855023451974,0.012834257734421595,0.07414944362487692,0.08569036454758897,-0.011540920922712042,0.010685191506279538,0.010788719030448868,0.5548236294092648,0.13881754303259827,0.13681086162034117
2021-12-01,0.009041488405311597,-0.009492089894309545,-0.12455434518594752,0.013725156270469052,0.07964376648936693,0.10742122608969679,-0.02777745960032986,0.010736397961707044,0.010761935129555415,0.5879226025940889,0.1351614831712547,0.13681086162034117
2021-12-02,-0.011888904190893201,-0.021380994085202748,-0.12357868816586114,0.014582946073045153,0.06496030418840132,0.08888252269561797,-0.023922218507216653,0.010863818106680677,0.010761935129555415,0.5684523809523809,0.13236463659144437,0.13681086162034117
2021-12-03,0.003125778566237537,-0.01825521551896521,-0.12250981922293545,0.015458265805391266,0.06302256273957582,0.07773349380916478,-0.014710931069588956,0.010851571731823597,0.010761935129555415,0.5809948979591837,0.1279210577149226,0.13681086162034117
2021-12-06,-0.015521374243008017,-0.03377658976197323,-0.12142690667795553,0.016305956871252775,0.04421038589707172,0.06650339814742741,-0.02229301225035569,0.010982842269037145,0.010761935129555415,0.5420560747663551,0.128720644244294,0.13681086162034117
2021-12-07,-0.00705370330020403,-0.04083029306217726,-0.12031189644371672,0.017017421391206974,0.037866108300136786,0.05257446321656642,-0.014708354916429633,0.011021058714005893,0.010761935129555415,0.5384124281762077,0.11883356008888392,0.13681086162034117
2021-12-08,0.011814482623025169,-0.029015810439152093,-0.11914030268380257,0.017722855315617958,0.06273270963384786,0.05347642597036226,0.009256283663485604,0.010953335696924287,0.010761935129555415,0.5548936170212766,0.11948221885219794,0.13681086162034117
2021-12-09,0.004361626552267017,-0.024654183886885075,-0.11803030605388816,0.018220030448180227,0.07152839027808341,0.052045580877766694,0.01948280940031672,0.010882659429802096,0.010761935129555415,0.5722776480577372,0.12110815555251832,0.13681086162034117
2021-12-10,0.0038359259529765714,-0.020818257933908506,-0.1169346939933604,0.018689482500589022,0.07623194254156973,0.046052835043452256,0.030179107498117475,0.010841024266573159,0.010761935129555415,0.5751273344651953,0.11915092802209404,0.13681086162034117
2021-12-13,0.004060041330378146,-0.01675821660353036,-0.11594380055171176,0.018926408001760056,0.08260047574202012,0.04010102588846089,0.04249944985355923,0.010852058787565831,0.010761935129555415,0.5792605184870379,0.11447950337629552,0.13681086162034117
2021-12-14,0.0057529597397481275,-0.011005256863782233,-0.11505202901529926,0.019038105275944323,0.07557587834357617,0.036805637198611095,0.03877024114496507,0.010857807097533893,0.010761935129555415,0.5908319185059423,0.1155115631191224,0.13681086162034117
2021-12-15,0.0009408238382501342,-0.010064433025532098,-0.11419570359495607,0.019225247287913222,0.07442462710239864,0.046957274778665264,0.027467352323733374,0.010850347689071513,0.010761935129555415,0.5974108658743633,0.11221676773111655,0.13681086162034117
2021-12-16,0.008106317559382603,-0.0019581154661494956,-0.11326673225010221,0.019488222582788498,0.08503970620007782,0.04125843805066954,0.04378126814940828,0.010808772320398357,0.010761935129555415,0.6180584993641374,0.11422134599806681,0.13681086162034117
2021-12-17,-0.008174728799797889,-0.010132844265947384,-0.11237457213633842,0.019769233425039723,0.07488781598715963,0.04014584038482108,0.03474197560233855,0.010850926512670401,0.010761935129555415,0.6061120543293718,0.11710693643933087,0.13681086162034117
2021-12-20,-0.010977472512931234,-0.02111031677887862,-0.11150604708406041,0.019986589782810496,0.06913430755222556,0.018008908703768648,0.05112539884845692,0.010754664882347246,0.010753145227193934,0.5905327955848015,0.1309744679018739,0.13681086162034117
2021-12-21,0.015055899481102348,-0.00605441729777627,-0.11054047561441603,0.020288142447935767,0.08648020142124627,0.024648270136067733,0.06183193128517853,0.010909070811755926,0.010753145227193934,0.6316571186081053,0.12944387986277628,0.13681086162034117
2021-12-22,0.003506012936913852,-0.0025484043608624183,-0.10966471292460932,0.02042659708738266,0.10851946871927416,0.02354594711343349,0.08497352160584068,0.01089887862587005,0.010753145227193934,0.638830012717253,0.12439832559365217,0.13681086162034117
2021-12-23,-0.0058682362251956865,-0.008416640586058104,-0.10879044824666774,0.020472704583333293,0.1034291515429074,0.013941994017977494,0.0894871575249299,0.01090269511703132,0.010753145227193934,0.6173231681490894,0.12332136086171862,0.13681086162034117
2021-12-24,-0.017127715106488462,-0.025544355692546566,-0.1080648290149054,0.020327487959399385,0.10308988122059906,-0.003294567744604576,0.10638444896520363,0.010934892056549603,0.010753145227193934,0.5763536379018612,0.1301273764293348,0.13681086162034117
2021-12-27,0.004573685963451904,-0.020970669729094664,-0.10727145979583622,0.020267543350314304,0.10156498669976462,0.0036709210906772823,0.09789406560908734,0.010296722774178757,0.010750981170225903,0.5912933220625528,0.13620010122593537,0.13681086162034117
2021-12-28,0.0062150574642374865,-0.014755612264857177,-0.10648513992502295,0.02013736284413009,0.10938030441819561,0.010689863861746115,0.0986904405564495,0.010315127145350772,0.010743761518548771,0.606553911205074,0.129794574949952,0.13681086162034117
2021-12-29,-0.0007618593954597981,-0.015517471660316976,-0.10563938818063592,0.019959162053883817,0.12052721754083573,0.003016106639304169,0.11751111090153156,0.00951838185033691,0.010736792115196701,0.6043909647456196,0.12720298731281035,0.13681086162034117
2021-12-30,0.009693344453112358,-0.005824127207204618,-0.10461658763928716,0.019937757546660356,0.1216790252350833,0.0036679626871049297,0.11801106254797837,0.009234729884985802,0.010735328122559742,0.6244200759173345,0.13478537166646593,0.13681086162034117
2021-12-31,0.0063074089773830075,0.0004832817701783893,-0.10350577413557702,0.02007291403028412,0.13195087276543208,0.02186427585538114,0.11008659691005093,0.009113222793121297,0.010733387412685338,0.6403545799915576,0.1228538093428543,0.13681086162034117
2022-01-04,0.009761616347352274,0.010244898117530665,-0.10244100142237464,0.020068817800560815,0.13194271019800424,0.028500113636495874,0.10344259656150837,0.009166794443066803,0.010730377865983722,0.6763774540848638,0.12805210812434686,0.13681086162034117
2022-01-05,-0.014371500490928953,-0.004126602373398288,-0.10145170239268936,0.019975204285266168,0.13851609344868712,0.02964998738857494,0.10886610606011218,0.009094024077686096,0.010725310998115724,0.6548298456985838,0.1289172175451855,0.13681086162034117
2022-01-06,0.008810503339219318,0.00468390096582103,-0.1004022331418452,0.019909663301871522,0.1439328338633759,0.045514194027998285,0.09841863983537763,0.009139726312955707,0.01071928296463538,0.6648363252375924,0.13295125919115325,0.13679655375117003
2022-01-07,-0.01626795432935828,-0.011584053363537251,-0.09949677486356137,0.019643527820241202,0.14689578685504837,0.01743175707561484,0.12946402977943353,0.00941068146690325,0.010714449543582584,0.6317788562987973,0.13113919413366487,0.13660217742014877
2022-01-10,0.008366963447930918,-0.003217089915606333,-0.09857740553438178,0.019452900519506378,0.14667849449289252,0.02143709397127874,0.12524140052161378,0.009389653364331781,0.010711141892332413,0.6507267748051401,0.14576602968035,0.13660217742014877
2022-01-11,-0.0049078665169296366,-0.00812495643253597,-0.09768850109626298,0.01924619289709742,0.15348811137058535,0.01269330150137253,0.14079480986921283,0.0094013761209012,0.010697379663413858,0.6459430979978925,0.14589951769657455,0.13660217742014877
2022-01-12,0.013352324159021824,0.005227367726485854,-0.09672116501658168,0.01922263553513008,0.169861606317882,0.02198558433001621,0.14787602198786579,0.009521126066095087,0.010677004856561534,0.6690556492411467,0.13371245905780235,0.13636976434340647
2022-01-13,-0.009039915648339777,-0.0038125479218539225,-0.09587823965760822,0.01917378935769104,0.15707547492503196,0.0071927089419283035,0.14988276598310366,0.009609311181054141,0.01066697946059633,0.6470712178676781,0.13944586296318945,0.13636976434340647
2022-01-14,-0.00509569870650077,-0.008908246628354693,-0.09500555687201703,0.019190146722939033,0.13866637186060246,0.0011561863971774004,0.13751018546342506,0.009604885130715687,0.010611848549557944,0.6135214827295703,0.14909796344270618,0.13636976434340647
2022-01-17,0.015311064817386732,0.006402818189032039,-0.09401376594282629,0.019252966307275923,0.14023977847191127,0.00836093365518153,0.13187884481672973,0.009684484800206413,0.010611848549557944,0.6499053229539239,0.14675883545643606,0.13636976434340647
2022-01-18,-0.013157055467228772,-0.006754237278196733,-0.09306905936680084,0.019305512769537583,0.12794431416584814,0.003378606987750646,0.12456570717809749,0.009851987404464437,0.010611848549557944,0.6206098843322818,0.13179959825394957,0.13626453860057625
2022-01-19,0.00018875809460855024,-0.006565479183588183,-0.09218567614536971,0.019320370938690698,0.14075880454949588,0.014544837595290431,0.12621396695420545,0.009817241564135375,0.010611848549557944,0.6285774410774411,0.14017110800323807,0.13626453860057625
2022-01-20,-0.02305554777452524,-0.029621026958113424,-0.09142199339313825,0.01911848222127778,0.14449287217755066,-0.02356660966033716,0.16805948183788783,0.010012271612921375,0.010611848549557944,0.558804965285083,0.14660172475300262,0.13626453860057625
2022-01-21,-0.012047547408121398,-0.04166857436623482,-0.09068015422323074,0.01898455870137858,0.1340556291439093,-0.03912017000537241,0.17317579914928172,0.0097934710888687,0.010611848549557944,0.5346242896232372,0.13852910620818426,0.13626453860057625
2022-01-24,-0.0036313871539713754,-0.0452999615202062,-0.08996649729219841,0.01882395095446933,0.15396410271488037,-0.036883320934148096,0.19084742364902846,0.00963984081058194,0.010552752514623478,0.5149222362337117,0.1297207523975241,0.13614596889015723
2022-01-25,-0.04139286728647264,-0.08669282880667883,-0.08947162803906082,0.018593200975844576,0.10541026579447464,-0.061148473114132275,0.16655873890860692,0.010975262423359165,0.010552752514623478,0.37925957088767354,0.1283539955881907,0.136052546541338
2022-01-26,0.0055152373340299045,-0.08117759147264893,-0.08897165654094628,0.018299803254889932,0.12647523911486303,-0.06020692174355427,0.1866821608584173,0.010861347016610963,0.010552752514623478,0.4047068711914268,0.12312598717443389,0.13586783851064627
2022-01-27,-0.032766877734787744,-0.11394446920743667,-0.08868444840350734,0.017800691521515616,0.08988127730059929,-0.0991888569425795,0.1890701342431788,0.011652212519131755,0.010552752514623478,0.3208219752568673,0.12679460710114243,0.1356413807909826
2022-01-28,0.011827359742762812,-0.10211710946467387,-0.08837387879020113,0.017265509390434794,0.08874128001438653,-0.0865996378043569,0.17534091781874342,0.011605365151918037,0.010552752514623478,0.35673862921819327,0.13034477188076068,0.13551526256304586
2022-02-07,0.013105930215014284,-0.08901117924965958,-0.08796406481316663,0.016652522826120536,0.08740458426287545,-0.08318705204245497,0.17059163630533042,0.011715732848053776,0.010552752514623478,0.40067057837384745,0.12989450098515906,0.13544121137158727
2022-02-08,0.012970776149161237,-0.07604040310049834,-0.08749134051306896,0.016014433622508054,0.0964681358527802,-0.07652368487067673,0.17299182072345692,0.011800824939498949,0.010552752514623478,0.44565673520772137,0.12460810857730364,0.13544121137158727
2022-02-09,0.014089099224378608,-0.06195130387611973,-0.08688472281773253,0.015556278604642107,0.10740166050797796,-0.0721962019936504,0.17959786250162835,0.011856287392895716,0.010552752514623478,0.4770776638057358,0.1295735952097763,0.13544121137158727
2022-02-10,-0.0036806819514135316,-0.06563198582753327,-0.08625709362966917,0.015194608763020187,0.09787446251013303,-0.06150538345413498,0.15937984596426802,0.011845550373452427,0.010552752514623478,0.46855345911949686,0.12261539301410589,0.13544121137158727
2022-02-11,-0.02083417598404424,-0.08646616181157751,-0.08578826806678559,0.014613965075059604,0.0870897997346822,-0.09115006277739854,0.17823986251208074,0.012081509197813884,0.010552752514623478,0.40762463343108507,0.1261718692514454,0.13544121137158727
2022-02-14,-0.0005346356476599176,-0.08700079745923743,-0.08530302344940954,0.014193751414151828,0.1009892735429847,-0.07541674409570018,0.17640601763868488,0.012005023840251509,0.010552752514623478,0.4050261780104712,0.12298316533735362,0.13528686093865355
2022-02-15,0.004973117947304072,-0.08202767951193336,-0.08487038460246879,0.013707020931912992,0.11438927957526249,-0.07881058959632702,0.1931998691715895,0.011961522555240568,0.010552752514623478,0.41731131089274515,0.13380877783173004,0.1350716107946201
2022-02-16,0.011678182259190291,-0.07034949725274307,-0.08444383606646082,0.013244665029802163,0.12495485919787977,-0.06222454082020709,0.18717940001808686,0.012009668972001855,0.010611848549557944,0.4493935591802593,0.11878873489968789,0.1348835550422257
2022-02-17,-0.0025875575695217625,-0.07293705482226484,-0.08401049150653395,0.012710673510047732,0.13580849670383377,-0.07816442254875068,0.21397291925258444,0.011870807838597107,0.010675166110314334,0.4456066945606695,0.1253766795897646,0.1348835550422257
2022-02-18,0.0070379438864271015,-0.06589911093583774,-0.08352581445291263,0.012352425204695594,0.15742497429044125,-0.0620865630139838,0.21951153730442505,0.011878168821366237,0.010697379663413858,0.4667085427135678,0.12569655852512715,0.13471674489217544
2022-02-21,0.013208227637503248,-0.05269088329833449,-0.08299559727601188,0.012009959596005149,0.1656422163104204,-0.04378263666997978,0.20942485298040017,0.011914443110813052,0.01071287547179835,0.4936232490068994,0.12561772821017078,0.1346279553302791
2022-02-22,-0.011468692805619666,-0.06415957610395416,-0.08248210101271138,0.011531664930114913,0.15235282199852296,-0.07056239429298618,0.22291521629150912,0.011946483704130054,0.01071928296463538,0.46205310474597533,0.12268434116361426,0.13457499288382208
2022-02-23,0.015656865580516394,-0.04850271052343777,-0.0818700808799841,0.011198978486816738,0.18352629358066594,-0.04174847324524101,0.22527476682590694,0.012111472168759435,0.01072832054481734,0.49739311783107404,0.11651396599957545,0.13446476301535337
2022-02-24,-0.02399615192478074,-0.07249886244821852,-0.08133817747744367,0.010847498667926045,0.17786023630974185,-0.0659333832646303,0.24379361957437215,0.012475675081784536,0.010735328122559742,0.43439197659841206,0.12582219221971983,0.1342774589578939
2022-02-25,0.009737847543182075,-0.06276101490503644,-0.08076397082393909,0.010658022569199163,0.20107132500489952,-0.03313998794692297,0.2342113129518225,0.012549743418396318,0.010736792115196701,0.4583420338275214,0.11139464198030373,0.13405715891919429
2022-02-28,-0.0003037254983255077,-0.06306474040336195,-0.08017477501240747,0.01050537921082327,0.2002698220186226,-0.021396166037127087,0.22166598805574966,0.012547797482793046,0.010744405920363492,0.4546402502606882,0.11149948234493964,0.13387775528003332
2022-03-01,0.00790264391952339,-0.05516209648383856,-0.0795051733809685,0.010461323911229906,0.19149141338592868,-0.009862134963632321,0.20135354834956098,0.012596124847635105,0.010753145227193934,0.47597158378604265,0.11141789001314992,0.1337782924292622
2022-03-02,0.0039585706169918255,-0.05120352586684673,-0.07883362508835134,0.010638002950709477,0.1887371441726116,0.03548930293983214,0.15324784123277946,0.012572437205623446,0.010779929128087385,0.4840058540664855,0.11744349693874558,0.13373013304229836
2022-03-03,-0.002565134985236588,-0.05376866085208332,-0.07815139625399267,0.010820260286953612,0.16116824408117772,0.02740893062056565,0.13375931346061207,0.012511588556317241,0.010779929128087385,0.48034295273943955,0.11888591472619296,0.133704753901204
2022-03-04,-0.01178558463459738,-0.0655542454866807,-0.07755104777648648,0.011133400627020854,0.1238053186595996,0.04839022372075602,0.07541509493884357,0.012510034830534892,0.010779929128087385,0.4507512520868113,0.12106682395337835,0.133704753901204
2022-03-07,-0.01578553441776814,-0.08133977990444885,-0.07704912485488094,0.01132475393532019,0.099989737189722,0.020777329560225065,0.07921240762949694,0.012648550185568935,0.010779929128087385,0.4113963681903569,0.12719556560647952,0.133704753901204
2022-03-08,-0.03227115176004303,-0.11361093166449188,-0.07675724504228335,0.01120681977088328,0.07414145277242974,-0.024599752414832254,0.098741205187262,0.013148293695330252,0.010779929128087385,0.33521303258145363,0.12049445461795785,0.133704753901204
2022-03-09,-0.01454893908996079,-0.12815987075445268,-0.07651671952533622,0.010974620987732747,0.060404996264254496,-0.05211946765395428,0.11252446391820878,0.013238883844005239,0.010779929128087385,0.3095884687695843,0.13026566202028775,0.133704753901204
2022-03-10,0.01647381587997743,-0.11168605487447525,-0.07625591566665765,0.010628807151074879,0.08312927236000324,-0.049734750998355455,0.1328640233583587,0.013331383084045946,0.010779929128087385,0.3389051399916423,0.12877961608804775,0.133704753901204
2022-03-11,0.00624757388142698,-0.10543848099304827,-0.07592024233232066,0.010336851297348515,0.0937302302336078,-0.039806495165514946,0.13353672539912276,0.013347358585829984,0.010779929128087385,0.34718162839248434,0.12788188150278665,0.133704753901204
2022-03-14,-0.02758836950133048,-0.13302685049437873,-0.07574833985859276,0.010039928208192828,0.04467409182782339,-0.046560688682801186,0.09123478051062459,0.013750989447279606,0.010779929128087385,0.29509906152241916,0.12411438352748365,0.133704753901204
2022-03-15,-0.05197980063876522,-0.18500665113314396,-0.0758310058961962,0.00947201755321335,-0.0017370749587698117,-0.09800585367390649,0.09626877871513667,0.015171205191164642,0.010779929128087385,0.20262390670553937,0.1313645347566719,0.133704753901204
2022-03-16,0.029280159119485914,-0.15572649201365804,-0.07574814329323082,0.009122241309237972,0.014941710031360994,-0.07369881250172464,0.08864052253308563,0.0156912560051485,0.010779929128087385,0.2509893772130806,0.132228690881953,0.133704753901204
2022-03-17,0.019042775262244682,-0.13668371675141336,-0.07557741217330434,0.008866423893156478,0.04296079679151479,-0.06633421949867024,0.10929501629018504,0.015929037944918564,0.010779929128087385,0.27887617065556713,0.12811876438018685,0.133704753901204
2022-03-18,0.01252127030295913,-0.12416244644845423,-0.07537272413370064,0.00863776737283331,0.04785713997905413,-0.051225391626189366,0.0990825316052435,0.015987123866487228,0.010779929128087385,0.3075962539021852,0.1253749131845635,0.133704753901204
2022-03-21,0.012582497466168402,-0.11157994898228582,-0.07514589990252533,0.008379914550387293,0.07308787155543833,-0.04568083804644806,0.1187687096018864,0.016076388492607622,0.010779929128087385,0.32979166666666665,0.1267067527109998,0.133704753901204
2022-03-22,-0.0024500103296187384,-0.11402995931190456,-0.0749644388053109,0.008031158470700989,0.09635427616505322,-0.061339076013570054,0.1576933521786233,0.016030525780015285,0.010779929128087385,0.3295146844407415,0.1223677201363979,0.1335409139403259
2022-03-23,0.0027894518360749984,-0.11124050747582956,-0.07480984699279528,0.0076722540199161,0.11043891149602199,-0.047080931371875384,0.15751984286789739,0.015892801744064943,0.010779929128087385,0.33277870216306155,0.12240425916093972,0.1335409139403259
2022-03-24,-0.01181996511817998,-0.12306047259400954,-0.07469757477392658,0.007172506106057519,0.07964917192893423,-0.07455776207057177,0.154206933999506,0.01592996131779105,0.010779929128087385,0.315230961298377,0.12724393701636677,0.1333335367075637
2022-03-25,-0.005316493559429596,-0.12837696615343913,-0.07467258558375348,0.00666559189369019,0.0736094421570149,-0.05587810370522062,0.12948754586223551,0.015927854617164176,0.010779929128087385,0.3122661122661123,0.12837897802434403,0.1333335367075637
2022-03-28,-0.004461075258580882,-0.13283804141202002,-0.07470967365446278,0.006054297169476308,0.07237190779099491,-0.07007702650698357,0.14244893429797847,0.015807429556891236,0.010779929128087385,0.30690803162713276,0.12515051228632004,0.13323302702366027
2022-03-29,-0.009546099822094922,-0.14238414123411494,-0.07476180988887475,0.0054129651235327175,0.05029156778618284,-0.07931940083075299,0.12961096861693583,0.01581621284672551,0.010779929128087385,0.29852605356030726,0.1345556216755867,0.13323302702366027
2022-03-30,0.015267597542659796,-0.12711654369145514,-0.07473619015966626,0.004768983221302245,0.05997441206007234,-0.0719544472076166,0.13192885926768894,0.01593883765651351,0.010779929128087385,0.3217770396512352,0.13186438218461813,0.1331123273883348
2022-03-31,-0.002267670080353716,-0.12938421377180886,-0.07471794503944997,0.0041156800489013795,0.05652163028448871,-0.07818068790496213,0.13470231818945083,0.01593824443347746,0.010779929128087385,0.32390264198044516,0.12958539604477642,0.13299607709979178
2022-04-01,-0.0019880242590171173,-0.13137223803082598,-0.07475085135347893,0.0034005449005137384,0.056867610178943546,-0.07760357717874265,0.1344711873576862,0.015865435334346454,0.010779929128087385,0.3179551122194514,0.12397333502649563,0.13299607709979178
2022-04-06,0.009060293666424968,-0.12231194436440102,-0.07473420807532463,0.0028168397011618523,0.05008567535214423,-0.05675769887772031,0.10684337422986454,0.015894093412386064,0.010779929128087385,0.34407484407484407,0.12188492077380612,0.13299607709979178
2022-04-07,-0.023203770554622957,-0.145515714919024,-0.07484831042705668,0.0022008144278242575,0.03792908882756964,-0.06417593501457512,0.10210502384214476,0.01604801635984656,0.010779929128087385,0.302582257392753,0.12134114985490468,0.13299607709979178
2022-04-08,-0.0072585599708950834,-0.15277427488991907,-0.07502278096311793,0.0017344640791654153,0.03918109275920046,-0.03916334322542718,0.07834443598462765,0.0159857059471208,0.010779929128087385,0.29486379704720317,0.12823029348603365,0.13299607709979178
2022-04-11,-0.03026228389791697,-0.18303655878783603,-0.07531649972576868,0.0012002197995675395,0.012658993695449157,-0.05487668803338336,0.06753568172883251,0.016310627916903322,0.010779929128087385,0.2590975254730713,0.13571202877795843,0.1331123273883348
2022-04-12,0.01663904330209831,-0.16639751548573772,-0.07548415623766305,0.0007717594289946006,0.016844607984075922,-0.054711460611262475,0.07155606859533839,0.016414252043886836,0.010779929128087385,0.283402489626556,0.12976129065312528,0.1331123273883348
2022-04-13,-0.01952204257437558,-0.18591955806011332,-0.0756919410443017,0.0002283012880189561,-0.003561980655706322,-0.08048107706706505,0.07691909641135872,0.016493683200125755,0.010779929128087385,0.25301204819277107,0.13013225979750023,0.1331123273883348
2022-04-14,0.008369850230715098,-0.17754970782939822,-0.07589093425771047,-0.000142594399117707,0.012486700518338945,-0.04452285733501947,0.057009557853358414,0.016557217114146365,0.010779929128087385,0.2649377593360996,0.13975495923447218,0.13323302702366027
2022-04-15,-0.017377254808281534,-0.19492696263767975,-0.0762175659626978,-0.0003865600665016039,-0.00689561491100907,-0.009920311504535775,0.0030246965935267055,0.016523607049985546,0.010779929128087385,0.23821391484942886,0.14013480665457959,0.1333335367075637
2022-04-18,0.00653108403234508,-0.18839587860533466,-0.07656804398882935,-0.0008199006955985355,-0.002729199171134779,-0.03266938659167661,0.029940187420541834,0.016554750776779047,0.010779929128087385,0.24256911245063395,0.13464032086964875,0.1335409139403259
2022-04-19,0.003459079608091768,-0.18493679899724288,-0.07693233218788227,-0.0013549200145779317,-0.003764907901685876,-0.048253082245829526,0.04448817434414365,0.016573892898054353,0.010779929128087385,0.25477178423236513,0.13267480738858764,0.1335409139403259
2022-04-20,-0.010360109834699774,-0.19529690883194267,-0.07736481020351187,-0.0019920860698112303,-0.023910812136717034,-0.07113446238348843,0.0472236502467714,0.01642560663589127,0.010779929128087385,0.23479343990035292,0.13620488391894334,0.133704753901204
2022-04-21,-0.038107842587052694,-0.23340475141899536,-0.07795964559768594,-0.002813745695160602,-0.06917371929308563,-0.12182480243670951,0.05265108314362388,0.01698414229391527,0.010779929128087385,0.17739598426826744,0.1370675059166836,0.1337606184447662
2022-04-22,-0.009793196066199009,-0.24319794748519435,-0.07861568433057557,-0.0036512455252646764,-0.072223972828631,-0.12916798817328978,0.05694401534465879,0.016993518627944793,0.010779929128087385,0.17129821650767316,0.14272306981329663,0.13387775528003332
2022-04-25,-0.07809825352394285,-0.3212962010091372,-0.07968815593056444,-0.004878308937769166,-0.15071093788910447,-0.21005569353330766,0.05934475564420319,0.01936321942843676,0.010779929128087385,0.10090984284532671,0.15238634537506995,0.13416703276703618
2022-04-26,-0.0354625455721093,-0.3567587465812465,-0.08089635776010268,-0.006198782986176099,-0.17348390363783966,-0.23369827398723697,0.060214370349397306,0.019742743920657762,0.010779929128087385,0.0839030453697949,0.15461971256573645,0.13446476301535337
2022-04-27,0.02828922195010074,-0.32846952463114576,-0.08199543668041276,-0.007322851096659283,-0.1373117011909427,-0.20009255847770666,0.06278085728676397,0.020211657012359722,0.010779929128087385,0.09571162212554382,0.14690378470335083,0.1345489074502788
2022-04-28,-0.018012827883152786,-0.34648235251429854,-0.08311437022721586,-0.008404696572753084,-0.1662510781260052,-0.21364431110227855,0.04739323297627335,0.01971183056628151,0.010779929128087385,0.09238451935081149,0.15468496664679013,0.13459797127261774
2022-04-29,0.041722864585814035,-0.3047594879284845,-0.08399964427614011,-0.009237834387265359,-0.12070976699403607,-0.1623753466943696,0.04166557970033352,0.020554555235698935,0.010779929128087385,0.11767143153097162,0.14794365985730087,0.13464421949376687
2022-05-05,0.01728207354216485,-0.2874774143863197,-0.08486186191619698,-0.010125671756530716,-0.11892196548623829,-0.16036087069486454,0.04143890520862625,0.02037077897523261,0.010779929128087385,0.13749738000419198,0.1442361862412969,0.13471674489217544
2022-05-06,-0.010795429918160482,-0.29827284430448014,-0.08577862171325196,-0.011060676673801992,-0.1426136398501388,-0.1688886305326713,0.0262749906825325,0.020302965707735984,0.010779929128087385,0.12377782400665696,0.1419561808007763,0.1348835550422257
2022-05-09,0.01562166898296835,-0.2826511753215118,-0.08665687293038474,-0.011906021576905804,-0.1230452085138744,-0.15127893729068584,0.028233728776811434,0.020339920440260128,0.010779929128087385,0.1397288842544317,0.14080513303222814,0.1350716107946201
2022-05-10,0.016350328755990323,-0.26630084656552144,-0.08743059224076273,-0.012696384165438099,-0.10346632490541988,-0.14398890220112048,0.04052257729570061,0.020390154317676584,0.010779929128087385,0.15373413771583108,0.1413556899889542,0.13528686093865355
2022-05-11,0.003603416381978847,-0.2626974301835426,-0.0882164818621503,-0.013368171435093612,-0.10396311150505691,-0.11718171526451868,0.013218603759461767,0.020284374146956767,0.010779929128087385,0.15418227215980024,0.13948359382149275,0.13544121137158727
2022-05-12,0.0070882308745449365,-0.25560919930899767,-0.08902813454676306,-0.01400535358364513,-0.08875037054494192,-0.10283492441907865,0.014084553874136735,0.02032895471753494,0.010779929128087385,0.16469120399251402,0.13967418897235526,0.13551526256304586
2022-05-13,0.0072058925521935515,-0.2484033067568041,-0.08982894431542836,-0.014512444589659682,-0.07749656968791105,-0.06536674796896813,-0.012129821718942918,0.020238008085660387,0.010779929128087385,0.17697272537997086,0.13884080851765715,0.13563618493346402
2022-05-16,0.0021626079372068217,-0.2462406988195973,-0.09058192620858616,-0.015097769970923103,-0.06736115586329504,-0.07984318333385962,0.01248202747056458,0.020245891215375206,0.010779929128087385,0.1845064556434819,0.13809818113193606,0.13571722463547703
2022-05-17,-0.0016641531842338107,-0.2479048520038311,-0.0913107120857526,-0.015618771041450902,-0.07030250639787794,-0.061985293943717844,-0.008317212454160096,0.020221629309006867,0.010779929128087385,0.17782861896838603,0.1415334233028213,0.13586783851064627
2022-05-18,0.006666185468492811,-0.2412386665353383,-0.09200026582045881,-0.01610933156274834,-0.06033476382564912,-0.06368895870594014,0.0033541948802910254,0.02017124573411366,0.010779929128087385,0.18057000208029955,0.13690262785757845,0.136052546541338
2022-05-19,0.0069624184359448555,-0.23427624809939343,-0.09264301725083794,-0.016425451288140144,-0.04519382532776517,-0.03934928546171375,-0.005844539866051421,0.02021097599014347,0.010779929128087385,0.18991036064206795,0.1303661897802615,0.136052546541338
2022-05-20,0.01167569513353043,-0.222600552965863,-0.09323842008850171,-0.016670376099672354,-0.03708736857558619,-0.034204674360528396,-0.002882694215057796,0.020257621249761385,0.010806982847112942,0.20445091514143096,0.12828465528288416,0.136052546541338
2022-05-23,0.012760902464711506,-0.2098396505011515,-0.09382821336244981,-0.016895881174567542,-0.01962522277733014,-0.024902851503908658,0.005277628726578519,0.02025178183105798,0.010817616664916659,0.22076843198338525,0.12541548708423214,0.136052546541338
2022-05-24,-0.0426329042110986,-0.2524725547122501,-0.0946518861115055,-0.017287075907993638,-0.06684861372433346,-0.057175645880307484,-0.009672967844025972,0.020872715517524003,0.01083374263800406,0.16642426760856016,0.12802440510648666,0.13586783851064627
2022-05-25,0.018096989663247014,-0.2343755650490031,-0.09532782051087198,-0.01736817491318604,-0.0526512008234441,-0.000970813630007776,-0.051680387193436324,0.020912297165235478,0.010845685977822336,0.19667359667359668,0.13414696576790677,0.13571722463547703
2022-05-26,0.003867311287518626,-0.23050825376148446,-0.09590968189493837,-0.017293997564362798,-0.058521359577474306,0.012689693723709858,-0.07121105330118416,0.02074909139065827,0.010850637100870957,0.20311203319502075,0.14351532157839894,0.13571722463547703
2022-05-27,0.0001702832308425942,-0.23033797053064187,-0.09639311106028822,-0.01670495512972378,-0.054072996386762794,0.0909582304784953,-0.1450312268652581,0.02068908183982104,0.010851249122247,0.203899605890894,0.146769869712491,0.13571722463547703
2022-05-30,0.008963813260740479,-0.2213741572699014,-0.09671088098117021,-0.015814523221067536,-0.05752733065971553,0.13538458931134506,-0.19291191997106058,0.020742506145503083,0.010851815259694714,0.21364862061812903,0.138577601512825,0.13571722463547703
2022-05-31,0.011192885348571137,-0.21018127192133026,-0.0970961367268048,-0.015100700046392038,-0.03760812406088069,0.1182882527098155,-0.15589637677069618,0.020775169796367846,0.010854932942549862,0.22613377510871815,0.14343136737303752,0.13571722463547703
2022-06-01,0.006182350277713743,-0.20399892164361652,-0.09749118912843317,-0.014376818901217309,-0.036591576403660606,0.14248343087068202,-0.1790750072743426,0.020789017972480103,0.010859577057072429,0.2311516155758078,0.14433994233617778,0.13571722463547703
2022-06-02,0.00933487694513619,-0.19466404469848034,-0.09792869515292243,-0.013929050876782326,-0.026190601086021996,0.11009544323000417,-0.13628604431602617,0.020845526109091277,0.01086258256164582,0.2374249637756158,0.15623317697618588,0.13571722463547703
2022-06-06,0.015511567969301693,-0.17915247672917864,-0.09827209229662995,-0.013410230380432972,-0.006853464122444726,0.10832493765714102,-0.11517840177958574,0.020933758649394115,0.010873238768241388,0.26006191950464397,0.16754303562217304,0.13571722463547703
2022-06-07,-0.00595804564083558,-0.1851105223700142,-0.09869889186757945,-0.012920270154327493,-0.01428058163330449,0.11316232193446592,-0.1274429035677704,0.02086154162409774,0.010890769027836072,0.25113495666529095,0.17272889974221156,0.13571722463547703
2022-06-08,-0.002509638165471733,-0.18762016053548594,-0.09910575763080791,-0.012448884700423171,-0.02252010616629075,0.09503101478602584,-0.1175511209523166,0.020473250681865795,0.010900786871450685,0.24567188788128608,0.17641396244123472,0.13571722463547703
2022-06-09,-0.020023596529162378,-0.20764375706464833,-0.09961134055654998,-0.012180748315787249,-0.05069896184730353,0.058657089500873116,-0.10935605134817664,0.020545671751034014,0.010905882964393623,0.22542757057490212,0.17393334392919363,0.13571722463547703
2022-06-10,0.015888106592083073,-0.19175565047256526,-0.10009245658379727,-0.011875974721646976,-0.04143347171777173,0.07094177971097734,-0.11237525142874907,0.020537209233611246,0.010921981434152765,0.2512873326467559,0.18193161652670778,0.13571722463547703
2022-06-13,0.0030232559775731707,-0.1887323944949921,-0.10060828829106334,-0.011580153744300284,-0.046573524516039994,0.06687680481400558,-0.11345032933004558,0.020521245621265727,0.010944113876736945,0.25339645944833267,0.18702661226058065,0.13586783851064627
2022-06-14,7.191026146134546e-05,-0.18866048423353077,-0.10115396613956289,-0.011325021824134529,-0.043145567865780526,0.059742822523273384,-0.10288839038905391,0.02023133292166686,0.010964299060141725,0.261703444009074,0.18542494960332087,0.13586783851064627
2022-06-15,-0.0014227277664781582,-0.19008321200000894,-0.10172395468061629,-0.011142028472030135,-0.056708407811949364,0.056157486819588404,-0.11286589463153776,0.01908961162643985,0.010979052346198155,0.2556127703398558,0.17529310032926276,0.13590712852368736
2022-06-16,0.007501806033338489,-0.18258140596667044,-0.10225569026794494,-0.010944978182192339,-0.05716097869651076,0.0653234460371607,-0.12248442473367147,0.018725375775308032,0.011001950491521518,0.2602061855670103,0.17223595703959052,0.13614596889015723
2022-06-17,0.004324625278462236,-0.17825678068820822,-0.10276799139245378,-0.010767725571994971,-0.04629988633648832,0.06298188584713013,-0.10928177218361845,0.018561410542244066,0.011059329870091488,0.27293341579055863,0.17370656942313648,0.13620249257243935
2022-06-20,0.010663386035220669,-0.16759339465298756,-0.10310563820634833,-0.010462620955510385,-0.03535290511983404,0.06668285344640594,-0.10203575856623998,0.018540530582490132,0.011113204667019344,0.2919241862381541,0.1714731385360045,0.1364993430238225
2022-06-21,-0.004256079905196802,-0.17184947455818436,-0.10350739784969665,-0.010268977761194939,-0.03881623674311589,0.05075107840767871,-0.08956731515079461,0.018462980528012412,0.011131019945260294,0.2880692355244179,0.1654815991069723,0.13679655375117003
2022-06-22,-0.0123303837759339,-0.18417985833411826,-0.10395851322236513,-0.010130299859915315,-0.059388883109086674,0.025659792167033305,-0.08504867527611998,0.018520065443780737,0.011134874573209746,0.2673675530818388,0.16298129292494362,0.13681086162034117
2022-06-23,0.01869414529714837,-0.1654857130369699,-0.10428598312239552,-0.00963409701089002,-0.0398451130417086,0.08698684167528027,-0.12683195471698888,0.018690721471669183,0.011151531420980711,0.3070882413721843,0.16260029508631146,0.13686252286231118
2022-06-24,0.010182468823426088,-0.15530324421354383,-0.10468014341902616,-0.009352322908154187,-0.03260799964092766,0.07907232083545936,-0.11168032047638701,0.018688765746011745,0.011184265536381865,0.3266652918127449,0.16025794470351767,0.13694658905265014
2022-06-27,0.008178111259468207,-0.14712513295407562,-0.10505943012260137,-0.009149748227662999,-0.029244965276405167,0.08338312080740892,-0.11262808608381408,0.01871146332115147,0.011202863879555292,0.3473314025651634,0.15592224797092794,0.13702902808220271
2022-06-28,0.014373306285793856,-0.13275182666828175,-0.10540396465175694,-0.00901085359146872,-0.00845902041059598,0.0975861438623602,-0.10604516427295618,0.0187984680064829,0.011213517856402023,0.3779201984701261,0.1484034166329602,0.13708314191441684
2022-06-29,-0.021692459501537923,-0.15444428616981967,-0.10582230570694087,-0.009111424725770659,-0.021578073062958898,0.06692987110008178,-0.08850794416304067,0.018967667559889195,0.011224290391781855,0.32836438923395445,0.13350142088182776,0.13708314191441684
2022-06-30,0.00804677426452532,-0.14639751190529435,-0.10618750108127635,-0.009091364354471554,-0.0020349151729086145,0.06378376001603597,-0.06581867518894459,0.018890609081964754,0.011239533117210761,0.3460422710319105,0.1340983011624994,0.13708314191441684
2022-07-01,-0.001970423387136031,-0.1483679352924304,-0.106565261225281,-0.009074072096847824,-0.010616870144786624,0.05563098635118619,-0.06624785649597281,0.018890128973746433,0.011261521330989094,0.3427210602609236,0.12618495291352907,0.13708314191441684
2022-07-04,0.005983465841768954,-0.14238446945066144,-0.10690960223963224,-0.008980907086709802,-0.01278384781044549,0.052279575247818955,-0.06506342305826444,0.018906198524594936,0.011270717181731626,0.35712803486200456,0.11450194552269875,0.13708314191441684
2022-07-05,-0.008612064034562291,-0.15099653348522374,-0.10727897174407969,-0.00900687944744974,-0.032696260106202954,0.028155943243954974,-0.060852203350157924,0.01889740483864791,0.011280203267123147,0.340866680489322,0.11456140604543386,0.13702902808220271
2022-07-06,-0.00890212670505237,-0.1598986601902761,-0.10774568521589827,-0.009046793348318816,-0.04781950100361634,0.02521186217973818,-0.07303136318335451,0.018695010287531337,0.01130324225100717,0.3163455562461156,0.12146004167456775,0.13702902808220271
2022-07-07,0.0064835878859097725,-0.15341507230436632,-0.10819539517626713,-0.009089637545459217,-0.04461376659834157,0.03420508823111969,-0.07881885482946126,0.01869174220068518,0.011326372656414925,0.3323669496790226,0.12385793110888552,0.13694658905265014
2022-07-08,0.001604387439543435,-0.15181068486482288,-0.10871286585796122,-0.009101525301411242,-0.03737301228064247,0.0558330721998255,-0.09320608448046797,0.018265470118020113,0.011349821065513261,0.33595528876009106,0.11938696425124698,0.13686252286231118
2022-07-11,-0.008388136593683043,-0.16019882145850592,-0.10932553724052843,-0.00923308065673116,-0.04820862055123741,0.03155682901405938,-0.0797654495652968,0.018176689353821145,0.011376031703022439,0.32636156554151996,0.11519982842664267,0.13686252286231118
2022-07-12,-0.01615701963294008,-0.176355841091446,-0.11006073566442452,-0.009452447373361178,-0.06955396008008222,0.012376553403546136,-0.08193051348362836,0.018120213097214875,0.011453087349647121,0.29890291865038293,0.11483373768789865,0.13686252286231118
2022-07-13,0.011574434828313442,-0.16478140626313256,-0.11074399834927946,-0.009590032209716576,-0.049663025589531375,0.023879077970398233,-0.0735421035599296,0.018149522868058845,0.011544619950425418,0.3298841059602649,0.11930042121358912,0.13686252286231118
2022-07-14,0.00652755406535971,-0.15825385219777285,-0.11137220287005616,-0.009648248189439865,-0.04960011162864564,0.0318293598022361,-0.08142947143088174,0.01801875082310484,0.011587674036477818,0.33457325893779705,0.12252711483514354,0.13681086162034117
2022-07-15,-0.017017624750492732,-0.1752714769482656,-0.11210293500979303,-0.009847244741848088,-0.05257583379458658,0.007309929018404878,-0.05988576281299146,0.018143652967657176,0.011628788835524897,0.2930963207937164,0.12422183504314167,0.13681086162034117
2022-07-18,0.023384618780972487,-0.1518868581672931,-0.11266630492906562,-0.009898313536611844,-0.024182180023658635,0.026369922520915128,-0.05055210254457376,0.018384719823778817,0.011666986780003403,0.3532204789430223,0.11834084112879634,0.13679655375117003
2022-07-19,0.0098700461854601,-0.142016811981833,-0.11320608606275558,-0.01010044785640725,-0.02698292560688479,0.025576582671154563,-0.05255950827803935,0.01836672357471203,0.011698746944464412,0.37301423560965546,0.11686409087437831,0.1364993430238225
2022-07-20,0.009161184647951588,-0.1328556273338814,-0.11362271566390492,-0.010115317814208269,-0.01793474244039807,0.03899384722430295,-0.05692858966470102,0.01766610558262873,0.011736493376133385,0.39628482972136225,0.1135028692864361,0.1364993430238225
2022-07-21,-0.0033508506376828473,-0.13620647797156424,-0.11404262862692617,-0.010084115404561042,-0.02920554607660599,0.047973380362554004,-0.07717892643916,0.017614719997664053,0.011763888615891985,0.38413878562577447,0.1120416806514819,0.1364993430238225
2022-07-22,-0.002673849142205401,-0.13888032711376963,-0.11450242364388011,-0.010216440521484585,-0.027323342623849046,0.026605385923200234,-0.053928728547049276,0.014172322791995302,0.01177066395034167,0.37956656346749224,0.11219455108046786,0.13620249257243935
2022-07-25,-0.00819044572030976,-0.14707077283407938,-0.11503691064202833,-0.010356767223002161,-0.04155126692804788,0.008232471379464385,-0.04978373830751226,0.013328760548079107,0.011785814756305656,0.3638429752066116,0.10966136088538432,0.13614596889015723
2022-07-26,0.010666511066153834,-0.13640426176792556,-0.1154385132991629,-0.010379083176561527,-0.04312559938148411,0.010720871186150012,-0.05384647056763412,0.012962259214380892,0.011815178571133018,0.3914209115281501,0.1091027566267206,0.13590712852368736
2022-07-27,0.008734317246976842,-0.1276699445209487,-0.11565769870324381,-0.01025373405148687,-0.03942859149719998,0.005081882147332998,-0.04451047364453298,0.012677119780873287,0.01183372287271427,0.40813377374071014,0.11680580079052702,0.13590712852368736
2022-07-28,0.007756353534620767,-0.11991359098632794,-0.11585353507402081,-0.010031229367079939,-0.02426927079829467,0.03453069518349169,-0.058799965981786356,0.011666067399693574,0.01183372287271427,0.4196410150608624,0.12126135229948223,0.13590712852368736
2022-07-29,-0.0058094793124632265,-0.12572307029879115,-0.11593207481793692,-0.009744573736660572,-0.023575393728250127,0.020674441606503138,-0.04424983533475327,0.011570127276347495,0.01183372287271427,0.4076288659793814,0.12525472316760014,0.13571722463547703
2022-08-01,0.005732039940857366,-0.11999103035793378,-0.11608699098746948,-0.009521729762188486,-0.016663110763837315,0.028376904934496537,-0.04504001569833385,0.011439488712705987,0.01183372287271427,0.4160659114315139,0.13004181183573194,0.13543675597460658
2022-08-02,-0.03955755401217263,-0.1595485843701064,-0.11650883794223617,-0.009599235702603931,-0.05382262234653609,-0.01716411491944505,-0.03665850742709104,0.01256763737634668,0.011838522363179432,0.3196130891129862,0.13769454903448644,0.13543675597460658
2022-08-03,-0.004348129781884411,-0.1638967141519908,-0.11694134503201045,-0.009662373287930764,-0.06037672871888309,-0.01290018066676717,-0.047476548052115916,0.012452044997392555,0.01184112085887868,0.30878420078173213,0.12541089836321845,0.1350716107946201
2022-08-04,0.013277886048383142,-0.15061882810360766,-0.11722407825536474,-0.009478393039466473,-0.058737832392079435,0.009279832086668343,-0.06801766447874778,0.01253935246588164,0.011844330453756189,0.3400534869368443,0.11803027822584072,0.1348835550422257
2022-08-05,0.012101250822745812,-0.13851757728086184,-0.11746356287675792,-0.009268167700490798,-0.05077957237974534,0.014897495023504383,-0.06567706740324972,0.012591318142706946,0.01184559194606327,0.3648509763617677,0.11375274735550675,0.13471284626805735
2022-08-08,0.013018391094137953,-0.12549918618672387,-0.11766492142642583,-0.00895205556846461,-0.026310501011014863,0.0263114986780989,-0.05262199968911376,0.012654630223257062,0.01184565414508076,0.39507186858316223,0.1207708207342424,0.13459797127261774
2022-08-09,0.0035164463897460157,-0.12198273979697785,-0.11781291745018922,-0.008487380209660791,-0.007846762848776712,0.038216081661527956,-0.046062844510304665,0.01265604421991314,0.011846235219505754,0.4037790100636681,0.1307131577393572,0.13435129372174676
2022-08-10,0.003044464215111567,-0.11893827558186629,-0.11797846738781814,-0.00791773172339362,0.014713861878807938,0.057417565509579604,-0.04270370363077167,0.012647086438862585,0.01184753018217669,0.41035120147874304,0.1345483943435028,0.1343476800557048
2022-08-11,0.012699321454952894,-0.10623895412691339,-0.11810310864832323,-0.007359110299043764,0.05158121896659114,0.05854245213621906,-0.00696123316962792,0.012707445606202836,0.011849872224807469,0.4438744100143649,0.12223137458656398,0.1341226334652031
2022-08-12,-0.004921508468988452,-0.11116046259590184,-0.1182442171600508,-0.006872014289994649,0.021969660198510793,0.0470933896018709,-0.025123729403360107,0.012725352376468121,0.011852793543107476,0.4386792452830189,0.11528089070049273,0.13395353949711472
2022-08-15,0.004342964743020428,-0.10681749785288142,-0.11833623392277758,-0.006233298912984547,0.01817094346506344,0.06845397909538406,-0.05028303563032062,0.012666435578504871,0.011855197363162505,0.44549373845206325,0.11673066924115663,0.1337606184447662
2022-08-16,0.007243066216010437,-0.09957443163687098,-0.11834977191425403,-0.005683466985188401,0.007588408163750064,0.05231242653042201,-0.04472401836667194,0.012606351971298339,0.01186354761574641,0.4609551137528182,0.11551997786930575,0.13360693996981504
2022-08-17,0.0023353428767693995,-0.09723908876010158,-0.11838364465602169,-0.0051775585932661156,0.013233959227577167,0.044777723221731305,-0.031543763994154136,0.011172903275516207,0.01186354761574641,0.4677320221266134,0.1151197548867571,0.1333918575804545
2022-08-18,0.001882218759545182,-0.0953568700005564,-0.1183829406878671,-0.004760225023962186,0.004393738179561692,0.037498757333324896,-0.0331050191537632,0.010985934400290167,0.01186354761574641,0.469396110542477,0.11980127726862752,0.13323302702366027
2022-08-19,-0.013291547892083685,-0.10864841789264008,-0.11835947800451004,-0.0043168493775838646,-0.002401410002850435,0.027558060078924057,-0.029959470081774492,0.01116674085083857,0.01186354761574641,0.43935365105338514,0.11214616445621457,0.13306750947969628
2022-08-22,0.005450017379108104,-0.10319840051353198,-0.1182114024166825,-0.003708978772802393,0.00332877140270139,0.035681926600237564,-0.032353155197536176,0.01117263061839853,0.01186354761574641,0.4557350235125741,0.11479099451809192,0.13281303328987043
2022-08-23,0.0036938065138114188,-0.09950459399972056,-0.11812255128755014,-0.003085640645521817,-0.003972148976612383,0.04756617883435874,-0.051538327810971125,0.01113857125744324,0.01186354761574641,0.463379705400982,0.11831912456292663,0.13262657827158428
2022-08-24,-0.03071050014858894,-0.1302150941483095,-0.11825250704405564,-0.0028139937448927455,-0.04464904110653394,0.006189167619615965,-0.05083820872614991,0.01184562606906753,0.01186354761574641,0.3894564773191663,0.11389800810324849,0.13247149287301263
2022-08-25,-0.004588200785025429,-0.13480329493333493,-0.11834195693880227,-0.0026842582355584566,-0.05527838039971082,-0.007133350412386304,-0.04814502998732452,0.011852496416204878,0.01186354761574641,0.38181818181818183,0.11065182596986545,0.13229666373669868
2022-08-26,-0.005898185653683605,-0.14070148058701853,-0.11849414675783326,-0.002640611683812452,-0.06461597679768595,-0.020787889600690675,-0.043828087196995276,0.011837412117979977,0.01186354761574641,0.3752808988764045,0.11358783303657544,0.13204653653328557
2022-08-29,0.007423622318181461,-0.13327785826883706,-0.11868059250253679,-0.0027485176845998688,-0.05704356976790004,-0.007554787970045988,-0.04948878179785405,0.011713598212997304,0.01186354761574641,0.40114262395429506,0.11474463192630233,0.13183199021928385
2022-08-30,-0.0033535713365233704,-0.13663142960536043,-0.11886234971101661,-0.0027753587235471305,-0.06083487381892261,-0.016640399247426725,-0.04419447457149588,0.011693071277794459,0.01186354761574641,0.3955528355773154,0.11545354521858771,0.13176526848934517
2022-08-31,-0.02672583359925139,-0.1633572632046118,-0.11921211224564594,-0.002703274303409775,-0.06329323133053345,-0.0038086788345054814,-0.05948455249602797,0.012215770468732404,0.011871847472281424,0.32559087204563975,0.12244070769683105,0.13159740584542667
2022-09-01,-0.004572052187391681,-0.16792931539200348,-0.11963929764055839,-0.0026979526085479377,-0.07643176950348325,-0.004032601240012752,-0.0723991682634705,0.011937521867775911,0.011875527963665988,0.3230800570380933,0.11664473095221667,0.13154773674070633
2022-09-02,0.012777959959577855,-0.15515135543242561,-0.12003155559389724,-0.0028074773385324964,-0.06119457163200277,-0.0045325273288180385,-0.056662044303184736,0.011876883717109217,0.011877526269237727,0.35410303400529425,0.11458385753234039,0.13154773674070633
2022-09-05,0.0024063159282671294,-0.1527450395041585,-0.12046092532653124,-0.0029973624497733192,-0.05275330647326862,-0.014227462223296725,-0.038525844249971894,0.011875026019024125,0.011877526269237727,0.36624592833876224,0.11964241102717753,0.13154773674070633
2022-09-06,0.012779918189907669,-0.13996512131425082,-0.12087645472064254,-0.003211533294216709,-0.06349393642683085,-0.014465935127527007,-0.04902800129930384,0.01197833047788559,0.011896305966089645,0.395646867371847,0.11999004619758931,0.13154773674070633
2022-09-07,0.0034279795105559203,-0.1365371418036949,-0.12132008595934904,-0.0035071685091598165,-0.0652693495646609,-0.014554402006717102,-0.050714947557943806,0.011979364198470309,0.011925982489294482,0.39837232960325536,0.11903925328097303,0.13154773674070633
2022-09-08,-0.009692222235073702,-0.1462293640387686,-0.12176612424052191,-0.003787656852703769,-0.08238444320160575,-0.027291088456902375,-0.05509335474470337,0.012024148549547718,0.011939977874058089,0.3813490451036164,0.12116480253416724,0.131334441924148
2022-09-09,-0.0006002511816660238,-0.1468296152204346,-0.12228418954903997,-0.004181080900716741,-0.07605354008739779,-0.04059066109352129,-0.0354628789938765,0.012015138807716002,0.011944458792235161,0.3852092645266152,0.11246804247571761,0.13127135348765262
2022-09-13,0.0027200488965711195,-0.14410956632386349,-0.12275334395740545,-0.004509126797354643,-0.07075112928566873,-0.03294910372796172,-0.037802025557707016,0.011945079510881102,0.011945781607505578,0.3929368784250051,0.11318392903194241,0.13123630329149627
2022-09-14,-0.00772204896390873,-0.15183161528777223,-0.12331690590643107,-0.004980671983653498,-0.07901570879626932,-0.04501411743489088,-0.03400159136137844,0.01197627548555632,0.01195400312968531,0.3667749796913079,0.11399834604719959,0.13118672141648818
2022-09-15,-0.02395176739106818,-0.17578338267884042,-0.12404230938265606,-0.005692537468402037,-0.10226711609842684,-0.0762089510419695,-0.026058165056457347,0.012274813442413091,0.011968899020398445,0.31530798942874566,0.12298538789793521,0.13105683101776938
2022-09-16,-0.022980147100284194,-0.19876352977912462,-0.12490565527418021,-0.006522010618158519,-0.12164089718338852,-0.10152444101902308,-0.020116456164365443,0.012385698339919472,0.011977302981720955,0.2500507820434694,0.1266612053267235,0.13084381282061555
2022-09-19,-0.013205035587874352,-0.21196856536699898,-0.12585370492799502,-0.007470764240127922,-0.14541259954043706,-0.11661169536644263,-0.028800904173994432,0.012410054070533411,0.011978847338177948,0.23248730964467004,0.11959310899885979,0.13053967375980935
2022-09-20,0.014628587698319555,-0.19733997766867942,-0.12672915587659872,-0.008369677872088685,-0.13386689743808805,-0.08869155977603937,-0.045175337662048676,0.01251789337666519,0.01199219401936091,0.2638522427440633,0.1086240808339177,0.13035548083051107
2022-09-21,0.004059437929643886,-0.19328053973903553,-0.127572350621195,-0.009360948204512512,-0.14496399121303588,-0.09008213922550361,-0.054881851987532274,0.012375489820060263,0.012007346406126683,0.27149229521492296,0.11180016882885419,0.13030521695052422
2022-09-22,-0.003977889418118664,-0.1972584291571542,-0.12843141538634778,-0.010308864098797638,-0.15959388421208656,-0.09775383515743369,-0.061840049054652874,0.01208149179226431,0.012012403889858927,0.2652605962279457,0.10344291592284627,0.130198960908894
2022-09-23,-0.0214773095042715,-0.2187357386614257,-0.1294324261881568,-0.011179919144101172,-0.1894195823492001,-0.08852064451311624,-0.10089893783608385,0.012317581231056236,0.012019643678631859,0.23012976480129765,0.09936200688097774,0.1301298181134175
2022-09-26,-0.01859729864690817,-0.23733303730833388,-0.13057163092522692,-0.012229673986424647,-0.20920416801618902,-0.10252974237499898,-0.10667442564119003,0.012520439613520421,0.012052820170906014,0.2067638720129607,0.09851433574969655,0.1301001691997908
2022-09-27,0.02289613243433596,-0.2144369048739979,-0.1315369104791709,-0.013042763721337641,-0.1818239568315602,-0.07373542428697942,-0.10808853254458077,0.01287669117492012,0.012081500495039097,0.23735329825981383,0.09530911714332871,0.13005738690298937
2022-09-28,-0.02700042389200957,-0.2414373287660075,-0.13265282104540613,-0.013972228542869336,-0.21231227976511946,-0.10815947049717045,-0.10415280926794901,0.013268924363000947,0.01209649068328666,0.19720873786407767,0.09670303136806449,0.1299681564104455
2022-09-29,-0.005533670042101316,-0.2469709988081088,-0.1337187930906368,-0.014856443379620193,-0.20775812449533396,-0.1103395692027484,-0.09741855529258556,0.013244209652952836,0.01216362131874592,0.1904954499494439,0.0946159129278441,0.12984453796755552
2022-09-30,-0.012879558803292005,-0.2598505576114008,-0.13481389441338293,-0.015601782167736986,-0.22578997236755752,-0.096493294406789,-0.12929667796076852,0.0132834379615619,0.012245291955572748,0.17266477961989488,0.09274898145186865,0.12977793280153865
2022-10-10,-0.018771845601067948,-0.27862240321246873,-0.13606192737724948,-0.01642262973669109,-0.22909269610845673,-0.11069308782046527,-0.11839960828799145,0.01345496581038535,0.012296197336734663,0.1582457558609539,0.10081948971999105,0.12974102152532468
2022-10-11,0.0054073005145846235,-0.2732151026978841,-0.1373047319713045,-0.01727317637740726,-0.22099121733056945,-0.11806374726545851,-0.10292747006511094,0.013463793542858789,0.012346535525558248,0.1669024045261669,0.09921334034894162,0.12965307422115024
2022-10-12,0.027004868962599085,-0.24621023373528506,-0.13843169185031137,-0.01797076652378013,-0.1992889100123032,-0.09346519423112655,-0.10582371578117665,0.013836156790499444,0.012380594079989867,0.19252525252525252,0.09636133085322636,0.12957949562727636
2022-10-13,0.00961910289707034,-0.2365911308382147,-0.1395308564214848,-0.01865440170084226,-0.1964177576337774,-0.09662600952396388,-0.0997917481098135,0.013807918248593194,0.012397876205226442,0.20565085771947528,0.10207745884367282,0.12950873753627629
2022-10-14,0.022422453956881742,-0.21416867688133295,-0.14054667352157255,-0.019226587562223507,-0.15808494654032446,-0.07763153507763806,-0.08045341146268639,0.014107848160424727,0.012431049533962983,0.24077434966727163,0.10253169656274262,0.1294297803747051
2022-10-17,0.015486160467720304,-0.19868251641361265,-0.14148976393851295,-0.01972363969799104,-0.11484965270884687,-0.052453152374844055,-0.06239650033400281,0.014103759685109681,0.012463860039588544,0.2685633575464084,0.10302040700836035,0.1291664492159097
2022-10-18,0.003773808301822334,-0.1949087081117903,-0.14245451690174116,-0.02017032735270119,-0.11416239128086052,-0.04807909289135569,-0.06608329838950483,0.01376665958496386,0.012492854956159715,0.27837129610965533,0.10433125834949863,0.12884841681661663
2022-10-19,-0.008547717333569875,-0.2034564254453602,-0.1434211348076382,-0.020667790850232765,-0.09344130392979011,-0.05934685912149669,-0.03409444480829342,0.01373188417453109,0.012510811693426067,0.26681433749496575,0.10600336281188795,0.12875013016617087
2022-10-20,-0.002906133752191549,-0.20636255919755173,-0.14434739601973157,-0.021030490113300493,-0.11735476274613048,-0.05453094390977951,-0.06282381883635096,0.013668404448390585,0.012514740966491217,0.26314728994559744,0.10604887377421357,0.12861627079017762
2022-10-21,0.0008505384825528548,-0.20551202071499888,-0.1453446840368177,-0.021302374654161627,-0.130332827298232,-0.02972863803615847,-0.10060418926207354,0.013668091583805223,0.012519166495092805,0.26304128902316215,0.10895995443978601,0.1284454376802026
2022-10-24,-0.01367787345579726,-0.21918989417079615,-0.14642789148586735,-0.02152223621168714,-0.14179459797366092,-0.020426364391671538,-0.1213682335819894,0.013762317876272162,0.012529896039701031,0.23887210473313192,0.11312856113401469,0.12836648680626736
2022-10-25,-0.0038571806199557586,-0.22304707479075192,-0.14750104365689082,-0.021647338728895793,-0.12897489135800344,-0.011078509423752943,-0.1178963819342505,0.013737097973078162,0.012543574974337343,0.24249748237663646,0.11165989676587648,0.12831932543553742
2022-10-26,0.019960612540696247,-0.20308646225005567,-0.14838875418967837,-0.021659598313079648,-0.11246580924783162,-0.005746484581376249,-0.10671932466645537,0.013925049627497747,0.012548770450594682,0.2765143892131213,0.11962601681495577,0.1282574743844589
2022-10-27,-0.0032147451217063427,-0.206301207371762,-0.14931540687789172,-0.021743056256696702,-0.12107373111861926,-0.01302066763272648,-0.10805306348589278,0.013867178896143993,0.0125586903973715,0.2708794526061582,0.11797763888163643,0.1282574743844589
2022-10-28,-0.036381856285697615,-0.24268306365745962,-0.15045504413485472,-0.02202362874850694,-0.15029952861315943,-0.04542463450030543,-0.104874894112854,0.014532803939127412,0.012570037290985063,0.21451548049859268,0.12487431712051715,0.12817452893311027
2022-10-31,0.010391773840537837,-0.2322912898169218,-0.15153891322563776,-0.022106487037480943,-0.14646300176083737,-0.013555551155496098,-0.1329074506053413,0.01461199061262107,0.012581877674165196,0.23582629674306393,0.13555615699260642,0.12817452893311027
2022-11-01,0.02421392279671402,-0.20807736702020777,-0.15255017942470275,-0.021978548499475836,-0.12676666499431388,0.029255670288126093,-0.15602233528243997,0.01496352820105518,0.012593721495171024,0.27701888308557654,0.12676039163982122,0.12808543625226687
2022-11-02,0.013211591800496952,-0.19486577521971082,-0.1535269247096522,-0.021990014230481303,-0.11192701496932364,0.019571129654287086,-0.13149814462361073,0.014219109319943366,0.012601238409466722,0.30647106109324757,0.12434355031635148,0.12803825661541676
2022-11-03,0.004086483530888235,-0.1907792916888226,-0.15453204565868398,-0.021879224613277848,-0.10236514638129475,0.05065803707718489,-0.15302318345847965,0.01422300481152652,0.012626719205080461,0.3118344384167169,0.1229389569628435,0.12797273141070464
2022-11-04,0.0166300252980809,-0.17414926639074169,-0.1553821589787707,-0.02166336588813389,-0.07728243304915847,0.0728217324173671,-0.15010416546652555,0.014284286788259413,0.01264781831221576,0.35,0.12043453699379177,0.12790146960885462
2022-11-07,0.006943563218536661,-0.167205703172205,-0.15624160699946082,-0.021427712586077896,-0.07674116276563596,0.09264485443919578,-0.16938601720483173,0.014223216940813119,0.012651590204412998,0.367650010034116,0.12072489847289823,0.1275629092595767
2022-11-08,-0.0007348334581452769,-0.1679405366303503,-0.15702338941579488,-0.020961462038545403,-0.07244287299888348,0.11068186658211844,-0.18312473958100192,0.014112412648205033,0.0126553372215851,0.3691504318136172,0.11961708701276963,0.12722346216458857
2022-11-09,0.0004160301768800822,-0.16752450645347022,-0.1578449264984842,-0.0205401945271797,-0.054183551889412436,0.10569059624441389,-0.15987414813382633,0.014102357379340673,0.012661239899209005,0.37487457355007026,0.11675963470576771,0.12719927645964493
2022-11-10,-0.004885964373503751,-0.17241047082697397,-0.1586663540704564,-0.020234662220145028,-0.03959695274793412,0.07379976290831106,-0.11339671565624518,0.014103268865316612,0.012671777679689078,0.36823104693140796,0.11322718162071374,0.12699508635381096
2022-11-11,0.0038424200070028476,-0.16856805081997112,-0.1595353311631887,-0.020004474741703887,-0.051293230993778444,0.06802308001824357,-0.11931631101202202,0.014004615936465974,0.012692282693538061,0.3814102564102564,0.10696640446729867,0.12677749937048183
2022-11-14,-0.0014024400642785521,-0.16997049088424968,-0.16036612087800065,-0.0198194473564281,-0.06574654803703961,0.04419818599708328,-0.10994473403412289,0.01399544558149999,0.01271639899133548,0.37935871743486976,0.10362095356664368,0.1267335721754105
2022-11-15,0.019027874136755014,-0.15094261674749465,-0.16107629272859636,-0.019586528790083407,-0.034029300763488375,0.04773989966611799,-0.08176920042960636,0.01421676570389914,0.01280102177569412,0.42980172241137593,0.10200611412692226,0.12668397901886164
2022-11-16,-0.0023859266908395475,-0.15332854343833419,-0.16187494953673323,-0.019420432634992074,-0.04306502665751354,0.041580164673456106,-0.08464519133096965,0.01417947422110013,0.012919475194650505,0.42742742742742745,0.10217057123627926,0.1264230791201263
2022-11-17,0.004595074092392605,-0.1487334693459416,-0.16258484569707193,-0.01916371088943372,-0.052744760017811664,0.05472295609941859,-0.10746771611723024,0.014191198412133767,0.013055276454855571,0.44713656387665196,0.10362858200916647,0.12617841108248723
2022-11-18,-0.0074856354446556205,-0.1562191047905972,-0.16333311382510696,-0.01898571780537539,-0.05593911688119663,0.050143454406954516,-0.10608257128815114,0.01421205401528531,0.013193588769667745,0.4272,0.10572841265575378,0.1259970307355826
2022-11-21,0.003265289399209229,-0.15295381539138797,-0.16394977776727335,-0.018605093730455657,-0.05954905911264436,0.05255820532361089,-0.11210726443625525,0.014130136008256716,0.013241546748479037,0.43102758896441423,0.10897462560600452,0.1257593753724235
2022-11-22,-0.012408528175428927,-0.1653623435668169,-0.16456824661327624,-0.018140355127408886,-0.08287010715730263,0.05382755060397923,-0.13669765776128184,0.014185551829858882,0.01325656700797689,0.4040767386091127,0.10990652764237747,0.12565714336764897
2022-11-23,-0.0067413605032528605,-0.17210370407006975,-0.16520226532602555,-0.017701221669134737,-0.09540393930541806,0.05094337072068212,-0.14634731002610019,0.014190547570743535,0.013276181162281422,0.38964414234306277,0.10016539430981956,0.12551660764720146
2022-11-24,0.0032002513819079244,-0.16890345268816181,-0.16561331844543298,-0.01722456425575461,-0.10203235971080114,0.034183009561893796,-0.13621536927269495,0.013661110789535486,0.013306099254820503,0.3963244107071514,0.09606730620984519,0.1254131927237253
2022-11-25,-0.00869280417438752,-0.17759625686254935,-0.1660954117723825,-0.016780004894490774,-0.1207370143705582,0.028704950509212623,-0.14944196487977082,0.01369143617559199,0.013330071816062525,0.37839456869009586,0.09874621592904022,0.1253937889764915
2022-11-28,-0.004480192636148138,-0.18207644949869747,-0.16643607167383878,-0.01598102753898406,-0.13426555543630425,0.060606614158762104,-0.19487216959506637,0.013683556096607007,0.013339370834937966,0.3711319624675584,0.10370699372594602,0.12537579638716406
2022-11-29,0.017784728957809987,-0.16429172054088748,-0.16674694472921986,-0.015208031503582103,-0.10727001273669022,0.06799956927603426,-0.17526958201272447,0.013852020368208035,0.013401162198107667,0.42919824491424013,0.1056849356752754,0.1253148181760818
2022-11-30,-0.001064025346678312,-0.1653557458875658,-0.16712866756240938,-0.014578488137706624,-0.12213919237074686,0.04272162113264191,-0.16486081350338877,0.013847226298127787,0.01345937967662207,0.43050847457627117,0.1050367929968529,0.1252026177269601
2022-12-01,0.008098209358481302,-0.1572575365290845,-0.16753475322955233,-0.014007828519900123,-0.10697885187831613,0.03760823869062627,-0.1445870905689424,0.013452639482793672,0.01345937967662207,0.4478979876469416,0.10381353197358469,0.1250124147034186
2022-12-02,0.006097021852914815,-0.1511605146761697,-0.16798079928355258,-0.013448753624868609,-0.1120412891935225,0.039618777012652845,-0.15166006620617534,0.013460325011139931,0.01346205927699936,0.4721115537848606,0.10293787507857889,0.1247412128489104
2022-12-05,0.00720179055656173,-0.14395872411960797,-0.16837243297501295,-0.012990273996242252,-0.11325603668576405,0.03019054227113368,-0.14344657895689772,0.013391642200943072,0.01346205927699936,0.5102650986645406,0.10531669372614777,0.1245032170854779
2022-12-06,-0.004412495578510353,-0.14837121969811834,-0.16868195826444565,-0.012440351264984828,-0.1222768682238225,0.018834483474086665,-0.14111135169790917,0.013401415058472175,0.01346205927699936,0.4966121960940614,0.10142445215089742,0.12437093795500183
2022-12-07,0.0004692549920297107,-0.14790196470608863,-0.16898646410067988,-0.011963074684885,-0.1255433301020531,0.02003857192426165,-0.14558190202631474,0.013297406684119148,0.01346205927699936,0.4957162781430564,0.10186491637688933,0.12428269267974658
2022-12-08,-0.0038444103211821017,-0.15174637502727073,-0.1693350575782566,-0.011490131079772398,-0.12949658707932882,0.01577813142619947,-0.14527471850552828,0.013297548798697658,0.01346205927699936,0.48715906828588496,0.10085477251215039,0.12416810928531266
2022-12-09,-0.0017878684449523826,-0.1535342434722231,-0.169750981309354,-0.01108462723889761,-0.12889265265245123,0.01887622735475084,-0.14776888000720206,0.013241490220780971,0.01346205927699936,0.4821961408394669,0.09799251527614541,0.12404385927698963
2022-12-12,-0.0027346251129437213,-0.15626886858516684,-0.17016764037816848,-0.01063230921497979,-0.13082339245856361,0.012299182234804269,-0.1431225746933679,0.013245663804980757,0.01346205927699936,0.4667064201947923,0.09419457298242633,0.12391563306769057
2022-12-13,-0.004017282850730092,-0.16028615143589692,-0.17063957558066878,-0.010273454702668133,-0.14175257313627584,0.00968433944835273,-0.15143691258462857,0.013249414755594215,0.01346205927699936,0.46462639109697934,0.10133636272448299,0.12358964598530206
2022-12-14,-0.0031334479944619743,-0.1634195994303589,-0.1711932191613289,-0.010116926432732543,-0.15392750953604942,-0.01247698268286426,-0.14145052685318515,0.01321887728820028,0.01346205927699936,0.4590782677791021,0.10116567821426284,0.12322367401807625
2022-12-15,0.0029215260821433132,-0.1604980733482156,-0.1716749116475502,-0.009799962110816962,-0.1391170792630129,-0.0071695299098813985,-0.1319475493531315,0.012850362030083225,0.01346205927699936,0.46277546158427635,0.09843920805013925,0.12305568753618455
2022-12-16,-0.01160854904968598,-0.17210662239790156,-0.17229293120692254,-0.009708085509850611,-0.15385140687893642,-0.023373153051959986,-0.13047825382697642,0.012582944157835398,0.01346205927699936,0.4397936917278318,0.10653757583407596,0.12298427661764441
2022-12-19,-0.022879161350152208,-0.19498578374805375,-0.1729053658134217,-0.00957225198831474,-0.16120919398608063,-0.03876667895745657,-0.12244251502862406,0.01282054618225977,0.01346205927699936,0.3664152441445018,0.10893880942690737,0.12296106115009856
2022-12-20,-0.004653999235849027,-0.19963978298390278,-0.17358975965381604,-0.009639981886542692,-0.1588094899217256,-0.04668596759251483,-0.11212352232921077,0.012695922709906696,0.01346205927699936,0.351855526890256,0.09892223310672954,0.12296106115009856
2022-12-21,-0.00786037012523808,-0.20750015310914086,-0.17431193671734493,-0.009743690104068697,-0.17848434266998886,-0.04213780954232398,-0.13634653312766487,0.012723943352021849,0.01346205927699936,0.3369737887212073,0.10568104085256859,0.12296106115009856
2022-12-22,-0.014878052017523215,-0.22237820512666406,-0.17514801726055904,-0.009945751934533481,-0.19772402123977909,-0.05027450105659434,-0.14744952018318475,0.012855396147457709,0.01346205927699936,0.30148662041625374,0.11079188951143921,0.12296106115009856
2022-12-23,-0.0035931288578364496,-0.2259713339845005,-0.17602185630114733,-0.010408537855714356,-0.2051530760505921,-0.05706788129633871,-0.14808519475425339,0.01256285303267005,0.01346205927699936,0.29182340130667195,0.10392550785560854,0.12296106115009856
2022-12-26,0.01566400835915769,-0.21030732562534282,-0.17680454962501366,-0.010709137852631168,-0.19354910902181258,-0.0327110687627935,-0.16083804025901907,0.012487208612017646,0.01346205927699936,0.3299009900990099,0.09722118532692058,0.12296106115009856
2022-12-27,0.004773985651469775,-0.20553333997387305,-0.17750444509744961,-0.011068373423610833,-0.19452808311009093,-0.023456890475175587,-0.17107119263491533,0.012149703450311359,0.01346205927699936,0.3443433544303797,0.09683197129674359,0.12296106115009856
2022-12-28,-0.011564415050843314,-0.21709775502471637,-0.1781832349730509,-0.011436290243831054,-0.20703332199918437,-0.05280603448382888,-0.15422728751535547,0.011720952404361858,0.01346205927699936,0.31177052423343227,0.09870761173587106,0.12296106115009856
2022-12-29,-0.004145656161788514,-0.2212434111865049,-0.178721397370661,-0.011592729808251628,-0.21928529572035546,-0.05588766529893909,-0.16339763042141636,0.011710396307913493,0.01346205927699936,0.30454545454545456,0.09371783844704205,0.12296106115009856
2022-12-30,0.006189971810525452,-0.21505343937597945,-0.17915586521376864,-0.011621111984216309,-0.20492059511003213,-0.05779590284689494,-0.14712469226313718,0.01160134977903838,0.01346205927699936,0.32273355717953783,0.09797449883601543,0.12296106115009856
2023-01-03,0.022118059257115318,-0.19293538011886413,-0.1795621118399906,-0.011581312556438017,-0.1718250633399856,-0.041774865442694445,-0.13005019789729116,0.011636288437662021,0.01346205927699936,0.380877123666535,0.09233252201752601,0.1228963831528489
2023-01-04,0.003983293496975552,-0.1889520866218886,-0.1799796798681348,-0.011607246893121842,-0.1828976693241124,-0.044993362502280615,-0.13790430682183177,0.011629485128363303,0.01346205927699936,0.39454976303317535,0.09202502539225756,0.12276907525323427
2023-01-05,0.005841164130581218,-0.18311092249130737,-0.18023010022811942,-0.011548141963673764,-0.18056251813044502,-0.034739702793189046,-0.14582281533725597,0.011150956231240265,0.01346205927699936,0.41054502369668244,0.09322689284591897,0.12264986708886008
2023-01-06,-0.00210426898054399,-0.18521519147185136,-0.180231142929813,-0.011244678829133103,-0.17679855088579333,-0.03731322676576275,-0.13948532412003056,0.011100888451503461,0.01346205927699936,0.40126382306477093,0.09322164927648514,0.12257125392462472
2023-01-09,0.005626473702059346,-0.17958871776979202,-0.1803504540585936,-0.011015396480337003,-0.15404436207724553,-0.0278423427425213,-0.12620201933472425,0.010754192243749513,0.01346205927699936,0.41770401106500693,0.09455563264734823,0.12248391126598729
2023-01-10,-0.0013797796534079272,-0.18096849742319995,-0.18057187796195254,-0.010820896652598527,-0.15999782769410534,-0.027434253950976845,-0.1325635737431285,0.01057682853448978,0.01346205927699936,0.4114511352418559,0.09741077413152065,0.12242248342888538
2023-01-11,-0.008728077315025154,-0.1896965747382251,-0.18089954860340143,-0.010731908225232956,-0.174940962473368,-0.033427706153058276,-0.1415132563203097,0.010630148615597336,0.01346205927699936,0.38906435057244376,0.100461243506303,0.12238598964866881
2023-01-12,8.817033261355511e-05,-0.18960840440561155,-0.18128969088051805,-0.010650115299849272,-0.17409093274529464,-0.02932225296971463,-0.14476867977558,0.010569547287830048,0.01346205927699936,0.3917423943105492,0.09712873933497385,0.12229954736148094
2023-01-13,0.0037984517484681503,-0.1858099526571434,-0.18164859084724427,-0.010455371685915371,-0.17998582544993885,-0.022390353226784506,-0.15759547222315434,0.010571261852528883,0.01346205927699936,0.40568832707880703,0.09662821067725925,0.12205814768018505
2023-01-16,0.010804652767362323,-0.17500529988978109,-0.18196741480931397,-0.010292503161763777,-0.1754885816599595,-0.014507226541565497,-0.160981355118394,0.01065712884520691,0.01346205927699936,0.44036334913112163,0.09678193645242665,0.12167248122418695
2023-01-17,-0.0011687692141357873,-0.17617406910391686,-0.18223298279186356,-0.009940051584941018,-0.1864189672214476,-0.004067446706015304,-0.1823515205154323,0.01049603861044267,0.01346205927699936,0.4367838798893718,0.09541762352540763,0.12140059576473622
2023-01-18,0.004186253885191629,-0.17198781521872525,-0.18245103703718996,-0.00954567122376826,-0.167861212845327,0.022997968529328533,-0.19085918137465555,0.0104879900621602,0.01346205927699936,0.4569510268562401,0.08993363325276867,0.12130125107719346
2023-01-19,0.006001146943948292,-0.16598666827477696,-0.18261678017150373,-0.009027020517687695,-0.17067056924059804,0.03365311470912585,-0.2043236839497239,0.010207986900141868,0.01346205927699936,0.4817374136229023,0.09687949359757338,0.12121307741682474
2023-01-20,0.007942422857511483,-0.15804424541726547,-0.18269508069241946,-0.00838314397507453,-0.14646019205372826,0.04945590769187542,-0.19591609974560367,0.010238554555333684,0.01346205927699936,0.5057244374259771,0.09515664209619296,0.1211158132437728
2023-01-30,0.012868251410503498,-0.14517599400676198,-0.18278537794399605,-0.007637360683437011,-0.1419589040911557,0.07720221111990214,-0.21916111521105783,0.00911987599674197,0.01346205927699936,0.559020923805764,0.09564240777278558,0.12091882234381038
2023-01-31,0.004688074639317133,-0.14048791936744484,-0.1828408964719742,-0.006819040170826879,-0.13236296293490893,0.0854834146170557,-0.21784637755196462,0.009056453263632315,0.01346205927699936,0.577492596248766,0.0896517426563433,0.12074785960357032
2023-02-01,0.016144057111603285,-0.12434386225584156,-0.1828057545930993,-0.006001204968085649,-0.12957122998232748,0.08596346336950131,-0.2155346933518288,0.008769232845140506,0.01346205927699936,0.633905664101046,0.08992937836795395,0.12060967654542804
2023-02-02,0.002111036273692835,-0.12223282598214873,-0.18280535900118802,-0.005300913903738408,-0.11842027806029486,0.08330051399172436,-0.2017207920520192,0.008631737648229634,0.01346205927699936,0.6440544271346874,0.09265885812546021,0.12046449580587482
2023-02-03,-8.835851834758204e-05,-0.12232118450049631,-0.18268938634909537,-0.004506151376044459,-0.11341293787214167,0.0947765705242201,-0.20818950839636177,0.008624985845244295,0.01346205927699936,0.6385161799526441,0.09561580188067184,0.12021229159569054
2023-02-06,-0.0024798706179727918,-0.1248010551184691,-0.18254952025023813,-0.0038281228795771227,-0.13120387330750116,0.09644235606803582,-0.22764622937553697,0.008393041502343468,0.01346205927699936,0.6303747534516765,0.0996004542479887,0.11989566173310842
2023-02-07,0.006783094583424231,-0.11801796053504487,-0.1822244272589742,-0.0030685620452055584,-0.11126372325684819,0.09703547884093461,-0.2082992020977828,0.00839108326986695,0.01346205927699936,0.6543769716088328,0.09601136191376525,0.11972184414790252
2023-02-08,-0.005014593901359573,-0.12303255443640444,-0.18200760245372752,-0.002445490613736917,-0.11646707525281631,0.0699028256824597,-0.186369900935276,0.008422653458734256,0.01346205927699936,0.6403785488958991,0.09704586884173924,0.11963421392106666
2023-02-09,0.013134365505885566,-0.10989818893051888,-0.18162749560807956,-0.001647815739944769,-0.0802771619724055,0.07905389769136972,-0.15933105966377523,0.008572846802084363,0.01346205927699936,0.6778959810874704,0.09689383437142662,0.1196215519138627
2023-02-10,-0.0013915183456613047,-0.11128970727618018,-0.18129619560531346,-0.001066095377194043,-0.0696211329099454,0.0718212152151272,-0.14144234812507261,0.008544277686224355,0.01346205927699936,0.682095725822336,0.09483980828219525,0.1196050980058147
2023-02-13,0.010169873593084557,-0.10111983368309563,-0.18082715996054055,-0.0005960170307275636,-0.05581987216288947,0.08409535778875575,-0.13991522995164524,0.008618446668809098,0.01346205927699936,0.7034265458842064,0.09585412181961743,0.11949003662505339
2023-02-14,0.0005406227752577975,-0.10057921090783783,-0.18038807662205308,-3.7622563459488445e-05,-0.013886382101159035,0.0790095068619542,-0.09289588896311324,0.008612440478248313,0.01346205927699936,0.708546671918078,0.09580521781778449,0.11934369273241804
2023-02-15,0.0020937432192620394,-0.0984854676885758,-0.17995581996550974,0.0006160579964427926,-0.0173078762159269,0.08248302973462417,-0.09979090595055107,0.008288226742071234,0.01346205927699936,0.7048631620397716,0.10372074338666773,0.11916983724728109
2023-02-16,-0.022685024616551225,-0.12117049230512703,-0.17958518788287567,0.0013143607205257646,-0.007226023097690382,0.06852608243309809,-0.07575210553078847,0.008820749819590908,0.01346205927699936,0.6374901652242329,0.09900734182636504,0.118962584003583
2023-02-17,-0.005572304384702142,-0.12674279668982916,-0.1790518781092298,0.002237812771288261,-0.024625687225155336,0.0628656077157824,-0.08749129494093773,0.008839092414932952,0.01346205927699936,0.6205269366889501,0.09761773234313872,0.11883732481294043
2023-02-20,0.01191833424535697,-0.11482446244447218,-0.17841001068402618,0.0032385801632180966,-0.025813283194812648,0.07098549021267121,-0.09679877340748386,0.008901682285099086,0.01346205927699936,0.6620161131853016,0.09699598708497616,0.11856478801424211
2023-02-21,0.0034251149492686038,-0.11139934749520358,-0.17736052641645653,0.0046068883928574444,-0.035358944394705286,0.0636059523945775,-0.09896489678928279,0.008902489885846377,0.01346205927699936,0.6779960707269155,0.09759004460842381,0.11832998284586149
2023-02-22,0.0014968880429920416,-0.10990245945221154,-0.17612624498081136,0.006106737811052199,-0.04795115557609185,0.06627160965170532,-0.11422276522779717,0.008735075016565477,0.01346205927699936,0.6757659073055774,0.09607474562283479,0.11817470139438369
2023-02-23,-0.002436876880182806,-0.11233933633239435,-0.1750455940393176,0.007405442997872352,-0.04670735050486113,0.059648478886330895,-0.10635582939119202,0.008688602193203724,0.01346205927699936,0.6714454045561665,0.09241659419325168,0.11800395855373857
2023-02-24,-0.0026172355247423796,-0.11495657185713673,-0.17388796513603177,0.00872881503547196,-0.028490410045559265,0.05103009641764022,-0.07952050646319948,0.008696044510361994,0.01346205927699936,0.6588096641131408,0.09406456472818196,0.117710567910191
2023-02-27,-0.008963616793134978,-0.12392018865027171,-0.17298376863964074,0.009711312052778726,-0.03691939119103432,0.03412405676699376,-0.07104344795802808,0.008701176191604484,0.01346205927699936,0.621292476920055,0.09079756331711983,0.11715379390656194
2023-02-28,0.0090726864943646,-0.11484750215590711,-0.17212061907848866,0.010664758865507384,-0.0328198226439738,0.030328491850854865,-0.06314831449482866,0.008735131570539185,0.01346205927699936,0.651678774788926,0.09178473848180183,0.11683494583245266
2023-03-01,0.00836540463035073,-0.10648209752555637,-0.17116166534459407,0.011679231127380146,-0.03613260027281336,0.03400582184188846,-0.07013842211470182,0.008512365828316831,0.01346205927699936,0.6726202158979392,0.09162453237718973,0.11678271774814736
2023-03-02,-0.003983830937919595,-0.11046592846347597,-0.17030073911030388,0.012505015482795423,-0.0375288736412112,0.013877933792365578,-0.05140680743357678,0.008532475397028566,0.01346205927699936,0.6597998822836962,0.0941974443162782,0.11674515197346216
2023-03-03,-0.00036323855437648904,-0.11082916701785246,-0.1695233807125655,0.013281978288622515,-0.04493005608201479,0.011403658964296253,-0.05633371504631104,0.008481509603841086,0.01346205927699936,0.6577089054531189,0.0883441769246454,0.11668770009668665
2023-03-06,0.0013226309510408882,-0.10950653606681157,-0.1687574262419819,0.013931960107113478,-0.05681565276847714,0.012814648433684723,-0.06963030120216186,0.008453069820768029,0.01346205927699936,0.656207099431261,0.08347561877489978,0.11657934847589606
2023-03-07,-0.020177980601396583,-0.12968451666820816,-0.16812780282877793,0.0144217174214602,-0.06552494056425406,-0.004883461549739067,-0.060641479014515,0.008826592880187589,0.01346205927699936,0.5866666666666667,0.08597637495032842,0.1160169719344406
2023-03-08,0.008350053857943896,-0.12133446281026426,-0.16749245860904524,0.014731968649928956,-0.07283175228682656,-0.0033165022752194018,-0.06951525001160716,0.008866315834616894,0.01346205927699936,0.6089002156439913,0.08558781937233835,0.11548676154394673
2023-03-09,0.0020421156796788156,-0.11929234713058545,-0.16685771685060014,0.015149885603127383,-0.046793484682367006,0.003740207305818987,-0.050533691988186,0.008868696744899469,0.01346205927699936,0.6189729517836142,0.08461035784877434,0.11536721795954022
2023-03-10,-0.01320384862836225,-0.1324961957589477,-0.16628067356937573,0.015346822038703828,-0.06973518085391134,-0.02259800682842883,-0.04713717402548251,0.009026891034687741,0.01346205927699936,0.5634796238244514,0.082093511498303,0.11536721795954022
2023-03-13,0.001724555745809346,-0.13077164001313835,-0.16572833843676474,0.015567857168548721,-0.06770689960977648,-0.019481932736958175,-0.048224966872818305,0.009024372946036174,0.01346205927699936,0.553532981013897,0.08807010228052176,0.11536721795954022
2023-03-14,-0.011856267205449373,-0.14262790721858773,-0.16527009673236073,0.015557063228179818,-0.08746581073474924,-0.04150807353549211,-0.04595773719925713,0.009153628856001846,0.01346205927699936,0.5024457053414204,0.09154298026871133,0.11536721795954022
2023-03-15,0.00768189783643285,-0.13494600938215487,-0.16483182401444219,0.015556252607610899,-0.08374248351530822,-0.034366798474317055,-0.049375685040991164,0.009186226390697159,0.01346205927699936,0.54986312084474,0.08979102547971535,0.1152403595635677
2023-03-16,-0.015799305018424754,-0.15074531440057962,-0.16453635233393932,0.015419467631570427,-0.09697665354849638,-0.05225984671200385,-0.04471680683649253,0.009412075601407492,0.01346205927699936,0.4865076261243645,0.09227970611492828,0.11515979165669989
2023-03-17,0.006855554090323496,-0.14388976031025613,-0.16399343836192937,0.015591749520946302,-0.07833551482357551,-0.022719268005129127,-0.05561624681844638,0.009444921684263932,0.01346205927699936,0.5043988269794721,0.09990330009498775,0.11497674628732787
2023-03-20,-0.003993605964606895,-0.14788336627486304,-0.16356097736805864,0.015490900741171154,-0.06654358637041427,-0.02114056958503388,-0.04540301678538039,0.009333005493837313,0.01346205927699936,0.4916911045943304,0.09695880425363733,0.11481236610299528
2023-03-21,0.01474982993303425,-0.13313353634182878,-0.16307410378096038,0.015335906903065799,-0.01952260467733698,-0.018309073897356604,-0.0012135307799803763,0.00900029540076953,0.01346205927699936,0.5431809300508011,0.09352629943027442,0.11476781322219712
2023-03-22,0.005527571872377957,-0.12760596446945083,-0.1625604437506544,0.014800082665802128,0.000553906285001766,-0.01620661697424725,0.016760523259249014,0.008987268352866614,0.01346205927699936,0.5554035567715458,0.0961816895357938,0.11466424472932135
2023-03-23,0.0002076920863412528,-0.12739827238310958,-0.16209056432622046,0.014035680654590904,-0.015712217508634413,-0.01749581293089804,0.0017835954222636258,0.008909420774544844,0.01346205927699936,0.5505859375,0.10619486770923485,0.11457263178888713
2023-03-24,0.0009838872430199767,-0.1264143851400896,-0.16167172989231424,0.013373864147003367,-0.020975904147041414,-0.014075048807695252,-0.006900855339346161,0.008651790068358927,0.01346205927699936,0.5454012888107791,0.10613223659170093,0.11453167578406631
2023-03-27,-0.0005671855246261127,-0.12698157066471571,-0.16128664313741975,0.012601321998612025,0.00604527982966295,-0.012024998807578987,0.018070278637241935,0.008629800517493796,0.01345764541076264,0.536794846769471,0.11538276055281078,0.11453167578406631
2023-03-28,-0.008556296010847167,-0.1355378666755629,-0.16099101224730514,0.011992756392335602,0.049468784457581,-0.011617678025291175,0.06108646248287218,0.008529037830358648,0.013453802646589512,0.5144418423106948,0.10857535681644093,0.11425014578494917
2023-03-29,-0.0041681665233937164,-0.1397060331989566,-0.16079378002965403,0.011326839048834636,0.016020458814701374,-0.02485853104304949,0.04087898985775086,0.008544461311179162,0.013427027270632923,0.49210064365125805,0.10398662529294952,0.11394817707522403
2023-03-30,-0.0037416767206670887,-0.1434477099196237,-0.1605854659674021,0.010576199377191953,-0.006763993168210397,-0.03696561239406731,0.030201619225856912,0.008406556019298645,0.013396528629707624,0.48312853520577337,0.09868713951630076,0.11382537772937762
2023-03-31,0.008702975223563803,-0.13474473469605988,-0.16032108883820495,0.009979650272098933,-0.010582288247605725,-0.024278806232583914,0.01369651798497819,0.008430977294334403,0.01336020137451109,0.5051687146479422,0.10123483386989401,0.1136702901960411
2023-04-03,0.009242056369093806,-0.12550267832696607,-0.15991038344451655,0.009612997268048956,-0.013922729344680317,-0.014673511309113617,0.0007507819644332996,0.00846923231954934,0.013313154673388382,0.5211542210957302,0.11103165367555479,0.11354535116150577
2023-04-04,-0.008639788388514057,-0.13414246671548014,-0.1596223175257311,0.009135108716250784,-0.020112507403575636,-0.02463593064866856,0.004523423245092924,0.008123442539225506,0.013297477741408402,0.49240358395013634,0.12027273711999112,0.11354535116150577
2023-04-06,-0.0009699724008722895,-0.13511243911635243,-0.15935421774883793,0.00877358507994,-0.023871931640522925,-0.0054279224481442664,-0.01844400919237866,0.008117569707093892,0.013290422322840525,0.4840280483054149,0.11839829877201445,0.11354535116150577
2023-04-07,0.009462336143737874,-0.12565010297261456,-0.15903916584253336,0.008453292766511883,-0.0025896303786050717,-0.0043156401623502885,0.0017260097837452169,0.00816825256051395,0.013276181162281422,0.5090590298071304,0.11723380822617754,0.11354535116150577
2023-04-10,-0.012313991206256973,-0.13796409417887154,-0.15877857025342765,0.008079146597172487,-0.009587128025432448,-0.01867174704828608,0.00908461902285363,0.008337707960668536,0.013259169559297582,0.47987555901224965,0.111058609565846,0.11336502545357492
2023-04-11,0.0009358253588804932,-0.13702826881999106,-0.15855080456769427,0.007729869001681461,-0.004190227407971073,-0.004532073061043334,0.0003418456530722607,0.008313522648362215,0.013247539280287487,0.4774494556765163,0.11204236801270194,0.11320555532632808
2023-04-12,0.0077593881847043125,-0.12926888063528674,-0.15830586506742966,0.007422473369335075,0.01311526059882816,0.001502759377851633,0.011612501220976528,0.008358200622475278,0.013244936728966795,0.4899863892669648,0.11611328741253364,0.11320555532632808
2023-04-13,-0.005165494384105442,-0.13443437501939218,-0.1581400699692617,0.00713002676309904,-0.007317831327937077,0.008193532199195563,-0.01551136352713264,0.008301381888236996,0.013242849936866904,0.47735665694849366,0.11574659788025628,0.11320555532632808
2023-04-14,0.003965392964659083,-0.1304689820547331,-0.15793316750674444,0.006898656507697748,-0.0010847682829242776,0.004477027327421797,-0.0055617956103460745,0.008309875098892775,0.013230183754490626,0.4818199494458487,0.1148788473276985,0.11320555532632808
2023-04-17,0.00016786181418915357,-0.13030112024054394,-0.15766377381627655,0.006872578517662764,0.0010711177902819934,0.020444194160035702,-0.01937307636975371,0.008302260988713648,0.013090568251290586,0.49115646258503404,0.10360475121019211,0.11315624508297856
2023-04-18,-0.005761916326915454,-0.13606303656745938,-0.157516660433929,0.00647677792800036,-0.013751092203058429,0.007826723742796755,-0.021577815945855186,0.008243397682425564,0.012919475194650505,0.4765139751552795,0.1037734518430188,0.11279830180486615
2023-04-19,-0.004077107201941054,-0.14014014376940043,-0.1574408449317083,0.006120132436350345,0.005375571149623474,0.007743222505462596,-0.002367651355839122,0.008262795691409893,0.012866043661188913,0.46040372670807456,0.10909348660355682,0.11233129677809273
2023-04-20,-0.005267372697289898,-0.1454075164666903,-0.15743225684927137,0.00564184693168901,0.007366758423228659,-0.012273980124861552,0.01964073854809021,0.008283370909738247,0.012852879088770468,0.43802133850630454,0.11689496225871007,0.11233129677809273
2023-04-21,-0.027183953278391286,-0.1725914697450816,-0.15763145506465537,0.004928988685999031,0.010445089042754346,-0.04498550527563079,0.05543059431838514,0.008984205994039292,0.012835454106171498,0.3721381451299961,0.11468742469165724,0.11233129677809273
2023-04-24,-0.005292587230075151,-0.17788405697515675,-0.15774865391868204,0.004341910407538424,-0.01148654148941912,-0.0504857845920472,0.03899924310262808,0.008945539212803487,0.012772949279363946,0.35615906886517945,0.11978671260587297,0.11233129677809273
2023-04-25,-0.022102780380911208,-0.19998683735606795,-0.15801660054593591,0.003655129346378322,-0.014067279295954745,-0.07357245221597838,0.059505172920023636,0.0092064535849482,0.012724647864244985,0.31633048875096975,0.12806871229218914,0.11233129677809273
2023-04-26,0.008111742851795686,-0.19187509450427226,-0.15823413634199512,0.0030525067954246254,-0.014325386674874157,-0.06489352383955659,0.05056813716468243,0.009252256323102509,0.012715694479112343,0.3282828282828283,0.12491627972171507,0.11233129677809273
2023-04-27,-0.0002781990596191147,-0.19215329356389138,-0.15848298046256126,0.002508031784743875,0.002773669073788262,-0.05661542688832853,0.05938909596211679,0.008979706661277401,0.012701684158054765,0.3359253499222395,0.12347152888737456,0.11233129677809273
2023-04-28,0.01782506140894996,-0.17432823215494142,-0.15859963895590984,0.002194141073744188,0.014067646450393143,-0.034622198955984854,0.048689845406377996,0.009299309468516927,0.012686521245389992,0.3804326641980121,0.1265311529300158,0.11233129677809273
2023-05-04,0.00458419834563931,-0.16974403380930211,-0.15864886582400498,0.001936600143397138,0.015192765187940684,-0.026296323889678456,0.04148908907761914,0.00932547938931377,0.012671777679689078,0.40058881256133466,0.13124757095973144,0.11233129677809273
2023-05-05,-0.007521774412770581,-0.1772658082220727,-0.1587681195035935,0.001552969334611437,0.018031100609869878,-0.042521073526012844,0.06055217413588272,0.009363599724824758,0.012661239899209005,0.38831548198636806,0.1343027607167829,0.11233129677809273
2023-05-08,0.005844634600961985,-0.1714211736211107,-0.15886617194737496,0.001044211497141595,0.061983577797884555,-0.04591849529414466,0.1079020730920292,0.009351367605284242,0.0126553372215851,0.4040109034267913,0.1352474185438849,0.11233129677809273
2023-05-09,-0.01612663647420353,-0.18754781009531424,-0.159002916890559,0.0006194006351721015,0.05565013738988004,-0.053405343379834144,0.10905548076971419,0.009542518728333962,0.012650858331059823,0.3720296065446046,0.14012458525050966,0.11233129677809273
2023-05-10,0.0033937962318085287,-0.18415401386350572,-0.1590419077544193,0.0003123099944186414,0.1371421871456314,-0.049041574747153316,0.1861837618927847,0.009378119109645724,0.012626719205080461,0.3792834890965732,0.13707712389846335,0.11233129677809273
2023-05-11,0.005403644734393097,-0.17875036912911263,-0.1591117525687492,-7.258672621585083e-05,0.1780083774521338,-0.05310026615649809,0.2311086436086319,0.00941717759228253,0.012598835057002641,0.39929947460595444,0.1374482169664713,0.11233129677809273
2023-05-12,-0.009459566044115722,-0.18820993517322834,-0.15926153298362647,-0.0004829627301988215,0.14025958945791733,-0.05024584099435684,0.19050543045227417,0.00935894880437239,0.012587131150271172,0.38195254764683,0.13494052700968762,0.11233129677809273
2023-05-15,0.007990264461856186,-0.18021967071137215,-0.15928627395244202,-0.00073546938474775,0.1662626818029263,-0.043191401891381154,0.20945408369430746,0.009434932276049626,0.01257529076709104,0.39568345323741005,0.13563561476258668,0.11233129677809273
2023-05-16,-0.007373799589454128,-0.1875934703008263,-0.15946480701310967,-0.0011589419456800032,0.11716601762765814,-0.05832458966553959,0.17549060729319774,0.009455892983090295,0.012565245204508364,0.3811188811188811,0.13232379436556768,0.11233129677809273
2023-05-17,0.009306325857053918,-0.17828714444377236,-0.15964615867541937,-0.0015060887061576766,0.10919026994254721,-0.04385276942438023,0.15304303936692745,0.00913679799308754,0.012551102749275844,0.40807610172781983,0.13336959435185036,0.11233129677809273
2023-05-18,0.004567265061596141,-0.17371987938217623,-0.15985047993566084,-0.0019173124289164067,0.12455296492230385,-0.04325089732744317,0.16780386224974703,0.009143659472719983,0.012529896039701031,0.41734575087310827,0.13013026243527845,0.11233129677809273
2023-05-19,0.0012061869973491255,-0.1725136923848271,-0.16003201600772715,-0.002368242191450598,0.11013748293668461,-0.04221257214428321,0.15235005508096783,0.008994824800181878,0.012519166495092805,0.41981772348264496,0.12487436045728538,0.11233129677809273
2023-05-22,0.004116261409431247,-0.16839743097539586,-0.1601796015270353,-0.0026629410931063024,0.09790341559012553,-0.0323343944079365,0.13023780999806203,0.00900097810980555,0.01250255099434142,0.4342768514928267,0.124161659596835,0.11233129677809273
2023-05-23,-0.008140939186427842,-0.1765383701618237,-0.160326939513674,-0.0028860945819657036,0.08615906002171886,-0.036398226392423294,0.12255728641414215,0.009042473826701057,0.0124696268047051,0.409108527131783,0.12596195142666508,0.11233129677809273
2023-05-24,-0.000828647973065667,-0.17736701813488936,-0.1605317532955088,-0.003099496446237443,0.07824218117410825,-0.03195950166819906,0.1102016828423073,0.009040859244275674,0.012431049533962983,0.40546299883765985,0.12269084838128531,0.11233129677809273
2023-05-25,-0.0012545944121423983,-0.17862161254703177,-0.16078651163563926,-0.0031550565709838885,0.06978169420977229,-0.006030142801950171,0.07581183701172246,0.009038653156258946,0.012397876205226442,0.40770869649428626,0.1220568906371866,0.11233129677809273
2023-05-26,0.003875467117273967,-0.1747461454297578,-0.1610606744078564,-0.0033120204891743665,0.07149455338983943,0.0031379115453989475,0.06835664184444049,0.009000291847080063,0.012380594079989867,0.4224288204532249,0.12319742091171192,0.11233129677809273
2023-05-29,-0.004617009783066096,-0.1793631552128239,-0.16132887483242658,-0.0033122742864906685,0.06854169679100716,0.02062368214324406,0.0479180146477631,0.008917699557959723,0.012346535525558248,0.4082186470246172,0.12050409940307519,0.11233129677809273
2023-05-30,0.0034808765101888256,-0.17588227870263506,-0.16160833107415004,-0.003374194732154917,0.06535638783270317,0.015992815801637198,0.04936357203106598,0.008852109906464583,0.012296197336734663,0.42239875993024606,0.12530801780836717,0.11233129677809273
2023-05-31,-0.002623833860025006,-0.17850611256266008,-0.1617031187151128,-0.0032201382525515465,0.05577013553673331,0.013647181001231308,0.042122954535502,0.00884648742071508,0.012245291955572748,0.412858249419055,0.12505372376039076,0.11233129677809273
2023-06-01,0.002392940259425427,-0.17611317230323464,-0.16176420100586905,-0.003164562049959213,0.0464873806626283,-0.001784940148293225,0.048272320810921525,0.00885770629147325,0.012182736959521882,0.4169570267131243,0.12263506049452555,0.11233129677809273
2023-06-02,0.007730835251049029,-0.1683823370521856,-0.16185301855061193,-0.003204152726606957,0.04145731344896583,0.0013616967571164935,0.04009561669184934,0.008925639924012446,0.012115597621287834,0.43479102167182665,0.11873777453780886,0.11233129677809273
2023-06-05,0.0033374613333055215,-0.1650448757188801,-0.16198565504280205,-0.0032175355392085325,0.08742767899336995,0.012220932503192596,0.07520674649017736,0.00857793483695918,0.012052820170906014,0.4405959752321981,0.11699134141803877,0.11233129677809273
2023-06-06,-0.019848896199874268,-0.18489377191875436,-0.16228262797146223,-0.003416456024087272,0.049481793130248655,-0.013472598297643655,0.0629543914278923,0.008848098297879012,0.012019643678631859,0.3938866318436835,0.11682548166898458,0.11233129677809273
2023-06-07,0.004162099336212964,-0.18073167258254139,-0.16257637263539,-0.003573455744830978,0.04977658117894301,0.00681613751277284,0.04296044366617017,0.008864910053034154,0.011997251503093154,0.4022054556006965,0.11776930567588423,0.11233129677809273
2023-06-08,-0.005670913193213867,-0.18640258577575525,-0.16291369418635945,-0.0038717864319401663,0.04393538475488654,-0.0022485719122495563,0.0461839566671361,0.008741979716981483,0.011978847338177948,0.3933475149874299,0.11827774605445815,0.11233129677809273
2023-06-09,0.0047352635757640085,-0.18166732219999124,-0.16329083602672484,-0.00417908345797563,0.039706835069910074,-0.002916953070878644,0.04262378814078872,0.008765898668536576,0.011977302981720955,0.4038647342995169,0.12043376608854299,0.11233129677809273
2023-06-12,0.005919638688925219,-0.175747683511066,-0.16361377213130066,-0.004352239147674186,0.03443358841026416,0.012462251662162294,0.021971336748101863,0.008687590688980574,0.011960677498218712,0.4220591075912691,0.1269139303518326,0.11233129677809273
2023-06-13,0.003492026924950807,-0.1722556565861152,-0.1639409629249668,-0.004654688972524773,0.03174326505750122,0.007964014125256916,0.023779250932244304,0.008636976297814257,0.011941300689328506,0.4334556693065482,0.13709546425273345,0.11233129677809273
2023-06-14,0.00046186142571784123,-0.17179379516039736,-0.1643020597425845,-0.004837252729474828,0.02287024953808287,0.015799675140428886,0.007070574397653982,0.008404655367243316,0.011907202792442565,0.434975845410628,0.136555945191231,0.11233129677809273
2023-06-15,0.0031868705632197157,-0.16860692459717763,-0.16465889892176983,-0.0050127402463504556,0.010545552132000889,0.009680219846594684,0.0008653322854062055,0.008364589277389397,0.011875954868066672,0.44013132483584394,0.1329735407841401,0.11233129677809273
2023-06-16,0.0067259987332887235,-0.1618809258638889,-0.16499151920108648,-0.00514103926542564,0.023229596506125195,0.011838953518287267,0.011390642987837929,0.008401192226676159,0.011863761217614502,0.4520865533230294,0.1313334650466579,0.11233129677809273
2023-06-19,-0.0009017232719687191,-0.16278264913585763,-0.16526219035730258,-0.005230174349575428,0.02483751139962821,0.009731043248969421,0.015106468150658787,0.008167828377478842,0.011849061242636204,0.4477035893477422,0.147176973218217,0.11233129677809273
2023-06-20,-0.004950708505052041,-0.16773335764090969,-0.16558486514293946,-0.0054052636159041545,0.03991039942373854,0.0006640733344861326,0.03924632608925241,0.008148891614183532,0.011841519093523753,0.4386574074074074,0.15749377550754035,0.11233129677809273
2023-06-21,-0.014361212107822003,-0.1820945697487317,-0.16599781502168454,-0.005670875508010542,0.009661080723833468,-0.005556199586908029,0.015217280310741496,0.008337213181100521,0.011779182261170917,0.41491616881865484,0.14473212403958138,0.11233129677809273
2023-06-26,-0.01760136769820061,-0.19969593744693231,-0.16634521923817766,-0.0058134659426688495,-0.010963542951940315,-0.022328919312042974,0.01136537636010266,0.00860649805948144,0.011717275308679581,0.37540952013875506,0.13818951426698145,0.11233129677809273
2023-06-27,0.017602157367142334,-0.18209378007979,-0.1665816716639099,-0.005795160028270657,0.006566704153740674,-0.003472167532758242,0.010038871686498916,0.00894297515360337,0.011711997260455399,0.4216101694915254,0.13035780429949537,0.11233129677809273
2023-06-28,-0.0028936274730691773,-0.18498740755285917,-0.16680310129873913,-0.005742426890882724,0.005095804447149655,-0.010241262123101386,0.01533706657025104,0.008890732804921236,0.011701733792853976,0.41843016544824935,0.13000717619049248,0.11233129677809273
2023-06-29,0.009303883794332427,-0.17568352375852675,-0.1670151296261876,-0.005686254793761003,0.006897882208143594,0.0036796314542971373,0.0032182507538464564,0.008974571032626832,0.011679569338744016,0.44576923076923075,0.13220211846205174,0.11233129677809273
2023-06-30,0.011195118030319919,-0.16448840572820683,-0.16715441450680182,-0.005546083432651783,0.013768374960001276,0.01139387297442823,0.002374501985573046,0.00909233015708295,0.011651177918677797,0.4745437079731028,0.13267371794067223,0.11233129677809273
2023-07-03,0.003676825761193892,-0.16081157996701295,-0.1671416860906138,-0.005438567375500997,0.0067818146859745,0.017694532595647128,-0.010912717909672628,0.009030446339492706,0.011632886783012662,0.4861698040722244,0.13105659895645963,0.11233129677809273
2023-07-04,0.006446230058646031,-0.15436534990836692,-0.16707386626319562,-0.005309665257326568,0.017484124649817332,0.02174782239486773,-0.004263697745050397,0.00898677693765465,0.01161541745370084,0.5000960245822931,0.1303959561877291,0.11233129677809273
2023-07-05,-0.005886266859230413,-0.16025161676759733,-0.1670993675698715,-0.005246349019259577,0.02392824156652082,0.008130720284588291,0.015797521281932528,0.008951368029412996,0.011585738527692936,0.4877112135176651,0.126795929503501,0.11233129677809273
2023-07-06,-0.0010668495744707157,-0.16131846634206803,-0.16714223470406103,-0.0051565796612589865,0.004167246694901734,0.003726409376812053,0.0004408373180896808,0.0089514748701734,0.011504807994526741,0.48751440645409144,0.12484575748942038,0.11233129677809273
2023-07-07,-0.005220257137203054,-0.1665387234792711,-0.16727510271488616,-0.00499247474342393,-0.011235479265727408,0.018355048439483268,-0.029590527705210676,0.008876651714792317,0.011306195994111097,0.4808984449990401,0.12694729555603063,0.11233129677809273
2023-07-10,0.0004380546371801158,-0.166100668842091,-0.1674229203500781,-0.004846547714688121,-0.018975535888015503,0.014631003740450418,-0.03360653962846592,0.008745099852389802,0.011172766946957367,0.4817658349328215,0.12091977152748196,0.11233129677809273
2023-07-11,0.007704219927552379,-0.1583964489145386,-0.16748375577445695,-0.0045700615880975015,-0.02564462224625698,0.028006136861216665,-0.05365075910747365,0.008806962973081698,0.011169685734618549,0.5050873488193511,0.12512659406289917,0.11233129677809273
2023-07-12,-0.012007092778503932,-0.17040354169304253,-0.16760162540682,-0.004310789380095159,-0.015959255523222984,0.011263780506948727,-0.02722303603017171,0.008867732750005453,0.011158848541039417,0.4681504221028396,0.11294112449262014,0.11233129677809273
2023-07-13,0.009581551922682811,-0.16082198977035972,-0.16768518752405248,-0.004071415392751826,-0.014424477865065491,0.014925693740706318,-0.02935017160577181,0.00894548846669188,0.011144763744341753,0.4983688351563999,0.10237250045280112,0.11217035776834122
2023-07-14,0.00025610776381052513,-0.1605658820065492,-0.16772885885764638,-0.003787895932679586,-0.012197946714118937,0.011689774579566036,-0.023887721293684973,0.008927327467939795,0.011119729854473352,0.49693016116653876,0.10095365394483427,0.11209426623445826
2023-07-17,-0.0027412421444638277,-0.16330712415101303,-0.16766647756500724,-0.0033644178224227494,-0.02092265470035172,0.008486671009384368,-0.02940932570973609,0.00893152866176409,0.011043411425896814,0.4951102588686481,0.09991272056606983,0.11204202433209193
2023-07-18,-0.00030601370404323094,-0.16361313785505627,-0.16749072560538691,-0.002831826683617089,-0.012616604369832658,0.00499378674212142,-0.017610391111954077,0.008905302633602934,0.01087006332201984,0.4999041227229147,0.10405226450845055,0.11192092474016804
2023-07-19,-0.0015265966374453377,-0.1651397344925016,-0.1672565814510144,-0.002265062249927924,-0.005241074302225626,-0.0032588086286126413,-0.0019822656736129844,0.008893819972033755,0.010705660544478211,0.49808429118773945,0.10386254667045702,0.11173003279736533
2023-07-20,-0.010917943844298984,-0.17605767833680058,-0.16715016995435503,-0.0018879795970524471,-0.022642606032434384,-0.013275029200942905,-0.009367576831491479,0.008975595338564448,0.010643638730402123,0.4698449167145319,0.1081248933760314,0.11135925316586123
2023-07-21,-0.0035673356742187746,-0.17962501401101935,-0.1670818923257149,-0.0014970271827754456,-0.027814329146196592,-0.01189165637010964,-0.01592267277608695,0.008276686321921477,0.010603488575043559,0.4619950220179973,0.10092406875936423,0.1110451316207004
2023-07-24,-0.000638501614270293,-0.18026351562528964,-0.1669969177580556,-0.000999102736371077,-0.020064694166783845,0.0018310541234420699,-0.021895748290225916,0.00824912425267906,0.01057404519350933,0.46401225114854516,0.0933127928698449,0.110911771593497
2023-07-25,0.015774212472284287,-0.16448930315300536,-0.16672568558051354,-0.00038046634233587784,0.011866537938440527,0.03520663429392697,-0.02334009635548644,0.007976895660787438,0.010570404570179465,0.508704801989669,0.08947642834719817,0.11072185774065232
2023-07-26,-0.004047349763441009,-0.16853665291644637,-0.16638170365855406,0.00019996800535584947,-0.003755246653313924,0.013557127163343627,-0.017312373816657553,0.00793696017027645,0.010532792949136359,0.5002867520550563,0.09582180758780312,0.11027917680612145
2023-07-27,-0.006744331532941386,-0.17528098444938775,-0.16618592405643104,0.0006171772423080868,-0.01702713225161502,0.009706423103471421,-0.026733555355086442,0.007989895046495095,0.010492014336301436,0.48403746893519406,0.09947321006991185,0.1097839442638809
2023-07-28,0.0069077660254305675,-0.1683732184239572,-0.16582060350472078,0.0011945261214668101,0.00689825852430828,0.007310305334569559,-0.0004120468102612792,0.007702745393675595,0.010363272308746941,0.5109879610166252,0.10212747530340764,0.10938205875605246
2023-07-31,0.007908665720997616,-0.1604645527029596,-0.16538807127419503,0.0017663432326067985,-0.008577694535666593,0.0040238530252472565,-0.01260154756091385,0.007747381097930327,0.010223270727737776,0.5316262182304605,0.09781687011528369,0.10909812161513871
2023-08-01,-0.0029111068013749418,-0.16337565950433452,-0.16490569678365968,0.0022359893069541226,-0.021358847522501632,-0.0025640795373215773,-0.018794767985180056,0.007692622388502483,0.009875252814237914,0.5217806648834543,0.10056810476195205,0.10903405610478067
2023-08-02,-0.001436453645256022,-0.16481211314959054,-0.16433664533334533,0.0027372209298502925,-0.03195648581570924,-0.01044676324122363,-0.021509722574485614,0.007659934469067661,0.00949920585571213,0.5146187655264667,0.09700544617384521,0.10896729002289526
2023-08-03,-0.0009299084431342239,-0.16574202159272478,-0.1637992799278195,0.003300087642052002,-0.02953554362116062,-0.005490404825127441,-0.024045138796033177,0.007359302443720273,0.009450407333677115,0.5047746371275783,0.10037525037195986,0.10894938193334669
2023-08-04,0.0008010111415305676,-0.16494101045119422,-0.16339293381139902,0.003749300892662011,-0.02606068333742465,-0.003622544109126158,-0.02243813922829849,0.0073488116525233,0.00943992698015678,0.5062058430399083,0.09487792322641499,0.10878144513041253
2023-08-07,-0.0059522933754716754,-0.1708933038266659,-0.1630644446763413,0.004210658038544868,-0.023822530992586563,-0.004354580347394779,-0.019467950645191783,0.0073618931602956504,0.009426054934166078,0.48148148148148145,0.09282950294450369,0.10859971882517931
2023-08-08,-0.0018921382197958476,-0.17278544204646173,-0.16285752850216695,0.00456539184791116,-0.03638118027853625,-0.006684773204370742,-0.029696407074165508,0.007258905952563846,0.009414626596845012,0.4767175572519084,0.09298179455152508,0.10835012509623616
2023-08-09,-0.007390541027578505,-0.18017598307404023,-0.1627649958354691,0.004718759938987849,-0.05250603855309159,-0.021779534159501627,-0.030726504393589964,0.007252763600179495,0.009395097355526608,0.4458428680396644,0.09502463668849127,0.10754564892166504
2023-08-10,0.002876908313901497,-0.17729907476013873,-0.1626769476687108,0.004924677738109201,-0.05738548377381086,-0.006895533067096198,-0.05048995070671466,0.007196620770611817,0.009370859417235242,0.4593100819515914,0.09616289806412628,0.10675199015068731
2023-08-11,-0.016007476258565165,-0.1933065510187039,-0.16262619829657754,0.0050589892274749415,-0.0675834807199128,-0.032484561248344174,-0.035098919471568624,0.007391391934556086,0.009361274264598575,0.3991996951219512,0.09526374219394919,0.1063662217716554
2023-08-14,0.003291220213487283,-0.1900153308052166,-0.16254446215461588,0.005184396703030503,-0.07002430044728288,-0.029449448798667417,-0.04057485164861546,0.007379120846284536,0.009355158204828316,0.41261673337145033,0.09144447160552154,0.10616355215046788
2023-08-15,-0.00626158479810469,-0.19627691560332128,-0.1624982866290575,0.005168190935949751,-0.03672833123321494,-0.03296979145230828,-0.003758539780906664,0.007416656452519538,0.009342186549560778,0.3932177557630025,0.09518485431059179,0.10609055518295725
2023-08-16,-0.009496908598823637,-0.2057738242021449,-0.1624312062792142,0.005059519326172712,-0.04187711005015417,-0.04216068634708868,0.00028357629693451236,0.007484194322631626,0.009329242441575542,0.3630997715156131,0.09755757472141026,0.10602611829305075
2023-08-17,0.012177841351204345,-0.19359598285094057,-0.1622839508195152,0.00497263063149922,-0.04297715474733296,-0.028456248358438997,-0.014520906388893966,0.007597095253342928,0.00931239442891535,0.40388275599543205,0.08831751905890037,0.10586588773382086
2023-08-18,-0.013087175858054818,-0.2066831587089954,-0.1623019343018099,0.004848235652545135,-0.06816558142813359,-0.030625480372194834,-0.03754010105593875,0.007774740139205424,0.009275782895809718,0.3593304165874073,0.08401550621189117,0.10570667416551459
2023-08-21,-0.006944775127170808,-0.2136279338361662,-0.1623385679341319,0.004743324391583009,-0.08812874764944235,-0.03400291982514687,-0.05412582782429549,0.00781882155163837,0.009229354954025354,0.34030816054784097,0.08577677102670381,0.105682988263922
2023-08-22,0.0013545566211454047,-0.21227337721502082,-0.1621865195019197,0.0048103982561359115,-0.09029063741804297,-0.03200986158973117,-0.0582807758283118,0.007801208430149194,0.009196339987822679,0.3499429440852035,0.08358061006116688,0.10549886728935817
2023-08-23,-0.017598836881941228,-0.22987221409696204,-0.16217442412331992,0.004551261457193617,-0.11093393851509575,-0.06538291094395669,-0.04555102757113906,0.008088521622752682,0.009169927623349502,0.306537438236412,0.08671943434902923,0.10517674336150033
2023-08-24,-0.00145869599042826,-0.2313309100873903,-0.1622906918386558,0.004091011819898266,-0.12509195596047692,-0.06279425717094395,-0.06229769878953298,0.008068892913677335,0.009148644164360915,0.2934245534017484,0.08518570017249182,0.10468402567317577
2023-08-25,-0.01966685947786344,-0.2509977695652537,-0.1625713518103835,0.003614572246047526,-0.1398373069693519,-0.07571678511586599,-0.0641205218534859,0.008421999342265228,0.009140228732903762,0.24681740452213566,0.08517309958901398,0.1041917614289746
2023-08-28,0.008459949667235888,-0.24253781989801781,-0.1628301444514295,0.002990459053291289,-0.13572032204513645,-0.07416460147406068,-0.06155572057107578,0.008502009396668174,0.009128336994914756,0.2847644376899696,0.08665857598237717,0.10401944490070003
2023-08-29,0.03415637910769508,-0.20838144079032273,-0.1630013053234274,0.0023867659507676164,-0.10880700915345182,-0.04791688808736321,-0.060890121066088605,0.009583292171328165,0.009128336994914756,0.3684210526315789,0.0846465657730536,0.10395606657427903
2023-08-30,0.006909392435046433,-0.2014720483552763,-0.16317263704934276,0.0017330597343169218,-0.10423295959517477,-0.03809638885094184,-0.06613657074423293,0.009619613368774604,0.009128336994914756,0.38290598290598293,0.08521820283827483,0.10389402726303279
2023-08-31,-0.004653726176067932,-0.20612577453134423,-0.16336356323884776,0.0009730820944975627,-0.11076890453078789,-0.04131366138175374,-0.06945524314903415,0.009299135696131083,0.009128336994914756,0.3633428300094967,0.08880613280647509,0.10383803932202085
2023-09-01,0.0013611731562086153,-0.2047646013751356,-0.1635497637134561,0.0002495162143634211,-0.09611618348249558,-0.0390225797824109,-0.05709360370008468,0.009283097649551156,0.009128336994914756,0.368211165970376,0.08304775671206219,0.10379349190830174
2023-09-04,0.014495866145591509,-0.1902687352295441,-0.1636390550354689,-0.00024612122406988957,-0.08707033471601218,-0.025327724778349964,-0.061742609937662216,0.009452581333159876,0.009128336994914756,0.4237416904083571,0.08103997768721963,0.10374709761484327
2023-09-05,-0.005553225922876628,-0.19582196115242073,-0.16377532458713115,-0.0007108799107898578,-0.09631736715270023,-0.024928657325754916,-0.07138870982694531,0.009457354615629897,0.009128336994914756,0.4035687167805619,0.07989797232297975,0.10371386855630688
2023-09-06,0.0044630350253068735,-0.19135892612711386,-0.16388226676334547,-0.0010247382611785205,-0.0611438319788044,-0.018573484080652194,-0.04257034789815221,0.009443144553507709,0.009128336994914756,0.41886505978364014,0.08384534630528692,0.10366778786755625
2023-09-07,-0.017219283886175763,-0.20857821001328963,-0.16417044472967446,-0.0014054488942053522,-0.07377491507995475,-0.028402226939249455,-0.04537268814070529,0.00967925293035615,0.009128336994914756,0.3650853889943074,0.08439106411471962,0.10362476778790508
2023-09-08,0.0021584676325395666,-0.20641974238075006,-0.16443590072438652,-0.0017589530556757216,-0.06571826179373158,-0.029120667620611385,-0.036597594173120196,0.009684900147438634,0.009128336994914756,0.3722253841775754,0.0885924481361938,0.10361285238841789
2023-09-11,0.008343045967485507,-0.19807669641326456,-0.16468261685972316,-0.0020564185631456178,-0.06479883814442752,-0.004770145394560712,-0.06002869274986681,0.009741574872923176,0.009128336994914756,0.3971927162367223,0.08354299018433468,0.10352383356651919
2023-09-12,-0.001141337545355878,-0.19921803395862045,-0.16489761150556329,-0.002353149350947409,-0.06258660435326004,-0.009202703153403873,-0.053383901199856164,0.009695623949013592,0.009128336994914756,0.38896263986345536,0.08444498246545397,0.10323166146560331
2023-09-13,-0.010837965888874578,-0.21005599984749504,-0.1651831224278438,-0.0026848357987863114,-0.04669873664288322,-0.013779084244173762,-0.03291965239870946,0.009784923431898797,0.009128336994914756,0.3588090271192869,0.08887818302961921,0.10297914104346961
2023-09-14,-0.007954226533168232,-0.21801022638066328,-0.165446361841913,-0.003015155562698796,-0.05008091098865977,-0.012236402178518357,-0.03784450881014141,0.009814219916715237,0.009128336994914756,0.3373151308304892,0.09140537619467344,0.10273478582066076
2023-09-15,0.001326621910415947,-0.21668360447024734,-0.1656692613439139,-0.0033853105243987214,-0.06153224903782168,-0.023087621619306754,-0.038444627418514926,0.009655525092984984,0.009128336994914756,0.3391469194312796,0.09105709773844274,0.10245209850777187
2023-09-18,0.006293916944796453,-0.2103896875254509,-0.16587669251810033,-0.003574758216290441,-0.057644648021292356,-0.0037065288164554837,-0.053938119204836876,0.00943160936173138,0.009128336994914756,0.36429112964366944,0.08946410310800829,0.10227153584454018
2023-09-19,-0.00978926851013007,-0.22017895603558096,-0.1660896060139655,-0.0037510380798335963,-0.08021383472133009,-0.006551022199414746,-0.07366281252191534,0.009216864746006123,0.009128336994914756,0.3337755875663381,0.09227069878253832,0.10214902326984346
2023-09-20,-0.007158094529732239,-0.2273370505653132,-0.1663159090192986,-0.004129389517378901,-0.09079990876161825,-0.01506367335029239,-0.07573623541132586,0.009250958288219972,0.009128336994914756,0.31072375899962107,0.09011674433721376,0.10210246707354023
2023-09-21,-0.006999923214357159,-0.23433697377967036,-0.1666661352854925,-0.00449171116217259,-0.0881076097409017,-0.004464759682708321,-0.08364285005819339,0.009191212286885289,0.009128336994914756,0.2888804697859443,0.09190459221654582,0.10204178648529755
2023-09-22,0.017874465472606425,-0.21646250830706393,-0.16692166909759,-0.004630977258934188,-0.06963289308662927,0.014868401780326364,-0.08450129486695564,0.009379662270382607,0.009128336994914756,0.3450757575757576,0.08887431981797064,0.10193551525190579
2023-09-25,-0.0046297501480539825,-0.2210922584551179,-0.1672408427072202,-0.004669490896836687,-0.07698269213125436,0.029905511110135827,-0.10688820324139019,0.009372770199760252,0.009128336994914756,0.33175534936565043,0.0967232202956366,0.10164468426389336
2023-09-26,-0.0043184697840620455,-0.22541072823917996,-0.16761209377503522,-0.004781949323605733,-0.07357911295140769,0.017127091658837888,-0.09070620461024557,0.009330662342062864,0.009128336994914756,0.3161681181370693,0.08923551823353511,0.1013804074376902
2023-09-27,0.0037723067753327884,-0.22163842146384716,-0.16800049226175645,-0.004999186938329042,-0.04585503878500671,-0.013256980673524408,-0.03259805811148231,0.00933148027097866,0.009128336994914756,0.31900795153351,0.08730457910287825,0.1012855982971885
2023-09-28,0.009430169059707444,-0.2122082524041397,-0.16831967742528653,-0.005147040375943768,-0.013444722625015075,-0.010736204048863397,-0.0027085185761516785,0.009428542730935172,0.009128336994914756,0.3523286633850814,0.08224951113955496,0.10120025604207843
2023-10-09,-0.0050745289174403295,-0.21728278132158005,-0.168666581508364,-0.005303018269516235,-0.005314215954581053,-0.011157006790235794,0.005842790835654741,0.009427416087858253,0.009128336994914756,0.3390761075350246,0.08920140037477363,0.10105966607954855
2023-10-10,-0.003087970554702787,-0.22037075187628283,-0.16900970339260904,-0.005459939679152953,-0.023030774207603393,-0.015606150501147196,-0.007424623706456197,0.009430267324338371,0.009128336994914756,0.3226111636707663,0.09027762689024188,0.10093886135209926
2023-10-11,0.002157903554847034,-0.21821284832143578,-0.16933309641685512,-0.005694041381386211,-0.02493230858240025,-0.027944113091891674,0.0030118045094914246,0.009371451522193026,0.009128336994914756,0.3270249810749432,0.08936498437675222,0.10088942063575732
2023-10-12,0.005026360203723482,-0.2131864881177123,-0.16961768451451786,-0.005842359927386714,-0.0159280589605581,-0.01736452696529156,0.00143646800473346,0.009289909920135014,0.009128336994914756,0.34077578051087987,0.08864610599519918,0.10083713111607072
2023-10-13,-0.006861846895285984,-0.22004833501299828,-0.16991649543240336,-0.006034228669057895,-0.0013125963515725845,-0.02868940888588442,0.027376812534311838,0.009223372700403807,0.009128336994914756,0.3197124479757851,0.09819172662404907,0.10083713111607072
2023-10-16,-0.006537825571306036,-0.2265861605843043,-0.17023232823817305,-0.0060618835084985945,0.010746876724029552,-0.018007950571014692,0.028754827295044243,0.009249517855260422,0.009128336994914756,0.31082103670071887,0.09842097668543723,0.10083713111607072
2023-10-17,-0.001983098353271804,-0.22856925893757613,-0.17057268416611987,-0.006136783441733351,-0.014132354063578212,-0.022149516556826062,0.00801716249324785,0.009247755909578971,0.009128336994914756,0.3122163388804841,0.09172072645331449,0.10083713111607072
2023-10-18,-0.01820208788073934,-0.24677134681831547,-0.17094600778822197,-0.006263390928498813,-0.005334018052307984,-0.04869465040505091,0.04336063235274293,0.009507081844401246,0.009128336994914756,0.2638547380366938,0.09420792422317599,0.10083713111607072
2023-10-19,-0.009230448360455609,-0.2560017951787711,-0.17125108784537552,-0.006353476339812231,-0.009030796370662276,-0.056783761220150636,0.047752964849488364,0.009560883064708203,0.009128336994914756,0.23950850661625708,0.09132245119584557,0.10083713111607072
2023-10-20,-0.009311923948830769,-0.2653137191276019,-0.17157945752609405,-0.006396335098250244,-0.00546316151620104,-0.05525771928010683,0.04979455776390579,0.009536326856027422,0.009128336994914756,0.21546021546021546,0.0886926072361924,0.10083713111607072
2023-10-23,-0.02458447567489417,-0.28989819480249607,-0.1719914477345608,-0.006545085892647795,-0.011275791590027262,-0.07188796842183276,0.060612176831805496,0.009989255752114186,0.009128336994914756,0.1708238851095994,0.09547309629893548,0.10071143863705122
2023-10-24,0.023141063191659143,-0.2667571316108369,-0.17221334236698166,-0.006544081023067749,0.006457971087047258,-0.050073527140589574,0.05653149822763683,0.010496499443096684,0.009128336994914756,0.22283122283122284,0.09402647114006474,0.10071143863705122
2023-10-25,0.013382825717080124,-0.2533743058937568,-0.17235035722652792,-0.0064736647084275845,-0.007164072158471703,-0.0429846183683059,0.0358205462098342,0.010434377511905816,0.009128336994914756,0.25486491592669563,0.09864778211984901,0.10071143863705122
2023-10-26,0.002835779471552788,-0.25053852642220403,-0.17255151323051227,-0.0064619072165467695,-0.013947395583989256,-0.03035957038662304,0.016412174802633787,0.0104435223257978,0.009128336994914756,0.2654449272624221,0.10160160273528955,0.10071143863705122
2023-10-27,0.014913571840991409,-0.23562495458121263,-0.17270197130354895,-0.006386062284250343,-0.021456277699879588,-0.008287904015899395,-0.013168373683980193,0.010627174033436628,0.009128336994914756,0.2967510389119758,0.09744825922857699,0.10051467413412753
2023-10-30,0.011737867268743297,-0.22388708731246934,-0.17273591796498772,-0.006069782679495206,-0.025204570898856596,0.010449886467201061,-0.03565445736605766,0.01070613628606725,0.009128336994914756,0.3267850396675482,0.09948810947617273,0.10041824693913143
2023-10-31,-0.0042659882110018385,-0.22815307552347117,-0.17277046628667253,-0.005848797189082544,-0.03324436741168076,-0.011690567216407204,-0.02155380019527356,0.010651101996189455,0.009128336994914756,0.3211251651878422,0.09817325884212039,0.10027032234088971
2023-11-01,0.001422387724440208,-0.22673068779903097,-0.17282885252878782,-0.005588009821567624,-0.023274262353670683,-0.005638429343913012,-0.01763583300975767,0.010653499228441336,0.009128336994914756,0.3286792452830189,0.100664606041889,0.10027032234088971
2023-11-02,-0.010279244565382548,-0.2370099323644135,-0.17304922529001554,-0.00543713151498032,-0.030647373166861683,-0.011599204125233515,-0.01904816904162817,0.010719811703397046,0.009128336994914756,0.300377358490566,0.1024480880128775,0.10027032234088971
2023-11-03,0.012330843559570306,-0.2246790888048432,-0.17322786030093035,-0.005227368039173896,-0.01916706808984423,-0.0030406673409959974,-0.016126400748848232,0.01086130968868864,0.009128336994914756,0.33176159939645417,0.09600884815060519,0.1000390574379447
2023-11-06,0.019426514995549263,-0.20525257380929393,-0.17333856855752025,-0.0050188911322337215,0.013937320361502288,0.006955678594845822,0.006981641766656466,0.011174783939522665,0.009128336994914756,0.3793429003021148,0.09521966874328582,0.09990801033052879
2023-11-07,0.00527972571256661,-0.19997284809672733,-0.17341235684064465,-0.004745775332280655,0.023074226694024653,0.01730993322485276,0.0057642934691718925,0.011178905463387335,0.009128336994914756,0.39233817701453105,0.09533760734577963,0.09975187717148823
2023-11-08,0.00303282085394156,-0.19694002724278578,-0.1734991133880096,-0.004489409995400567,0.006146435007269967,0.02343072463349711,-0.01728428962622714,0.011186474223761143,0.009128336994914756,0.3979630328178046,0.0947202680088636,0.09954428186208072
2023-11-09,-0.005944903010875439,-0.20288493025366122,-0.1736086955521619,-0.004275599135306785,0.00341627711810087,0.015327918067774636,-0.011911640949673766,0.011172716489478686,0.009128336994914756,0.381060177325033,0.08932207211809139,0.0994806597730423
2023-11-10,-0.0017971994541841306,-0.20468212970784536,-0.17368362332701004,-0.004065938812492176,0.03800093394961436,0.008504358409867022,0.029496575539747338,0.011165926604278316,0.009128336994914756,0.38211995473406263,0.08839447787123683,0.09924027594813845
2023-11-13,0.00979940510884234,-0.19488272459900302,-0.17370999492797698,-0.0037934994955736157,0.03740856521791886,0.025165610413995346,0.012242954803923515,0.01105321636823617,0.009128336994914756,0.4098793363499246,0.08898082013259259,0.0989647874665473
2023-11-14,0.005630422407876884,-0.18925230219112613,-0.1737272066756469,-0.0034948784374738417,0.018825064829081722,0.037333858393178265,-0.018508793564096543,0.011069229882065379,0.009128336994914756,0.42081447963800905,0.09033333501840167,0.09883422451788487
2023-11-15,0.006143632368494834,-0.1831086698226313,-0.1737677235253111,-0.003195039359191243,0.011757105397079606,0.0454605891149449,-0.0337034837178653,0.011065903957828607,0.009128336994914756,0.4378653592306242,0.09048912122875832,0.09872691383245563
2023-11-16,-0.007920889990209108,-0.1910295598128404,-0.17384200097885574,-0.002895993190633772,-0.0002502681240177376,0.055741787005475135,-0.055992055129492874,0.011044298814454385,0.009128336994914756,0.41817496229260936,0.09284246344870944,0.09869737562608591
2023-11-17,0.007537200800744694,-0.1834923590120957,-0.1738995236978226,-0.0026484358524470897,-0.009343092621353945,0.07250943616667545,-0.0818525287880294,0.010975355330416553,0.009128336994914756,0.4403393025447691,0.0967637574168419,0.09866746081807488
2023-11-20,0.010746091008285991,-0.1727462680038097,-0.17393332169646775,-0.0023538641703736984,-0.005540564831604615,0.0925674511237922,-0.09810801595539681,0.010918618471974749,0.009128336994914756,0.46919163369135103,0.10219430844781777,0.09866746081807488
2023-11-21,-0.002331475255124783,-0.1750777432589345,-0.1740184891856761,-0.002027041451115319,-0.007137206628584121,0.11482045154356157,-0.1219576581721457,0.010881012848108329,0.009128336994914756,0.4673196458843473,0.10045280891610123,0.09866746081807488
2023-11-22,-0.004506936934802191,-0.1795846801937367,-0.174190532616611,-0.0019771902496293348,-0.012060173740266394,0.08717245141710026,-0.09923262515736665,0.010900806291392649,0.009128336994914756,0.44819140919366995,0.11158819167828651,0.09866746081807488
2023-11-23,0.008423077113939368,-0.17116160307979733,-0.17434390103517272,-0.0019935438086448043,0.0012488677471767249,0.0822127028139595,-0.08096383506678277,0.010682169929635827,0.009128336994914756,0.4775894538606403,0.10761600815323917,0.09866746081807488
2023-11-24,-0.006791749009245746,-0.1779533520890431,-0.17461194848433872,-0.002060435253826459,-0.00938530126907187,0.07258517433316096,-0.08197047560223283,0.01072489535303467,0.009128336994914756,0.44764595103578153,0.12088395353073697,0.09866746081807488
2023-11-27,0.006523896788742084,-0.17142945530030101,-0.17485793163092953,-0.0021559603273805794,-0.0014589644160512326,0.06419549928091163,-0.06565446369696286,0.010402185851056768,0.009128336994914756,0.4474774096385542,0.1407999116934405,0.09866746081807488
2023-11-28,0.005227250487032092,-0.16620220481326892,-0.17507733673249337,-0.002341418767505654,-0.015259588065774154,0.05768488249920043,-0.07294447056497458,0.010372940677258033,0.009128336994914756,0.471939736346516,0.12935487171188478,0.09866746081807488
2023-11-29,-0.009921679760082177,-0.1761238845733511,-0.17533395087976777,-0.0025634845930952443,-0.022795341135016786,0.0520291909501201,-0.07482453208513688,0.009531245463290794,0.009128336994914756,0.45745481927710846,0.11671592926745276,0.09866746081807488
2023-11-30,-0.006177663608534038,-0.18230154818188513,-0.17565536881800203,-0.0028265162892142093,-0.03356807883594343,0.04442913961714585,-0.07799721845308927,0.009532704591515723,0.009128336994914756,0.44126506024096385,0.11289063273307653,0.09866746081807488
2023-12-01,0.0030534130965389266,-0.1792481350853462,-0.17593644672124673,-0.002887221431231185,-0.023029030294748877,0.05776179727906732,-0.0807908275738162,0.00951646755314352,0.009128336994914756,0.4598306679209784,0.10784854360657521,0.09866746081807488
2023-12-04,-0.00020826165889227432,-0.17945639674423847,-0.1762842377603153,-0.0030563774593849458,-0.02650258135285038,0.04522269206060474,-0.07172527341345512,0.00951607181568796,0.009128336994914756,0.4639563335215509,0.11035016485032596,0.09866746081807488
2023-12-05,-0.012895865711707408,-0.1923522624559459,-0.17668955053621413,-0.003350981978693879,-0.026989918889128862,0.012900311353348072,-0.03989023024247693,0.009486437864461406,0.009128336994914756,0.4099717779868297,0.12963224171347523,0.09866746081807488
2023-12-06,0.004281524854588432,-0.18807073760135745,-0.17712430505580545,-0.0037119482151607985,-0.01596703353128757,0.011902110495369895,-0.027869144026657466,0.009474427516002944,0.009128336994914756,0.4241911211437171,0.12437125159387576,0.09866746081807488
2023-12-07,-0.0014083552383034556,-0.1894790928396609,-0.17756880446546458,-0.004069691077454973,-0.02057564015149895,0.00746093440312488,-0.02803657455462383,0.009459215821046996,0.009128336994914756,0.42190440346255176,0.1285576773868267,0.09869737562608591
2023-12-08,-0.00807602137208184,-0.19755511421174277,-0.17806415269808037,-0.004455457145918468,-0.01995885734919327,0.0053298160419184785,-0.02528867339111175,0.009247886802914345,0.009128336994914756,0.38894113221741583,0.13164503067578226,0.09869737562608591
2023-12-11,0.00838264015676202,-0.18917247405498075,-0.17840416260682967,-0.0047205392798196355,-0.007096024556283113,0.01550965565286463,-0.022605680209147744,0.009305145489198915,0.009128336994914756,0.4257239563745769,0.12644739592659848,0.09869737562608591
2023-12-12,0.005330667471874306,-0.18384180658310645,-0.17868965765629605,-0.0049796627283190675,-0.019550086042218792,0.011040918015896595,-0.030591004058115386,0.009269001029083191,0.009128336994914756,0.44087234442564394,0.13135183526948271,0.09869737562608591
2023-12-13,-0.004206490203151889,-0.18804829678625834,-0.17905577682800494,-0.0053285701523580475,-0.022692550898692373,0.0012040054048678226,-0.023896556303560197,0.009285160523291928,0.009128336994914756,0.43130990415335463,0.14338966415497034,0.09869737562608591
2023-12-14,-0.0014505644453558953,-0.18949886123161425,-0.17944627439668703,-0.00567855087137592,-0.032241324702529564,-0.0063901914089829065,-0.025851133293546658,0.009174685974641265,0.009128336994914756,0.42851775314672175,0.14653586707330377,0.09869737562608591
2023-12-15,-0.0037702060810793645,-0.1932690673126936,-0.17986310743598946,-0.006021106457133718,-0.042108552636523744,-0.002239507499853163,-0.03986904513667058,0.009126328850242877,0.009123102423492423,0.411985722337028,0.14822641691133379,0.09869737562608591
2023-12-18,-0.011783661786067611,-0.2050527290987612,-0.18032667439982128,-0.006427150701998674,-0.06109400497915309,-0.02156037008666547,-0.039533634892487624,0.009260033531788484,0.009123102423492423,0.3759158369340597,0.1526906942801846,0.09869737562608591
2023-12-19,0.0014036288997709657,-0.20364910019899024,-0.18077013704153055,-0.006836815345062808,-0.055277880500871776,-0.03090283219518049,-0.024375048305691285,0.009226894353811898,0.009123102423492423,0.38319864687088895,0.13991839422473631,0.09869737562608591
2023-12-20,-0.008109133723703706,-0.21175823392269394,-0.18120932726789266,-0.007190838082216544,-0.06385626921660519,-0.03668049066375942,-0.027175778552845767,0.009198841956067861,0.009123102423492423,0.358564988730278,0.12953958395435852,0.09869737562608591
2023-12-21,0.0009113484161022067,-0.21084688550659172,-0.18168932418464612,-0.007498791568035124,-0.059100510479320884,-0.03126220531285502,-0.027838305166465863,0.009149182479198851,0.009123102423492423,0.3723943661971831,0.11407607545105236,0.09869737562608591
2023-12-22,-0.012429131629933152,-0.22327601713652487,-0.1822732937827009,-0.007929392747528186,-0.06974177366430165,-0.05211441405672754,-0.01762735960757411,0.009248657496091373,0.009123102423492423,0.324131455399061,0.10416815310068789,0.0988149224213003
2023-12-25,-0.0008526880479345462,-0.2241287051844594,-0.18284160766630586,-0.008229659181967136,-0.06785983659929247,-0.046175353095416344,-0.021684483503876126,0.008952806958831898,0.00910610307691246,0.3149295774647887,0.10058864622243764,0.0989647874665473
2023-12-26,-0.011856717423556202,-0.2359854226080156,-0.18346738894425665,-0.008609457313327129,-0.07569927117211858,-0.06455596730771462,-0.011143303864403958,0.009062347408867124,0.009077338782975036,0.27651586258682187,0.10836764094591941,0.0989647874665473
2023-12-27,0.006865348524922985,-0.22912007408309262,-0.18406545663433807,-0.008988119901844699,-0.06570047465273363,-0.06291786926982373,-0.002782605382909892,0.009092177279850396,0.00907726234435876,0.30705705705705705,0.11320159331775036,0.0989647874665473
2023-12-28,0.018520451350151908,-0.21059962273294072,-0.18447003216466176,-0.009136081284893988,-0.050101549384725025,-0.034475738159589646,-0.01562581122513538,0.009391998755008716,0.00907726234435876,0.34416072099136313,0.11110471430195575,0.09924027594813845
2023-12-29,0.01562965369166996,-0.19496996904127076,-0.18483820969581674,-0.009182840877814707,-0.02286334664336909,-0.012668420859385646,-0.010194925783983445,0.009528552151380662,0.00907726234435876,0.38731469318821543,0.1200144411048516,0.09924027594813845
2024-01-02,0.003294493813679695,-0.19167547522759107,-0.18520012533630176,-0.009263678615055032,0.003310308520462816,-0.012427340142244878,0.015737648662707694,0.009509969473546601,0.00907726234435876,0.40739350722462,0.1262074158648521,0.09924027594813845
2024-01-03,-0.004395983293201967,-0.19607145852079302,-0.18551800165011098,-0.009233763889795688,0.0035683244631098763,-0.01661506177655457,0.020183386239664446,0.009519657383549988,0.00907726234435876,0.40300187617260785,0.1117250272588555,0.0994806597730423
2024-01-04,-0.0031854616433026057,-0.19925692016409563,-0.18586042805086578,-0.009170877514651649,0.00824323294504535,-0.006904657708149768,0.015147890653195118,0.009527970851427897,0.00907726234435876,0.39943714821763604,0.11227197194108633,0.0994806597730423
2024-01-05,-0.0185855624198128,-0.21784248258390843,-0.1862365009276924,-0.009112195871886941,0.004535722542755766,-0.029771744982550998,0.034307467525306765,0.009813461698430963,0.00907726234435876,0.3533383345836459,0.10274710020104758,0.0994806597730423
2024-01-08,-0.021303380240412284,-0.2391458628243207,-0.18675750019490323,-0.009188695729438645,-0.013174528839820069,-0.049666769984659825,0.03649224114483976,0.01015387508784476,0.00907726234435876,0.30682670667666917,0.10542912938180339,0.0994806597730423
2024-01-09,0.003371569890653827,-0.2357742929336669,-0.18718264508756863,-0.009118492389488253,-0.025466967308323932,-0.03821917872192416,0.012752211413600226,0.010131562917736961,0.00907726234435876,0.32726931732933234,0.10841531147805504,0.09954428186208072
2024-01-10,-0.007951944274184537,-0.24372623720785141,-0.18768182747205664,-0.009277664865226964,-0.03819289723397824,-0.054553763152870714,0.01636086591889247,0.01017902823325584,0.00907726234435876,0.3014623172103487,0.11045636517374695,0.09975187717148823
2024-01-11,0.015850945749852456,-0.22787529145799895,-0.18808178709797232,-0.009392129441676278,-0.010777536433282473,-0.044033484874892566,0.03325594844161009,0.010110372835318909,0.00907726234435876,0.33976761619190404,0.10374389674709925,0.09990801033052879
2024-01-12,-0.012189503378390797,-0.24006479483638976,-0.18861644339044514,-0.009560666562440201,-0.018821383649884754,-0.05201649805013147,0.033195114400246716,0.01016479417042117,0.00907726234435876,0.3227076692293268,0.1031240985579751,0.10014398546901485
2024-01-15,-0.003932504539267413,-0.24399729937565717,-0.18919840006497615,-0.009752125668289119,-0.02894385999967762,-0.05449843814404299,0.02555457814436537,0.010102417923278728,0.00907726234435876,0.3215223097112861,0.10453482845750908,0.10041402964403054
2024-01-16,-0.0007366051826185184,-0.24473390455827568,-0.18978507822585197,-0.009921970789862511,-0.05179852443941146,-0.051464837245582144,-0.0003336871938293129,0.009559088714616224,0.00907726234435876,0.3129685157421289,0.10580770173251164,0.10045702621120212
2024-01-17,-0.025151874892460468,-0.26988577945073616,-0.19050243519740523,-0.01017576079758395,-0.08093369282884748,-0.06483305035197501,-0.01610064247687247,0.009674478215461768,0.00907726234435876,0.2563718140929535,0.10702616435314885,0.10051467413412753
2024-01-18,-0.00498854665184222,-0.2748743261025784,-0.1912418989745945,-0.010471761933063956,-0.09176340361127092,-0.07122522590358818,-0.020538177707682737,0.009531731776368357,0.00907726234435876,0.22925641505899982,0.1040273485543528,0.10057837549219484
2024-01-19,-0.010887208236511691,-0.2857615343390901,-0.19199301731291216,-0.0107836900450195,-0.10054634286723861,-0.07400330041639618,-0.026543042450842436,0.009618041747567847,0.00907726234435876,0.20453268402322533,0.10110851810627677,0.10062662613216332
2024-01-22,-0.058836594273283215,-0.34459812861237327,-0.19301747778997924,-0.011328153605333124,-0.16500941084258117,-0.1337512431057816,-0.03125816773679957,0.012016927014553692,0.00907726234435876,0.13092339389398763,0.10228243432448532,0.10079433740062661
2024-01-23,0.0031566619728711975,-0.3414414666395021,-0.19400744657357866,-0.01173415279087775,-0.16047296921630205,-0.11816544950297725,-0.042307519713324804,0.011903406828690916,0.00907726234435876,0.13242180183554972,0.1025211903937691,0.10093886135209926
2024-01-24,0.013894817981797243,-0.32754664865770483,-0.19497145614338687,-0.012129848477081012,-0.13785007391947965,-0.10341794347324545,-0.034432130446234194,0.012073438905723455,0.00907726234435876,0.149438202247191,0.10255337340839886,0.10103108602555552
2024-01-25,0.032831985448132664,-0.2947146632095722,-0.19581751606779987,-0.01235012712354322,-0.10510625880396056,-0.058729240601556584,-0.046377018202403975,0.012864248711451325,0.00907726234435876,0.19284778131436062,0.09951381457169457,0.10103108602555552
2024-01-26,-0.004542285864315847,-0.299256949073888,-0.19664308847959192,-0.012577631845253845,-0.11344699641674455,-0.07013687499079542,-0.04331012142594913,0.01281634711929668,0.00907726234435876,0.1948708348932984,0.1058283691703087,0.1011716759880854
2024-01-29,-0.03388928423587585,-0.33314623330976384,-0.197633257450559,-0.013163225285897251,-0.1581409334199827,-0.12254661057682319,-0.03559432284315951,0.013376043071078604,0.00907726234435876,0.1527231892195396,0.11975346008061212,0.10141821830259179
2024-01-30,-0.031728084174587314,-0.3648743174843512,-0.1988293785231177,-0.013991168827300948,-0.18870024838043425,-0.16990434844308044,-0.01879589993735381,0.01362755725010728,0.00907726234435876,0.12221598352985215,0.12008483806650545,0.1018645390193486
2024-01-31,-0.04592683513527172,-0.4108011526196229,-0.2001935638153214,-0.014993438479019655,-0.23881333740089758,-0.21912567739203187,-0.01968766000886571,0.014684333563127906,0.00907726234435876,0.10441616766467066,0.12471253977269775,0.1021608918756127
2024-02-01,-0.01674246068397664,-0.4275436133035996,-0.20164614053773947,-0.016128138887628485,-0.26155694502882254,-0.23147215478280653,-0.030084790246016013,0.0147566536567396,0.00907726234435876,0.09393712574850299,0.12499674865461188,0.10223837138615155
2024-02-02,-0.04417784247023282,-0.4717214557738324,-0.20335840341343223,-0.017497975362566448,-0.3136772103565668,-0.27246453560973677,-0.04121267474683005,0.015647526276530564,0.00907726234435876,0.07764265668849392,0.13522975970176077,0.10232746738864322
2024-02-05,-0.08511329802419902,-0.5568347537980314,-0.2054704053073254,-0.019233904379633016,-0.4116587597912693,-0.338992271214123,-0.0726664885771463,0.01878721015417696,0.00907726234435876,0.0654940119760479,0.1685851201759156,0.10241029423283932
2024-02-06,0.027519905552188216,-0.5293148482458432,-0.20746463463828096,-0.02070713444337774,-0.38882692887839826,-0.2901689854215225,-0.09865794345687579,0.019173025988217674,0.009092253718466673,0.08512628624883069,0.1909903773986366,0.10248463920332329
2024-02-07,-0.015846582256176595,-0.5451614305020198,-0.20953893618958833,-0.0223562911020197,-0.4208175682461781,-0.3093871375683529,-0.11143043067782521,0.019160780660229727,0.009109329503662913,0.09465020576131687,0.22559427506568216,0.10253728190108398
2024-02-08,0.062165721734778356,-0.48299570876724146,-0.21127359955058725,-0.02359177207853061,-0.3607628827850926,-0.23926947155939002,-0.12149341122570259,0.02103272108306302,0.009131563421665208,0.10228122662677637,0.19884611360520163,0.10265023680472321
2024-02-19,0.031922320142005134,-0.4510733886252363,-0.2128282657748664,-0.024746478676894085,-0.3287522041247399,-0.22319809716723732,-0.10555410695750256,0.021561211284821878,0.009140228732903762,0.11368735976065819,0.18041274941911803,0.10293559937951133
2024-02-20,0.013195314005384306,-0.437878074619852,-0.21429061856563222,-0.02567417517518708,-0.3130770195013828,-0.19781327978346222,-0.11526373971792056,0.021626287630707994,0.009146420975959416,0.12247569184741959,0.1747000640514863,0.1033644248840836
2024-02-21,0.015672055610167757,-0.42220601900968424,-0.21553869131195527,-0.02634029124697912,-0.3041880584746393,-0.17820871963402707,-0.12597933884061224,0.021693388415237193,0.009151405667600348,0.1275243081525804,0.1574957767814795,0.10366274729842992
2024-02-22,0.021411394994311366,-0.40079462401537286,-0.2166532441471563,-0.026868165921304338,-0.2777620695789683,-0.15606071945709718,-0.12170135012187114,0.021942385768299932,0.009164157415321556,0.13537771129394166,0.14627872672832823,0.10373232006688349
2024-02-23,0.024567713889516223,-0.37622691012585663,-0.2175344445110053,-0.02703200931360006,-0.2663287211953377,-0.10634113067512048,-0.15998759052021722,0.022244616607198477,0.009180456182669213,0.1498036282027305,0.1285909854327031,0.10375867429505903
2024-02-26,0.01385184452490361,-0.362375065600953,-0.21838694436648867,-0.027145045391894163,-0.25108535832477274,-0.08750073949837466,-0.16358461882639808,0.02230397602812892,0.009188719338791224,0.15450804339693228,0.12020494779248711,0.1038179992567379
2024-02-27,0.028275615624325658,-0.3340994499766273,-0.21909667514855236,-0.0271036578356402,-0.23297961629353167,-0.0483379156375373,-0.18464170065599436,0.022664454527804124,0.009195027121476575,0.18047503272863288,0.11243787223458528,0.10392458598170327
2024-02-28,-0.06232043400225892,-0.3964198839788863,-0.2202071334076721,-0.02718965561769285,-0.2958406730710484,-0.05182175536651302,-0.24401891770453538,0.023903382342252043,0.00920264777050803,0.13839536188516927,0.12186492073900444,0.10400698692365117
2024-02-29,0.03655011878851168,-0.3598697651903746,-0.22115776206457746,-0.027150315490998805,-0.26138429750179876,-0.018428298550872538,-0.24295599895092623,0.02443881189261549,0.009211659165477162,0.16906676641107163,0.11917128713706016,0.10403980653140169
2024-03-01,0.01047620346128955,-0.3493935617290851,-0.2220184008321125,-0.02704694468872562,-0.22822306942395798,-0.02184691307138023,-0.20637615635257775,0.02448594647149246,0.009220118723204964,0.1806282722513089,0.13212746987434756,0.10411020880456923
2024-03-04,0.00036603780115755934,-0.3490275239279275,-0.22290643258364656,-0.02708891651584669,-0.22228472723809828,-0.05431286071835534,-0.16797186651974294,0.02448561800573635,0.009225133527107852,0.18586387434554974,0.14310396831635022,0.10435149077909849
2024-03-05,-0.01652497745592155,-0.3655525013838491,-0.22379645604008924,-0.027153367560497327,-0.2507280389393768,-0.06629555230996104,-0.18443248662941575,0.02453697980809582,0.009237325131695433,0.17595362752430815,0.1466468767787075,0.10498197891965624
2024-03-06,0.010127312089809049,-0.35542518929404004,-0.22465281191724196,-0.027019554466682943,-0.24402584179883635,-0.02227895598427614,-0.2217468858145602,0.02459387528866772,0.009247821356246657,0.18163112607557053,0.14029943597563016,0.10561841555715751
2024-03-07,-0.009528001519626449,-0.3649531908136665,-0.2255838260256647,-0.02675444750254702,-0.25505073136145484,-7.887332931527484e-05,-0.25497185803213956,0.02457458672619023,0.00924827214950286,0.1722783389450056,0.13077933469771416,0.10581803545141016
2024-03-08,0.009962048644584926,-0.35499114216908156,-0.22641773206064397,-0.02622416824532256,-0.2426518058366871,0.05581001045054137,-0.29846181628722845,0.024613543098537832,0.009249087675675897,0.18739480082289134,0.1265569245573422,0.10598030288100482
2024-03-11,0.018854013927349308,-0.33613712824173225,-0.2271973193482958,-0.025551178810556324,-0.22118055638459544,0.09140648506186733,-0.31258704144646277,0.024771207819439426,0.009250238071740198,0.20707070707070707,0.11489213417790224,0.10616355215046788
2024-03-12,0.011306092619054724,-0.3248310356226775,-0.22788350717490502,-0.024525103761472794,-0.20091084697240572,0.14689042015115486,-0.3478012671235606,0.024822846024949403,0.009251607305661241,0.21540762902019447,0.12463855141172639,0.10661051603119184
2024-03-13,0.0004311141206924321,-0.3243999215019851,-0.2286140710601961,-0.02314366575287069,-0.20955241934607788,0.2324348322960463,-0.44198725164212416,0.024787016910663838,0.009256144927445496,0.21869158878504674,0.13501774471322184,0.107321086253194
2024-03-14,-0.005904538292577127,-0.33030445979456224,-0.22939699396225802,-0.021932359323977052,-0.22382236226900573,0.19901038845128094,-0.4228327507202867,0.02477118211935227,0.009264517280435838,0.21009345794392523,0.15891866978464178,0.10773227587990719
2024-03-15,0.015395955293184669,-0.3149085045013776,-0.23010896802284075,-0.020570031833252428,-0.2044425760379015,0.23025292600064223,-0.43469550203854374,0.024876547337769096,0.009276049339317173,0.23555804823331464,0.13483420749979047,0.10798671849130331
2024-03-18,0.018954619363142942,-0.2959538851382346,-0.23074675029365493,-0.019473150743067685,-0.18512471812038206,0.18704182362900681,-0.3721665417493889,0.025024812985935587,0.009284129086421542,0.26271503365744203,0.12222153274916986,0.1082462671609754
2024-03-19,-0.0033039515429363195,-0.29925783668117095,-0.23136034762625168,-0.018532081851385274,-0.18975130061435927,0.15181555194406537,-0.34156685255842467,0.025024255066771944,0.00928753522171347,0.25327102803738316,0.11839252185938176,0.10839147621198722
2024-03-20,0.0108027727631945,-0.28845506391797643,-0.23191578785516714,-0.01762516928953492,-0.15877054724976816,0.14942301070187555,-0.3081935579516437,0.02504089092060661,0.00929452280813305,0.26798729209493555,0.11822289234323245,0.10849533414724799
2024-03-21,-8.548861375056413e-05,-0.288540552531727,-0.2324653825550906,-0.01692669124313534,-0.16720608972146264,0.13366546647795724,-0.30087155619941985,0.02503881298343587,0.009299222582324004,0.2747150065408335,0.1113825765214677,0.10883442170999888
2024-03-22,-0.014692911426371963,-0.30323346395809897,-0.2331078191477323,-0.016454575000575983,-0.1839411168275134,0.0975611600572739,-0.2815022768847873,0.02508303435252566,0.009302227478857922,0.2569613156419361,0.10409240930772566,0.10883442170999888
2024-03-25,-0.025164176397425665,-0.32839764035552466,-0.2338529915734458,-0.016318547062440514,-0.19590144459657682,0.047829269770332014,-0.24373071436690885,0.025265345163528623,0.009315312439256342,0.22402840059790732,0.09905652390298807,0.10883442170999888
2024-03-26,-0.0009980130341192552,-0.32939565338964394,-0.23462055844688087,-0.0162336140803922,-0.19862401337650543,0.03297941221130914,-0.23160342558781458,0.025228128101922997,0.009328070865688317,0.22510741640201756,0.10398247380134559,0.10883442170999888
2024-03-27,-0.031665978030169156,-0.36106163141981307,-0.23553333604116664,-0.01643666089261428,-0.21843372420122523,-0.02696218144318567,-0.19147154275803957,0.0255210895421365,0.009331071306520762,0.18636788048552755,0.11261151690784735,0.10972182572694139
2024-03-28,0.021675859634575443,-0.3393857717852376,-0.2363496990385766,-0.01614256563090452,-0.20443976240308262,0.05703411219364869,-0.2614738745967313,0.025674564470565327,0.009332242882407986,0.21433905899925318,0.11644288507657923,0.11040326501203646
2024-03-29,0.011445068715297282,-0.32794070306994033,-0.2371474908686654,-0.015989728804087944,-0.17719538866936058,0.031929062120434296,-0.20912445078979486,0.02570731750677222,0.009332242882407986,0.23039581777445856,0.1156864323300673,0.11074400942465087
2024-04-01,0.021030704056789792,-0.3069099990131505,-0.23785681648513676,-0.015838415653024268,-0.1630202387028943,0.042483562715934536,-0.20550380141882885,0.02574271377164187,0.009332242882407986,0.261478163493841,0.11416132957313133,0.1110451316207004
2024-04-02,-0.0023276859775885088,-0.30923768499073906,-0.23847853605049668,-0.015572103466850118,-0.1613543187158759,0.039789838937188474,-0.20114415765306437,0.025643137572575612,0.00934142393813145,0.2558313118119052,0.12018646245600892,0.11108166193390087
2024-04-03,-0.008554448201140796,-0.3177921331918799,-0.23916383835354338,-0.015367382313454137,-0.18465859685005095,0.04776036819196923,-0.2324189650420202,0.02564804581342469,0.009355158204828316,0.24990668159761104,0.11908462409652512,0.11124364541171172
2024-04-08,-0.025344289613291965,-0.34313642280517187,-0.23994750753869049,-0.015294695621448529,-0.21553045833572088,0.012288766488868213,-0.22781922482458908,0.025821795789744237,0.009361274264598575,0.2234657713113225,0.11630251861432596,0.1114853840998771
2024-04-09,0.01390589193362273,-0.32923053087154913,-0.24068532358204828,-0.01510149755638357,-0.2018322584884394,0.035722659942117395,-0.2375549184305568,0.02590768679397809,0.009367525623508892,0.2340544572920552,0.11644137418009404,0.111656609468571
2024-04-10,-0.019122246263853226,-0.34835277713540236,-0.24154834905016995,-0.015130616989525975,-0.2219383919953126,0.006638365033679244,-0.22857675702899183,0.025913543700255733,0.00937211086097664,0.21782916822081314,0.11711885366700023,0.11188369763577871
2024-04-11,0.000887619600377863,-0.3474651575350245,-0.2424243965549145,-0.0152270772066187,-0.2204835868703086,-0.011328029293292201,-0.2091555575770164,0.02579399419686323,0.009375444654702988,0.21722916278202498,0.11654440736175348,0.11188369763577871
2024-04-12,-0.007773320004409349,-0.35523847753943383,-0.24334161996680964,-0.015458112791904621,-0.2197006108638708,-0.030407441916756275,-0.1892931689471145,0.025796210705214907,0.009378890690014165,0.2121946671639008,0.12088374128635418,0.11215716997689414
2024-04-15,-0.035161226824610516,-0.39039970436404436,-0.244450583865644,-0.0158365128054479,-0.25069367116508756,-0.06599978286205922,-0.18469388830302835,0.02613965522105428,0.009385830512695661,0.18795450307663622,0.12397161893380408,0.1123549220878358
2024-04-16,-0.06696388018254956,-0.4573635845465939,-0.24592799715905753,-0.01653100319679951,-0.31391587462697007,-0.12705912475203165,-0.18685674987493842,0.027317134847127573,0.009404588173645624,0.14469513332090247,0.14182010251093033,0.1125246945712163
2024-04-17,0.057096575979300415,-0.4002670085672935,-0.24711541895621472,-0.017006450933373968,-0.2655222738712335,-0.0853585040659159,-0.18016376980531762,0.028400514031534655,0.009422296840070392,0.18910854158895934,0.13259545598887978,0.11275107482046194
2024-04-18,-0.001937282197785199,-0.40220429076507874,-0.24828777362183554,-0.01754102332818061,-0.2767016124381124,-0.10625040562684405,-0.17045120681126835,0.02840017885907733,0.009427979409396712,0.19418019026301064,0.13616637819544702,0.11291587861284834
2024-04-19,-0.006933400744825513,-0.40913769150990426,-0.2494229892306414,-0.018062641604389723,-0.2749952247944239,-0.10987985482873325,-0.16511536996569065,0.028404418860032775,0.009429405027636771,0.19350625116626236,0.14916512939904206,0.11291587861284834
2024-04-22,-0.0068648469012456996,-0.41600253841115,-0.2505045222354625,-0.018588734380295346,-0.28089009929479736,-0.12754747449317344,-0.15334262480162392,0.028257592524056793,0.009430938343034875,0.18477043673012317,0.1491435038265833,0.11291587861284834
2024-04-23,0.006348099645555858,-0.4096544387655941,-0.2516423255288915,-0.019176942973800876,-0.28400433579297935,-0.12111388623386701,-0.16289044955911233,0.028278124491152048,0.009433270818890503,0.18443158484226246,0.14130982468269931,0.11291587861284834
2024-04-24,0.017835747481257654,-0.39181869128433644,-0.2526764819475489,-0.01956866279981659,-0.25385459710546476,-0.0885852273262374,-0.16526936977922735,0.028372331467645725,0.009439038414778667,0.19970138111235536,0.12913867733090834,0.11307135890518524
2024-04-25,0.003320009952805864,-0.3884986813315306,-0.25374055773541393,-0.01988756616196813,-0.25147041251153934,-0.06010104097600588,-0.19136937153553346,0.02737033768741555,0.009447862943333793,0.20280112044817927,0.12694956156938694,0.11363883438440137
2024-04-26,0.013670131764379666,-0.37482854956715095,-0.2547922584546087,-0.020171700007727805,-0.24555966893186404,-0.045432896177506954,-0.20012677275435709,0.02742924283789567,0.009454237158125087,0.21941638608305275,0.11903526342967909,0.11363883438440137
2024-04-29,0.02635813376368173,-0.3484704158034692,-0.2557305526337909,-0.020197216592624273,-0.21403604078407684,0.012591215616343937,-0.22662725640042078,0.02758727451668965,0.009456623799360096,0.25332583848604084,0.11488009445194888,0.11363883438440137
2024-04-30,-0.006236903309921647,-0.3547073191133909,-0.25673226247981606,-0.020382563441239454,-0.22423833705865756,-0.015321547328153152,-0.2089167897305044,0.02724984102453279,0.009458285218338447,0.24693454065270704,0.11363975681149714,0.11342067506462375
2024-05-06,0.02061010151281761,-0.33409721760057326,-0.2576014904839809,-0.020453999615315493,-0.2037960973600291,-0.006156514530632824,-0.19763958282939628,0.027387543504536996,0.00946682166852497,0.2865967802321228,0.11816230297229251,0.11385791613127474
2024-05-07,0.005670938848159962,-0.3284262787524133,-0.25843702954603265,-0.020580213060895886,-0.19236324218495368,-0.021516279739262654,-0.17084696244569103,0.02704613453817318,0.009480432690232174,0.29726694122051667,0.11756519814244006,0.11411870251209184
2024-05-08,-0.01305323725599974,-0.34147951600841303,-0.25931173350867837,-0.020833197458181685,-0.20133937223901238,-0.03224183101767389,-0.1690975412213385,0.026780044190969986,0.009496759854431325,0.2745318352059925,0.12260103359916298,0.11442437713239428
2024-05-09,0.012669480794477902,-0.32881003521393515,-0.2601252803405376,-0.020961441986994234,-0.1834025187472446,-0.011017902022055189,-0.1723846167251894,0.02612272092406497,0.009508525658973924,0.2963864444860513,0.12045204521764248,0.11442437713239428
2024-05-10,-0.011390453686589625,-0.3402004889005248,-0.2610343005404675,-0.021086793001777016,-0.1676090191554429,0.0029359339046471505,-0.17054495306009004,0.026068919142889634,0.00951302064461728,0.2851525931473507,0.12261572768212478,0.1145207120125401
2024-05-13,-0.016852520097502446,-0.3570530089980272,-0.26196754787699245,-0.02128222429494417,-0.1791689520228702,-0.027822478126478027,-0.15134647389639216,0.025490459936267973,0.00951626968441574,0.2711610486891386,0.13333470553876203,0.1145207120125401
2024-05-14,0.007550224941400102,-0.3495027840566271,-0.2629109518484238,-0.021362602798253832,-0.14951594670055887,-0.0011500069212246984,-0.14836593977933418,0.022792909554238773,0.009518062468346754,0.2798053527980535,0.13056554482743143,0.1145207120125401
2024-05-15,-0.007452746137894143,-0.35695553019452125,-0.2638929000893636,-0.021468503534449124,-0.16508043569024872,-0.009490372659496704,-0.155590063030752,0.022613554722328483,0.009523814117488942,0.2653443113772455,0.12869475503386596,0.1145207120125401
2024-05-16,0.004193976665382824,-0.3527615535291384,-0.2648401722362543,-0.021498552269444637,-0.16060825996524677,0.0024769240102954686,-0.16308518397554225,0.022479987663483518,0.009528261501404279,0.26520681265206814,0.12803292573713604,0.1145207120125401
2024-05-17,0.012616076586683178,-0.3401454769424552,-0.26572283393169127,-0.02127225006604727,-0.16581724478751356,0.050254227421589165,-0.21607147220910272,0.021148020718148936,0.009529898807335728,0.2865431405577391,0.13577466384864115,0.1145207120125401
2024-05-20,0.002807964038475529,-0.3373375129039797,-0.26658382282374865,-0.020655825664691124,-0.16759347909467734,0.12002607164261425,-0.2876195507372916,0.020789682835368646,0.009531488619829574,0.29911968533433225,0.12180554906899067,0.1145207120125401
2024-05-21,-0.010308797163546275,-0.34764631006752594,-0.26744176598240227,-0.020326347026187547,-0.17038050184545303,0.05262069849976757,-0.22300120034522058,0.020794596804771366,0.00953221818394204,0.28753275926619243,0.12453286377497512,0.1145207120125401
2024-05-22,0.004989604888961685,-0.3426567051785643,-0.26825692443824,-0.019969150816404463,-0.17123553155745333,0.05954758558651445,-0.23078311714396776,0.02071681987437376,0.009534515723771573,0.2899120344375819,0.12709357139936045,0.1145207120125401
2024-05-23,-0.01865348880911379,-0.36131019398767805,-0.26916215783005193,-0.019739168599410523,-0.1737623838923636,0.04782749752222617,-0.22158988141458977,0.020704130545809236,0.009534515723771573,0.26558113419427287,0.125028986635892,0.1145207120125401
2024-05-24,-0.010571611711227058,-0.3718818056989051,-0.27019912034278143,-0.01969459810731894,-0.1877277918353992,0.044120732712244815,-0.231848524547644,0.020512441735396753,0.009547707785321824,0.2492981471083661,0.11883430049368898,0.1145207120125401
2024-05-27,0.005339349256796968,-0.36654245644210814,-0.2711891493604098,-0.01954682383151829,-0.18779208731299532,0.04311198232348592,-0.23090406963648125,0.02044484766131973,0.009559985889662214,0.2630593521812395,0.1187947553136532,0.1145207120125401
2024-05-28,-0.010089639521500245,-0.3766320959636084,-0.27219590491798085,-0.019519422970431966,-0.18842216079037985,0.015186595320728025,-0.20360875611110787,0.02014100521116248,0.009572087618018185,0.25182550084253885,0.1203488481413146,0.1145207120125401
2024-05-29,0.0016093284162236338,-0.3750227675473848,-0.273229152663598,-0.019488594928184055,-0.1948030968360124,0.013475913784145794,-0.2082790106201582,0.0184460820472877,0.009600666959448006,0.255195656244149,0.1266484975352771,0.1145207120125401
2024-05-30,-0.007102290509616819,-0.3821250580570016,-0.2743374551903682,-0.019545196735759496,-0.19453158775617507,-0.0072965084898506906,-0.18723507926632438,0.017845440769892612,0.009618827558171224,0.24878322725570948,0.12098160075317871,0.1145207120125401
2024-05-31,0.0062498383178717955,-0.3758752197391298,-0.2753999529915422,-0.019669400357751277,-0.19758807529535719,-0.027404803935660627,-0.17018327135969655,0.01781020572857883,0.009637569230879793,0.253885040254634,0.11819639563074796,0.1145207120125401
2024-06-03,-0.019293416276284385,-0.3951686360154142,-0.27655173560587126,-0.019819473126055198,-0.22144875663323774,-0.04046131690202337,-0.18098743973121437,0.01797517534167489,0.009665001654223376,0.2346002621231979,0.11897148695975555,0.1145207120125401
2024-06-04,-0.007476750379394383,-0.40264538639480857,-0.2777362524298817,-0.020134761945900803,-0.23013169400998124,-0.06854816879423536,-0.16158352521574587,0.017878444413126065,0.00967686557290896,0.23707865168539327,0.12335119147119931,0.1145207120125401
2024-06-05,-0.02015640221368262,-0.4228017886084912,-0.2790255563206682,-0.020588526774635574,-0.2544043576330951,-0.09437550985607794,-0.16002884777701715,0.017997022856329734,0.009682076538897393,0.21309635173058933,0.13916282124456955,0.1145207120125401
2024-06-06,-0.03738436086617981,-0.460186149474671,-0.28047202054890824,-0.021160287040229875,-0.28364777931284707,-0.11870663346625801,-0.16494114584658906,0.018567782158508142,0.009690262048226112,0.18552459322984852,0.14956106211708903,0.1145207120125401
2024-06-07,0.01737522682522519,-0.4428109226494458,-0.2818221479519232,-0.021696867611385562,-0.2654439045145562,-0.11400088743551072,-0.15144301707904545,0.018670316478222596,0.009718599410968384,0.19461077844311378,0.137886236543471,0.1145207120125401
2024-06-11,0.006149379774874111,-0.4366615428745717,-0.2831045757509258,-0.02207027521045829,-0.2580399303275397,-0.09646105397404699,-0.16157887635349272,0.01850731537544789,0.009763249152410986,0.20228293413173654,0.13787339192192105,0.1145207120125401
2024-06-12,0.012408988026341801,-0.4242525548482299,-0.2843393431513663,-0.02237179527437383,-0.2495064094184719,-0.06719954585020274,-0.18230686356826917,0.018520969883314992,0.00979919256516488,0.21260284218399403,0.13594087145815814,0.1145207120125401
2024-06-13,-0.0036791504847610663,-0.42793170533299096,-0.2855124689229377,-0.02260151707451391,-0.24856855012016685,-0.0784289212763639,-0.17013962884380296,0.01852071688965738,0.0098138408075731,0.2063937184520471,0.14036931926941576,0.1145207120125401
2024-06-14,0.000539695602195886,-0.42739200973079505,-0.2866993523175656,-0.02280645222820199,-0.25150973102815977,-0.07043647953627387,-0.1810732514918859,0.018514756043518023,0.009901737834414712,0.21233644859813083,0.14076967067377327,0.1145207120125401
2024-06-17,-0.005117120754614142,-0.4325091304854092,-0.287880513391976,-0.023040341155721733,-0.25400301792274893,-0.07974757695627084,-0.1742554409664781,0.018384189132639773,0.010045836837696456,0.20845017760329032,0.144441626379809,0.1145207120125401
2024-06-18,0.012206581050696842,-0.42030254943471235,-0.2889531570181389,-0.023230323086447624,-0.2441893771314775,-0.08015707249225718,-0.16403230463922033,0.018274385999046402,0.010106395379298819,0.22087151673835795,0.13989311658031836,0.1145207120125401
2024-06-19,-0.004794812570761754,-0.4250973620054741,-0.29011066391391155,-0.023526841090162898,-0.2567150249532883,-0.08775984910149447,-0.16895517585179382,0.0182771021743711,0.010120967876527935,0.21212121212121213,0.1369000271737179,0.1145207120125401
2024-06-20,-0.019551005588340616,-0.4446483675938147,-0.29130048995833563,-0.02385872397593336,-0.27960349187493444,-0.09700205752628879,-0.18260143434864565,0.018333981565902192,0.010142719002790861,0.18896164639850327,0.13823290155239537,0.1145207120125401
2024-06-21,-0.0008446459316134623,-0.4454930135254282,-0.29245981535678195,-0.02420289091854194,-0.26059924160667364,-0.10283630834686396,-0.15776293325980967,0.01833247647419517,0.010159334629132965,0.19457436856875585,0.13548419784106466,0.1145207120125401
2024-06-24,-0.03737501141825816,-0.48286802494368636,-0.29381278859542526,-0.024650630765373327,-0.3021363523611448,-0.12155783095600832,-0.18057852140513647,0.018813297715261853,0.010171911201838505,0.15646640464158712,0.13695585264313911,0.1145207120125401
2024-06-25,-0.00018212883151101249,-0.4830501537751974,-0.2950786782938164,-0.02487955795103497,-0.29664756799944186,-0.11116834807629226,-0.18547921992314959,0.018589432819961157,0.010275984455256936,0.15586361933308354,0.1293633120550896,0.1145207120125401
2024-06-26,0.026846815533557403,-0.45620333824164,-0.29620304043458767,-0.025013891074177896,-0.2745360160416485,-0.08966088179953184,-0.18487513424211666,0.018973143105410453,0.0103875632641574,0.17811038353601497,0.12514943212872928,0.1145207120125401
2024-06-27,-0.018769553106276086,-0.4749728913479161,-0.29732291604350103,-0.025127011125520182,-0.2992252078368498,-0.09834079538430766,-0.20088441245254213,0.01870381615543034,0.010418281681481293,0.1552725229443716,0.11188262021699875,0.11411870251209184
2024-06-28,0.004323504881499827,-0.47064938646641624,-0.298463473876343,-0.025234321212744992,-0.2983937298803008,-0.09562661891903149,-0.2027671109612693,0.018465760971899645,0.010438949918851808,0.1684151367553391,0.10793092689725815,0.11385791613127474
2024-07-01,0.007651159613324265,-0.462998226853092,-0.29973655780665687,-0.025399102616288693,-0.29120443169269433,-0.0808731687960904,-0.21033126289660392,0.018424737444342677,0.010470010884447243,0.1815967016491754,0.10889674758142746,0.11342067506462375
2024-07-02,-0.00018274910501682543,-0.4631809759581088,-0.301045102444671,-0.02564514945312879,-0.2945740513609309,-0.08730575621897903,-0.20726829514195189,0.018172211760597405,0.010561836738266656,0.16960269865067465,0.1044336108748048,0.11307135890518524
2024-07-03,-0.008829073420233067,-0.4720100493783419,-0.302374523818906,-0.025822788213034742,-0.3101291235144527,-0.0768414133629277,-0.233287710151525,0.018189907587879715,0.010639138014813043,0.15445173383317712,0.10298578617507628,0.11291587861284834
2024-07-04,-0.026268924291648888,-0.4982789736699908,-0.3038420956803803,-0.026105843250498584,-0.33549632453413286,-0.0956335872751822,-0.23986273725895066,0.018428526643949058,0.010652300612315396,0.13793103448275862,0.10381423345532764,0.11275107482046194
2024-07-05,0.010120443071995701,-0.4881585305979951,-0.3053315446572225,-0.026305988336554287,-0.3204251729570851,-0.06535674198950389,-0.25506843096758125,0.01826802192480323,0.010667834579038582,0.14320524835988754,0.10737002504383246,0.1125246945712163
2024-07-08,-0.027621557091902404,-0.5157800876898975,-0.3069313352899099,-0.02645931474100166,-0.3336855179411655,-0.055593938215226485,-0.278091579725939,0.018425113989803486,0.010694153107851538,0.12635920509936258,0.10724968222021672,0.1123549220878358
2024-07-09,0.01719188981011127,-0.4985881978797862,-0.30846748164867327,-0.026645333696750095,-0.2988922604328536,-0.0557772752303404,-0.2431149852025132,0.01848652268506813,0.010712973994732148,0.14756554307116104,0.11304786158130815,0.1123549220878358
2024-07-10,-0.007546825050596838,-0.506135022930383,-0.3099552657132587,-0.02685068996233292,-0.32404124285059277,-0.06947348005581135,-0.25456776279478144,0.01849236322556025,0.010722353528215859,0.14395357543991014,0.1141252404949886,0.1123549220878358
2024-07-11,0.02987590433393284,-0.4762591185964502,-0.31130446259433725,-0.026965119442970975,-0.2912717110435908,-0.05200656374822031,-0.23926514729537046,0.018948516195752944,0.010793102520861655,0.16510670160988394,0.11221686868763413,0.11224442031436023
2024-07-12,-0.0025227547626858176,-0.478781873359136,-0.31270798847906656,-0.027195519556128867,-0.30309834960060905,-0.05085016802614506,-0.252248181574464,0.018442623766007527,0.010871161268398485,0.16286035192811682,0.10901126226111364,0.11204974445231644
2024-07-15,-0.014771273927215658,-0.4935531472863517,-0.31417966404570524,-0.02748031172813964,-0.32906474155814464,-0.06616113755555661,-0.26290360400258805,0.016421401523196055,0.010890909569750489,0.15160022459292533,0.11234890113303274,0.11204974445231644
2024-07-16,0.003628148371325797,-0.4899249989150259,-0.3155790090410429,-0.0276984956490669,-0.3291134189480127,-0.05741586842961667,-0.27169755051839606,0.014585272277346066,0.010909712381683699,0.15478195770166572,0.11361866689681288,0.11204974445231644
2024-07-17,-0.0063117360494207115,-0.4962367349644466,-0.3169701415839618,-0.02801698456582291,-0.34187138505607945,-0.07593418552973422,-0.2659371995263452,0.014598451510842067,0.010946986901195652,0.15318352059925094,0.11609796638250407,0.11204974445231644
2024-07-18,-0.002611959185610767,-0.49884869415005734,-0.31838096703236085,-0.028270303118449303,-0.3385970773824598,-0.07375133214458324,-0.2648457452378766,0.014582178949523154,0.011009827072435469,0.1508338017612891,0.11242170042386035,0.11204974445231644
2024-07-19,0.005390707909368882,-0.49345798624068843,-0.3197963085259371,-0.028495818567601472,-0.3321395198986202,-0.048809618646873734,-0.28332990125174645,0.014591520369022375,0.011048757591345278,0.15067466266866567,0.10613688073056142,0.11180382373792713
2024-07-22,0.003919497116494993,-0.48953848912419345,-0.3211431061913801,-0.02868329083459814,-0.32299976564492217,-0.04404547559876528,-0.2789542900461569,0.014573327759741758,0.01105956016303239,0.14901593252108716,0.10023320440703429,0.111656609468571
2024-07-23,-0.020467806829063864,-0.5100062959532573,-0.32255645241831987,-0.028743663822894616,-0.3439056271111661,-0.02713827100957099,-0.3167673561015951,0.014558415815576263,0.011067566919946993,0.12614807872539832,0.10426842864458712,0.1114853840998771
2024-07-24,-0.01615645685874815,-0.5261627528120054,-0.3240155813134815,-0.028936903019665117,-0.3677663038974667,-0.04311259903680813,-0.32465370486065853,0.014655280751251698,0.011117578243171847,0.1154639175257732,0.10793455550932338,0.11124364541171172
2024-07-25,0.005307816692492895,-0.5208549361195125,-0.32553754345254377,-0.029334503017956093,-0.35045139442646983,-0.06465159787787263,-0.2857997965485972,0.01454019555061197,0.0111693215468785,0.11625726607912995,0.10741994270808972,0.11078053973785135
2024-07-26,0.015515381298699987,-0.5053395548208125,-0.3269587799343723,-0.02963586389087125,-0.34451756505045267,-0.030366663472896557,-0.3141509015775561,0.014240583408816223,0.011173750214500676,0.13139643861293346,0.10342673267352677,0.11078053973785135
2024-07-29,0.0005362365057648324,-0.5048033183150477,-0.32835574288475156,-0.02989226900840858,-0.34423743630849835,-0.034153931848631545,-0.3100835044598668,0.014238226943751665,0.011176844701455,0.13238327395462215,0.10318240330335844,0.11078053973785135
2024-07-30,0.005570426265229068,-0.4992328920498186,-0.3297437152376814,-0.030007157431024556,-0.33592576789880546,-0.03623466519672675,-0.2996911027020787,0.013954002087582264,0.011182689843574239,0.13479565054368203,0.10219348341928558,0.11078053973785135
2024-07-31,0.032278134872069424,-0.46695475717774915,-0.33101744776154945,-0.02997234531687848,-0.3033416193226928,-0.003773781219640497,-0.2995678381030523,0.01463251289599579,0.01154494052622603,0.17341582302212225,0.09404219832798309,0.11078053973785135
2024-08-01,0.00020161737682805752,-0.4667531398009211,-0.3322647995539462,-0.029890275735040217,-0.3016134053084194,0.005256909577420624,-0.30687031488584005,0.01456746250956554,0.011960166921622304,0.1739782527184102,0.09986767606717145,0.11078053973785135
2024-08-02,-0.013379626699421148,-0.48013276650034226,-0.33356360962706644,-0.02972151394668615,-0.30407508816354156,0.018146207169648366,-0.32222129533318994,0.014508244726738164,0.012045182960138574,0.15629685157421289,0.09797070275507525,0.11078053973785135
2024-08-05,-0.0256731003320965,-0.5058058668324388,-0.3350015747196215,-0.02967003006239899,-0.3261808528214193,-0.01764733623444384,-0.3085335165869755,0.01477101118461596,0.012444893012510068,0.12598425196850394,0.10273232571569893,0.11078053973785135
2024-08-06,0.018459505911389718,-0.48734636092104905,-0.3363723740836382,-0.02944103879372828,-0.3070828452957593,0.028433726768848283,-0.3355165720646076,0.014902892355194354,0.012840297915374003,0.1422680412371134,0.10631001052426281,0.11078053973785135
2024-08-07,3.5941390999440026e-05,-0.4873104195300496,-0.33770868450622343,-0.029241202857550164,-0.32282111637704414,0.011277778349736452,-0.3340988947267806,0.014851293831825554,0.013120145891264964,0.1437406296851574,0.10602510917766679,0.11078053973785135
2024-08-08,-0.002416286165398228,-0.48972670569544785,-0.33902438723177913,-0.029069121518520424,-0.32119005277900137,0.016408317234935063,-0.33759837001393644,0.014835883234753483,0.013501800160592943,0.1405283867341203,0.10357536933856167,0.11078053973785135
2024-08-09,-0.0073249230503824635,-0.4970516287458303,-0.3403667990808204,-0.029062336486483153,-0.3217706442964424,-0.020792510149380244,-0.3009781341470622,0.014826097483036952,0.013790779668844773,0.1334082818062582,0.09535822003806312,0.11078053973785135
2024-08-12,-0.007072981021883462,-0.5041246097677138,-0.3416535653955674,-0.028945576916500848,-0.3357513913437565,-0.025342736408577884,-0.3104086549351786,0.014705400635687033,0.014096114515666964,0.12982390408392658,0.0962362777735354,0.11078053973785135
2024-08-13,0.00651766902821313,-0.4976069407395006,-0.342861591123371,-0.02868192707766576,-0.33714238803654095,-0.0040537934531491,-0.33308859458339185,0.01473685727948829,0.014239405176283944,0.13619333083551893,0.09502216524996303,0.11078053973785135
2024-08-14,-0.005337176242846823,-0.5029441169823474,-0.34404974311264475,-0.028470734071601833,-0.33956845747801284,-0.01301911806732172,-0.32654933941069114,0.014707132449577406,0.014374414067777194,0.12624086907660612,0.09848399566626456,0.11078053973785135
2024-08-15,0.00792741540346131,-0.4950167015788861,-0.34507533564652676,-0.028105194062564953,-0.3302045884292955,0.0012200333855603004,-0.3314246218148558,0.014737647348063565,0.014524220138675067,0.13466941374789287,0.09792037523010398,0.11078053973785135
2024-08-16,-0.004801954368500945,-0.49981865594738706,-0.34624064326820947,-0.02785967623584862,-0.3340766343546622,-0.0009699617973298776,-0.33310667255733234,0.014588684033239627,0.014549305683094116,0.1277392770181682,0.09761593866148567,0.11078053973785135
2024-08-19,-0.004603724985399815,-0.5044223809327869,-0.3474958836434046,-0.027699575117467512,-0.3394813704815926,-0.010964394692098575,-0.328516975789494,0.014551689021639197,0.01455505241860773,0.12720119895091794,0.09410118359723119,0.11078053973785135
2024-08-20,-0.016290715367572255,-0.5207130963003591,-0.34884675649279534,-0.02770365030141525,-0.34981979247369316,-0.031174607176165825,-0.31864518529752733,0.014629240862412799,0.014562939162570902,0.11013298370481364,0.09136399691314916,0.11078053973785135
2024-08-21,-0.0031388966118351368,-0.5238519929121942,-0.3502878916844503,-0.02773143926613042,-0.35106655086573246,-0.013845696958937097,-0.33722085390679535,0.014596164607069804,0.01457039513465365,0.10767790262172285,0.0910669776529736,0.11078053973785135
2024-08-22,-0.015648560675309047,-0.5395005535875033,-0.3518659590158255,-0.027850377702343998,-0.359324570513463,-0.013337800775497996,-0.345986769737965,0.01468451663466787,0.014577753354632456,0.09681647940074907,0.09050649220831015,0.11078053973785135
2024-08-23,-0.004721379390903432,-0.5442219329784067,-0.3534463033031001,-0.027908759850556353,-0.3669228582182679,-0.023366996858894325,-0.3435558613593736,0.014675746554545784,0.014583725613434611,0.09891345073061071,0.0900811888697395,0.11078053973785135
2024-08-26,0.010178718069342308,-0.5340432149090644,-0.3549828659386504,-0.028024086004278137,-0.34073666389036045,-0.028703660088252002,-0.31203300380210847,0.014725046039457778,0.014586978155292847,0.10337078651685393,0.0883402330974991,0.11078053973785135
2024-08-27,-0.01391929661301409,-0.5479625115220784,-0.3565376288344387,-0.028181885949687124,-0.3579471807168618,-0.043159193207030926,-0.3147879875098309,0.014638094726427204,0.014590102201131001,0.09252669039145907,0.09124197505457496,0.11078053973785135
2024-08-28,0.0043315686389365,-0.543630942883142,-0.35813238810483017,-0.028388672867148745,-0.3473540272798206,-0.044398050833323495,-0.30295597644649713,0.014650061179280612,0.014593842488046089,0.09720921520884061,0.091292381112445,0.11078053973785135
2024-08-29,0.013674127648753956,-0.529956815234388,-0.3597559093119556,-0.028738461550406158,-0.324182991032243,-0.06300205805663897,-0.2611809329756041,0.014604066418295987,0.014597308058955935,0.10470125491665105,0.09018806886638459,0.11078053973785135
2024-08-30,0.019010981402064774,-0.5109458338323232,-0.36131077424063357,-0.029045974686687348,-0.31734985098138263,-0.044192694031402247,-0.2731571569499804,0.014079496540457221,0.014597308058955935,0.12492976212773928,0.08851397325422297,0.11078053973785135
2024-09-02,-0.01694345732093721,-0.5278892911532603,-0.362965520560186,-0.029401910933119557,-0.32120613244426505,-0.04775652465291831,-0.27344960779134675,0.014023700881675753,0.014597308058955935,0.10811317219411655,0.09543031168143468,0.11078053973785135
2024-09-03,0.00925219200707293,-0.5186370991461874,-0.3645442814046486,-0.02954270668502712,-0.30500916531002126,-0.01283123231374888,-0.29217793299627237,0.014057758659609685,0.014597308058955935,0.11877107530910454,0.09563152684522205,0.11078053973785135
2024-09-04,-0.007067305697044,-0.5257044048432313,-0.3661493927803256,-0.02977701869668742,-0.3134310276282107,-0.0383580439221826,-0.27507298370602806,0.013958799257119368,0.014597308058955935,0.11127763207193705,0.09306662126382402,0.11078053973785135
2024-09-05,0.008560258550391673,-0.5171441462928397,-0.36776069988879473,-0.030052015382571295,-0.28727193219587777,-0.029833726762790367,-0.2574382054330874,0.014018554315630148,0.014597308058955935,0.1178343949044586,0.09000177594485849,0.11078053973785135
2024-09-06,-0.018371087402280804,-0.5355152336951204,-0.3694920145463147,-0.03046762731453556,-0.3041843236077303,-0.04578852799967294,-0.25839579560805737,0.014183830267836886,0.014597308058955935,0.10228550018733608,0.08967950663632088,0.11078053973785135
2024-09-09,-0.0028707732316866036,-0.538386006926807,-0.3712684012318356,-0.030901602151015173,-0.28738823736155344,-0.04133437818097708,-0.24605385918057637,0.014177895073181726,0.014597308058955935,0.09726386806596701,0.09174648145677687,0.11078053973785135
2024-09-10,0.004946570625741773,-0.5334394363010653,-0.37298045061427665,-0.031326885218709244,-0.29090161640304757,-0.029314826533351844,-0.26158678986969575,0.014087328751764643,0.014597308058955935,0.10007496251874062,0.09063590514506141,0.11078053973785135
2024-09-11,-0.004700012966103394,-0.5381394492671686,-0.3747536860655521,-0.03189209494218109,-0.32975800847684605,-0.04053250852766837,-0.2892254999491777,0.014087002246835777,0.014597308058955935,0.09756554307116105,0.08900379665362569,0.11078053973785135
2024-09-12,-0.0029198103875766944,-0.5410592596547453,-0.37659525102380675,-0.03254550791116201,-0.33958721129946917,-0.03811514267239824,-0.30147206862707093,0.013895808010387468,0.014597308058955935,0.09344569288389513,0.08970528833911237,0.11078053973785135
2024-09-13,-0.012221415159350012,-0.5532806748140954,-0.3784862656815825,-0.03341093003505574,-0.34715490028275126,-0.058263973235209564,-0.2888909270475417,0.013962690135599826,0.014597308058955935,0.08837296386444486,0.09089398718161133,0.11078053973785135
2024-09-18,-0.00735448403818775,-0.5606351588522831,-0.38039151807487526,-0.03415087480666579,-0.35587055747714763,-0.06081650290489637,-0.29505405457225126,0.013182219708829232,0.014597308058955935,0.08862656923365186,0.08880590765501238,0.11078053973785135
2024-09-19,0.02161884667603669,-0.5390163121762465,-0.3822307916203575,-0.03473490797695289,-0.34874757694670244,-0.03459393124345986,-0.31415364570324256,0.013509831554056205,0.014597308058955935,0.10445526020217147,0.0885789318249978,0.11078053973785135
2024-09-20,-0.0035660637883277845,-0.5425823759645743,-0.3840539367397352,-0.03520718024693986,-0.34676041481215364,-0.02186927966421539,-0.32489113514793827,0.013011227585730513,0.014597308058955935,0.10408086858854362,0.09188313892698326,0.11078053973785135
2024-09-23,0.0012469648470576342,-0.5413354111175166,-0.3859034665188213,-0.035615574834371,-0.34997648499040285,-0.01748341820532262,-0.3324930667850802,0.012814481515148439,0.014597308058955935,0.1079917649260715,0.09253972220442655,0.11078053973785135
2024-09-24,0.03403771049386898,-0.5072977006236477,-0.38760894399787316,-0.03574298498204764,-0.2987194906103581,0.0322028529638554,-0.33092234357421346,0.013579229557091416,0.014597308058955935,0.15419161676646706,0.08846750378016344,0.11078053973785135
2024-09-25,0.011971496138524301,-0.4953262044851233,-0.389204955597432,-0.035758652294331894,-0.2889064621043734,0.04889572849328314,-0.33780219059765654,0.013635121774631576,0.014597308058955935,0.1793529081728072,0.08741257616079572,0.11078053973785135
2024-09-26,0.03278741175775115,-0.4625387927273722,-0.39060614182015946,-0.03562327588150904,-0.2644620963141078,0.07150442218169198,-0.3359665184957997,0.014297960388054653,0.014597308058955935,0.25467464472700074,0.09145916768825177,0.11078053973785135
2024-09-27,0.049729101388982434,-0.41280969133838974,-0.39177394960142464,-0.03523632076698596,-0.21359165737976943,0.13515282018368852,-0.34874447756345794,0.015621635958872613,0.014601258964569028,0.40445026178010474,0.09447853170708244,0.11078053973785135
2024-09-30,0.10806821369093064,-0.30474147764745907,-0.3924003750059407,-0.03426798690111055,-0.0946854777999642,0.23888946523568266,-0.33357494303564683,0.020510811336493406,0.014616653640354393,0.7726847521047708,0.10293594168720617,0.11078053973785135
2024-10-08,0.08357898752835706,-0.221162490119102,-0.39254442614425655,-0.03278851683230094,-0.0031522637384389096,0.30879432511528576,-0.31194658885372467,0.022973860577318667,0.014630876879204294,0.9000187230855645,0.13214792274880632,0.11124364541171172
2024-10-09,-0.0983678202180003,-0.3195303103371023,-0.3932017240079353,-0.031890949767301724,-0.10284670586685515,0.19141552349522073,-0.2942622293620759,0.026232206474051174,0.014635303811211496,0.6686013855083318,0.14098100746844947,0.1114853840998771
2024-10-10,-0.00028634411849602686,-0.3198166544555983,-0.39385341181601496,-0.03088789125582897,-0.10942696693014763,0.20807263669766188,-0.3174996036278095,0.02617197259585351,0.014644077952853909,0.6960509077297399,0.12248996384009425,0.111656609468571
2024-10-11,-0.04236769348990734,-0.36218434794550564,-0.39467655798468376,-0.030132276580035144,-0.1420053919099249,0.15645275120068158,-0.2984581431106065,0.026788156641608697,0.014652670965266155,0.5602544910179641,0.1169569445433465,0.11180382373792713
2024-10-14,0.031849595675745294,-0.33033475226976033,-0.39538236937575766,-0.02923297659543206,-0.10299770170444737,0.1953696525734709,-0.2983673542779183,0.026823657192716704,0.01466551365289874,0.6512628624883068,0.12810253183075104,0.11204974445231644
2024-10-15,-0.01579526130693915,-0.3461300135766995,-0.3961938104107256,-0.02843311052193087,-0.11179303979702936,0.17101413271614008,-0.28280717251316945,0.02691976651609429,0.014680040058836845,0.6045641601197157,0.1321991801481678,0.11224442031436023
2024-10-16,0.004542462521371499,-0.341587551055328,-0.39696150668207103,-0.027469492135756335,-0.12512504274826428,0.19392768263979238,-0.3190527253880566,0.026828577683609973,0.014684425098897887,0.6176855487006917,0.13507244228916623,0.11231043653705954
2024-10-17,-0.0028373478894723153,-0.34442489894480033,-0.3977361368706369,-0.026467735638801337,-0.12333264048968262,0.19396110798200666,-0.3172937484716893,0.02683708657131976,0.014694958635177452,0.5977204783258595,0.14064649379406424,0.11238530077844655
2024-10-18,0.03439001180439649,-0.31003488714040384,-0.3983199659697755,-0.02533951535549883,-0.08462415890122409,0.22340454916066138,-0.3080287080618855,0.027125366348164957,0.01470626654263222,0.6890300878340497,0.15477508421554917,0.11242978632922282
2024-10-21,0.022991581071788798,-0.28704330606861506,-0.39872991885462467,-0.02397623278907257,-0.06540488460476808,0.25109614319855356,-0.3165010278033216,0.027235101676495368,0.014716089244517592,0.719491683797421,0.17854257589150965,0.1125246945712163
2024-10-22,0.006671037226211922,-0.2803722688424031,-0.39911353469784183,-0.022518283674035078,-0.06816401643826359,0.2606869908123422,-0.3288510072506058,0.027237085687042962,0.014730951659473034,0.7641121495327102,0.16356480845217394,0.11275107482046194
2024-10-23,0.005052268721161536,-0.2753200001212416,-0.3994313435288345,-0.020945077847252025,-0.05803721879966173,0.27796067469285374,-0.33599789349251546,0.02723773772527702,0.014737252313775928,0.7813727323732934,0.16745799326407854,0.11296924715719234
2024-10-24,-0.0003705308815021321,-0.2756905310027437,-0.3997555617563153,-0.01936404368144007,-0.05531977912646107,0.28494462784953933,-0.3402644069760004,0.027060113430237776,0.014747150502401583,0.7777154608338007,0.1716422506017893,0.11312472744952926
2024-10-25,0.02051978045521973,-0.255170750547524,-0.39991503542337026,-0.017684243803012756,-0.036957902226088385,0.28384556162872243,-0.32080346385481084,0.027013457126995197,0.01476383242067778,0.8259487754720508,0.17190904303923568,0.11341013010728163
2024-10-28,0.02506124142946391,-0.23010950911806005,-0.3999449394430383,-0.015891002703303125,-0.016923021000347947,0.3124728668465141,-0.329395887846862,0.02714332352113202,0.014798554333826456,0.8641975308641975,0.17968159187984975,0.113629211854155
2024-10-29,-0.01627917014240783,-0.24638867926046787,-0.3999969557263005,-0.014093489207479215,-0.026340344247469796,0.2949467318570486,-0.3212870761045184,0.027241672383607383,0.014830990358895218,0.8171278982797308,0.19176938220854722,0.11385791613127474
2024-10-30,0.0009944495526570177,-0.24539422970781086,-0.40007832650442415,-0.012469382506550997,-0.018808069123506743,0.26190347091583666,-0.2807115400393434,0.027240659063444535,0.014843588533289518,0.8121960344182566,0.19403490474128204,0.11410065797302048
2024-10-31,0.012017827222282881,-0.233376402485528,-0.40019221040318714,-0.010987254805755131,-0.00480714354795206,0.2619498019995952,-0.2667569455475473,0.027258372090456017,0.014877093093509954,0.8280052346232941,0.19931218520988905,0.11414328503405996
2024-11-01,-0.034049427470118195,-0.2674258299556462,-0.4005544897077589,-0.009948347887599462,-0.020654483137330912,0.1951129627717259,-0.21576744590905683,0.027454141203245692,0.015262264157033485,0.786315199102636,0.17644598492717942,0.1145207120125401
2024-11-04,0.02219503773753549,-0.2452307922181107,-0.40082226629271156,-0.009048316691286917,0.010771002960660185,0.16757889912027896,-0.15680789615961876,0.02755835166382369,0.01563458111770159,0.8328971962616822,0.1665829915985046,0.11488611431492557
2024-11-05,0.03221390361625036,-0.21301688860186035,-0.4009069934431169,-0.008506618437176205,0.052296830525741314,0.09172458904559866,-0.039427758519857345,0.027707831253118067,0.016034463899863308,0.8720343732486456,0.16634227540178123,0.11528928325398477
2024-11-06,0.008963107365034688,-0.20405378123682566,-0.4009309777484805,-0.008386551604223969,0.08584441356567019,0.017108708882276287,0.0687357046833939,0.0274289682273607,0.01711580362588744,0.8789689951438177,0.17326779754053223,0.11589219935628568
2024-11-07,0.0241639185111642,-0.17988986272566146,-0.4007412146491893,-0.007539490641254032,0.08686726888517524,0.1396404476114408,-0.05277317872626555,0.027486135661848224,0.017827823249235722,0.9073589839372432,0.1738101960811782,0.11620024249841501
2024-11-08,0.0004806572979547923,-0.17940920542770666,-0.40044253136220626,-0.006589119546191291,0.0739651004660499,0.1404074490278916,-0.0664423485618417,0.02748480021046425,0.01786194259150934,0.9062733383121733,0.17757694470887364,0.11637194639720999
2024-11-11,0.020967037142399777,-0.15844216828530688,-0.4000558707389644,-0.005379312754280663,0.09209635813689689,0.20374217966019872,-0.11164582152330184,0.027541682966482423,0.017926809877400477,0.9252615844544095,0.16750584026849352,0.11644212962833664
2024-11-12,-0.010212947250406008,-0.16865511553571289,-0.39968051513060376,-0.0042981457548461055,0.06696983904549947,0.1616796367340474,-0.09470979768854793,0.027567026620420633,0.017986099099002312,0.9191107790024285,0.1600102922030234,0.11649364621916636
2024-11-13,0.00205906716231914,-0.16659604837339376,-0.39937411891518065,-0.003180308504455054,0.05729103893907531,0.1795339652033057,-0.12224292626423039,0.02752175558879463,0.01808461730846357,0.9228470016813002,0.15735738494349943,0.11663016831460313
2024-11-14,-0.029224137994248476,-0.19582018636764223,-0.399152895872837,-0.0021913891907659466,0.03233288915582867,0.14576736468768572,-0.11343447553185705,0.027886508225607034,0.01818105967423856,0.8970862906238326,0.14967968666357148,0.11683643690539963
2024-11-15,-0.018680135885003838,-0.21450032225264606,-0.3990054109872219,-0.0012692741165850063,0.012230365546384625,0.1299245766921542,-0.11769421114576958,0.02802344726080446,0.018228964756341472,0.8789915966386554,0.14653312326299275,0.11703789910517337
2024-11-18,-0.023276747266775283,-0.23777706951942135,-0.3989706268120276,-0.0006506608422521265,-0.0007671371550081081,0.07225781762098242,-0.07302495477599052,0.028253170955971848,0.018271203961924817,0.8525784753363229,0.1415906835932018,0.11734202590472015
2024-11-19,0.021764963261725435,-0.2160121062576959,-0.3987012584460624,2.866040856225327e-05,0.00866698254714702,0.07103119981091907,-0.06236421726377205,0.028316416705078725,0.01827574408670875,0.8859010270774976,0.1341651533272296,0.11786375055736628
2024-11-20,0.022433339509838647,-0.19357876674785726,-0.39829478064928886,0.0008187540485529721,0.011673807061436404,0.08679350209454578,-0.07511969503310938,0.028380420670866907,0.018304789324283137,0.9052061951856689,0.13642310163240529,0.11817934930152024
2024-11-21,0.004705657649211983,-0.18887310909864527,-0.39781033852308667,0.0016210050057478553,0.011099738998081778,0.08644689102259623,-0.07534715202451445,0.028240283694663557,0.01833322902004868,0.9052061951856689,0.13438541929166767,0.11820964398699021
2024-11-22,-0.03662157811380268,-0.22549468721244795,-0.39721482131608704,0.002540740440228284,-0.028554659969662458,0.05019584379029569,-0.07875050375995815,0.028740884872434737,0.018359085349270984,0.846856929677299,0.1400155323253696,0.11830770710130711
2024-11-25,0.012704042534828009,-0.21279064467761993,-0.3965715672062775,0.0033434682170927488,-0.009905714423959008,0.04238010586990397,-0.05228582029386298,0.028628956894366047,0.018404463288491227,0.8667910447761195,0.13776931468383963,0.11859363858651747
2024-11-26,-0.011049913045268393,-0.22384055772288833,-0.3960530367516035,0.003891902691434801,-0.01915842801504327,0.0062689513951716645,-0.025427379410214935,0.028678662318347536,0.018424925717073083,0.8604737922029472,0.12855726872966516,0.11881452790367109
2024-11-27,0.016433351527831614,-0.2074072061950567,-0.39561649946653094,0.004380456259769572,-0.012524481596054002,0.03898147306541111,-0.05150595466146511,0.028707902355371583,0.018426820316876272,0.880223880597015,0.12895688367327654,0.11890289372672228
2024-11-28,0.0022101500433610102,-0.2051970561516957,-0.39514620000191997,0.004932126502504186,-0.015944753960569873,0.0401971735561151,-0.056141927516684974,0.028598821385177647,0.018435575204978294,0.8766330720418066,0.13405586791379143,0.11900337519471732
2024-11-29,0.015269572054938773,-0.18992748409675692,-0.39443010625585495,0.005762104147332192,-0.006818814274125935,0.04344891838877099,-0.05026773266289693,0.028624717751201307,0.018444352906647615,0.8933631618195377,0.13749779143639326,0.11905994376310211
2024-12-02,0.02178105768122351,-0.1681464264155334,-0.3934464668005109,0.007108022907248046,0.022883133397306684,0.09927940354011269,-0.076396270142806,0.028681136897104196,0.018455921509593673,0.9130921298023126,0.12964469601084985,0.11912795561679264
2024-12-03,0.0018253825675625661,-0.16632104384797083,-0.39222406625665257,0.00859820003605899,0.017171315164124557,0.07890974837013978,-0.06173843320601523,0.02863508150536709,0.018476141828483887,0.9138381201044387,0.12377920460236073,0.11946237360883613
2024-12-04,-0.015092674904950363,-0.1814137187529212,-0.3909934167838992,0.009913576659217715,-0.008667450749111797,0.03160316984893906,-0.04027062059805085,0.028611215006916733,0.01848944295531419,0.8940693770980978,0.11890352875223016,0.11946237360883613
2024-12-05,0.012636174073513267,-0.16877754467940792,-0.3894786972284271,0.011452280520053426,0.006300198579526252,0.03527623655741764,-0.02897603797789139,0.02862151986731862,0.01849983930050407,0.8989936638091688,0.11675192058467772,0.11946237360883613
2024-12-06,0.008619553300226585,-0.16015799137918132,-0.38749531341633286,0.01324590123285646,0.01942668881455503,0.019731871346480023,-0.0003051825319249947,0.02857330781548965,0.018511035709482957,0.9140566741237882,0.11480309759225665,0.11946237360883613
2024-12-09,-0.004848828198636118,-0.16500681957781743,-0.3856737732729927,0.014768758089213574,0.006154783501979543,0.014402385849889114,-0.008247602347909572,0.028606099193261635,0.0185177364665877,0.9145841104065647,0.12050988997673291,0.11988395059273185
2024-12-10,0.007181825829498073,-0.15782499374831935,-0.3837370910892242,0.01631877964974021,0.02012835834072336,0.0006171745369874092,0.019511183803735954,0.028428765326306407,0.018520843386486185,0.9168685927306617,0.12228021696238638,0.11988395059273185
2024-12-11,0.011671269747851465,-0.1461537240004679,-0.3820528811653903,0.01762763396521344,0.02527573129983274,0.022501391535244882,0.002774339764587859,0.028411283349484687,0.018544376020911565,0.9254565784569512,0.12333097441414592,0.11988395059273185
2024-12-12,0.009601925443315965,-0.13655179855715194,-0.3804802732150499,0.01889384570013075,0.029650406256116615,0.030044249816241708,-0.0003938435601250935,0.02841322247194542,0.01857860748923465,0.9325507732438979,0.12338439262390107,0.11988395059273185
2024-12-13,-0.017195168139959895,-0.15374696669711183,-0.3790596176754362,0.020093278197400755,0.022376917876238897,0.042073219670530286,-0.01969630179429139,0.028543053639887957,0.018629874649091875,0.9142750652254938,0.12619448542793607,0.12004963958567852
2024-12-16,-0.007044026068144251,-0.16079099276525607,-0.37775254254421403,0.02125286844300789,0.021510555416628684,0.05370932948738988,-0.032198774070761195,0.0285708462869854,0.01868706631682647,0.9067039106145252,0.13151514754827295,0.12013565026125719
2024-12-17,-0.03637676487237545,-0.19716775763763153,-0.37673440821232534,0.022236218599702262,-0.017919622552285693,0.04060931188178971,-0.058528934434075405,0.02900370149186435,0.01874551315480365,0.8772125954909633,0.11977084750262133,0.12013565026125719
2024-12-18,0.004216789163852758,-0.19295096847377877,-0.375818028504065,0.02288322994199743,-0.013494571729540659,0.023061137783917038,-0.0365557095134577,0.028952261297767932,0.01880025393471941,0.8796796423915068,0.12030817718049851,0.12019570512424801
2024-12-19,0.0010815216304029417,-0.1918694468433758,-0.37496550041027704,0.023329280239011818,0.0004828156125696885,0.0017093199044813307,-0.0012265042919116422,0.028887345891747723,0.0188809069555074,0.8763040238450075,0.11863792381633204,0.12013565026125719
2024-12-20,0.01023859101727013,-0.1816308558261057,-0.3742031574395245,0.02360718108356219,0.006439881775251386,0.007242253272539478,-0.0008023714972880914,0.028866566426940826,0.018960829650581698,0.8851665736087847,0.11997574881204259,0.12004963958567852
2024-12-23,-0.041870694848470724,-0.22350155067457642,-0.3733385657730029,0.023876255543084146,-0.03402245783491588,0.0019931365378714344,-0.03601559437278731,0.02951668155068615,0.019066961882820088,0.829640662818842,0.11979046655604778,0.1199950949584471
2024-12-24,0.00907239938295241,-0.21442915129162401,-0.3726113627035092,0.023960204502768312,-0.01687403707988163,-0.0016385066140041649,-0.015235530465877466,0.029279681116846454,0.019166903324223702,0.852727611245578,0.11696909667847027,0.11988310768404518
2024-12-25,-0.020955849931564224,-0.23538500122318823,-0.3720413199009797,0.02401171685062381,-0.04621252716820787,-0.011544443500299996,-0.03466808366790787,0.029452602183028174,0.019657015599690075,0.8094262295081968,0.12041854336597083,0.11988310768404518
2024-12-26,0.011732046471101688,-0.22365295475208655,-0.37141444705510046,0.024202052411430475,-0.03981114816898049,-0.01624574855702992,-0.023565399611950567,0.029232431215059373,0.020292926436241105,0.827252419955324,0.1286096230018674,0.11988310768404518
2024-12-27,0.006264863873095442,-0.2173880908789911,-0.3706736250025762,0.024472574999343744,-0.029339794092733157,-0.012191034727295491,-0.017148759365437666,0.028611496466141875,0.02047782949890657,0.8467411545623836,0.12156990463154996,0.11988310768404518
2024-12-30,-0.011861769028572292,-0.2292498599075634,-0.3700427483556438,0.024387357900211126,-0.039750998675949556,-0.039322375810806554,-0.0004286228651430024,0.02514430188473869,0.020511626535945078,0.825041922861934,0.13026848789854906,0.11988310768404518
2024-12-31,-0.02394779107702831,-0.25319765098459174,-0.3694839706564984,0.02396249614401247,-0.0599285836718985,-0.08505122456905838,0.025122640897159876,0.022910232907424503,0.020608286140602994,0.7675977653631285,0.1282485640725261,0.11988310768404518
2025-01-02,-0.01842511602099051,-0.27162276700558224,-0.36906712878068093,0.02315693747597164,-0.0665700379068214,-0.10530172315761145,0.03873168525079006,0.01913819340729798,0.020608286140602994,0.7094430992736077,0.12580595316780427,0.11988310768404518
2025-01-03,-0.035769055458250223,-0.30739182246383245,-0.3689234022517915,0.022070014532107718,-0.10374272226484259,-0.1259781037109113,0.022235381446068722,0.01971189908779697,0.020608286140602994,0.5791139240506329,0.13087672110649473,0.11988310768404518
2025-01-06,-0.005514824921436302,-0.31290664738526874,-0.3688637803106044,0.02061491691782269,-0.10114841346257518,-0.14412910270586088,0.0429806892432857,0.018921099435373106,0.020608286140602994,0.5735567970204841,0.12999151566092387,0.11988310768404518
2025-01-07,0.021510379268186476,-0.29139626811708225,-0.36869876204367985,0.018796551372653014,-0.08054938261049091,-0.13123827673790098,0.05068889412741007,0.018679261288781345,0.020608286140602994,0.6376326074818537,0.12125063101188384,0.1199950949584471
2025-01-08,-0.0005349984012763478,-0.2919312665183586,-0.3685068960772988,0.017166877195693875,-0.06865524938183411,-0.12692444694054122,0.05826919755870712,0.018555039960558663,0.020608286140602994,0.6214405360134003,0.12464289587910592,0.12004963958567852
2025-01-09,0.003675082155785691,-0.2882561843625729,-0.3683736344766048,0.015363456612619397,-0.06412747917811387,-0.1304311906142536,0.06630371143613972,0.018552494337874228,0.020608286140602994,0.6254186825455899,0.12003281482943776,0.12005882644797161
2025-01-10,-0.02864424469138196,-0.3169004290539548,-0.36847836719618343,0.013574513969206892,-0.08091500644593963,-0.17074670505348705,0.08983169860754742,0.01893554062996343,0.020608286140602994,0.5348837209302325,0.1244339502093052,0.12013565026125719
2025-01-13,0.0005126223638913723,-0.31638780669006344,-0.3685640170462278,0.011916256168822081,-0.08726773260697125,-0.17983600813291162,0.09256827552594037,0.018404251100374094,0.020608286140602994,0.5476367696315594,0.12034763985763003,0.12019570512424801
2025-01-14,0.046900805264030475,-0.269487001426033,-0.3684691767337682,0.010590440941668,-0.05888737869309268,-0.11574003472892125,0.05685265603582857,0.01915630594299115,0.020608286140602994,0.6866282313557746,0.1166565522579058,0.12019570512424801
2025-01-15,-0.00426655019689092,-0.2737535516229239,-0.36839524172922417,0.009357300814989866,-0.07878358258165356,-0.11296255885766793,0.034178976276014364,0.019146618517518466,0.020608286140602994,0.6692693809258227,0.10804408457335776,0.12019570512424801
2025-01-16,0.006254315585934293,-0.2674992360369896,-0.3682165705896186,0.008517837622706748,-0.07582376080939897,-0.07033147839935817,-0.005492282410040794,0.019152505168999506,0.020608286140602994,0.6900910949990705,0.10640398379518148,0.12013565026125719
2025-01-17,0.00033785085271711323,-0.2671613851842725,-0.36791038931376235,0.007907639190302629,-0.07108992666347988,-0.07421041671049383,0.003120490047013952,0.019152409512426888,0.020608286140602994,0.698214949795463,0.10445966691697854,0.12013565026125719
2025-01-20,0.008604300119165121,-0.2585570850651074,-0.36755619647213966,0.007409303938137379,-0.059300164901012156,-0.06668763822173165,0.007387473320719498,0.018998691536641465,0.020608286140602994,0.7247535800632323,0.10401780380702885,0.12013565026125719
2025-01-21,-0.001517292195938783,-0.26007437726104615,-0.3670512602013459,0.007151897238178606,-0.04223189467713814,-0.07844352143494056,0.036211626757802415,0.018710791371941673,0.020608286140602994,0.7045919315857966,0.10498949175309076,0.12013565026125719
2025-01-22,-0.011674573921318173,-0.2717489511823643,-0.3667130760983314,0.00662548967467147,-0.032603088358044034,-0.04824740050778801,0.015644312149743975,0.01865433072814932,0.020608286140602994,0.6750882407579417,0.10516365443204574,0.12013565026125719
2025-01-23,-0.0018438166565327904,-0.2735927678388971,-0.36644133642217624,0.006170026281332952,-0.03781847490523065,-0.05916361654727321,0.021345141642042556,0.018654274922695658,0.020608286140602994,0.6760772659732541,0.10140068593693945,0.12013565026125719
2025-01-24,0.011102743041826766,-0.2624900247970703,-0.36621923655109584,0.0058220833498838775,-0.018763787589219347,-0.02710502357388222,0.008341235984662871,0.01864426346166529,0.020608286140602994,0.7045158892399183,0.09884997620317629,0.12013565026125719
2025-01-27,-0.011341130181979877,-0.27383115497905014,-0.3660422039010374,0.005372243154063039,-0.04595586352105169,-0.05017820022696379,0.0042223367059121,0.018175978596275556,0.020608286140602994,0.6900780379041248,0.09838948825400207,0.12013565026125719
2025-02-05,0.009256097088260001,-0.26457505789079017,-0.36577611852453196,0.004897506478044267,-0.02451026305440088,-0.047186967011799225,0.022676703957398344,0.01798262270297604,0.020608286140602994,0.7065378900445766,0.09620814747210572,0.12013565026125719
2025-02-06,0.02318232099002064,-0.2413927369007695,-0.36526740009500996,0.00477534826063386,0.0026045624748871725,-0.012142876993206288,0.014747439468093461,0.017741844496334095,0.020608286140602994,0.7491179201485608,0.10401853939416962,0.12013565026125719
2025-02-07,0.014158708721065165,-0.22723402817970434,-0.3647574175815507,0.004726553074947681,0.017499876378570856,0.025963622804887183,-0.008463746426316327,0.01780125965649079,0.020608286140602994,0.7820274786483475,0.10894105698508584,0.12013565026125719
2025-02-10,0.0181754873370863,-0.20905854084261805,-0.3640609464000868,0.0050061823805941374,0.060827238608117624,0.062564226162964,-0.0017369875548463795,0.01767763810980106,0.020608286140602994,0.8130684982364953,0.11735809767239035,0.12013565026125719
2025-02-11,-0.0019660731060860658,-0.21102461394870412,-0.3633787436821552,0.005544658569636263,0.06384971215387378,0.09636720851512816,-0.03251749636125438,0.01767819214182663,0.020608286140602994,0.8018937987374675,0.12578401802282535,0.12019570512424801
2025-02-12,0.010241227021373608,-0.2007833869273305,-0.3626064682290947,0.006257312081509703,0.08497814741175908,0.11212326045793806,-0.02714511304617899,0.017510595100429818,0.020608286140602994,0.8134051243965837,0.12242420803688486,0.1202565624864928
2025-02-13,-0.01085522962601839,-0.2116386165533489,-0.36171266279004116,0.006986099253638689,0.1329595120590239,0.0797576515637332,0.0532018604952907,0.017516700916134886,0.020608286140602994,0.797475403749768,0.12071115114434919,0.12032790851906427
2025-02-14,0.0024559047962195626,-0.20918271175712932,-0.3604717584260939,0.008035137651204893,0.13225875488237226,0.08274855476122911,0.049510200121143155,0.017517841518522405,0.020608286140602994,0.7981804678796881,0.12308765026734696,0.1203482439994723
2025-02-17,0.012346568074888646,-0.19683614368224067,-0.3594546041016686,0.008919030374936243,0.13071050497546366,0.09142004068033208,0.03929046429513158,0.01718996991768559,0.020608286140602994,0.8133234366301726,0.1270817435345906,0.12038369575364272
2025-02-18,-0.024464831308933715,-0.22130097499117438,-0.3585500875227991,0.009928279673384333,0.07341368821839729,0.09559945406278032,-0.022185765844383032,0.017312205825914483,0.020608286140602994,0.7683741648106904,0.12300024157080804,0.12043529429180666
2025-02-19,0.0216843023550984,-0.19961667263607596,-0.3575024824284299,0.011061534617797908,0.09964027643781154,0.11677113405398734,-0.017130857616175804,0.017265591488818233,0.020608286140602994,0.7984409799554566,0.12459976468848151,0.1204809675971877
2025-02-20,0.009519919774194203,-0.19009675286188177,-0.35637295350068365,0.012096223233084569,0.14304948044788157,0.07939024856415106,0.06365923188373052,0.01708301287478972,0.020608286140602994,0.8145535548542788,0.1269357291503543,0.12061052056054106
2025-02-21,0.008890443126405485,-0.18120630973547627,-0.355230712855533,0.013164528873691184,0.1836680077488744,0.09254724188744748,0.09112076586142692,0.016875595553670252,0.020608286140602994,0.8118389311560587,0.14001002369886506,0.12079744621535168
2025-02-24,0.0026432010300471353,-0.17856310870542913,-0.3541644349426385,0.014052135646980102,0.23223804391419325,0.08893612733156031,0.14330191658263294,0.016868374170909948,0.020608286140602994,0.8213887857408095,0.13599695895420447,0.12079744621535168
2025-02-25,-0.004533959775104638,-0.18309706848053378,-0.3531374268783835,0.014772962435378845,0.24444654482306524,0.08406431670373857,0.16038222811932668,0.016176573295388026,0.020608286140602994,0.8033060921248143,0.13642874501507005,0.12079744621535168
2025-02-26,0.014184092177653335,-0.16891297630288044,-0.35210784901206216,0.015448347460077505,0.3028084794709514,0.08964410876222677,0.21316437070872463,0.01619629454919301,0.020608286140602994,0.833983286908078,0.13538925052479542,0.12079744621535168
2025-02-27,-0.00047699812972839563,-0.16938997443260884,-0.3512124468052078,0.015838813396138074,0.38744477936542204,0.09068440282843718,0.29676037653698484,0.016123294802455227,0.020608286140602994,0.8342931450863831,0.1355603419777049,0.12079744621535168
2025-02-28,-0.03167863953417893,-0.20106861396678777,-0.35044425327947487,0.016268822818856554,0.3282462342790549,0.07068033721557641,0.2575658970634785,0.016529328555227034,0.020608286140602994,0.7869217908229612,0.1245584332766565,0.12079744621535168
2025-03-03,0.005989414496198289,-0.1950791994705895,-0.34974916318882493,0.016692173233351315,0.35008223103142977,0.07851356836830749,0.2715686626631223,0.016544677681226798,0.020608286140602994,0.7992938115591898,0.12319511223392267,0.12079744621535168
2025-03-04,0.013525663107133528,-0.18155353636345598,-0.3490147994768801,0.01720443707421576,0.30144217240378496,0.08093648843361426,0.2205056839701707,0.01651921142173615,0.020511626535945078,0.8196173137655582,0.13188003590103392,0.12079744621535168
2025-03-05,0.0030690982758232147,-0.17848443808763276,-0.34819982408727623,0.01784237981376119,0.272588950537603,0.09534671689141735,0.17724223364618566,0.016278596105885283,0.02047782949890657,0.8080639167595689,0.1279316080065166,0.12079744621535168
2025-03-06,0.015529656376489565,-0.1629547817111432,-0.34737054781976234,0.018405570704769614,0.27492329290870826,0.10162027617964692,0.17330301672906134,0.01640276917743126,0.020292926436241105,0.8312267657992565,0.12227865109646559,0.12079744621535168
2025-03-07,-0.004419027309755399,-0.1673738090208986,-0.3465064144203641,0.018760985674645847,0.25483220998878514,0.07401892787987087,0.18081328210891429,0.016293204300053314,0.019926452149479724,0.8210369819736109,0.11950974000778299,0.12061052056054106
2025-03-10,0.006236422606736534,-0.16113738641416206,-0.34552683630744485,0.019230581274105873,0.2396572376012103,0.06609664176554224,0.17356059583566807,0.01623146891121558,0.01943410251539406,0.8368333023601561,0.1163998144554897,0.1204809675971877
2025-03-11,0.004349922603055913,-0.15678746381110614,-0.3445632597062172,0.019497686693869587,0.21943944631475,0.052271077031511855,0.16716836928323814,0.01620294127490544,0.019154405555995326,0.8463967310549777,0.11666486396618296,0.12043529429180666
2025-03-12,0.0043267726961815755,-0.15246069111492458,-0.3435407855108192,0.019837958171336045,0.20991437448602795,0.058563922833779494,0.15135045165224847,0.01619916235394564,0.0191524573407132,0.8497120564740851,0.11591534938626041,0.12043529429180666
2025-03-13,-0.01087913034003835,-0.16333982145496292,-0.34259367685044834,0.020012791378646366,0.17075962852166393,0.03744356547236753,0.13331606304929638,0.016235163858636454,0.019149514014972675,0.8430826369545033,0.12018423386961248,0.12043529429180666
2025-03-14,0.01735897194331041,-0.14598084951165252,-0.34162285371329437,0.02008980907674679,0.25043903446723326,0.06565776704169633,0.1847812674255369,0.016321387624593616,0.019142405962408224,0.8744661095636026,0.1171249190370843,0.12038369575364272
2025-03-17,0.0062544031003563105,-0.13972644641129622,-0.3406347983808309,0.01983696004526303,0.22014331877907792,0.06945626534583309,0.15068705343324484,0.01629371671368744,0.019068442471969725,0.8819702602230484,0.11549378932034464,0.12038369575364272
2025-03-18,0.005262114387822756,-0.13446433202347347,-0.3395688884906107,0.019885715611057897,0.21492922970561112,0.062371811658767186,0.15255741804684395,0.016150570158392146,0.01898591732102596,0.8847224800445517,0.11785038048482986,0.1203482439994723
2025-03-19,-0.008252185887112774,-0.14271651791058623,-0.33856918755427073,0.019980899968528365,0.2063110060173408,0.07858445708058814,0.12772654893675264,0.0161606587387444,0.018960829650581698,0.8822436849925706,0.11021221161695673,0.12032790851906427
2025-03-20,-0.003147264992832642,-0.14586378290341886,-0.33749195549884947,0.02001052692958044,0.21968871848042967,0.053752889732657086,0.16593582874777257,0.015435518854412186,0.018942028412858185,0.8809877460081693,0.10736966738983722,0.1202473198182537
2025-03-21,-0.017906194758689816,-0.16376997766210868,-0.3364513963586655,0.019921557142018154,0.1916552116319308,0.026326775199773073,0.16532843643215772,0.01561701914010393,0.01892832003266827,0.8657880081678114,0.11326463620664705,0.1201853481628107
2025-03-24,-0.01486575221161423,-0.17863572987372292,-0.33551186272582356,0.01971885012970942,0.18631746093994306,0.0025705798617533544,0.1837468810781897,0.015741922942806765,0.01886719857531748,0.8364581399665862,0.11318632716876556,0.12010852434952513
2025-03-25,-0.002382888709242858,-0.18101861858296578,-0.3345337953389203,0.019630639603718192,0.17397252358611526,-0.002455509877536639,0.1764280334636519,0.015690028225905834,0.018762044543601763,0.839517625231911,0.11726756368699946,0.12000428182074017
2025-03-26,0.008533344823714553,-0.1724852737592512,-0.3335211078699797,0.019616319008403826,0.1636518544824805,0.010611794721282552,0.15304005976119797,0.014729615973516609,0.018707303763686005,0.854572435540716,0.11722992307018353,0.12000428182074017
2025-03-27,-0.0048971913916769595,-0.17738246515092818,-0.3324973949054493,0.019610454106612885,0.1474485704717488,-0.008469488848047744,0.15591805931979655,0.014707838946720295,0.01869153872210584,0.849406528189911,0.11193257277683077,0.11988310768404518
2025-03-28,-0.0150490544857419,-0.19243151963667007,-0.331580176404937,0.019632270400270824,0.13196840186531447,-0.02304154520406125,0.1550099470693757,0.014580205825698607,0.01867478888350197,0.8176590613986273,0.10496338670628144,0.11978065702933455
2025-03-31,-0.012244840727953454,-0.20467636036462353,-0.33062771502668303,0.019816538252791838,0.12562809942993816,-0.0036077463978357715,0.12923584582777392,0.014601720990636264,0.018662323603185958,0.7798998702021138,0.10503562690973568,0.11964029375520216
2025-04-01,0.011100922093890402,-0.19357543827073312,-0.32958236528606266,0.020166797902762268,0.1213330662306439,0.0015037611998563408,0.11982930503078755,0.014648386383381194,0.01865430282542249,0.8180637982195845,0.10671752818285468,0.11929718205215406
2025-04-02,0.0018608505454380862,-0.19171458772529504,-0.32842692928164674,0.020587870195233338,0.10423929741293904,-0.010161051361839101,0.11440034877477814,0.014560608859350918,0.018649269192180476,0.8129403040415276,0.10818843210113308,0.11905994376310211
2025-04-03,-0.006008077125233849,-0.1977226648505289,-0.32711461185852597,0.02108521222875026,0.10153517183064151,-0.019238226762896164,0.12077339859353767,0.014227842815877858,0.018616848140813224,0.8038197663638049,0.11520257409382928,0.11905994376310211
2025-04-07,-0.13133152280711521,-0.3290541876576441,-0.32654582818356703,0.02082471963619531,-0.0405991237396682,-0.16609940594650094,0.12550028220683274,0.022112294906668623,0.018616848140813224,0.3782229641995919,0.14545698170130467,0.11929718205215406
2025-04-08,0.00666346147878802,-0.32239072617885606,-0.3259744741000884,0.02053194032027572,-0.033850173647129625,-0.1550169171579575,0.12116674351082789,0.021653848961600955,0.018616848140813224,0.3801928783382789,0.1511469516238716,0.11964029375520216
2025-04-09,0.027277898729097062,-0.295112827449759,-0.3253287754630961,0.020198060844348775,0.008120636508339402,-0.133975441035597,0.1420960775439364,0.021930786437718074,0.018616848140813224,0.45264133456904543,0.14246050635389268,0.11978065702933455
2025-04-10,0.027757662703823117,-0.26735516474593585,-0.32452589276016075,0.020037366946056456,0.061042475609588184,-0.11056770093482979,0.17161017654441796,0.02204772932885897,0.018616848140813224,0.5286376274328082,0.1404193686425186,0.11988310768404518
2025-04-11,0.007904306964624882,-0.25945085778131094,-0.3236861870004134,0.019854598510405774,0.06994479560833232,-0.10699016666638649,0.1769349622747188,0.022068568626419528,0.018616848140813224,0.5485724879495736,0.1259864282001196,0.12000428182074017
2025-04-14,0.018307936004678133,-0.2411429217766328,-0.32272935595686947,0.01986432089357887,0.1199187096431796,-0.07780310032167001,0.19772180996484962,0.02218433730109014,0.018616848140813224,0.6061561283144817,0.12399501628402144,0.12010852434952513
2025-04-15,-0.00013307193099516804,-0.24127599370762795,-0.32183422317823407,0.019788630535060303,0.09810977807760901,-0.09529514419597558,0.19340492227358458,0.021846050785404632,0.018616848140813224,0.6095344092005194,0.12343229363387227,0.1201853481628107
2025-04-16,-0.014644203624423572,-0.2559201973320515,-0.3209883373548669,0.019646461025963957,0.07202050573788815,-0.11619375092075547,0.1882142566586436,0.021942264303183724,0.018616848140813224,0.5642261353104726,0.13025994962537799,0.1202473198182537
2025-04-17,0.006369087067665281,-0.24955111026438623,-0.3200128510682198,0.01955603742239087,0.05735888874876364,-0.11508677824091294,0.1724456669896766,0.02111369922587448,0.018616848140813224,0.5866543095458758,0.13246277233757048,0.12032790851906427
2025-04-18,-0.001605186079935656,-0.2511562963443219,-0.31904116748231426,0.019528020071956476,0.05808138864641649,-0.10843977843373581,0.1665211670801523,0.02110666854765258,0.018616848140813224,0.5834260289210234,0.1290084116620774,0.1203482439994723
