mom_w,turn_w,lambda,mu,top_n,gate,vol_target,rebalance_w,is_sharpe,is_calmar,is_ann_ret,is_max_dd,is_worst_year,ann_tov
4,4,0.5,0.0,3,none,none,1,0.6974311512437353,0.4479559572991035,0.15772768026643513,-0.3521053302146827,-0.7362594384479353,20.25287356321839
4,4,0.5,0.0,3,none,none,2,0.702526092820065,0.4207587255883061,0.16325394755594846,-0.3879989590891699,-0.8632512532525906,13.724137931034482
4,4,0.5,0.0,3,none,none,4,0.5960760574386665,0.443037376307092,0.1398952558193336,-0.31576400389831893,-0.35312489441004835,9.770114942528735
4,4,0.5,0.0,3,none,0.15,1,0.8422500726041697,0.49233571496274997,0.1296004567614979,-0.2632359441388554,-0.7941251148287753,12.471606376628031
4,4,0.5,0.0,3,none,0.15,2,0.7827936872881773,0.41112043772919316,0.1242950496636932,-0.3023324511674287,-0.9418945755615211,8.692917482645335
4,4,0.5,0.0,3,none,0.15,4,0.742914776284004,0.6455263778069869,0.11655296877087684,-0.18055492816085406,-0.2092663646358569,6.385220314362706
4,4,0.5,0.0,3,none,0.2,1,0.7884121611902338,0.4874495775009049,0.15283300345436635,-0.31353602610124864,-0.7143039903369596,16.006273881725125
4,4,0.5,0.0,3,none,0.2,2,0.7240957294603451,0.4004837685673304,0.14221431665132944,-0.35510631844101814,-0.8572695629346694,10.922387904221582
4,4,0.5,0.0,3,none,0.2,4,0.6709413642000063,0.5644046487117724,0.13182161613775012,-0.23355870019608604,-0.31686639040694936,8.009382836581793
4,4,0.5,0.0,3,br30,none,1,0.6367975729312938,0.3665002644129365,0.125242445346178,-0.34172538878462344,-1.6796066012984303,16.068965517241377
4,4,0.5,0.0,3,br30,none,2,0.7600964479538025,0.5088178081180796,0.15803202820661477,-0.3105866691087604,-1.347975194736838,10.597701149425287
4,4,0.5,0.0,3,br30,none,4,0.6022763802011158,0.41014128221117174,0.12950785343499005,-0.31576400389831916,-1.8152316627541785,7.632183908045977
4,4,0.5,0.0,3,br30,0.15,1,0.7505612627040478,0.40476889706612745,0.1095034449572152,-0.2705332493453061,-1.574153623051755,10.84653850240208
4,4,0.5,0.0,3,br30,0.15,2,0.8646121174149399,0.5241260595223194,0.13208709319357204,-0.2520139779234679,-1.3704529258353553,7.360055998920764
4,4,0.5,0.0,3,br30,0.15,4,0.7178172908593661,0.4680816876102901,0.10680663290554326,-0.22817947322576537,-1.9461871573696625,5.364117672258345
4,4,0.5,0.0,3,br30,0.2,1,0.7025653575772978,0.39653036343400483,0.1226919529018724,-0.30941376554204836,-1.6544875562367043,13.079124427344697
4,4,0.5,0.0,3,br30,0.2,2,0.8108946480366834,0.5091597389009844,0.14728667966681241,-0.2892740105192313,-1.3660606935553699,8.73018843421113
4,4,0.5,0.0,3,br30,0.2,4,0.6830138313091857,0.48880050612137976,0.12392187136052257,-0.25352238757655887,-1.9117528600489753,6.34173421087558
4,4,0.5,0.0,3,br40,none,1,0.8572599277951202,0.7870668112129625,0.16035243478422379,-0.2037342097262389,-0.9765849384527899,14.0
4,4,0.5,0.0,3,br40,none,2,0.9057794630494591,0.7521265025262941,0.17711167738632527,-0.2354812345947529,-0.6806563187464406,9.402298850574711
4,4,0.5,0.0,3,br40,none,4,0.7688452246202285,0.5208685350361102,0.15569312512163447,-0.29891059768246653,-1.2075804673122064,6.7126436781609184
4,4,0.5,0.0,3,br40,0.15,1,1.008098836940008,0.8889152192727803,0.14259238195432689,-0.1604116780349215,-0.996543690141891,9.74560700663188
4,4,0.5,0.0,3,br40,0.15,2,1.0079452027990046,0.7903619010883447,0.14910357866018642,-0.18865228505431209,-0.7935256310015941,6.712374736518473
4,4,0.5,0.0,3,br40,0.15,4,0.9050667067515004,0.7682513587973148,0.13085499188666105,-0.17032835723390383,-1.3171752477780903,4.81777348538131
4,4,0.5,0.0,3,br40,0.2,1,0.9240289741171607,0.8354044003720343,0.15417836776888638,-0.1845553694716301,-1.0073071240147915,11.593770402927264
4,4,0.5,0.0,3,br40,0.2,2,0.9368914563490053,0.7332121629569369,0.1622983105195157,-0.22135245256296687,-0.7357585511481619,7.881854239890742
4,4,0.5,0.0,3,br40,0.2,4,0.8351716419055056,0.650599294601296,0.14483467577395737,-0.22261732678747492,-1.2839055936347936,5.6606510821282034
4,4,0.5,0.0,3,mkt_ma20,none,1,0.7371737286886428,0.5574408681303683,0.13648975326770652,-0.2448506398992364,-0.946645693588895,13.540229885057471
4,4,0.5,0.0,3,mkt_ma20,none,2,0.6648791950507594,0.45632857040822083,0.12828153919348906,-0.2811166065686648,-1.2953600424558078,8.988505747126435
4,4,0.5,0.0,3,mkt_ma20,none,4,0.7324793920156127,0.5053259801737079,0.14542004990100343,-0.2877747347385834,-1.901916167606762,6.390804597701149
4,4,0.5,0.0,3,mkt_ma20,0.15,1,0.8508070772234779,0.6108935635923175,0.12105767834828751,-0.1981649268596254,-1.0412260500880641,9.545451374955292
4,4,0.5,0.0,3,mkt_ma20,0.15,2,0.7249628470232435,0.4513883960517171,0.1063652005414375,-0.23564008616927512,-1.2953600424558078,6.5327391982136245
4,4,0.5,0.0,3,mkt_ma20,0.15,4,0.8438555233841322,0.5871820874623581,0.12248178916935393,-0.20859251633285858,-1.901916167606762,4.6883900918969275
4,4,0.5,0.0,3,mkt_ma20,0.2,1,0.7948257978159813,0.5948187748325552,0.1327520131358657,-0.22318060349261193,-0.998285076433971,11.281579064148461
4,4,0.5,0.0,3,mkt_ma20,0.2,2,0.6873718357335752,0.4424974205416874,0.11853222242400507,-0.2678709907029576,-1.2953600424558078,7.629018860776601
4,4,0.5,0.0,3,mkt_ma20,0.2,4,0.8163465236824082,0.6179268081385599,0.14078630000547787,-0.22783653039683116,-1.901916167606762,5.447995854348789
4,4,0.5,0.0,3,mkt_ma50,none,1,0.9420328516378094,1.007080559282496,0.1689461026792236,-0.167758280230919,-0.04896087446303232,12.71264367816092
4,4,0.5,0.0,3,mkt_ma50,none,2,0.7965351774561094,0.7110375691730213,0.14881684760341551,-0.20929533692080193,-1.0581250451126238,8.620689655172413
4,4,0.5,0.0,3,mkt_ma50,none,4,0.45367039692303734,0.27351885994152,0.08636741035683793,-0.31576400389831916,-1.4721982120018198,5.9080459770114935
4,4,0.5,0.0,3,mkt_ma50,0.15,1,1.1015102919911408,1.390751618371472,0.14296186671438615,-0.10279467938479925,-0.11916383449323925,7.876714629706979
4,4,0.5,0.0,3,mkt_ma50,0.15,2,0.9113989137644247,0.8929981068094952,0.12557876699439374,-0.14062601705065392,-1.0647163017686976,5.6132269846858955
4,4,0.5,0.0,3,mkt_ma50,0.15,4,0.4930563140533467,0.31691432383237916,0.06384506333920958,-0.2014584338351908,-1.4721982120018198,3.854746047552458
4,4,0.5,0.0,3,mkt_ma50,0.2,1,1.0155961194265726,1.1675418850089598,0.15792350304197678,-0.1352615311447819,-0.11916383449323911,9.733201414498648
4,4,0.5,0.0,3,mkt_ma50,0.2,2,0.8114639638327118,0.7179884343784277,0.13200193628469536,-0.1838496693877405,-1.0647163017686974,6.851020358077562
4,4,0.5,0.0,3,mkt_ma50,0.2,4,0.482639725518932,0.326908698063062,0.07635237060240341,-0.2335587001960857,-1.4721982120018198,4.6926078395287085
4,4,0.5,0.0,4,none,none,1,0.814371951276103,0.5250097639641897,0.1685761169839477,-0.3210913940172855,-0.6322820609941497,18.103448275862068
4,4,0.5,0.0,4,none,none,2,0.6952331845071676,0.4173570945693122,0.1464564698576325,-0.3509140536086176,-0.7482578434960142,12.931034482758621
4,4,0.5,0.0,4,none,none,4,0.5975981131467526,0.46456988549552664,0.1233373230859085,-0.26548712462141744,-0.2711316638203374,9.137931034482758
4,4,0.5,0.0,4,none,0.15,1,0.899533508155283,0.5098628908230513,0.13739411138902025,-0.26947266385131585,-0.7189738842133605,11.975392724957084
4,4,0.5,0.0,4,none,0.15,2,0.7943233816237761,0.41272135562647566,0.12337762652108686,-0.29893686100592054,-0.8170270032999584,8.881964418549394
4,4,0.5,0.0,4,none,0.15,4,0.6873904405688283,0.4942853260087455,0.10437179526616291,-0.21115697710256576,-0.2454590638439371,6.564702213236766
4,4,0.5,0.0,4,none,0.2,1,0.8606166291356103,0.531681621189415,0.16301244049455055,-0.3065978472791263,-0.6131297921688801,15.131051017079088
4,4,0.5,0.0,4,none,0.2,2,0.7354359938829775,0.4131277113551051,0.1397997087044247,-0.33839344314586406,-0.744386834358045,10.939380731748873
4,4,0.5,0.0,4,none,0.2,4,0.6260926327182874,0.48240544606703367,0.11795926615221397,-0.2445230813912136,-0.2722741093085187,8.099978936150944
4,4,0.5,0.0,4,br30,none,1,0.7542037931307279,0.4395482064325836,0.13539205929779574,-0.3080255073650533,-1.7206114243935338,14.620689655172413
4,4,0.5,0.0,4,br30,none,2,0.7503422454388368,0.5603403022412194,0.14186951600172204,-0.25318456558323554,-1.0710027099515573,10.103448275862068
4,4,0.5,0.0,4,br30,none,4,0.6367178758109235,0.44791820214698724,0.1189165155535985,-0.26548712462141755,-1.3346898307560864,7.068965517241379
4,4,0.5,0.0,4,br30,0.15,1,0.8474108079659567,0.4721712198031364,0.12061836794072911,-0.25545472252844814,-1.6246695676967022,10.377703587695743
4,4,0.5,0.0,4,br30,0.15,2,0.9040295256904057,0.6522665198032589,0.13365442431296715,-0.20490768766313638,-1.0850316089256096,7.344332988145765
4,4,0.5,0.0,4,br30,0.15,4,0.7295172859278997,0.5436185067924387,0.10392864794818202,-0.19117937790860284,-1.3573440844959468,5.284279643129553
4,4,0.5,0.0,4,br30,0.2,1,0.7792956900561824,0.4463610661610612,0.13111595227971673,-0.2937441506881022,-1.7200913531759534,12.478040537708706
4,4,0.5,0.0,4,br30,0.2,2,0.7907688723831715,0.5691510281048767,0.1366890323436074,-0.2401630245644042,-1.0740614416402334,8.765602548508005
4,4,0.5,0.0,4,br30,0.2,4,0.656840799680587,0.49932788900213504,0.1124217337441118,-0.22514611384670946,-1.3375248538004476,6.293840633440638
4,4,0.5,0.0,4,br40,none,1,0.9551895429427466,0.886011833463771,0.16315761157654585,-0.18414834363859245,-0.8891557704903037,12.689655172413794
4,4,0.5,0.0,4,br40,none,2,0.8966028932846637,0.7604374641441016,0.15891726019919483,-0.20898136624299757,-0.3204979566617576,9.0
4,4,0.5,0.0,4,br40,none,4,0.7383034040497182,0.5174325311577406,0.1301059204442101,-0.2514451887149457,-0.8819468880873002,6.172413793103448
4,4,0.5,0.0,4,br40,0.15,1,1.0784091050571998,1.0137574641360814,0.14905581401123968,-0.14703301261339097,-0.8861186769812779,9.213614450398097
4,4,0.5,0.0,4,br40,0.15,2,1.0456058578966638,0.922567966058694,0.148455051494639,-0.160915029522274,-0.37647987447843767,6.69059928762685
4,4,0.5,0.0,4,br40,0.15,4,0.837560724007799,0.7001747066184059,0.11503762506156212,-0.16429845861921066,-0.8736729645954613,4.6720112659689885
4,4,0.5,0.0,4,br40,0.2,1,0.9732259044632682,0.8958713472516169,0.1567935854321154,-0.17501797095434724,-0.9143357384066501,11.016898476814097
4,4,0.5,0.0,4,br40,0.2,2,0.9158283992196936,0.7637093732797081,0.15040501816732577,-0.19694012333699618,-0.33942650163103344,7.928855281969152
4,4,0.5,0.0,4,br40,0.2,4,0.745724381796786,0.5641479141848216,0.12121694863120491,-0.214867316856715,-0.8728464488516517,5.540281987462645
4,4,0.5,0.0,4,mkt_ma20,none,1,0.8521313220107749,0.7026855407375857,0.1434252232171025,-0.2041101102871048,-0.7153974756458752,12.24137931034483
4,4,0.5,0.0,4,mkt_ma20,none,2,0.667941463165849,0.483466529957257,0.11706560318495529,-0.24213796805190424,-1.0150059962204312,8.586206896551724
4,4,0.5,0.0,4,mkt_ma20,none,4,0.7580668140865519,0.5724230106293381,0.1290914109805108,-0.22551750817736005,-1.2216496271971236,5.862068965517241
4,4,0.5,0.0,4,mkt_ma20,0.15,1,0.9582073548622159,0.8044010237689869,0.1328962520773902,-0.16521144074967786,-0.7807533780808904,8.995623608809868
4,4,0.5,0.0,4,mkt_ma20,0.15,2,0.784127647261643,0.555689768652119,0.11128036372230454,-0.20025627607329566,-1.0150059962204312,6.484268377668405
4,4,0.5,0.0,4,mkt_ma20,0.15,4,0.871990644206418,0.710069865294601,0.11949744288331887,-0.1682896975690421,-1.2216496271971236,4.531661580403668
4,4,0.5,0.0,4,mkt_ma20,0.2,1,0.8636302429586803,0.7173654387399202,0.138290120498195,-0.19277499727489922,-0.741376440867194,10.676227342963063
4,4,0.5,0.0,4,mkt_ma20,0.2,2,0.6799136311638536,0.47872310432043846,0.11132357791447367,-0.23254273067204634,-1.0150059962204312,7.626913551961664
4,4,0.5,0.0,4,mkt_ma20,0.2,4,0.79334252033385,0.6464864968179097,0.12617525861975043,-0.1951707564516837,-1.2216496271971236,5.282744714437067
4,4,0.5,0.0,4,mkt_ma50,none,1,1.0833798408253101,1.1935234122448182,0.1765952946155136,-0.14796131588518013,-0.17534731351760294,11.275862068965518
4,4,0.5,0.0,4,mkt_ma50,none,2,0.8057916355360505,0.7397566018514854,0.13840070913501368,-0.18708952213284769,-1.5569397484778,8.172413793103448
4,4,0.5,0.0,4,mkt_ma50,none,4,0.4339238348874823,0.26928971133885476,0.07149295115348409,-0.26548712462141755,-1.6760478914207084,5.517241379310345
4,4,0.5,0.0,4,mkt_ma50,0.15,1,1.1598532402073103,1.4716072835392657,0.147773322557069,-0.10041627559879229,-0.23179578167395043,7.340787585313798
4,4,0.5,0.0,4,mkt_ma50,0.15,2,0.9071406036330035,0.949958931906778,0.12181612586890633,-0.12823304437423877,-1.5535116085476979,5.579420548110822
4,4,0.5,0.0,4,mkt_ma50,0.15,4,0.4288674878644817,0.24215021706641493,0.05285816818490452,-0.21828668512160376,-1.6760478914207084,3.8364487595668617
4,4,0.5,0.0,4,mkt_ma50,0.2,1,1.091189378168336,1.2483081333993087,0.16493981426904059,-0.1321306894155112,-0.23179578167395057,9.156313975642814
4,4,0.5,0.0,4,mkt_ma50,0.2,2,0.8080435166903732,0.7444983119946607,0.12727348172307007,-0.1709520084499303,-1.5535116085476974,6.9001000569484905
4,4,0.5,0.0,4,mkt_ma50,0.2,4,0.4237218404460962,0.25979588917582835,0.06315803102362527,-0.24310635254463275,-1.6760478914207084,4.740137863683794
4,4,0.5,0.0,5,none,none,1,0.8202882895394733,0.557236888976339,0.1638984490136357,-0.2941270620376948,-0.5923862240921397,17.062068965517245
4,4,0.5,0.0,5,none,none,2,0.8492177056517591,0.5736396010715094,0.1662554275592465,-0.28982557558560407,-0.5029013024469586,11.793103448275861
4,4,0.5,0.0,5,none,none,4,0.6859174840370819,0.5115677097484338,0.13208594880927715,-0.25819837001485324,-0.5665347074957227,8.537931034482758
4,4,0.5,0.0,5,none,0.15,1,0.8752542114205397,0.5186237414255981,0.13293285203580374,-0.2563184856720917,-0.6655290076440591,11.7836681428176
4,4,0.5,0.0,5,none,0.15,2,0.8914613595702219,0.558067089139894,0.13540793359474956,-0.24263737502142158,-0.5478546581445011,8.58361403906225
4,4,0.5,0.0,5,none,0.15,4,0.6940954158176226,0.44640233850741634,0.10357838075496661,-0.23202920733186483,-0.5540251228528955,6.472498863481288
4,4,0.5,0.0,5,none,0.2,1,0.8274573034700521,0.5265022758777436,0.15358642271546374,-0.2917108429577373,-0.5866064851178286,14.73894663222931
4,4,0.5,0.0,5,none,0.2,2,0.8407730725670874,0.5343568560837303,0.15462822991060077,-0.2893725946437029,-0.5419891296020511,10.434452579971815
4,4,0.5,0.0,5,none,0.2,4,0.6913206655954908,0.48876996754849605,0.12626753432457494,-0.25833734212003645,-0.5596000115983382,7.839235480353233
4,4,0.5,0.0,5,br30,none,1,0.7049141700151219,0.42647507407430296,0.12225237445190063,-0.28665772487937036,-2.023242331207793,14.000000000000002
4,4,0.5,0.0,5,br30,none,2,0.8047776949424448,0.5990635666336689,0.1389969861691278,-0.23202376827921056,-1.5178008933246576,9.337931034482759
4,4,0.5,0.0,5,br30,none,4,0.6986763548336936,0.4707772970141288,0.1202616127418541,-0.25545329714199205,-1.7867079401088797,6.565517241379309
4,4,0.5,0.0,5,br30,0.15,1,0.800650376131924,0.4505424783329719,0.1135439180665967,-0.25201601075821856,-1.9298448851989691,10.216704215932298
4,4,0.5,0.0,5,br30,0.15,2,0.8937693262837599,0.6138246271652552,0.12747453134674536,-0.20767255940095475,-1.5799007322254437,7.184330598957072
4,4,0.5,0.0,5,br30,0.15,4,0.7082556115923269,0.42705812478701943,0.09899598862087511,-0.23180916806171514,-1.8384436792998922,5.20854670279827
4,4,0.5,0.0,5,br30,0.2,1,0.7246446715949216,0.4215005369140554,0.11982345615688561,-0.28427830017525646,-2.0209538536939675,12.276835169599222
4,4,0.5,0.0,5,br30,0.2,2,0.8144221630172753,0.5804504523454497,0.1348188435176465,-0.23226589448397972,-1.5276363038638738,8.490445330069305
4,4,0.5,0.0,5,br30,0.2,4,0.6852176743727516,0.4416408068857426,0.11288020314802694,-0.2555927835201839,-1.7879857404702306,6.103036624949476
4,4,0.5,0.0,5,br40,none,1,0.8730783521092587,0.7465992931996549,0.14422923736023585,-0.19318158840215538,-1.5711121587447128,12.206896551724139
4,4,0.5,0.0,5,br40,none,2,0.9128945441684104,0.7453182020448921,0.1469524247561098,-0.19716736335289253,-0.861421948311332,8.455172413793106
4,4,0.5,0.0,5,br40,none,4,0.8211175487177064,0.6431059782823767,0.13346453955782667,-0.20753117536597476,-1.2899931840308927,5.76551724137931
4,4,0.5,0.0,5,br40,0.15,1,0.9837369010353166,0.8172247924353035,0.13678380376019383,-0.16737598397202624,-1.5448891067651858,9.17587968375546
4,4,0.5,0.0,5,br40,0.15,2,0.994697772744781,0.8107733287660384,0.13590484636674138,-0.16762372607098786,-0.9286048364806303,6.630695114539407
4,4,0.5,0.0,5,br40,0.15,4,0.8279540166061936,0.6108036082774357,0.11177467567980548,-0.18299609590556942,-1.3239729970344374,4.618369296122192
4,4,0.5,0.0,5,br40,0.2,1,0.8835463837523118,0.7337098180614656,0.14084342341246003,-0.19196066339221463,-1.5726413992051085,10.980474990850839
4,4,0.5,0.0,5,br40,0.2,2,0.8997409141676965,0.7205946736281426,0.1410613650980388,-0.19575688006102643,-0.866783369182292,7.782549279542101
4,4,0.5,0.0,5,br40,0.2,4,0.7892541434017524,0.5956764624997026,0.12369590137463926,-0.2076561844588597,-1.2899931840308927,5.377828949712992
4,4,0.5,0.0,5,mkt_ma20,none,1,0.7811046517327194,0.6184251350171984,0.12691547385145974,-0.2052236668031454,-1.303242562231847,11.820689655172414
4,4,0.5,0.0,5,mkt_ma20,none,2,0.6681480006269807,0.4574828154880118,0.10599580080008586,-0.2316935133115693,-1.5396809072763227,8.06896551724138
4,4,0.5,0.0,5,mkt_ma20,none,4,0.8649755229714033,0.6214207680908385,0.13613353892826296,-0.21906821580247404,-1.6939801543617998,5.434482758620691
4,4,0.5,0.0,5,mkt_ma20,0.15,1,0.8780620847365697,0.6778677581228527,0.12157502486582006,-0.17934917748925672,-1.3116372606528843,8.921816857223469
4,4,0.5,0.0,5,mkt_ma20,0.15,2,0.7411487205215987,0.4887167891450879,0.1013161789274788,-0.20731061665532535,-1.5396809072763227,6.42804913849023
4,4,0.5,0.0,5,mkt_ma20,0.15,4,0.8804290184320974,0.5765254769670356,0.11761881138944363,-0.2040132068546362,-1.6939801543617998,4.430556021192384
4,4,0.5,0.0,5,mkt_ma20,0.2,1,0.7903445243576982,0.6138910060266665,0.12444243724124382,-0.20271096337879602,-1.3047374041334978,10.629971577168776
4,4,0.5,0.0,5,mkt_ma20,0.2,2,0.6681196261899212,0.4502508539731767,0.10372645029017291,-0.2303747996807849,-1.5396809072763227,7.462114862826619
4,4,0.5,0.0,5,mkt_ma20,0.2,4,0.8518376711062788,0.5923318351273339,0.12975320676277424,-0.2190549267622618,-1.6939801543617998,5.077466395306138
4,4,0.5,0.0,5,mkt_ma50,none,1,1.0241836582109658,1.3588336342818634,0.1567972590708573,-0.11539106415607958,-0.7279923927971059,10.60689655172414
4,4,0.5,0.0,5,mkt_ma50,none,2,0.9255672575336119,1.0000331754537974,0.1435374455569438,-0.14353268379502415,-0.7586715391428648,7.3517241379310345
4,4,0.5,0.0,5,mkt_ma50,none,4,0.5791910860585093,0.34539687046367595,0.08658413045795887,-0.25068012440797316,-1.8783742731822224,5.172413793103448
4,4,0.5,0.0,5,mkt_ma50,0.15,1,1.0798673431729346,1.4774252474906155,0.13634329807436085,-0.09228439699804636,-0.746103929784136,7.230851029544754
4,4,0.5,0.0,5,mkt_ma50,0.15,2,0.9497300523783626,0.9391887993039749,0.1230055749636716,-0.13097001907904993,-0.7684928136729896,5.3725554747400865
4,4,0.5,0.0,5,mkt_ma50,0.15,4,0.48782388171975727,0.25418241224069266,0.058707779606745,-0.23096711959422633,-1.8783742731822224,3.885207191573178
4,4,0.5,0.0,5,mkt_ma50,0.2,1,1.007268559380583,1.2891741145639086,0.1477473893991117,-0.11460623334737874,-0.7461039297841361,9.031244057993561
4,4,0.5,0.0,5,mkt_ma50,0.2,2,0.8985452747865617,0.9420797106460206,0.13468875606153796,-0.14296959645715823,-0.7684928136729895,6.561784803229781
4,4,0.5,0.0,5,mkt_ma50,0.2,4,0.5398712126600751,0.3073379298916685,0.07708665478463894,-0.2508205050115705,-1.8783742731822224,4.707273352253969
4,4,0.5,0.3,3,none,none,1,0.6974311512437353,0.4479559572991035,0.15772768026643513,-0.3521053302146827,-0.7362594384479353,20.25287356321839
4,4,0.5,0.3,3,none,none,2,0.702526092820065,0.4207587255883061,0.16325394755594846,-0.3879989590891699,-0.8632512532525906,13.724137931034482
4,4,0.5,0.3,3,none,none,4,0.5960760574386665,0.443037376307092,0.1398952558193336,-0.31576400389831893,-0.35312489441004835,9.770114942528735
4,4,0.5,0.3,3,none,0.15,1,0.8422500726041697,0.49233571496274997,0.1296004567614979,-0.2632359441388554,-0.7941251148287753,12.471606376628031
4,4,0.5,0.3,3,none,0.15,2,0.7827936872881773,0.41112043772919316,0.1242950496636932,-0.3023324511674287,-0.9418945755615211,8.692917482645335
4,4,0.5,0.3,3,none,0.15,4,0.742914776284004,0.6455263778069869,0.11655296877087684,-0.18055492816085406,-0.2092663646358569,6.385220314362706
4,4,0.5,0.3,3,none,0.2,1,0.7884121611902338,0.4874495775009049,0.15283300345436635,-0.31353602610124864,-0.7143039903369596,16.006273881725125
4,4,0.5,0.3,3,none,0.2,2,0.7240957294603451,0.4004837685673304,0.14221431665132944,-0.35510631844101814,-0.8572695629346694,10.922387904221582
4,4,0.5,0.3,3,none,0.2,4,0.6709413642000063,0.5644046487117724,0.13182161613775012,-0.23355870019608604,-0.31686639040694936,8.009382836581793
4,4,0.5,0.3,3,br30,none,1,0.6367975729312938,0.3665002644129365,0.125242445346178,-0.34172538878462344,-1.6796066012984303,16.068965517241377
4,4,0.5,0.3,3,br30,none,2,0.7600964479538025,0.5088178081180796,0.15803202820661477,-0.3105866691087604,-1.347975194736838,10.597701149425287
4,4,0.5,0.3,3,br30,none,4,0.6022763802011158,0.41014128221117174,0.12950785343499005,-0.31576400389831916,-1.8152316627541785,7.632183908045977
4,4,0.5,0.3,3,br30,0.15,1,0.7505612627040478,0.40476889706612745,0.1095034449572152,-0.2705332493453061,-1.574153623051755,10.84653850240208
4,4,0.5,0.3,3,br30,0.15,2,0.8646121174149399,0.5241260595223194,0.13208709319357204,-0.2520139779234679,-1.3704529258353553,7.360055998920764
4,4,0.5,0.3,3,br30,0.15,4,0.7178172908593661,0.4680816876102901,0.10680663290554326,-0.22817947322576537,-1.9461871573696625,5.364117672258345
4,4,0.5,0.3,3,br30,0.2,1,0.7025653575772978,0.39653036343400483,0.1226919529018724,-0.30941376554204836,-1.6544875562367043,13.079124427344697
4,4,0.5,0.3,3,br30,0.2,2,0.8108946480366834,0.5091597389009844,0.14728667966681241,-0.2892740105192313,-1.3660606935553699,8.73018843421113
4,4,0.5,0.3,3,br30,0.2,4,0.6830138313091857,0.48880050612137976,0.12392187136052257,-0.25352238757655887,-1.9117528600489753,6.34173421087558
4,4,0.5,0.3,3,br40,none,1,0.8572599277951202,0.7870668112129625,0.16035243478422379,-0.2037342097262389,-0.9765849384527899,14.0
4,4,0.5,0.3,3,br40,none,2,0.9057794630494591,0.7521265025262941,0.17711167738632527,-0.2354812345947529,-0.6806563187464406,9.402298850574711
4,4,0.5,0.3,3,br40,none,4,0.7688452246202285,0.5208685350361102,0.15569312512163447,-0.29891059768246653,-1.2075804673122064,6.7126436781609184
4,4,0.5,0.3,3,br40,0.15,1,1.008098836940008,0.8889152192727803,0.14259238195432689,-0.1604116780349215,-0.996543690141891,9.74560700663188
4,4,0.5,0.3,3,br40,0.15,2,1.0079452027990046,0.7903619010883447,0.14910357866018642,-0.18865228505431209,-0.7935256310015941,6.712374736518473
4,4,0.5,0.3,3,br40,0.15,4,0.9050667067515004,0.7682513587973148,0.13085499188666105,-0.17032835723390383,-1.3171752477780903,4.81777348538131
4,4,0.5,0.3,3,br40,0.2,1,0.9240289741171607,0.8354044003720343,0.15417836776888638,-0.1845553694716301,-1.0073071240147915,11.593770402927264
4,4,0.5,0.3,3,br40,0.2,2,0.9368914563490053,0.7332121629569369,0.1622983105195157,-0.22135245256296687,-0.7357585511481619,7.881854239890742
4,4,0.5,0.3,3,br40,0.2,4,0.8351716419055056,0.650599294601296,0.14483467577395737,-0.22261732678747492,-1.2839055936347936,5.6606510821282034
4,4,0.5,0.3,3,mkt_ma20,none,1,0.7371737286886428,0.5574408681303683,0.13648975326770652,-0.2448506398992364,-0.946645693588895,13.540229885057471
4,4,0.5,0.3,3,mkt_ma20,none,2,0.6648791950507594,0.45632857040822083,0.12828153919348906,-0.2811166065686648,-1.2953600424558078,8.988505747126435
4,4,0.5,0.3,3,mkt_ma20,none,4,0.7324793920156127,0.5053259801737079,0.14542004990100343,-0.2877747347385834,-1.901916167606762,6.390804597701149
4,4,0.5,0.3,3,mkt_ma20,0.15,1,0.8508070772234779,0.6108935635923175,0.12105767834828751,-0.1981649268596254,-1.0412260500880641,9.545451374955292
4,4,0.5,0.3,3,mkt_ma20,0.15,2,0.7249628470232435,0.4513883960517171,0.1063652005414375,-0.23564008616927512,-1.2953600424558078,6.5327391982136245
4,4,0.5,0.3,3,mkt_ma20,0.15,4,0.8438555233841322,0.5871820874623581,0.12248178916935393,-0.20859251633285858,-1.901916167606762,4.6883900918969275
4,4,0.5,0.3,3,mkt_ma20,0.2,1,0.7948257978159813,0.5948187748325552,0.1327520131358657,-0.22318060349261193,-0.998285076433971,11.281579064148461
4,4,0.5,0.3,3,mkt_ma20,0.2,2,0.6873718357335752,0.4424974205416874,0.11853222242400507,-0.2678709907029576,-1.2953600424558078,7.629018860776601
4,4,0.5,0.3,3,mkt_ma20,0.2,4,0.8163465236824082,0.6179268081385599,0.14078630000547787,-0.22783653039683116,-1.901916167606762,5.447995854348789
4,4,0.5,0.3,3,mkt_ma50,none,1,0.9420328516378094,1.007080559282496,0.1689461026792236,-0.167758280230919,-0.04896087446303232,12.71264367816092
4,4,0.5,0.3,3,mkt_ma50,none,2,0.7965351774561094,0.7110375691730213,0.14881684760341551,-0.20929533692080193,-1.0581250451126238,8.620689655172413
4,4,0.5,0.3,3,mkt_ma50,none,4,0.45367039692303734,0.27351885994152,0.08636741035683793,-0.31576400389831916,-1.4721982120018198,5.9080459770114935
4,4,0.5,0.3,3,mkt_ma50,0.15,1,1.1015102919911408,1.390751618371472,0.14296186671438615,-0.10279467938479925,-0.11916383449323925,7.876714629706979
4,4,0.5,0.3,3,mkt_ma50,0.15,2,0.9113989137644247,0.8929981068094952,0.12557876699439374,-0.14062601705065392,-1.0647163017686976,5.6132269846858955
4,4,0.5,0.3,3,mkt_ma50,0.15,4,0.4930563140533467,0.31691432383237916,0.06384506333920958,-0.2014584338351908,-1.4721982120018198,3.854746047552458
4,4,0.5,0.3,3,mkt_ma50,0.2,1,1.0155961194265726,1.1675418850089598,0.15792350304197678,-0.1352615311447819,-0.11916383449323911,9.733201414498648
4,4,0.5,0.3,3,mkt_ma50,0.2,2,0.8114639638327118,0.7179884343784277,0.13200193628469536,-0.1838496693877405,-1.0647163017686974,6.851020358077562
4,4,0.5,0.3,3,mkt_ma50,0.2,4,0.482639725518932,0.326908698063062,0.07635237060240341,-0.2335587001960857,-1.4721982120018198,4.6926078395287085
4,4,0.5,0.3,4,none,none,1,0.814371951276103,0.5250097639641897,0.1685761169839477,-0.3210913940172855,-0.6322820609941497,18.103448275862068
4,4,0.5,0.3,4,none,none,2,0.6952331845071676,0.4173570945693122,0.1464564698576325,-0.3509140536086176,-0.7482578434960142,12.931034482758621
4,4,0.5,0.3,4,none,none,4,0.5975981131467526,0.46456988549552664,0.1233373230859085,-0.26548712462141744,-0.2711316638203374,9.137931034482758
4,4,0.5,0.3,4,none,0.15,1,0.899533508155283,0.5098628908230513,0.13739411138902025,-0.26947266385131585,-0.7189738842133605,11.975392724957084
4,4,0.5,0.3,4,none,0.15,2,0.7943233816237761,0.41272135562647566,0.12337762652108686,-0.29893686100592054,-0.8170270032999584,8.881964418549394
4,4,0.5,0.3,4,none,0.15,4,0.6873904405688283,0.4942853260087455,0.10437179526616291,-0.21115697710256576,-0.2454590638439371,6.564702213236766
4,4,0.5,0.3,4,none,0.2,1,0.8606166291356103,0.531681621189415,0.16301244049455055,-0.3065978472791263,-0.6131297921688801,15.131051017079088
4,4,0.5,0.3,4,none,0.2,2,0.7354359938829775,0.4131277113551051,0.1397997087044247,-0.33839344314586406,-0.744386834358045,10.939380731748873
4,4,0.5,0.3,4,none,0.2,4,0.6260926327182874,0.48240544606703367,0.11795926615221397,-0.2445230813912136,-0.2722741093085187,8.099978936150944
4,4,0.5,0.3,4,br30,none,1,0.7542037931307279,0.4395482064325836,0.13539205929779574,-0.3080255073650533,-1.7206114243935338,14.620689655172413
4,4,0.5,0.3,4,br30,none,2,0.7503422454388368,0.5603403022412194,0.14186951600172204,-0.25318456558323554,-1.0710027099515573,10.103448275862068
4,4,0.5,0.3,4,br30,none,4,0.6367178758109235,0.44791820214698724,0.1189165155535985,-0.26548712462141755,-1.3346898307560864,7.068965517241379
4,4,0.5,0.3,4,br30,0.15,1,0.8474108079659567,0.4721712198031364,0.12061836794072911,-0.25545472252844814,-1.6246695676967022,10.377703587695743
4,4,0.5,0.3,4,br30,0.15,2,0.9040295256904057,0.6522665198032589,0.13365442431296715,-0.20490768766313638,-1.0850316089256096,7.344332988145765
4,4,0.5,0.3,4,br30,0.15,4,0.7295172859278997,0.5436185067924387,0.10392864794818202,-0.19117937790860284,-1.3573440844959468,5.284279643129553
4,4,0.5,0.3,4,br30,0.2,1,0.7792956900561824,0.4463610661610612,0.13111595227971673,-0.2937441506881022,-1.7200913531759534,12.478040537708706
4,4,0.5,0.3,4,br30,0.2,2,0.7907688723831715,0.5691510281048767,0.1366890323436074,-0.2401630245644042,-1.0740614416402334,8.765602548508005
4,4,0.5,0.3,4,br30,0.2,4,0.656840799680587,0.49932788900213504,0.1124217337441118,-0.22514611384670946,-1.3375248538004476,6.293840633440638
4,4,0.5,0.3,4,br40,none,1,0.9551895429427466,0.886011833463771,0.16315761157654585,-0.18414834363859245,-0.8891557704903037,12.689655172413794
4,4,0.5,0.3,4,br40,none,2,0.8966028932846637,0.7604374641441016,0.15891726019919483,-0.20898136624299757,-0.3204979566617576,9.0
4,4,0.5,0.3,4,br40,none,4,0.7383034040497182,0.5174325311577406,0.1301059204442101,-0.2514451887149457,-0.8819468880873002,6.172413793103448
4,4,0.5,0.3,4,br40,0.15,1,1.0784091050571998,1.0137574641360814,0.14905581401123968,-0.14703301261339097,-0.8861186769812779,9.213614450398097
4,4,0.5,0.3,4,br40,0.15,2,1.0456058578966638,0.922567966058694,0.148455051494639,-0.160915029522274,-0.37647987447843767,6.69059928762685
4,4,0.5,0.3,4,br40,0.15,4,0.837560724007799,0.7001747066184059,0.11503762506156212,-0.16429845861921066,-0.8736729645954613,4.6720112659689885
4,4,0.5,0.3,4,br40,0.2,1,0.9732259044632682,0.8958713472516169,0.1567935854321154,-0.17501797095434724,-0.9143357384066501,11.016898476814097
4,4,0.5,0.3,4,br40,0.2,2,0.9158283992196936,0.7637093732797081,0.15040501816732577,-0.19694012333699618,-0.33942650163103344,7.928855281969152
4,4,0.5,0.3,4,br40,0.2,4,0.745724381796786,0.5641479141848216,0.12121694863120491,-0.214867316856715,-0.8728464488516517,5.540281987462645
4,4,0.5,0.3,4,mkt_ma20,none,1,0.8521313220107749,0.7026855407375857,0.1434252232171025,-0.2041101102871048,-0.7153974756458752,12.24137931034483
4,4,0.5,0.3,4,mkt_ma20,none,2,0.667941463165849,0.483466529957257,0.11706560318495529,-0.24213796805190424,-1.0150059962204312,8.586206896551724
4,4,0.5,0.3,4,mkt_ma20,none,4,0.7580668140865519,0.5724230106293381,0.1290914109805108,-0.22551750817736005,-1.2216496271971236,5.862068965517241
4,4,0.5,0.3,4,mkt_ma20,0.15,1,0.9582073548622159,0.8044010237689869,0.1328962520773902,-0.16521144074967786,-0.7807533780808904,8.995623608809868
4,4,0.5,0.3,4,mkt_ma20,0.15,2,0.784127647261643,0.555689768652119,0.11128036372230454,-0.20025627607329566,-1.0150059962204312,6.484268377668405
4,4,0.5,0.3,4,mkt_ma20,0.15,4,0.871990644206418,0.710069865294601,0.11949744288331887,-0.1682896975690421,-1.2216496271971236,4.531661580403668
4,4,0.5,0.3,4,mkt_ma20,0.2,1,0.8636302429586803,0.7173654387399202,0.138290120498195,-0.19277499727489922,-0.741376440867194,10.676227342963063
4,4,0.5,0.3,4,mkt_ma20,0.2,2,0.6799136311638536,0.47872310432043846,0.11132357791447367,-0.23254273067204634,-1.0150059962204312,7.626913551961664
4,4,0.5,0.3,4,mkt_ma20,0.2,4,0.79334252033385,0.6464864968179097,0.12617525861975043,-0.1951707564516837,-1.2216496271971236,5.282744714437067
4,4,0.5,0.3,4,mkt_ma50,none,1,1.0833798408253101,1.1935234122448182,0.1765952946155136,-0.14796131588518013,-0.17534731351760294,11.275862068965518
4,4,0.5,0.3,4,mkt_ma50,none,2,0.8057916355360505,0.7397566018514854,0.13840070913501368,-0.18708952213284769,-1.5569397484778,8.172413793103448
4,4,0.5,0.3,4,mkt_ma50,none,4,0.4339238348874823,0.26928971133885476,0.07149295115348409,-0.26548712462141755,-1.6760478914207084,5.517241379310345
4,4,0.5,0.3,4,mkt_ma50,0.15,1,1.1598532402073103,1.4716072835392657,0.147773322557069,-0.10041627559879229,-0.23179578167395043,7.340787585313798
4,4,0.5,0.3,4,mkt_ma50,0.15,2,0.9071406036330035,0.949958931906778,0.12181612586890633,-0.12823304437423877,-1.5535116085476979,5.579420548110822
4,4,0.5,0.3,4,mkt_ma50,0.15,4,0.4288674878644817,0.24215021706641493,0.05285816818490452,-0.21828668512160376,-1.6760478914207084,3.8364487595668617
4,4,0.5,0.3,4,mkt_ma50,0.2,1,1.091189378168336,1.2483081333993087,0.16493981426904059,-0.1321306894155112,-0.23179578167395057,9.156313975642814
4,4,0.5,0.3,4,mkt_ma50,0.2,2,0.8080435166903732,0.7444983119946607,0.12727348172307007,-0.1709520084499303,-1.5535116085476974,6.9001000569484905
4,4,0.5,0.3,4,mkt_ma50,0.2,4,0.4237218404460962,0.25979588917582835,0.06315803102362527,-0.24310635254463275,-1.6760478914207084,4.740137863683794
4,4,0.5,0.3,5,none,none,1,0.8202882895394733,0.557236888976339,0.1638984490136357,-0.2941270620376948,-0.5923862240921397,17.062068965517245
4,4,0.5,0.3,5,none,none,2,0.8492177056517591,0.5736396010715094,0.1662554275592465,-0.28982557558560407,-0.5029013024469586,11.793103448275861
4,4,0.5,0.3,5,none,none,4,0.6859174840370819,0.5115677097484338,0.13208594880927715,-0.25819837001485324,-0.5665347074957227,8.537931034482758
4,4,0.5,0.3,5,none,0.15,1,0.8752542114205397,0.5186237414255981,0.13293285203580374,-0.2563184856720917,-0.6655290076440591,11.7836681428176
4,4,0.5,0.3,5,none,0.15,2,0.8914613595702219,0.558067089139894,0.13540793359474956,-0.24263737502142158,-0.5478546581445011,8.58361403906225
4,4,0.5,0.3,5,none,0.15,4,0.6940954158176226,0.44640233850741634,0.10357838075496661,-0.23202920733186483,-0.5540251228528955,6.472498863481288
4,4,0.5,0.3,5,none,0.2,1,0.8274573034700521,0.5265022758777436,0.15358642271546374,-0.2917108429577373,-0.5866064851178286,14.73894663222931
4,4,0.5,0.3,5,none,0.2,2,0.8407730725670874,0.5343568560837303,0.15462822991060077,-0.2893725946437029,-0.5419891296020511,10.434452579971815
4,4,0.5,0.3,5,none,0.2,4,0.6913206655954908,0.48876996754849605,0.12626753432457494,-0.25833734212003645,-0.5596000115983382,7.839235480353233
4,4,0.5,0.3,5,br30,none,1,0.7049141700151219,0.42647507407430296,0.12225237445190063,-0.28665772487937036,-2.023242331207793,14.000000000000002
4,4,0.5,0.3,5,br30,none,2,0.8047776949424448,0.5990635666336689,0.1389969861691278,-0.23202376827921056,-1.5178008933246576,9.337931034482759
4,4,0.5,0.3,5,br30,none,4,0.6986763548336936,0.4707772970141288,0.1202616127418541,-0.25545329714199205,-1.7867079401088797,6.565517241379309
4,4,0.5,0.3,5,br30,0.15,1,0.800650376131924,0.4505424783329719,0.1135439180665967,-0.25201601075821856,-1.9298448851989691,10.216704215932298
4,4,0.5,0.3,5,br30,0.15,2,0.8937693262837599,0.6138246271652552,0.12747453134674536,-0.20767255940095475,-1.5799007322254437,7.184330598957072
4,4,0.5,0.3,5,br30,0.15,4,0.7082556115923269,0.42705812478701943,0.09899598862087511,-0.23180916806171514,-1.8384436792998922,5.20854670279827
4,4,0.5,0.3,5,br30,0.2,1,0.7246446715949216,0.4215005369140554,0.11982345615688561,-0.28427830017525646,-2.0209538536939675,12.276835169599222
4,4,0.5,0.3,5,br30,0.2,2,0.8144221630172753,0.5804504523454497,0.1348188435176465,-0.23226589448397972,-1.5276363038638738,8.490445330069305
4,4,0.5,0.3,5,br30,0.2,4,0.6852176743727516,0.4416408068857426,0.11288020314802694,-0.2555927835201839,-1.7879857404702306,6.103036624949476
4,4,0.5,0.3,5,br40,none,1,0.8730783521092587,0.7465992931996549,0.14422923736023585,-0.19318158840215538,-1.5711121587447128,12.206896551724139
4,4,0.5,0.3,5,br40,none,2,0.9128945441684104,0.7453182020448921,0.1469524247561098,-0.19716736335289253,-0.861421948311332,8.455172413793106
4,4,0.5,0.3,5,br40,none,4,0.8211175487177064,0.6431059782823767,0.13346453955782667,-0.20753117536597476,-1.2899931840308927,5.76551724137931
4,4,0.5,0.3,5,br40,0.15,1,0.9837369010353166,0.8172247924353035,0.13678380376019383,-0.16737598397202624,-1.5448891067651858,9.17587968375546
4,4,0.5,0.3,5,br40,0.15,2,0.994697772744781,0.8107733287660384,0.13590484636674138,-0.16762372607098786,-0.9286048364806303,6.630695114539407
4,4,0.5,0.3,5,br40,0.15,4,0.8279540166061936,0.6108036082774357,0.11177467567980548,-0.18299609590556942,-1.3239729970344374,4.618369296122192
4,4,0.5,0.3,5,br40,0.2,1,0.8835463837523118,0.7337098180614656,0.14084342341246003,-0.19196066339221463,-1.5726413992051085,10.980474990850839
4,4,0.5,0.3,5,br40,0.2,2,0.8997409141676965,0.7205946736281426,0.1410613650980388,-0.19575688006102643,-0.866783369182292,7.782549279542101
4,4,0.5,0.3,5,br40,0.2,4,0.7892541434017524,0.5956764624997026,0.12369590137463926,-0.2076561844588597,-1.2899931840308927,5.377828949712992
4,4,0.5,0.3,5,mkt_ma20,none,1,0.7811046517327194,0.6184251350171984,0.12691547385145974,-0.2052236668031454,-1.303242562231847,11.820689655172414
4,4,0.5,0.3,5,mkt_ma20,none,2,0.6681480006269807,0.4574828154880118,0.10599580080008586,-0.2316935133115693,-1.5396809072763227,8.06896551724138
4,4,0.5,0.3,5,mkt_ma20,none,4,0.8649755229714033,0.6214207680908385,0.13613353892826296,-0.21906821580247404,-1.6939801543617998,5.434482758620691
4,4,0.5,0.3,5,mkt_ma20,0.15,1,0.8780620847365697,0.6778677581228527,0.12157502486582006,-0.17934917748925672,-1.3116372606528843,8.921816857223469
4,4,0.5,0.3,5,mkt_ma20,0.15,2,0.7411487205215987,0.4887167891450879,0.1013161789274788,-0.20731061665532535,-1.5396809072763227,6.42804913849023
4,4,0.5,0.3,5,mkt_ma20,0.15,4,0.8804290184320974,0.5765254769670356,0.11761881138944363,-0.2040132068546362,-1.6939801543617998,4.430556021192384
4,4,0.5,0.3,5,mkt_ma20,0.2,1,0.7903445243576982,0.6138910060266665,0.12444243724124382,-0.20271096337879602,-1.3047374041334978,10.629971577168776
4,4,0.5,0.3,5,mkt_ma20,0.2,2,0.6681196261899212,0.4502508539731767,0.10372645029017291,-0.2303747996807849,-1.5396809072763227,7.462114862826619
4,4,0.5,0.3,5,mkt_ma20,0.2,4,0.8518376711062788,0.5923318351273339,0.12975320676277424,-0.2190549267622618,-1.6939801543617998,5.077466395306138
4,4,0.5,0.3,5,mkt_ma50,none,1,1.0241836582109658,1.3588336342818634,0.1567972590708573,-0.11539106415607958,-0.7279923927971059,10.60689655172414
4,4,0.5,0.3,5,mkt_ma50,none,2,0.9255672575336119,1.0000331754537974,0.1435374455569438,-0.14353268379502415,-0.7586715391428648,7.3517241379310345
4,4,0.5,0.3,5,mkt_ma50,none,4,0.5791910860585093,0.34539687046367595,0.08658413045795887,-0.25068012440797316,-1.8783742731822224,5.172413793103448
4,4,0.5,0.3,5,mkt_ma50,0.15,1,1.0798673431729346,1.4774252474906155,0.13634329807436085,-0.09228439699804636,-0.746103929784136,7.230851029544754
4,4,0.5,0.3,5,mkt_ma50,0.15,2,0.9497300523783626,0.9391887993039749,0.1230055749636716,-0.13097001907904993,-0.7684928136729896,5.3725554747400865
4,4,0.5,0.3,5,mkt_ma50,0.15,4,0.48782388171975727,0.25418241224069266,0.058707779606745,-0.23096711959422633,-1.8783742731822224,3.885207191573178
4,4,0.5,0.3,5,mkt_ma50,0.2,1,1.007268559380583,1.2891741145639086,0.1477473893991117,-0.11460623334737874,-0.7461039297841361,9.031244057993561
4,4,0.5,0.3,5,mkt_ma50,0.2,2,0.8985452747865617,0.9420797106460206,0.13468875606153796,-0.14296959645715823,-0.7684928136729895,6.561784803229781
4,4,0.5,0.3,5,mkt_ma50,0.2,4,0.5398712126600751,0.3073379298916685,0.07708665478463894,-0.2508205050115705,-1.8783742731822224,4.707273352253969
4,4,1.0,0.0,3,none,none,1,0.797925810492118,0.4871958710297831,0.17660683795884968,-0.3624965818892447,-0.6929805405428744,20.4367816091954
4,4,1.0,0.0,3,none,none,2,0.5439578828538281,0.32174104420772875,0.12366275628220547,-0.3843549292466518,-1.0823378161295578,13.908045977011495
4,4,1.0,0.0,3,none,none,4,0.5659352331958507,0.41500049847966514,0.1303966379379704,-0.3142083887023567,-0.3332238982255873,9.402298850574711
4,4,1.0,0.0,3,none,0.15,1,0.9145148753108483,0.4956478422139428,0.14059157580888337,-0.28365214943919403,-0.756216144065169,12.910958377571578
4,4,1.0,0.0,3,none,0.15,2,0.6058127051684493,0.3004035735135938,0.09600778540939192,-0.3195960164070665,-1.1571571131672498,9.083967232078423
4,4,1.0,0.0,3,none,0.15,4,0.6457772272604577,0.5213535861066951,0.10016153897671809,-0.1921182507340038,-0.216412330275201,6.361993545303918
4,4,1.0,0.0,3,none,0.2,1,0.8716614222950336,0.5095357955110911,0.1679134466277128,-0.3295420029505225,-0.6782935579653159,16.436967700002064
4,4,1.0,0.0,3,none,0.2,2,0.5610470899024067,0.30063536711254146,0.10974110400905324,-0.3650305852670094,-1.078712153091991,11.346821876376303
4,4,1.0,0.0,3,none,0.2,4,0.5900034409550508,0.4585497161255602,0.11471813245278684,-0.25017599710251415,-0.3109211612755731,7.913530081681239
4,4,1.0,0.0,3,br30,none,1,0.7654670264917298,0.46980269352644366,0.14842274059900373,-0.3159256910276729,-1.4835307872466796,16.29885057471264
4,4,1.0,0.0,3,br30,none,2,0.7108056844403995,0.5047560288051137,0.14578609751435256,-0.28882487616733465,-1.2854191624729745,10.781609195402298
4,4,1.0,0.0,3,br30,none,4,0.5992599360523444,0.40667123779202247,0.12777951435822432,-0.3142083887023567,-1.3690765106909324,7.310344827586206
4,4,1.0,0.0,3,br30,0.15,1,0.8715623922222276,0.5209494569896408,0.12627568516378518,-0.2423952716900446,-1.3120487193333226,11.179194778415342
4,4,1.0,0.0,3,br30,0.15,2,0.7954033808413089,0.5099633683297554,0.1204033994751268,-0.23610205546620922,-1.3074002035872194,7.633041721521633
4,4,1.0,0.0,3,br30,0.15,4,0.685832256758808,0.5298523643684296,0.10179430938973888,-0.19211825073400413,-1.4317836815697607,5.276242192396602
4,4,1.0,0.0,3,br30,0.2,1,0.8204657386120223,0.5023271244837294,0.142987726968409,-0.2846506190868465,-1.4326128010849288,13.51442023702369
4,4,1.0,0.0,3,br30,0.2,2,0.7462864660738857,0.4989935539204562,0.13482388693608227,-0.2701916405067917,-1.3017732448950454,9.048809033145222
4,4,1.0,0.0,3,br30,0.2,4,0.6435414803029206,0.46764744402777614,0.11699416560209097,-0.2501759971025139,-1.4194922675105546,6.21142445370394
4,4,1.0,0.0,3,br40,none,1,0.9655015020125353,0.8621339730197382,0.1783125218849495,-0.20682692883611387,-0.7143263184442739,14.137931034482758
4,4,1.0,0.0,3,br40,none,2,0.8254875844348171,0.6506396008989215,0.1592237280966926,-0.24471877807116205,-0.5926388272672346,9.49425287356322
4,4,1.0,0.0,3,br40,none,4,0.7322892218730911,0.496462860056939,0.14760637266800725,-0.2973160422334077,-0.7021083301257637,6.57471264367816
4,4,1.0,0.0,3,br40,0.15,1,1.1146358011168687,1.0414010730479313,0.1571188439135156,-0.15087255811410527,-0.6521854221026063,10.012302994634108
4,4,1.0,0.0,3,br40,0.15,2,0.9131637410611454,0.7016316921441884,0.13458643265946613,-0.19181920395894547,-0.7013357858613025,6.883475897710167
4,4,1.0,0.0,3,br40,0.15,4,0.8468439866381205,0.6715621243076804,0.1228413306718481,-0.18291878923113236,-0.703601526975025,4.802044450044331
4,4,1.0,0.0,3,br40,0.2,1,1.022948135162054,0.9399741268694587,0.17056431299072305,-0.18145639131449265,-0.7020614591810493,11.939846435846748
4,4,1.0,0.0,3,br40,0.2,2,0.8426327843254786,0.6426618223545892,0.14567727638575212,-0.22667796859632738,-0.6423782219784046,8.081671908146651
4,4,1.0,0.0,3,br40,0.2,4,0.7682472836329235,0.5642937578282411,0.13471050060768697,-0.23872406656798417,-0.7163206164621575,5.645385863926018
4,4,1.0,0.0,3,mkt_ma20,none,1,0.8669317296234528,0.6695571217783594,0.15835078119740764,-0.23650077946572245,-0.6308726964243189,13.724137931034482
4,4,1.0,0.0,3,mkt_ma20,none,2,0.5949170255168719,0.39014507944159516,0.11306511536418995,-0.2898027460092979,-1.2283860108464963,9.03448275862069
4,4,1.0,0.0,3,mkt_ma20,none,4,0.6814215082420008,0.4914643647028094,0.13355383708489854,-0.271746736237243,-1.3578248854082355,6.1609195402298855
4,4,1.0,0.0,3,mkt_ma20,0.15,1,0.9843529247147222,0.7818294965332213,0.13960068536515746,-0.17855643204071103,-0.6588991219509952,9.83646604704159
4,4,1.0,0.0,3,mkt_ma20,0.15,2,0.6413093776675426,0.3915467715165139,0.09366988145706223,-0.23923037621857035,-1.2283860108464963,6.724174133631942
4,4,1.0,0.0,3,mkt_ma20,0.15,4,0.7836783738649333,0.6440838791390012,0.11432671309922293,-0.17750283278639523,-1.3578248854082355,4.6581518333380005
4,4,1.0,0.0,3,mkt_ma20,0.2,1,0.9186205902028791,0.7336901767302659,0.1533527733045974,-0.20901571012988507,-0.6462798274611875,11.681251077762017
4,4,1.0,0.0,3,mkt_ma20,0.2,2,0.6017044401297668,0.3778845206480969,0.10350300249795796,-0.27390114398029186,-1.2283860108464963,7.835284773300146
4,4,1.0,0.0,3,mkt_ma20,0.2,4,0.7429460257806141,0.588348797397123,0.1299540074708747,-0.22087919282880508,-1.3578248854082355,5.402280248301953
4,4,1.0,0.0,3,mkt_ma50,none,1,1.0527674626345573,1.090105797330791,0.1848432753179765,-0.16956452829677604,-0.6740766301418868,12.804597701149426
4,4,1.0,0.0,3,mkt_ma50,none,2,0.7576757849263717,0.6894311359666645,0.13833554764949496,-0.20065172637660478,-1.0581250451126238,8.71264367816092
4,4,1.0,0.0,3,mkt_ma50,none,4,0.3724162961661948,0.22018052914668654,0.06918256928681266,-0.3142083887023567,-1.4721982120018198,5.724137931034482
4,4,1.0,0.0,3,mkt_ma50,0.15,1,1.1798850172737132,1.4463994479953426,0.1521021081614553,-0.10515913039946423,-0.7106564229496747,8.14560053302204
4,4,1.0,0.0,3,mkt_ma50,0.15,2,0.8283985130459944,0.8877057732713819,0.11274060287373122,-0.127002218830073,-1.065060451181918,5.810283255126557
4,4,1.0,0.0,3,mkt_ma50,0.15,4,0.3509851817240619,0.23358234306808728,0.04487543115259096,-0.19211825073400413,-1.4721982120018198,3.88731372274551
4,4,1.0,0.0,3,mkt_ma50,0.2,1,1.1018202285753198,1.2328468019161418,0.17037381936606133,-0.13819545064419947,-0.7106564229496748,10.073965914745138
4,4,1.0,0.0,3,mkt_ma50,0.2,2,0.7419223290844582,0.7195472114813748,0.11976688600385321,-0.16644757160170487,-1.0650604511819182,7.098448723165099
4,4,1.0,0.0,3,mkt_ma50,0.2,4,0.3456996939431684,0.21671385742093266,0.054216605366213866,-0.2501759971025139,-1.4721982120018198,4.719498746000833
4,4,1.0,0.0,4,none,none,1,0.8312154381735276,0.5433096398938186,0.17399395872615475,-0.3202482451078158,-0.9587388941736824,18.137931034482758
4,4,1.0,0.0,4,none,none,2,0.7794391501534266,0.44285105972911587,0.1645961497866475,-0.3716738306719375,-1.041337653775636,12.379310344827587
4,4,1.0,0.0,4,none,none,4,0.656608338834892,0.4871654891889566,0.1361796510493436,-0.2795346839449945,-0.8263506480620484,8.793103448275863
4,4,1.0,0.0,4,none,0.15,1,0.9006298495252164,0.4937572419408399,0.13760873585613043,-0.2786971494640238,-1.0702119156474854,12.047942727325621
4,4,1.0,0.0,4,none,0.15,2,0.8404580838789031,0.40165187027949195,0.13089015916710345,-0.32587962076716515,-1.094993797296501,8.526269977739565
4,4,1.0,0.0,4,none,0.15,4,0.7038639027997408,0.4460634487982971,0.10692987147417221,-0.2397189721826417,-0.7877712098967627,6.2775294914449935
4,4,1.0,0.0,4,none,0.2,1,0.8614474662391131,0.5197547837649813,0.1632855558422519,-0.31415883209279916,-0.9654101072098648,15.199392729146433
4,4,1.0,0.0,4,none,0.2,2,0.7941936445074488,0.41285058703086913,0.15123655724366736,-0.366322737558223,-1.0507716797805182,10.494167065628494
4,4,1.0,0.0,4,none,0.2,4,0.6638689878816875,0.45625440498585235,0.12483059257808038,-0.2735986572709389,-0.8426370313744955,7.736251936299784
4,4,1.0,0.0,4,br30,none,1,0.7842430398444871,0.46961181578091904,0.14267575996311233,-0.3038163759271183,-2.0439735014663842,14.517241379310343
4,4,1.0,0.0,4,br30,none,2,0.8171945303962057,0.5248220898131383,0.15458164326156898,-0.2945410383099679,-1.7153390523266878,9.551724137931034
4,4,1.0,0.0,4,br30,none,4,0.7221827197022471,0.5189993941043592,0.13688006960411792,-0.26373839961862144,-1.6714972287690892,6.758620689655172
4,4,1.0,0.0,4,br30,0.15,1,0.8627606653564343,0.45932785710975343,0.12285435706207282,-0.2674655045638078,-2.0017587566120527,10.322678184683257
4,4,1.0,0.0,4,br30,0.15,2,0.9179404412488766,0.5339069560997528,0.13593316042815617,-0.2546008417293575,-1.7058486404991529,6.99357440352057
4,4,1.0,0.0,4,br30,0.15,4,0.7978891392305032,0.5468297340103195,0.11482034108524242,-0.20997457516287066,-1.664756737387534,5.078187025588062
4,4,1.0,0.0,4,br30,0.2,1,0.8038407397072216,0.45412509721411554,0.1356444418625975,-0.2986940001658672,-2.0580886007415002,12.387405391661062
4,4,1.0,0.0,4,br30,0.2,2,0.8509576756270127,0.5131847838842366,0.14876372320712483,-0.28988334782872816,-1.7195054371479574,8.33885912080469
4,4,1.0,0.0,4,br30,0.2,4,0.7486666518041291,0.5394990804873997,0.12966481714276012,-0.24034298079918326,-1.6827303806813079,6.0368686867695
4,4,1.0,0.0,4,br40,none,1,0.9915118456649507,0.8194332737427185,0.172902767869207,-0.21100286430825865,-1.4168979470904928,12.655172413793103
4,4,1.0,0.0,4,br40,none,2,0.9344773529903145,0.6190616690260125,0.16608717371015458,-0.2682885761146613,-1.138769505270936,8.586206896551724
4,4,1.0,0.0,4,br40,none,4,0.8074747323952113,0.576809521583542,0.14503597900715115,-0.2514451887149455,-1.2588089558535673,6.068965517241379
4,4,1.0,0.0,4,br40,0.15,1,1.105476943480152,0.8547355223883052,0.15359819346177406,-0.1797025973983033,-1.4433373067308959,9.160491354303037
4,4,1.0,0.0,4,br40,0.15,2,1.0284042593494789,0.6663103839550742,0.1480703179589098,-0.22222423892000065,-1.1510391675374525,6.437078532136903
4,4,1.0,0.0,4,br40,0.15,4,0.900621667990568,0.743628785393315,0.12655129289605238,-0.1701807345033285,-1.235333634718329,4.584742173516858
4,4,1.0,0.0,4,br40,0.2,1,1.0080612571811385,0.7949066367001234,0.1637790850466745,-0.20603562416658971,-1.439337695928705,10.948200358528055
4,4,1.0,0.0,4,br40,0.2,2,0.9375824001563673,0.5983881677092935,0.15709504931923401,-0.2625303403317849,-1.151551473054149,7.614487531489174
4,4,1.0,0.0,4,br40,0.2,4,0.8195912273888115,0.6299104165751493,0.13666332076622334,-0.21695675634206502,-1.268475132913779,5.4555196749264585
4,4,1.0,0.0,4,mkt_ma20,none,1,0.9258301368318245,0.7457206328996694,0.15837025104168978,-0.21237209224838116,-1.1708321032630506,12.310344827586208
4,4,1.0,0.0,4,mkt_ma20,none,2,0.7490588476352966,0.470008358574106,0.1316376605365488,-0.2800751478886594,-1.4918403952331285,8.068965517241379
4,4,1.0,0.0,4,mkt_ma20,none,4,0.8530025668317863,0.6579278697511515,0.1483742537467183,-0.22551750817735994,-1.3663476644290589,5.689655172413793
4,4,1.0,0.0,4,mkt_ma20,0.15,1,1.0219092615497953,0.7716934243054063,0.14163847378866357,-0.1835424137715712,-1.2375291749541535,9.015946319831736
4,4,1.0,0.0,4,mkt_ma20,0.15,2,0.8118087747849517,0.471926873438671,0.1159676560940417,-0.24573225773105334,-1.4918403952331285,6.1585875938789165
4,4,1.0,0.0,4,mkt_ma20,0.15,4,0.9381959560150608,0.7257343848964193,0.13121904207632507,-0.18080863303046246,-1.3663476644290589,4.426859282796964
4,4,1.0,0.0,4,mkt_ma20,0.2,1,0.9358985599476608,0.7276595835967843,0.15027895196683616,-0.20652370332843684,-1.1919841181612825,10.706254168297995
4,4,1.0,0.0,4,mkt_ma20,0.2,2,0.7589444992201569,0.45863016161042375,0.12632700948183562,-0.275444181512733,-1.4918403952331285,7.21827421339795
4,4,1.0,0.0,4,mkt_ma20,0.2,4,0.8900316282543849,0.7246207943258298,0.14561534633778916,-0.20095386094083356,-1.3663476644290589,5.163907755800869
4,4,1.0,0.0,4,mkt_ma50,none,1,1.1922211870079722,1.4195832900092304,0.19570718634573603,-0.13786241900921747,0.3649890522906438,11.10344827586207
4,4,1.0,0.0,4,mkt_ma50,none,2,0.9580919309319086,0.9349518574097481,0.16121923776503122,-0.17243587088182655,-1.722885837284954,7.655172413793103
4,4,1.0,0.0,4,mkt_ma50,none,4,0.5167324026864539,0.31987834158011913,0.08436420188099936,-0.26373839961862144,-1.6760478914207084,5.275862068965518
4,4,1.0,0.0,4,mkt_ma50,0.15,1,1.2710275894188259,1.5554942380772512,0.1614120127046068,-0.10376895571411981,0.31168884422202386,7.243842630399442
4,4,1.0,0.0,4,mkt_ma50,0.15,2,1.0104441600418805,1.0954199471610657,0.1354681390441228,-0.12366776722955197,-1.7198792042410662,5.308273094536542
4,4,1.0,0.0,4,mkt_ma50,0.15,4,0.4860388603446625,0.28138376714860447,0.059899013983362615,-0.21287302601122948,-1.6760478914207084,3.7306210476849353
4,4,1.0,0.0,4,mkt_ma50,0.2,1,1.205796408171349,1.371859914727313,0.18155178058175725,-0.13233988298130617,0.311688844222024,9.028629851381135
4,4,1.0,0.0,4,mkt_ma50,0.2,2,0.9304013116100717,0.8787296160312208,0.1463983229100898,-0.1666022405973948,-1.719879204241066,6.55303855619057
4,4,1.0,0.0,4,mkt_ma50,0.2,4,0.49473134751742776,0.3118109350660951,0.07360764447531576,-0.23606498745694415,-1.6760478914207084,4.5833225630904
4,4,1.0,0.0,5,none,none,1,0.9383083724720654,0.7431221747901382,0.1855046904948947,-0.249628791587712,-0.6219551652521251,16.317241379310346
4,4,1.0,0.0,5,none,none,2,0.9242078407206313,0.6424030435687446,0.180137102183495,-0.2804113460963362,-0.7368118118283744,11.43448275862069
4,4,1.0,0.0,5,none,none,4,0.6934953588578022,0.5045181008140055,0.13440757672405135,-0.2664078385040971,-0.8319528648809836,8.289655172413793
4,4,1.0,0.0,5,none,0.15,1,0.9845507067949171,0.6883576436676888,0.14839785088932755,-0.21558248427174875,-0.6286524723043916,11.387710838650774
4,4,1.0,0.0,5,none,0.15,2,0.9382414977937626,0.5824398644284638,0.1426323273471446,-0.2448876460183692,-0.7103353229953672,8.32734386494934
4,4,1.0,0.0,5,none,0.15,4,0.6847558795111758,0.43154841654618975,0.10242506856669986,-0.23734316855206683,-0.7919369626401538,6.211198944683028
4,4,1.0,0.0,5,none,0.2,1,0.9308278683214243,0.6935566035750604,0.17212698613983024,-0.24818015610055644,-0.6246591346274125,14.217799922137402
4,4,1.0,0.0,5,none,0.2,2,0.8974080902717599,0.5859629610776373,0.1643976348058631,-0.2805597720776095,-0.7565225120431734,10.107787949205624
4,4,1.0,0.0,5,none,0.2,4,0.6749291588403441,0.46025975567568056,0.12281940326495588,-0.2668480173432758,-0.8456602775438019,7.501843927269403
4,4,1.0,0.0,5,br30,none,1,0.7658711896797281,0.4656640330619705,0.13315583960385258,-0.2859483021015974,-2.2028130458856703,13.53103448275862
4,4,1.0,0.0,5,br30,none,2,0.9196810593761868,0.6415905741577216,0.16049645826535563,-0.2501540152394772,-1.784143368159678,8.951724137931034
4,4,1.0,0.0,5,br30,none,4,0.7214341304037921,0.4670888419347091,0.1268008536360712,-0.2714705260585003,-1.982615108089716,6.317241379310344
4,4,1.0,0.0,5,br30,0.15,1,0.8262455130280849,0.4599580611211057,0.11749809904827124,-0.25545394021768064,-2.1254536216033153,9.914206891542333
4,4,1.0,0.0,5,br30,0.15,2,0.9398005227682044,0.596738079487506,0.13500279156056005,-0.22623458465480184,-1.8011092870312915,6.8689588216369115
4,4,1.0,0.0,5,br30,0.15,4,0.7106374424713887,0.4029554364198819,0.10001005739375146,-0.24819135903043232,-2.016646591166203,4.963819604951629
4,4,1.0,0.0,5,br30,0.2,1,0.7735330520190865,0.4518517931057998,0.128530522823177,-0.28445283339416105,-2.1970815183896075,11.908462590415384
4,4,1.0,0.0,5,br30,0.2,2,0.9055473021304837,0.6005931912895937,0.15115646342782374,-0.25167861644128964,-1.7975053823995089,8.11525382416377
4,4,1.0,0.0,5,br30,0.2,4,0.7026051542482554,0.4295869270585753,0.1168079791628962,-0.27190766712267556,-1.982615108089716,5.808392368353827
4,4,1.0,0.0,5,br40,none,1,0.9677452963767154,0.7902554898051874,0.16127508377281718,-0.20407967531180893,-1.6675883192355694,11.875862068965517
4,4,1.0,0.0,5,br40,none,2,1.0086111366186274,0.7345192241718052,0.16564872510671225,-0.2255199314810129,-1.183941703563499,8.179310344827586
4,4,1.0,0.0,5,br40,none,4,0.8293939293812113,0.5961426698013669,0.13800199514020672,-0.23149155752630257,-1.51998999160955,5.627586206896551
4,4,1.0,0.0,5,br40,0.15,1,1.0373592940726244,0.8146449398889899,0.14479132485112678,-0.17773549894124085,-1.660989699936678,8.93468820855425
4,4,1.0,0.0,5,br40,0.15,2,1.0309777676780068,0.738759616291313,0.1435596642442627,-0.19432527317201542,-1.205351923139532,6.396645095389301
4,4,1.0,0.0,5,br40,0.15,4,0.8278579862791279,0.5516036276139533,0.11340474309113402,-0.20559100305718392,-1.5409414131110148,4.463142908992483
4,4,1.0,0.0,5,br40,0.2,1,0.9640147615077954,0.7623564040103596,0.1548834248006541,-0.20316406340380055,-1.6691405161030557,10.686820256949769
4,4,1.0,0.0,5,br40,0.2,2,0.9723911691526634,0.6886906110531505,0.1550604181787616,-0.22515250780265772,-1.1968799366332503,7.506436744456866
4,4,1.0,0.0,5,br40,0.2,4,0.7962140006139437,0.5455294943443422,0.12639485844255516,-0.23169207119491475,-1.51998999160955,5.192632035320756
4,4,1.0,0.0,5,mkt_ma20,none,1,0.8859238115368326,0.7199719932446842,0.14357771658881902,-0.19942125240422204,-1.3843912246770003,11.655172413793103
4,4,1.0,0.0,5,mkt_ma20,none,2,0.8141674366038397,0.5484869191009955,0.13133858950435284,-0.23945619290178344,-1.5698965317184683,7.793103448275861
4,4,1.0,0.0,5,mkt_ma20,none,4,0.866750740571332,0.6094127764400804,0.14000624164392783,-0.2297395904000935,-1.7517462951841947,5.268965517241379
4,4,1.0,0.0,5,mkt_ma20,0.15,1,0.9417291154835704,0.7389406205799991,0.13030950383536966,-0.17634638048871765,-1.3927087063648085,8.818618554159336
4,4,1.0,0.0,5,mkt_ma20,0.15,2,0.8155087537436235,0.5168340586679637,0.11269203394675031,-0.21804297154330632,-1.5698965317184683,6.189340954911132
4,4,1.0,0.0,5,mkt_ma20,0.15,4,0.8666989780898584,0.5440738348254599,0.11674398317630219,-0.21457378705549024,-1.7517462951841947,4.251366279350986
4,4,1.0,0.0,5,mkt_ma20,0.2,1,0.8875046184032057,0.7082725910735805,0.1397274149663894,-0.19727915032628096,-1.3858487505228374,10.509179958425037
4,4,1.0,0.0,5,mkt_ma20,0.2,2,0.7977185481540572,0.5255491637234788,0.1253759596388695,-0.23856180980403363,-1.5698965317184683,7.184224838344742
4,4,1.0,0.0,5,mkt_ma20,0.2,4,0.8517672946663007,0.5742144650808557,0.13190928970369376,-0.2297212935677604,-1.7517462951841947,4.884683092362984
4,4,1.0,0.0,5,mkt_ma50,none,1,1.1756515748787788,1.3770028846771485,0.17952334430992334,-0.1303725259457349,-0.7279923927971059,10.16551724137931
4,4,1.0,0.0,5,mkt_ma50,none,2,1.1088196006553892,1.3632568480060319,0.17156060806749607,-0.12584613700523806,-0.7586715391428648,7.10344827586207
4,4,1.0,0.0,5,mkt_ma50,none,4,0.6370352552069981,0.41864898478064616,0.0963309975350557,-0.23009968025010008,-1.779428115243157,4.868965517241379
4,4,1.0,0.0,5,mkt_ma50,0.15,1,1.2027126218146214,1.4050052998384306,0.15071056197884736,-0.10726689927516886,-0.7450307172158654,6.991464742142446
4,4,1.0,0.0,5,mkt_ma50,0.15,2,1.07720002052273,1.258665122173262,0.13983315870324575,-0.11109639588789444,-0.769211149908832,5.204153011422571
4,4,1.0,0.0,5,mkt_ma50,0.15,4,0.550304355430467,0.3122190216247275,0.06619678419885777,-0.21202034345755905,-1.779428115243157,3.6231228498050863
4,4,1.0,0.0,5,mkt_ma50,0.2,1,1.1522632292125496,1.2985902750248266,0.16871765775872327,-0.12992370342177229,-0.7450307172158659,8.705323819451449
4,4,1.0,0.0,5,mkt_ma50,0.2,2,1.0579004143664024,1.2544935809337014,0.15787317105837428,-0.12584613700523806,-0.7692111499088319,6.325483182529071
4,4,1.0,0.0,5,mkt_ma50,0.2,4,0.5948771128859885,0.36753026000379796,0.08473838138867129,-0.23056164514942423,-1.779428115243157,4.374061604291924
4,4,1.0,0.3,3,none,none,1,0.797925810492118,0.4871958710297831,0.17660683795884968,-0.3624965818892447,-0.6929805405428744,20.4367816091954
4,4,1.0,0.3,3,none,none,2,0.5439578828538281,0.32174104420772875,0.12366275628220547,-0.3843549292466518,-1.0823378161295578,13.908045977011495
4,4,1.0,0.3,3,none,none,4,0.5659352331958507,0.41500049847966514,0.1303966379379704,-0.3142083887023567,-0.3332238982255873,9.402298850574711
4,4,1.0,0.3,3,none,0.15,1,0.9145148753108483,0.4956478422139428,0.14059157580888337,-0.28365214943919403,-0.756216144065169,12.910958377571578
4,4,1.0,0.3,3,none,0.15,2,0.6058127051684493,0.3004035735135938,0.09600778540939192,-0.3195960164070665,-1.1571571131672498,9.083967232078423
4,4,1.0,0.3,3,none,0.15,4,0.6457772272604577,0.5213535861066951,0.10016153897671809,-0.1921182507340038,-0.216412330275201,6.361993545303918
4,4,1.0,0.3,3,none,0.2,1,0.8716614222950336,0.5095357955110911,0.1679134466277128,-0.3295420029505225,-0.6782935579653159,16.436967700002064
4,4,1.0,0.3,3,none,0.2,2,0.5610470899024067,0.30063536711254146,0.10974110400905324,-0.3650305852670094,-1.078712153091991,11.346821876376303
4,4,1.0,0.3,3,none,0.2,4,0.5900034409550508,0.4585497161255602,0.11471813245278684,-0.25017599710251415,-0.3109211612755731,7.913530081681239
4,4,1.0,0.3,3,br30,none,1,0.7654670264917298,0.46980269352644366,0.14842274059900373,-0.3159256910276729,-1.4835307872466796,16.29885057471264
4,4,1.0,0.3,3,br30,none,2,0.7108056844403995,0.5047560288051137,0.14578609751435256,-0.28882487616733465,-1.2854191624729745,10.781609195402298
4,4,1.0,0.3,3,br30,none,4,0.5992599360523444,0.40667123779202247,0.12777951435822432,-0.3142083887023567,-1.3690765106909324,7.310344827586206
4,4,1.0,0.3,3,br30,0.15,1,0.8715623922222276,0.5209494569896408,0.12627568516378518,-0.2423952716900446,-1.3120487193333226,11.179194778415342
4,4,1.0,0.3,3,br30,0.15,2,0.7954033808413089,0.5099633683297554,0.1204033994751268,-0.23610205546620922,-1.3074002035872194,7.633041721521633
4,4,1.0,0.3,3,br30,0.15,4,0.685832256758808,0.5298523643684296,0.10179430938973888,-0.19211825073400413,-1.4317836815697607,5.276242192396602
4,4,1.0,0.3,3,br30,0.2,1,0.8204657386120223,0.5023271244837294,0.142987726968409,-0.2846506190868465,-1.4326128010849288,13.51442023702369
4,4,1.0,0.3,3,br30,0.2,2,0.7462864660738857,0.4989935539204562,0.13482388693608227,-0.2701916405067917,-1.3017732448950454,9.048809033145222
4,4,1.0,0.3,3,br30,0.2,4,0.6435414803029206,0.46764744402777614,0.11699416560209097,-0.2501759971025139,-1.4194922675105546,6.21142445370394
4,4,1.0,0.3,3,br40,none,1,0.9655015020125353,0.8621339730197382,0.1783125218849495,-0.20682692883611387,-0.7143263184442739,14.137931034482758
4,4,1.0,0.3,3,br40,none,2,0.8254875844348171,0.6506396008989215,0.1592237280966926,-0.24471877807116205,-0.5926388272672346,9.49425287356322
4,4,1.0,0.3,3,br40,none,4,0.7322892218730911,0.496462860056939,0.14760637266800725,-0.2973160422334077,-0.7021083301257637,6.57471264367816
4,4,1.0,0.3,3,br40,0.15,1,1.1146358011168687,1.0414010730479313,0.1571188439135156,-0.15087255811410527,-0.6521854221026063,10.012302994634108
4,4,1.0,0.3,3,br40,0.15,2,0.9131637410611454,0.7016316921441884,0.13458643265946613,-0.19181920395894547,-0.7013357858613025,6.883475897710167
4,4,1.0,0.3,3,br40,0.15,4,0.8468439866381205,0.6715621243076804,0.1228413306718481,-0.18291878923113236,-0.703601526975025,4.802044450044331
4,4,1.0,0.3,3,br40,0.2,1,1.022948135162054,0.9399741268694587,0.17056431299072305,-0.18145639131449265,-0.7020614591810493,11.939846435846748
4,4,1.0,0.3,3,br40,0.2,2,0.8426327843254786,0.6426618223545892,0.14567727638575212,-0.22667796859632738,-0.6423782219784046,8.081671908146651
4,4,1.0,0.3,3,br40,0.2,4,0.7682472836329235,0.5642937578282411,0.13471050060768697,-0.23872406656798417,-0.7163206164621575,5.645385863926018
4,4,1.0,0.3,3,mkt_ma20,none,1,0.8669317296234528,0.6695571217783594,0.15835078119740764,-0.23650077946572245,-0.6308726964243189,13.724137931034482
4,4,1.0,0.3,3,mkt_ma20,none,2,0.5949170255168719,0.39014507944159516,0.11306511536418995,-0.2898027460092979,-1.2283860108464963,9.03448275862069
4,4,1.0,0.3,3,mkt_ma20,none,4,0.6814215082420008,0.4914643647028094,0.13355383708489854,-0.271746736237243,-1.3578248854082355,6.1609195402298855
4,4,1.0,0.3,3,mkt_ma20,0.15,1,0.9843529247147222,0.7818294965332213,0.13960068536515746,-0.17855643204071103,-0.6588991219509952,9.83646604704159
4,4,1.0,0.3,3,mkt_ma20,0.15,2,0.6413093776675426,0.3915467715165139,0.09366988145706223,-0.23923037621857035,-1.2283860108464963,6.724174133631942
4,4,1.0,0.3,3,mkt_ma20,0.15,4,0.7836783738649333,0.6440838791390012,0.11432671309922293,-0.17750283278639523,-1.3578248854082355,4.6581518333380005
4,4,1.0,0.3,3,mkt_ma20,0.2,1,0.9186205902028791,0.7336901767302659,0.1533527733045974,-0.20901571012988507,-0.6462798274611875,11.681251077762017
4,4,1.0,0.3,3,mkt_ma20,0.2,2,0.6017044401297668,0.3778845206480969,0.10350300249795796,-0.27390114398029186,-1.2283860108464963,7.835284773300146
4,4,1.0,0.3,3,mkt_ma20,0.2,4,0.7429460257806141,0.588348797397123,0.1299540074708747,-0.22087919282880508,-1.3578248854082355,5.402280248301953
4,4,1.0,0.3,3,mkt_ma50,none,1,1.0527674626345573,1.090105797330791,0.1848432753179765,-0.16956452829677604,-0.6740766301418868,12.804597701149426
4,4,1.0,0.3,3,mkt_ma50,none,2,0.7576757849263717,0.6894311359666645,0.13833554764949496,-0.20065172637660478,-1.0581250451126238,8.71264367816092
4,4,1.0,0.3,3,mkt_ma50,none,4,0.3724162961661948,0.22018052914668654,0.06918256928681266,-0.3142083887023567,-1.4721982120018198,5.724137931034482
4,4,1.0,0.3,3,mkt_ma50,0.15,1,1.1798850172737132,1.4463994479953426,0.1521021081614553,-0.10515913039946423,-0.7106564229496747,8.14560053302204
4,4,1.0,0.3,3,mkt_ma50,0.15,2,0.8283985130459944,0.8877057732713819,0.11274060287373122,-0.127002218830073,-1.065060451181918,5.810283255126557
4,4,1.0,0.3,3,mkt_ma50,0.15,4,0.3509851817240619,0.23358234306808728,0.04487543115259096,-0.19211825073400413,-1.4721982120018198,3.88731372274551
4,4,1.0,0.3,3,mkt_ma50,0.2,1,1.1018202285753198,1.2328468019161418,0.17037381936606133,-0.13819545064419947,-0.7106564229496748,10.073965914745138
4,4,1.0,0.3,3,mkt_ma50,0.2,2,0.7419223290844582,0.7195472114813748,0.11976688600385321,-0.16644757160170487,-1.0650604511819182,7.098448723165099
4,4,1.0,0.3,3,mkt_ma50,0.2,4,0.3456996939431684,0.21671385742093266,0.054216605366213866,-0.2501759971025139,-1.4721982120018198,4.719498746000833
4,4,1.0,0.3,4,none,none,1,0.8312154381735276,0.5433096398938186,0.17399395872615475,-0.3202482451078158,-0.9587388941736824,18.137931034482758
4,4,1.0,0.3,4,none,none,2,0.7794391501534266,0.44285105972911587,0.1645961497866475,-0.3716738306719375,-1.041337653775636,12.379310344827587
4,4,1.0,0.3,4,none,none,4,0.656608338834892,0.4871654891889566,0.1361796510493436,-0.2795346839449945,-0.8263506480620484,8.793103448275863
4,4,1.0,0.3,4,none,0.15,1,0.9006298495252164,0.4937572419408399,0.13760873585613043,-0.2786971494640238,-1.0702119156474854,12.047942727325621
4,4,1.0,0.3,4,none,0.15,2,0.8404580838789031,0.40165187027949195,0.13089015916710345,-0.32587962076716515,-1.094993797296501,8.526269977739565
4,4,1.0,0.3,4,none,0.15,4,0.7038639027997408,0.4460634487982971,0.10692987147417221,-0.2397189721826417,-0.7877712098967627,6.2775294914449935
4,4,1.0,0.3,4,none,0.2,1,0.8614474662391131,0.5197547837649813,0.1632855558422519,-0.31415883209279916,-0.9654101072098648,15.199392729146433
4,4,1.0,0.3,4,none,0.2,2,0.7941936445074488,0.41285058703086913,0.15123655724366736,-0.366322737558223,-1.0507716797805182,10.494167065628494
4,4,1.0,0.3,4,none,0.2,4,0.6638689878816875,0.45625440498585235,0.12483059257808038,-0.2735986572709389,-0.8426370313744955,7.736251936299784
4,4,1.0,0.3,4,br30,none,1,0.7842430398444871,0.46961181578091904,0.14267575996311233,-0.3038163759271183,-2.0439735014663842,14.517241379310343
4,4,1.0,0.3,4,br30,none,2,0.8171945303962057,0.5248220898131383,0.15458164326156898,-0.2945410383099679,-1.7153390523266878,9.551724137931034
4,4,1.0,0.3,4,br30,none,4,0.7221827197022471,0.5189993941043592,0.13688006960411792,-0.26373839961862144,-1.6714972287690892,6.758620689655172
4,4,1.0,0.3,4,br30,0.15,1,0.8627606653564343,0.45932785710975343,0.12285435706207282,-0.2674655045638078,-2.0017587566120527,10.322678184683257
4,4,1.0,0.3,4,br30,0.15,2,0.9179404412488766,0.5339069560997528,0.13593316042815617,-0.2546008417293575,-1.7058486404991529,6.99357440352057
4,4,1.0,0.3,4,br30,0.15,4,0.7978891392305032,0.5468297340103195,0.11482034108524242,-0.20997457516287066,-1.664756737387534,5.078187025588062
4,4,1.0,0.3,4,br30,0.2,1,0.8038407397072216,0.45412509721411554,0.1356444418625975,-0.2986940001658672,-2.0580886007415002,12.387405391661062
4,4,1.0,0.3,4,br30,0.2,2,0.8509576756270127,0.5131847838842366,0.14876372320712483,-0.28988334782872816,-1.7195054371479574,8.33885912080469
4,4,1.0,0.3,4,br30,0.2,4,0.7486666518041291,0.5394990804873997,0.12966481714276012,-0.24034298079918326,-1.6827303806813079,6.0368686867695
4,4,1.0,0.3,4,br40,none,1,0.9915118456649507,0.8194332737427185,0.172902767869207,-0.21100286430825865,-1.4168979470904928,12.655172413793103
4,4,1.0,0.3,4,br40,none,2,0.9344773529903145,0.6190616690260125,0.16608717371015458,-0.2682885761146613,-1.138769505270936,8.586206896551724
4,4,1.0,0.3,4,br40,none,4,0.8074747323952113,0.576809521583542,0.14503597900715115,-0.2514451887149455,-1.2588089558535673,6.068965517241379
4,4,1.0,0.3,4,br40,0.15,1,1.105476943480152,0.8547355223883052,0.15359819346177406,-0.1797025973983033,-1.4433373067308959,9.160491354303037
4,4,1.0,0.3,4,br40,0.15,2,1.0284042593494789,0.6663103839550742,0.1480703179589098,-0.22222423892000065,-1.1510391675374525,6.437078532136903
4,4,1.0,0.3,4,br40,0.15,4,0.900621667990568,0.743628785393315,0.12655129289605238,-0.1701807345033285,-1.235333634718329,4.584742173516858
4,4,1.0,0.3,4,br40,0.2,1,1.0080612571811385,0.7949066367001234,0.1637790850466745,-0.20603562416658971,-1.439337695928705,10.948200358528055
4,4,1.0,0.3,4,br40,0.2,2,0.9375824001563673,0.5983881677092935,0.15709504931923401,-0.2625303403317849,-1.151551473054149,7.614487531489174
4,4,1.0,0.3,4,br40,0.2,4,0.8195912273888115,0.6299104165751493,0.13666332076622334,-0.21695675634206502,-1.268475132913779,5.4555196749264585
4,4,1.0,0.3,4,mkt_ma20,none,1,0.9258301368318245,0.7457206328996694,0.15837025104168978,-0.21237209224838116,-1.1708321032630506,12.310344827586208
4,4,1.0,0.3,4,mkt_ma20,none,2,0.7490588476352966,0.470008358574106,0.1316376605365488,-0.2800751478886594,-1.4918403952331285,8.068965517241379
4,4,1.0,0.3,4,mkt_ma20,none,4,0.8530025668317863,0.6579278697511515,0.1483742537467183,-0.22551750817735994,-1.3663476644290589,5.689655172413793
4,4,1.0,0.3,4,mkt_ma20,0.15,1,1.0219092615497953,0.7716934243054063,0.14163847378866357,-0.1835424137715712,-1.2375291749541535,9.015946319831736
4,4,1.0,0.3,4,mkt_ma20,0.15,2,0.8118087747849517,0.471926873438671,0.1159676560940417,-0.24573225773105334,-1.4918403952331285,6.1585875938789165
4,4,1.0,0.3,4,mkt_ma20,0.15,4,0.9381959560150608,0.7257343848964193,0.13121904207632507,-0.18080863303046246,-1.3663476644290589,4.426859282796964
4,4,1.0,0.3,4,mkt_ma20,0.2,1,0.9358985599476608,0.7276595835967843,0.15027895196683616,-0.20652370332843684,-1.1919841181612825,10.706254168297995
4,4,1.0,0.3,4,mkt_ma20,0.2,2,0.7589444992201569,0.45863016161042375,0.12632700948183562,-0.275444181512733,-1.4918403952331285,7.21827421339795
4,4,1.0,0.3,4,mkt_ma20,0.2,4,0.8900316282543849,0.7246207943258298,0.14561534633778916,-0.20095386094083356,-1.3663476644290589,5.163907755800869
4,4,1.0,0.3,4,mkt_ma50,none,1,1.1922211870079722,1.4195832900092304,0.19570718634573603,-0.13786241900921747,0.3649890522906438,11.10344827586207
4,4,1.0,0.3,4,mkt_ma50,none,2,0.9580919309319086,0.9349518574097481,0.16121923776503122,-0.17243587088182655,-1.722885837284954,7.655172413793103
4,4,1.0,0.3,4,mkt_ma50,none,4,0.5167324026864539,0.31987834158011913,0.08436420188099936,-0.26373839961862144,-1.6760478914207084,5.275862068965518
4,4,1.0,0.3,4,mkt_ma50,0.15,1,1.2710275894188259,1.5554942380772512,0.1614120127046068,-0.10376895571411981,0.31168884422202386,7.243842630399442
4,4,1.0,0.3,4,mkt_ma50,0.15,2,1.0104441600418805,1.0954199471610657,0.1354681390441228,-0.12366776722955197,-1.7198792042410662,5.308273094536542
4,4,1.0,0.3,4,mkt_ma50,0.15,4,0.4860388603446625,0.28138376714860447,0.059899013983362615,-0.21287302601122948,-1.6760478914207084,3.7306210476849353
4,4,1.0,0.3,4,mkt_ma50,0.2,1,1.205796408171349,1.371859914727313,0.18155178058175725,-0.13233988298130617,0.311688844222024,9.028629851381135
4,4,1.0,0.3,4,mkt_ma50,0.2,2,0.9304013116100717,0.8787296160312208,0.1463983229100898,-0.1666022405973948,-1.719879204241066,6.55303855619057
4,4,1.0,0.3,4,mkt_ma50,0.2,4,0.49473134751742776,0.3118109350660951,0.07360764447531576,-0.23606498745694415,-1.6760478914207084,4.5833225630904
4,4,1.0,0.3,5,none,none,1,0.9383083724720654,0.7431221747901382,0.1855046904948947,-0.249628791587712,-0.6219551652521251,16.317241379310346
4,4,1.0,0.3,5,none,none,2,0.9242078407206313,0.6424030435687446,0.180137102183495,-0.2804113460963362,-0.7368118118283744,11.43448275862069
4,4,1.0,0.3,5,none,none,4,0.6934953588578022,0.5045181008140055,0.13440757672405135,-0.2664078385040971,-0.8319528648809836,8.289655172413793
4,4,1.0,0.3,5,none,0.15,1,0.9845507067949171,0.6883576436676888,0.14839785088932755,-0.21558248427174875,-0.6286524723043916,11.387710838650774
4,4,1.0,0.3,5,none,0.15,2,0.9382414977937626,0.5824398644284638,0.1426323273471446,-0.2448876460183692,-0.7103353229953672,8.32734386494934
4,4,1.0,0.3,5,none,0.15,4,0.6847558795111758,0.43154841654618975,0.10242506856669986,-0.23734316855206683,-0.7919369626401538,6.211198944683028
4,4,1.0,0.3,5,none,0.2,1,0.9308278683214243,0.6935566035750604,0.17212698613983024,-0.24818015610055644,-0.6246591346274125,14.217799922137402
4,4,1.0,0.3,5,none,0.2,2,0.8974080902717599,0.5859629610776373,0.1643976348058631,-0.2805597720776095,-0.7565225120431734,10.107787949205624
4,4,1.0,0.3,5,none,0.2,4,0.6749291588403441,0.46025975567568056,0.12281940326495588,-0.2668480173432758,-0.8456602775438019,7.501843927269403
4,4,1.0,0.3,5,br30,none,1,0.7658711896797281,0.4656640330619705,0.13315583960385258,-0.2859483021015974,-2.2028130458856703,13.53103448275862
4,4,1.0,0.3,5,br30,none,2,0.9196810593761868,0.6415905741577216,0.16049645826535563,-0.2501540152394772,-1.784143368159678,8.951724137931034
4,4,1.0,0.3,5,br30,none,4,0.7214341304037921,0.4670888419347091,0.1268008536360712,-0.2714705260585003,-1.982615108089716,6.317241379310344
4,4,1.0,0.3,5,br30,0.15,1,0.8262455130280849,0.4599580611211057,0.11749809904827124,-0.25545394021768064,-2.1254536216033153,9.914206891542333
4,4,1.0,0.3,5,br30,0.15,2,0.9398005227682044,0.596738079487506,0.13500279156056005,-0.22623458465480184,-1.8011092870312915,6.8689588216369115
4,4,1.0,0.3,5,br30,0.15,4,0.7106374424713887,0.4029554364198819,0.10001005739375146,-0.24819135903043232,-2.016646591166203,4.963819604951629
4,4,1.0,0.3,5,br30,0.2,1,0.7735330520190865,0.4518517931057998,0.128530522823177,-0.28445283339416105,-2.1970815183896075,11.908462590415384
4,4,1.0,0.3,5,br30,0.2,2,0.9055473021304837,0.6005931912895937,0.15115646342782374,-0.25167861644128964,-1.7975053823995089,8.11525382416377
4,4,1.0,0.3,5,br30,0.2,4,0.7026051542482554,0.4295869270585753,0.1168079791628962,-0.27190766712267556,-1.982615108089716,5.808392368353827
4,4,1.0,0.3,5,br40,none,1,0.9677452963767154,0.7902554898051874,0.16127508377281718,-0.20407967531180893,-1.6675883192355694,11.875862068965517
4,4,1.0,0.3,5,br40,none,2,1.0086111366186274,0.7345192241718052,0.16564872510671225,-0.2255199314810129,-1.183941703563499,8.179310344827586
4,4,1.0,0.3,5,br40,none,4,0.8293939293812113,0.5961426698013669,0.13800199514020672,-0.23149155752630257,-1.51998999160955,5.627586206896551
4,4,1.0,0.3,5,br40,0.15,1,1.0373592940726244,0.8146449398889899,0.14479132485112678,-0.17773549894124085,-1.660989699936678,8.93468820855425
4,4,1.0,0.3,5,br40,0.15,2,1.0309777676780068,0.738759616291313,0.1435596642442627,-0.19432527317201542,-1.205351923139532,6.396645095389301
4,4,1.0,0.3,5,br40,0.15,4,0.8278579862791279,0.5516036276139533,0.11340474309113402,-0.20559100305718392,-1.5409414131110148,4.463142908992483
4,4,1.0,0.3,5,br40,0.2,1,0.9640147615077954,0.7623564040103596,0.1548834248006541,-0.20316406340380055,-1.6691405161030557,10.686820256949769
4,4,1.0,0.3,5,br40,0.2,2,0.9723911691526634,0.6886906110531505,0.1550604181787616,-0.22515250780265772,-1.1968799366332503,7.506436744456866
4,4,1.0,0.3,5,br40,0.2,4,0.7962140006139437,0.5455294943443422,0.12639485844255516,-0.23169207119491475,-1.51998999160955,5.192632035320756
4,4,1.0,0.3,5,mkt_ma20,none,1,0.8859238115368326,0.7199719932446842,0.14357771658881902,-0.19942125240422204,-1.3843912246770003,11.655172413793103
4,4,1.0,0.3,5,mkt_ma20,none,2,0.8141674366038397,0.5484869191009955,0.13133858950435284,-0.23945619290178344,-1.5698965317184683,7.793103448275861
4,4,1.0,0.3,5,mkt_ma20,none,4,0.866750740571332,0.6094127764400804,0.14000624164392783,-0.2297395904000935,-1.7517462951841947,5.268965517241379
4,4,1.0,0.3,5,mkt_ma20,0.15,1,0.9417291154835704,0.7389406205799991,0.13030950383536966,-0.17634638048871765,-1.3927087063648085,8.818618554159336
4,4,1.0,0.3,5,mkt_ma20,0.15,2,0.8155087537436235,0.5168340586679637,0.11269203394675031,-0.21804297154330632,-1.5698965317184683,6.189340954911132
4,4,1.0,0.3,5,mkt_ma20,0.15,4,0.8666989780898584,0.5440738348254599,0.11674398317630219,-0.21457378705549024,-1.7517462951841947,4.251366279350986
4,4,1.0,0.3,5,mkt_ma20,0.2,1,0.8875046184032057,0.7082725910735805,0.1397274149663894,-0.19727915032628096,-1.3858487505228374,10.509179958425037
4,4,1.0,0.3,5,mkt_ma20,0.2,2,0.7977185481540572,0.5255491637234788,0.1253759596388695,-0.23856180980403363,-1.5698965317184683,7.184224838344742
4,4,1.0,0.3,5,mkt_ma20,0.2,4,0.8517672946663007,0.5742144650808557,0.13190928970369376,-0.2297212935677604,-1.7517462951841947,4.884683092362984
4,4,1.0,0.3,5,mkt_ma50,none,1,1.1756515748787788,1.3770028846771485,0.17952334430992334,-0.1303725259457349,-0.7279923927971059,10.16551724137931
4,4,1.0,0.3,5,mkt_ma50,none,2,1.1088196006553892,1.3632568480060319,0.17156060806749607,-0.12584613700523806,-0.7586715391428648,7.10344827586207
4,4,1.0,0.3,5,mkt_ma50,none,4,0.6370352552069981,0.41864898478064616,0.0963309975350557,-0.23009968025010008,-1.779428115243157,4.868965517241379
4,4,1.0,0.3,5,mkt_ma50,0.15,1,1.2027126218146214,1.4050052998384306,0.15071056197884736,-0.10726689927516886,-0.7450307172158654,6.991464742142446
4,4,1.0,0.3,5,mkt_ma50,0.15,2,1.07720002052273,1.258665122173262,0.13983315870324575,-0.11109639588789444,-0.769211149908832,5.204153011422571
4,4,1.0,0.3,5,mkt_ma50,0.15,4,0.550304355430467,0.3122190216247275,0.06619678419885777,-0.21202034345755905,-1.779428115243157,3.6231228498050863
4,4,1.0,0.3,5,mkt_ma50,0.2,1,1.1522632292125496,1.2985902750248266,0.16871765775872327,-0.12992370342177229,-0.7450307172158659,8.705323819451449
4,4,1.0,0.3,5,mkt_ma50,0.2,2,1.0579004143664024,1.2544935809337014,0.15787317105837428,-0.12584613700523806,-0.7692111499088319,6.325483182529071
4,4,1.0,0.3,5,mkt_ma50,0.2,4,0.5948771128859885,0.36753026000379796,0.08473838138867129,-0.23056164514942423,-1.779428115243157,4.374061604291924
4,4,1.5,0.0,3,none,none,1,0.729209464812546,0.4210089964547992,0.15571682691664335,-0.3698657943841862,-1.3304388601902775,20.390804597701152
4,4,1.5,0.0,3,none,none,2,0.45975912787028583,0.2484754480587566,0.10285740879551986,-0.41395401275701627,-1.4595244692513516,13.632183908045976
4,4,1.5,0.0,3,none,none,4,0.4422737132295119,0.3316906211220406,0.09856311395296324,-0.2971537561705684,-0.8370357870946088,9.402298850574711
4,4,1.5,0.0,3,none,0.15,1,0.869944735004897,0.47607445748855237,0.13462618188601572,-0.2827838792196763,-1.332845908534382,13.533348137950576
4,4,1.5,0.0,3,none,0.15,2,0.5390131251563038,0.24531092169536112,0.08599843546284625,-0.35056912618690184,-1.5037300582301671,9.192740573608583
4,4,1.5,0.0,3,none,0.15,4,0.5097982013896459,0.32837676725483494,0.07808048347673924,-0.2377771245191208,-0.7331996435344493,6.429958149490043
4,4,1.5,0.0,3,none,0.2,1,0.7948970667252977,0.4544001741959593,0.1522837932801686,-0.33513145885040196,-1.281777656929515,16.86741327423736
4,4,1.5,0.0,3,none,0.2,2,0.49029511851074886,0.24439664061366975,0.09612262757846635,-0.3933058463369482,-1.4597509326774363,11.327912613473046
4,4,1.5,0.0,3,none,0.2,4,0.44818948825991334,0.31218405146125855,0.08555726977172395,-0.2740603479622067,-0.8273711241448359,7.962231122539268
4,4,1.5,0.0,3,br30,none,1,0.7146646674447757,0.3876049850388507,0.13287082622695245,-0.34279958038629055,-2.17758485607025,16.57471264367816
4,4,1.5,0.0,3,br30,none,2,0.6694110640686867,0.4188941855147499,0.13419656488363163,-0.320359101472671,-1.8613676343855505,10.551724137931032
4,4,1.5,0.0,3,br30,none,4,0.5725994780699436,0.4419703982642718,0.11807847755333922,-0.2671637693770056,-1.3913104245329349,7.310344827586206
4,4,1.5,0.0,3,br30,0.15,1,0.8085539240299459,0.403160289056609,0.11739623845468761,-0.29118998483058345,-2.090344944174532,11.775277439800446
4,4,1.5,0.0,3,br30,0.15,2,0.7730928395677328,0.434834661552744,0.1162180311595129,-0.26726947374551935,-1.8833543392743652,7.5156694868406415
4,4,1.5,0.0,3,br30,0.15,4,0.6722521079361289,0.5187840681410325,0.09783280264851513,-0.18858096972615412,-1.3760842153291375,5.2927169712819175
4,4,1.5,0.0,3,br30,0.2,1,0.7426571694841918,0.3898333016419565,0.12713559677922226,-0.32612810717743734,-2.163726825533445,14.048191151982984
4,4,1.5,0.0,3,br30,0.2,2,0.7158825550309906,0.42278335982041837,0.12804940504559958,-0.3028723862263404,-1.8815393352610654,8.954136138042665
4,4,1.5,0.0,3,br30,0.2,4,0.6162179615181178,0.5036657301539011,0.10938586624154145,-0.2171794896748629,-1.3973090525025758,6.295712415712892
4,4,1.5,0.0,3,br40,none,1,0.899286410628731,0.6636787855836801,0.16091062015597246,-0.24245255935739718,-1.4731010816979104,14.321839080459773
4,4,1.5,0.0,3,br40,none,2,0.733276736635364,0.4883304165591287,0.1390197534303914,-0.2846837893284463,-1.1929667501336623,9.172413793103448
4,4,1.5,0.0,3,br40,none,4,0.6733753960269947,0.5306006732124317,0.1321793264343052,-0.24911262481829866,-1.0468571686373056,6.482758620689655
4,4,1.5,0.0,3,br40,0.15,1,1.0327078989541296,0.7286928093478389,0.14626855628989266,-0.2007273221493694,-1.4386496228973042,10.40781497658996
4,4,1.5,0.0,3,br40,0.15,2,0.8525135220994841,0.5530391428021866,0.12508994670821116,-0.22618642520381937,-1.2331611406031615,6.706390690804468
4,4,1.5,0.0,3,br40,0.15,4,0.785722935310463,0.755192082061599,0.11192249034244472,-0.14820400398916722,-1.016989231741464,4.759639505948889
4,4,1.5,0.0,3,br40,0.2,1,0.9276288314183421,0.667714843384251,0.15324342112303913,-0.22950429010434903,-1.4752369709391229,12.336119905348466
4,4,1.5,0.0,3,br40,0.2,2,0.7685457805258868,0.4974655816476537,0.1323113049249114,-0.2659707722626431,-1.2198178279841154,7.9206839816628305
4,4,1.5,0.0,3,br40,0.2,4,0.7024093662416775,0.6230958871102864,0.12052403463637895,-0.19342774864929657,-1.0495391346056058,5.650778405543658
4,4,1.5,0.0,3,mkt_ma20,none,1,0.8378495481526144,0.5965927938473962,0.14654044726464677,-0.24562892608811948,-1.1930666642781018,13.816091954022987
4,4,1.5,0.0,3,mkt_ma20,none,2,0.5417138694093596,0.3248804296758936,0.10090967539046747,-0.31060558338689936,-1.711958365635386,8.71264367816092
4,4,1.5,0.0,3,mkt_ma20,none,4,0.678114843265161,0.5829636479999613,0.12929509357313274,-0.22178928997840586,-1.1584399236291114,6.114942528735632
4,4,1.5,0.0,3,mkt_ma20,0.15,1,0.9545638658206451,0.6579563460050184,0.13447528028562372,-0.2043832863717041,-1.220260001505758,10.172807960660052
4,4,1.5,0.0,3,mkt_ma20,0.15,2,0.6140184850806759,0.3396561966360127,0.08898409238941163,-0.26198283226014585,-1.711958365635386,6.525877578521513
4,4,1.5,0.0,3,mkt_ma20,0.15,4,0.7841549503444929,0.6529917082370971,0.11155698591235308,-0.1708398200239435,-1.1584399236291114,4.639358238508995
4,4,1.5,0.0,3,mkt_ma20,0.2,1,0.8595029175727347,0.6058623311525384,0.13975340668575864,-0.23066858508913113,-1.2032940627047577,11.968326221933955
4,4,1.5,0.0,3,mkt_ma20,0.2,2,0.5683804766279967,0.3273673271510204,0.09685927732689015,-0.295873379209304,-1.711958365635386,7.641634154493942
4,4,1.5,0.0,3,mkt_ma20,0.2,4,0.7335733471051313,0.6456463755729198,0.125230881061541,-0.19396202906028293,-1.1584399236291114,5.415862481442902
4,4,1.5,0.0,3,mkt_ma50,none,1,1.1116529802521642,1.3743418941144603,0.18685102311385093,-0.13595672511623902,0.7312597336619158,12.804597701149424
4,4,1.5,0.0,3,mkt_ma50,none,2,0.752622440518055,0.7539823804483508,0.1352315582719923,-0.1793563905188046,-0.5129717353420227,8.298850574712644
4,4,1.5,0.0,3,mkt_ma50,none,4,0.34231585384784613,0.23011328105505355,0.061477931550378395,-0.2671637693770056,-1.5637716732242295,5.724137931034482
4,4,1.5,0.0,3,mkt_ma50,0.15,1,1.2222325159927396,1.5351352014233357,0.15700022724910623,-0.10227127037640715,0.7167133304318049,8.38721530045576
4,4,1.5,0.0,3,mkt_ma50,0.15,2,0.8626345972451751,1.0129623124510374,0.11720620301245566,-0.11570638075256223,-0.5193016307909774,5.591860506830538
4,4,1.5,0.0,3,mkt_ma50,0.15,4,0.3315540209963896,0.2108611139930623,0.0412456492521609,-0.1956057637707347,-1.5637716732242295,3.906337382538467
4,4,1.5,0.0,3,mkt_ma50,0.2,1,1.1434397601708044,1.3377426761143478,0.17376246583098465,-0.12989229463449647,0.7167133304318049,10.318856474706422
4,4,1.5,0.0,3,mkt_ma50,0.2,2,0.7683106441238936,0.8153796216876792,0.12388368146114592,-0.1519337473810426,-0.5193016307909771,6.863538147019618
4,4,1.5,0.0,3,mkt_ma50,0.2,4,0.3174918263752091,0.2216447394937481,0.048325220692942095,-0.2180300818477363,-1.5637716732242295,4.769180147244433
4,4,1.5,0.0,4,none,none,1,0.9353271332955758,0.62995320473369,0.19246786822516704,-0.30552724675245047,-0.9110600527501426,17.482758620689655
4,4,1.5,0.0,4,none,none,2,0.7417092953111174,0.4140058200374573,0.15470749817337448,-0.3736843558367785,-1.1348261325190305,12.068965517241379
4,4,1.5,0.0,4,none,none,4,0.770186390050124,0.5697636589496212,0.15852599882768947,-0.27823115135131216,-0.782055296352762,8.448275862068966
4,4,1.5,0.0,4,none,0.15,1,1.0099638582450323,0.5985402158770399,0.1534058217144052,-0.2562999404970975,-1.010175405358248,11.883761785005156
4,4,1.5,0.0,4,none,0.15,2,0.7851652897094085,0.3761211129851512,0.12231999932249704,-0.32521439265050267,-1.1696380867099536,8.5032029902813
4,4,1.5,0.0,4,none,0.15,4,0.79247298337078,0.5090633958681671,0.11977396918840433,-0.2352830122152848,-0.7472961196607691,6.145861182303979
4,4,1.5,0.0,4,none,0.2,1,0.9429078609300439,0.5961482965684919,0.17856920411178212,-0.2995382275511814,-0.9403256115699001,14.95177678680938
4,4,1.5,0.0,4,none,0.2,2,0.7310276900214779,0.37786568234600887,0.13911515976473798,-0.3681603444404651,-1.1321362700211317,10.436962282968608
4,4,1.5,0.0,4,none,0.2,4,0.7566346017420026,0.5179498078544585,0.14122619264960168,-0.27266385759387246,-0.7910639998803861,7.504077890031783
4,4,1.5,0.0,4,br30,none,1,0.9335852907516123,0.5192321343207228,0.16650832955100148,-0.320681865672342,-2.1585310261167954,14.06896551724138
4,4,1.5,0.0,4,br30,none,2,0.8519187017797735,0.49258360490523606,0.15883311735344252,-0.32244905386974676,-2.003991812602116,9.310344827586206
4,4,1.5,0.0,4,br30,none,4,0.8051588038986704,0.5676727851480111,0.15243424991693666,-0.26852485076802124,-1.919978002414554,6.482758620689655
4,4,1.5,0.0,4,br30,0.15,1,0.9761846088930518,0.5001609327237118,0.13955673037113625,-0.2790236526694643,-2.063378508917013,10.230487533747374
4,4,1.5,0.0,4,br30,0.15,2,0.9041175695749852,0.4725643253576783,0.13270006401655632,-0.28080846753744526,-1.9779741097423793,6.890967505889011
4,4,1.5,0.0,4,br30,0.15,4,0.8484513219221111,0.5280172583818967,0.121794403177516,-0.23066367859026737,-1.9154097269979375,4.868463969116275
4,4,1.5,0.0,4,br30,0.2,1,0.923699433990127,0.49462699717790604,0.15553574689832428,-0.3144505815204859,-2.14705111220506,12.237043330170188
4,4,1.5,0.0,4,br30,0.2,2,0.8585988991121789,0.46739037037235026,0.14900500416533036,-0.3188020413142537,-2.002918978655069,8.211178014716543
4,4,1.5,0.0,4,br30,0.2,4,0.817356905466924,0.5381824287819451,0.1416492509363967,-0.2631993230566593,-1.9282885003038672,5.800598192557278
4,4,1.5,0.0,4,br40,none,1,1.1034979928173005,0.7862453215462737,0.18982782627782968,-0.24143587386250354,-1.5577817249566457,12.344827586206897
4,4,1.5,0.0,4,br40,none,2,0.9394227770497536,0.5663613837968365,0.16501520406863812,-0.29136026711847973,-1.370529596232729,8.275862068965516
4,4,1.5,0.0,4,br40,none,4,0.8990050806316259,0.6990983395355578,0.16238068302582187,-0.23227159019387544,-1.5164197154105892,5.724137931034482
4,4,1.5,0.0,4,br40,0.15,1,1.1762342087148876,0.8068194236348043,0.16496040168199966,-0.20445764795651067,-1.5041649900703842,9.149880154044908
4,4,1.5,0.0,4,br40,0.15,2,1.000341696778232,0.5879413867105918,0.1430532226026342,-0.24331204748654767,-1.349780472396781,6.26478666376277
4,4,1.5,0.0,4,br40,0.15,4,0.9675337218944633,0.7182557614695348,0.13617298953795576,-0.1895884402783612,-1.4987335597184464,4.3407865832580885
4,4,1.5,0.0,4,br40,0.2,1,1.0928289228696355,0.7563364022289006,0.1783907167166361,-0.23586160363420827,-1.5517508325710792,10.888532946002535
4,4,1.5,0.0,4,br40,0.2,2,0.9272189540989654,0.5389416058687869,0.15446044219967114,-0.286599588003003,-1.3754869238335472,7.401615250394488
4,4,1.5,0.0,4,br40,0.2,4,0.9014082396198342,0.6684551427255541,0.15094772926103062,-0.2258157946777961,-1.5236829327693415,5.166016455546885
4,4,1.5,0.0,4,mkt_ma20,none,1,1.087077648879531,0.814776805755959,0.18153221709008727,-0.2227999322116928,-1.2023525705968816,11.96551724137931
4,4,1.5,0.0,4,mkt_ma20,none,2,0.7575597468819777,0.44970858193760815,0.1314668339032261,-0.29233783650912315,-1.6331817673155427,7.862068965517241
4,4,1.5,0.0,4,mkt_ma20,none,4,0.9511722899921308,0.7813849633102864,0.16725176211191828,-0.21404527853129796,-1.5435405459887985,5.310344827586207
4,4,1.5,0.0,4,mkt_ma20,0.15,1,1.1548386668339243,0.8432749630369185,0.15999608521486897,-0.1897318101781048,-1.1785857985789359,8.952964292434952
4,4,1.5,0.0,4,mkt_ma20,0.15,2,0.7846402698355067,0.42782775062698447,0.11071574366605086,-0.25878579288930226,-1.6331817673155427,6.060598886733703
4,4,1.5,0.0,4,mkt_ma20,0.15,4,1.000706906320471,0.7319552314339269,0.1398603830312184,-0.19107778320981028,-1.5435405459887985,4.142395257597553
4,4,1.5,0.0,4,mkt_ma20,0.2,1,1.0742978931692255,0.7892013348997635,0.17135037308203072,-0.21711870660202814,-1.196174967221287,10.582175944067467
4,4,1.5,0.0,4,mkt_ma20,0.2,2,0.7552708218944129,0.43173411512549653,0.12443409668634953,-0.2882192820231012,-1.6331817673155427,7.084050498226572
4,4,1.5,0.0,4,mkt_ma20,0.2,4,0.9773495031053067,0.7624288360358228,0.16080674494772573,-0.21091377627297692,-1.5435405459887985,4.834539338914498
4,4,1.5,0.0,4,mkt_ma50,none,1,1.3596988085143915,1.7698679306161238,0.21681273332144402,-0.12250221023326158,-1.414902228957018,10.655172413793103
4,4,1.5,0.0,4,mkt_ma50,none,2,1.0017448455165898,1.0209018728927979,0.16509429578837964,-0.16171416682836837,-1.5943692329904264,7.344827586206897
4,4,1.5,0.0,4,mkt_ma50,none,4,0.6291136319822532,0.44868213784916733,0.10200540881826803,-0.22734448335128288,-1.7166028896812946,5.0
4,4,1.5,0.0,4,mkt_ma50,0.15,1,1.4059147799669838,1.922506751057498,0.17806988999894413,-0.09262380478039656,-1.433884431415661,7.164083696183763
4,4,1.5,0.0,4,mkt_ma50,0.15,2,1.0443239871851921,1.1525193567028145,0.13857427518345733,-0.12023596339405318,-1.5889582502685604,5.184857668143701
4,4,1.5,0.0,4,mkt_ma50,0.15,4,0.6038623409410285,0.3713607118002765,0.07357126004119552,-0.19811266432719266,-1.7166028896812946,3.5584377224916963
4,4,1.5,0.0,4,mkt_ma50,0.2,1,1.3445093024711272,1.7127852123789709,0.20096029156969175,-0.11732953444324068,-1.4338844314156607,8.889259791688408
4,4,1.5,0.0,4,mkt_ma50,0.2,2,0.9751939973523869,0.9685021698783364,0.15102367139459338,-0.15593529482083146,-1.5889582502685609,6.359777399555236
4,4,1.5,0.0,4,mkt_ma50,0.2,4,0.6066415631593924,0.4036105870081515,0.08939837897084058,-0.22149661542211985,-1.7166028896812946,4.36040340444889
4,4,1.5,0.0,5,none,none,1,0.8963081786523018,0.6308407691254642,0.17743254405044984,-0.2812635973043165,-0.8223770058462156,15.765517241379312
4,4,1.5,0.0,5,none,none,2,0.9545078576811844,0.6287989218206024,0.1852769163205381,-0.2946520897079369,-0.8360415408042193,11.020689655172415
4,4,1.5,0.0,5,none,none,4,0.7723426958934272,0.5509534232072957,0.1482563732390232,-0.2690905746187584,-0.623649130841237,7.793103448275863
4,4,1.5,0.0,5,none,0.15,1,0.9499208698345111,0.6132104207193733,0.14333395861538567,-0.23374351408972605,-0.8381222460334712,11.032484764189345
4,4,1.5,0.0,5,none,0.15,2,0.9608832790637527,0.5651258633785586,0.14668501342146878,-0.2595616709957751,-0.8157239503600022,8.084320458043038
4,4,1.5,0.0,5,none,0.15,4,0.7639347438980802,0.4733091321242704,0.11307792027537489,-0.23890922993153985,-0.6021044063885427,5.9290500600488105
4,4,1.5,0.0,5,none,0.2,1,0.8827089012908608,0.5907355580817675,0.16326003763919594,-0.27636737861071514,-0.8243657433453162,13.879584413220778
4,4,1.5,0.0,5,none,0.2,2,0.9333180495218731,0.5802346406579174,0.17086232126726641,-0.29447107996435506,-0.836890941441596,9.906875668452468
4,4,1.5,0.0,5,none,0.2,4,0.7519131850757862,0.50228004104559,0.1353791093757748,-0.26952914373017456,-0.6434693105222782,7.147005941797643
4,4,1.5,0.0,5,br30,none,1,0.746517428594383,0.40152751129065123,0.1296878055249544,-0.3229861015203964,-2.384754039771703,13.117241379310343
4,4,1.5,0.0,5,br30,none,2,0.9388507822016717,0.6459659460751985,0.16205155720495878,-0.25086702819175233,-1.9471442685205396,8.841379310344827
4,4,1.5,0.0,5,br30,none,4,0.7518558496338665,0.5108387476343957,0.1318614948330632,-0.25812743344879485,-1.8246974087306016,6.124137931034484
4,4,1.5,0.0,5,br30,0.15,1,0.8064934657606436,0.40536302881796377,0.11545093408606477,-0.2848087414945537,-2.274708353391805,9.751417183689751
4,4,1.5,0.0,5,br30,0.15,2,0.9547867415430559,0.6029421808387193,0.13700221114913824,-0.22722280096337277,-1.9370814509240113,6.858507746180915
4,4,1.5,0.0,5,br30,0.15,4,0.7603401322764552,0.45599042636058146,0.10636384165172275,-0.2332589359400583,-1.846257977031431,4.849573231469565
4,4,1.5,0.0,5,br30,0.2,1,0.7456280643153188,0.3876239512714574,0.12380485182450696,-0.3193942258170859,-2.368738730831526,11.698526884044824
4,4,1.5,0.0,5,br30,0.2,2,0.9277720594943661,0.6086651819015774,0.15356082973047114,-0.2522911352522581,-1.9538734780272387,8.130680330369902
4,4,1.5,0.0,5,br30,0.2,4,0.7331680432131314,0.46944871360668255,0.1213865654289894,-0.2585725807967396,-1.8246974087306016,5.707108235986037
4,4,1.5,0.0,5,br40,none,1,0.8791608179057806,0.5787510657020082,0.14770374596014557,-0.25521118614440086,-1.9375019357994365,11.6
4,4,1.5,0.0,5,br40,none,2,0.9903312430489731,0.6980940921451826,0.1623202420583867,-0.23251914589277023,-1.377790984795253,8.041379310344828
4,4,1.5,0.0,5,br40,none,4,0.8320945039111934,0.6024563385305515,0.1395182680547975,-0.23158237225139977,-1.504009045888914,5.434482758620691
4,4,1.5,0.0,5,br40,0.15,1,0.955159737765764,0.6120053349314414,0.13515241651792653,-0.22083535682424515,-1.892119723052107,8.891364683730727
4,4,1.5,0.0,5,br40,0.15,2,1.010267197613686,0.6985656405855168,0.1413046899122794,-0.20227832819524594,-1.3698234490476815,6.352928088651463
4,4,1.5,0.0,5,br40,0.15,4,0.8461849765611559,0.5662213272253223,0.11583264103684754,-0.20457131419698904,-1.51909477388161,4.3466587864482635
4,4,1.5,0.0,5,br40,0.2,1,0.8734969216076832,0.5591286688871138,0.14113064443089662,-0.2524117475710952,-1.9300850652892896,10.534718749297033
4,4,1.5,0.0,5,br40,0.2,2,0.9616838768841764,0.6583263223044398,0.1530285815594834,-0.23245095384279058,-1.3837774219126722,7.469551502419219
4,4,1.5,0.0,5,br40,0.2,4,0.8001558598777327,0.5493760582563402,0.1273359552207023,-0.2317828622252902,-1.504009045888914,5.067427203919815
4,4,1.5,0.0,5,mkt_ma20,none,1,0.8481567810934034,0.5935267591444607,0.13833776854162383,-0.23307755953755283,-1.6034064897970972,11.351724137931036
4,4,1.5,0.0,5,mkt_ma20,none,2,0.8333163584823394,0.5865314856349751,0.13363325102008528,-0.22783644918126567,-1.596512293707149,7.655172413793103
4,4,1.5,0.0,5,mkt_ma20,none,4,0.905204465079626,0.696208330930344,0.1470381986666145,-0.21119856246208257,-1.5261454062153041,5.048275862068966
4,4,1.5,0.0,5,mkt_ma20,0.15,1,0.9173173400751328,0.6321062301935052,0.12800524497461274,-0.20250590622311504,-1.5657453131742822,8.74026665774683
4,4,1.5,0.0,5,mkt_ma20,0.15,2,0.8360275351503124,0.5500912001852252,0.11553528300419758,-0.21002932416532905,-1.596512293707149,6.13603431423546
4,4,1.5,0.0,5,mkt_ma20,0.15,4,0.9271449558928113,0.6362287980365033,0.1244894264130818,-0.1956677013006558,-1.5261454062153041,4.105211490363484
4,4,1.5,0.0,5,mkt_ma20,0.2,1,0.8518765673632065,0.5855314322912922,0.13417275688248065,-0.2291469756925567,-1.5956397153449644,10.288914400025863
4,4,1.5,0.0,5,mkt_ma20,0.2,2,0.8262201825022703,0.5666326249775321,0.1290462449973251,-0.22774234893806544,-1.596512293707149,7.133956618349908
4,4,1.5,0.0,5,mkt_ma20,0.2,4,0.8937519603106608,0.6553465139300233,0.1383959622601667,-0.21117982520457013,-1.5261454062153041,4.731114483624054
4,4,1.5,0.0,5,mkt_ma50,none,1,1.1419615989517837,1.4468470756862428,0.17490564024498734,-0.12088744082509839,-1.4585003756870585,9.724137931034482
4,4,1.5,0.0,5,mkt_ma50,none,2,1.127153979749954,1.4274177853065053,0.17434598716825822,-0.12214082587658204,-1.746386286833239,6.882758620689655
4,4,1.5,0.0,5,mkt_ma50,none,4,0.6195378876981421,0.40329189173428004,0.09454253708333904,-0.23442707136207686,-1.779428115243157,4.731034482758621
4,4,1.5,0.0,5,mkt_ma50,0.15,1,1.188613114595532,1.5072927899515371,0.1502560627615359,-0.09968604889721988,-1.463673182393618,6.83497205390408
4,4,1.5,0.0,5,mkt_ma50,0.15,2,1.1015358165699132,1.2628869834095755,0.1440545767139576,-0.11406767082596359,-1.7483636748887974,5.114894408217113
4,4,1.5,0.0,5,mkt_ma50,0.15,4,0.5446209201763325,0.30399051431720875,0.06547584493937797,-0.21538778960403704,-1.779428115243157,3.575373417416299
4,4,1.5,0.0,5,mkt_ma50,0.2,1,1.1257082981750721,1.371016547556186,0.16512127842699087,-0.12043711559960146,-1.463673182393618,8.484882482116475
4,4,1.5,0.0,5,mkt_ma50,0.2,2,1.0845301995946897,1.3251056201503464,0.16184949481886357,-0.12214082587658193,-1.7483636748887972,6.252753465588537
4,4,1.5,0.0,5,mkt_ma50,0.2,4,0.5766010365892973,0.35063289419544774,0.082358912155019,-0.2348864396878605,-1.779428115243157,4.337889806791334
4,4,1.5,0.3,3,none,none,1,0.729209464812546,0.4210089964547992,0.15571682691664335,-0.3698657943841862,-1.3304388601902775,20.390804597701152
4,4,1.5,0.3,3,none,none,2,0.45975912787028583,0.2484754480587566,0.10285740879551986,-0.41395401275701627,-1.4595244692513516,13.632183908045976
4,4,1.5,0.3,3,none,none,4,0.4422737132295119,0.3316906211220406,0.09856311395296324,-0.2971537561705684,-0.8370357870946088,9.402298850574711
4,4,1.5,0.3,3,none,0.15,1,0.869944735004897,0.47607445748855237,0.13462618188601572,-0.2827838792196763,-1.332845908534382,13.533348137950576
4,4,1.5,0.3,3,none,0.15,2,0.5390131251563038,0.24531092169536112,0.08599843546284625,-0.35056912618690184,-1.5037300582301671,9.192740573608583
4,4,1.5,0.3,3,none,0.15,4,0.5097982013896459,0.32837676725483494,0.07808048347673924,-0.2377771245191208,-0.7331996435344493,6.429958149490043
4,4,1.5,0.3,3,none,0.2,1,0.7948970667252977,0.4544001741959593,0.1522837932801686,-0.33513145885040196,-1.281777656929515,16.86741327423736
4,4,1.5,0.3,3,none,0.2,2,0.49029511851074886,0.24439664061366975,0.09612262757846635,-0.3933058463369482,-1.4597509326774363,11.327912613473046
4,4,1.5,0.3,3,none,0.2,4,0.44818948825991334,0.31218405146125855,0.08555726977172395,-0.2740603479622067,-0.8273711241448359,7.962231122539268
4,4,1.5,0.3,3,br30,none,1,0.7146646674447757,0.3876049850388507,0.13287082622695245,-0.34279958038629055,-2.17758485607025,16.57471264367816
4,4,1.5,0.3,3,br30,none,2,0.6694110640686867,0.4188941855147499,0.13419656488363163,-0.320359101472671,-1.8613676343855505,10.551724137931032
4,4,1.5,0.3,3,br30,none,4,0.5725994780699436,0.4419703982642718,0.11807847755333922,-0.2671637693770056,-1.3913104245329349,7.310344827586206
4,4,1.5,0.3,3,br30,0.15,1,0.8085539240299459,0.403160289056609,0.11739623845468761,-0.29118998483058345,-2.090344944174532,11.775277439800446
4,4,1.5,0.3,3,br30,0.15,2,0.7730928395677328,0.434834661552744,0.1162180311595129,-0.26726947374551935,-1.8833543392743652,7.5156694868406415
4,4,1.5,0.3,3,br30,0.15,4,0.6722521079361289,0.5187840681410325,0.09783280264851513,-0.18858096972615412,-1.3760842153291375,5.2927169712819175
4,4,1.5,0.3,3,br30,0.2,1,0.7426571694841918,0.3898333016419565,0.12713559677922226,-0.32612810717743734,-2.163726825533445,14.048191151982984
4,4,1.5,0.3,3,br30,0.2,2,0.7158825550309906,0.42278335982041837,0.12804940504559958,-0.3028723862263404,-1.8815393352610654,8.954136138042665
4,4,1.5,0.3,3,br30,0.2,4,0.6162179615181178,0.5036657301539011,0.10938586624154145,-0.2171794896748629,-1.3973090525025758,6.295712415712892
4,4,1.5,0.3,3,br40,none,1,0.899286410628731,0.6636787855836801,0.16091062015597246,-0.24245255935739718,-1.4731010816979104,14.321839080459773
4,4,1.5,0.3,3,br40,none,2,0.733276736635364,0.4883304165591287,0.1390197534303914,-0.2846837893284463,-1.1929667501336623,9.172413793103448
4,4,1.5,0.3,3,br40,none,4,0.6733753960269947,0.5306006732124317,0.1321793264343052,-0.24911262481829866,-1.0468571686373056,6.482758620689655
4,4,1.5,0.3,3,br40,0.15,1,1.0327078989541296,0.7286928093478389,0.14626855628989266,-0.2007273221493694,-1.4386496228973042,10.40781497658996
4,4,1.5,0.3,3,br40,0.15,2,0.8525135220994841,0.5530391428021866,0.12508994670821116,-0.22618642520381937,-1.2331611406031615,6.706390690804468
4,4,1.5,0.3,3,br40,0.15,4,0.785722935310463,0.755192082061599,0.11192249034244472,-0.14820400398916722,-1.016989231741464,4.759639505948889
4,4,1.5,0.3,3,br40,0.2,1,0.9276288314183421,0.667714843384251,0.15324342112303913,-0.22950429010434903,-1.4752369709391229,12.336119905348466
4,4,1.5,0.3,3,br40,0.2,2,0.7685457805258868,0.4974655816476537,0.1323113049249114,-0.2659707722626431,-1.2198178279841154,7.9206839816628305
4,4,1.5,0.3,3,br40,0.2,4,0.7024093662416775,0.6230958871102864,0.12052403463637895,-0.19342774864929657,-1.0495391346056058,5.650778405543658
4,4,1.5,0.3,3,mkt_ma20,none,1,0.8378495481526144,0.5965927938473962,0.14654044726464677,-0.24562892608811948,-1.1930666642781018,13.816091954022987
4,4,1.5,0.3,3,mkt_ma20,none,2,0.5417138694093596,0.3248804296758936,0.10090967539046747,-0.31060558338689936,-1.711958365635386,8.71264367816092
4,4,1.5,0.3,3,mkt_ma20,none,4,0.678114843265161,0.5829636479999613,0.12929509357313274,-0.22178928997840586,-1.1584399236291114,6.114942528735632
4,4,1.5,0.3,3,mkt_ma20,0.15,1,0.9545638658206451,0.6579563460050184,0.13447528028562372,-0.2043832863717041,-1.220260001505758,10.172807960660052
4,4,1.5,0.3,3,mkt_ma20,0.15,2,0.6140184850806759,0.3396561966360127,0.08898409238941163,-0.26198283226014585,-1.711958365635386,6.525877578521513
4,4,1.5,0.3,3,mkt_ma20,0.15,4,0.7841549503444929,0.6529917082370971,0.11155698591235308,-0.1708398200239435,-1.1584399236291114,4.639358238508995
4,4,1.5,0.3,3,mkt_ma20,0.2,1,0.8595029175727347,0.6058623311525384,0.13975340668575864,-0.23066858508913113,-1.2032940627047577,11.968326221933955
4,4,1.5,0.3,3,mkt_ma20,0.2,2,0.5683804766279967,0.3273673271510204,0.09685927732689015,-0.295873379209304,-1.711958365635386,7.641634154493942
4,4,1.5,0.3,3,mkt_ma20,0.2,4,0.7335733471051313,0.6456463755729198,0.125230881061541,-0.19396202906028293,-1.1584399236291114,5.415862481442902
4,4,1.5,0.3,3,mkt_ma50,none,1,1.1116529802521642,1.3743418941144603,0.18685102311385093,-0.13595672511623902,0.7312597336619158,12.804597701149424
4,4,1.5,0.3,3,mkt_ma50,none,2,0.752622440518055,0.7539823804483508,0.1352315582719923,-0.1793563905188046,-0.5129717353420227,8.298850574712644
4,4,1.5,0.3,3,mkt_ma50,none,4,0.34231585384784613,0.23011328105505355,0.061477931550378395,-0.2671637693770056,-1.5637716732242295,5.724137931034482
4,4,1.5,0.3,3,mkt_ma50,0.15,1,1.2222325159927396,1.5351352014233357,0.15700022724910623,-0.10227127037640715,0.7167133304318049,8.38721530045576
4,4,1.5,0.3,3,mkt_ma50,0.15,2,0.8626345972451751,1.0129623124510374,0.11720620301245566,-0.11570638075256223,-0.5193016307909774,5.591860506830538
4,4,1.5,0.3,3,mkt_ma50,0.15,4,0.3315540209963896,0.2108611139930623,0.0412456492521609,-0.1956057637707347,-1.5637716732242295,3.906337382538467
4,4,1.5,0.3,3,mkt_ma50,0.2,1,1.1434397601708044,1.3377426761143478,0.17376246583098465,-0.12989229463449647,0.7167133304318049,10.318856474706422
4,4,1.5,0.3,3,mkt_ma50,0.2,2,0.7683106441238936,0.8153796216876792,0.12388368146114592,-0.1519337473810426,-0.5193016307909771,6.863538147019618
4,4,1.5,0.3,3,mkt_ma50,0.2,4,0.3174918263752091,0.2216447394937481,0.048325220692942095,-0.2180300818477363,-1.5637716732242295,4.769180147244433
4,4,1.5,0.3,4,none,none,1,0.9353271332955758,0.62995320473369,0.19246786822516704,-0.30552724675245047,-0.9110600527501426,17.482758620689655
4,4,1.5,0.3,4,none,none,2,0.7417092953111174,0.4140058200374573,0.15470749817337448,-0.3736843558367785,-1.1348261325190305,12.068965517241379
4,4,1.5,0.3,4,none,none,4,0.770186390050124,0.5697636589496212,0.15852599882768947,-0.27823115135131216,-0.782055296352762,8.448275862068966
4,4,1.5,0.3,4,none,0.15,1,1.0099638582450323,0.5985402158770399,0.1534058217144052,-0.2562999404970975,-1.010175405358248,11.883761785005156
4,4,1.5,0.3,4,none,0.15,2,0.7851652897094085,0.3761211129851512,0.12231999932249704,-0.32521439265050267,-1.1696380867099536,8.5032029902813
4,4,1.5,0.3,4,none,0.15,4,0.79247298337078,0.5090633958681671,0.11977396918840433,-0.2352830122152848,-0.7472961196607691,6.145861182303979
4,4,1.5,0.3,4,none,0.2,1,0.9429078609300439,0.5961482965684919,0.17856920411178212,-0.2995382275511814,-0.9403256115699001,14.95177678680938
4,4,1.5,0.3,4,none,0.2,2,0.7310276900214779,0.37786568234600887,0.13911515976473798,-0.3681603444404651,-1.1321362700211317,10.436962282968608
4,4,1.5,0.3,4,none,0.2,4,0.7566346017420026,0.5179498078544585,0.14122619264960168,-0.27266385759387246,-0.7910639998803861,7.504077890031783
4,4,1.5,0.3,4,br30,none,1,0.9335852907516123,0.5192321343207228,0.16650832955100148,-0.320681865672342,-2.1585310261167954,14.06896551724138
4,4,1.5,0.3,4,br30,none,2,0.8519187017797735,0.49258360490523606,0.15883311735344252,-0.32244905386974676,-2.003991812602116,9.310344827586206
4,4,1.5,0.3,4,br30,none,4,0.8051588038986704,0.5676727851480111,0.15243424991693666,-0.26852485076802124,-1.919978002414554,6.482758620689655
4,4,1.5,0.3,4,br30,0.15,1,0.9761846088930518,0.5001609327237118,0.13955673037113625,-0.2790236526694643,-2.063378508917013,10.230487533747374
4,4,1.5,0.3,4,br30,0.15,2,0.9041175695749852,0.4725643253576783,0.13270006401655632,-0.28080846753744526,-1.9779741097423793,6.890967505889011
4,4,1.5,0.3,4,br30,0.15,4,0.8484513219221111,0.5280172583818967,0.121794403177516,-0.23066367859026737,-1.9154097269979375,4.868463969116275
4,4,1.5,0.3,4,br30,0.2,1,0.923699433990127,0.49462699717790604,0.15553574689832428,-0.3144505815204859,-2.14705111220506,12.237043330170188
4,4,1.5,0.3,4,br30,0.2,2,0.8585988991121789,0.46739037037235026,0.14900500416533036,-0.3188020413142537,-2.002918978655069,8.211178014716543
4,4,1.5,0.3,4,br30,0.2,4,0.817356905466924,0.5381824287819451,0.1416492509363967,-0.2631993230566593,-1.9282885003038672,5.800598192557278
4,4,1.5,0.3,4,br40,none,1,1.1034979928173005,0.7862453215462737,0.18982782627782968,-0.24143587386250354,-1.5577817249566457,12.344827586206897
4,4,1.5,0.3,4,br40,none,2,0.9394227770497536,0.5663613837968365,0.16501520406863812,-0.29136026711847973,-1.370529596232729,8.275862068965516
4,4,1.5,0.3,4,br40,none,4,0.8990050806316259,0.6990983395355578,0.16238068302582187,-0.23227159019387544,-1.5164197154105892,5.724137931034482
4,4,1.5,0.3,4,br40,0.15,1,1.1762342087148876,0.8068194236348043,0.16496040168199966,-0.20445764795651067,-1.5041649900703842,9.149880154044908
4,4,1.5,0.3,4,br40,0.15,2,1.000341696778232,0.5879413867105918,0.1430532226026342,-0.24331204748654767,-1.349780472396781,6.26478666376277
4,4,1.5,0.3,4,br40,0.15,4,0.9675337218944633,0.7182557614695348,0.13617298953795576,-0.1895884402783612,-1.4987335597184464,4.3407865832580885
4,4,1.5,0.3,4,br40,0.2,1,1.0928289228696355,0.7563364022289006,0.1783907167166361,-0.23586160363420827,-1.5517508325710792,10.888532946002535
4,4,1.5,0.3,4,br40,0.2,2,0.9272189540989654,0.5389416058687869,0.15446044219967114,-0.286599588003003,-1.3754869238335472,7.401615250394488
4,4,1.5,0.3,4,br40,0.2,4,0.9014082396198342,0.6684551427255541,0.15094772926103062,-0.2258157946777961,-1.5236829327693415,5.166016455546885
4,4,1.5,0.3,4,mkt_ma20,none,1,1.087077648879531,0.814776805755959,0.18153221709008727,-0.2227999322116928,-1.2023525705968816,11.96551724137931
4,4,1.5,0.3,4,mkt_ma20,none,2,0.7575597468819777,0.44970858193760815,0.1314668339032261,-0.29233783650912315,-1.6331817673155427,7.862068965517241
4,4,1.5,0.3,4,mkt_ma20,none,4,0.9511722899921308,0.7813849633102864,0.16725176211191828,-0.21404527853129796,-1.5435405459887985,5.310344827586207
4,4,1.5,0.3,4,mkt_ma20,0.15,1,1.1548386668339243,0.8432749630369185,0.15999608521486897,-0.1897318101781048,-1.1785857985789359,8.952964292434952
4,4,1.5,0.3,4,mkt_ma20,0.15,2,0.7846402698355067,0.42782775062698447,0.11071574366605086,-0.25878579288930226,-1.6331817673155427,6.060598886733703
4,4,1.5,0.3,4,mkt_ma20,0.15,4,1.000706906320471,0.7319552314339269,0.1398603830312184,-0.19107778320981028,-1.5435405459887985,4.142395257597553
4,4,1.5,0.3,4,mkt_ma20,0.2,1,1.0742978931692255,0.7892013348997635,0.17135037308203072,-0.21711870660202814,-1.196174967221287,10.582175944067467
4,4,1.5,0.3,4,mkt_ma20,0.2,2,0.7552708218944129,0.43173411512549653,0.12443409668634953,-0.2882192820231012,-1.6331817673155427,7.084050498226572
4,4,1.5,0.3,4,mkt_ma20,0.2,4,0.9773495031053067,0.7624288360358228,0.16080674494772573,-0.21091377627297692,-1.5435405459887985,4.834539338914498
4,4,1.5,0.3,4,mkt_ma50,none,1,1.3596988085143915,1.7698679306161238,0.21681273332144402,-0.12250221023326158,-1.414902228957018,10.655172413793103
4,4,1.5,0.3,4,mkt_ma50,none,2,1.0017448455165898,1.0209018728927979,0.16509429578837964,-0.16171416682836837,-1.5943692329904264,7.344827586206897
4,4,1.5,0.3,4,mkt_ma50,none,4,0.6291136319822532,0.44868213784916733,0.10200540881826803,-0.22734448335128288,-1.7166028896812946,5.0
4,4,1.5,0.3,4,mkt_ma50,0.15,1,1.4059147799669838,1.922506751057498,0.17806988999894413,-0.09262380478039656,-1.433884431415661,7.164083696183763
4,4,1.5,0.3,4,mkt_ma50,0.15,2,1.0443239871851921,1.1525193567028145,0.13857427518345733,-0.12023596339405318,-1.5889582502685604,5.184857668143701
4,4,1.5,0.3,4,mkt_ma50,0.15,4,0.6038623409410285,0.3713607118002765,0.07357126004119552,-0.19811266432719266,-1.7166028896812946,3.5584377224916963
4,4,1.5,0.3,4,mkt_ma50,0.2,1,1.3445093024711272,1.7127852123789709,0.20096029156969175,-0.11732953444324068,-1.4338844314156607,8.889259791688408
4,4,1.5,0.3,4,mkt_ma50,0.2,2,0.9751939973523869,0.9685021698783364,0.15102367139459338,-0.15593529482083146,-1.5889582502685609,6.359777399555236
4,4,1.5,0.3,4,mkt_ma50,0.2,4,0.6066415631593924,0.4036105870081515,0.08939837897084058,-0.22149661542211985,-1.7166028896812946,4.36040340444889
4,4,1.5,0.3,5,none,none,1,0.8963081786523018,0.6308407691254642,0.17743254405044984,-0.2812635973043165,-0.8223770058462156,15.765517241379312
4,4,1.5,0.3,5,none,none,2,0.9545078576811844,0.6287989218206024,0.1852769163205381,-0.2946520897079369,-0.8360415408042193,11.020689655172415
4,4,1.5,0.3,5,none,none,4,0.7723426958934272,0.5509534232072957,0.1482563732390232,-0.2690905746187584,-0.623649130841237,7.793103448275863
4,4,1.5,0.3,5,none,0.15,1,0.9499208698345111,0.6132104207193733,0.14333395861538567,-0.23374351408972605,-0.8381222460334712,11.032484764189345
4,4,1.5,0.3,5,none,0.15,2,0.9608832790637527,0.5651258633785586,0.14668501342146878,-0.2595616709957751,-0.8157239503600022,8.084320458043038
4,4,1.5,0.3,5,none,0.15,4,0.7639347438980802,0.4733091321242704,0.11307792027537489,-0.23890922993153985,-0.6021044063885427,5.9290500600488105
4,4,1.5,0.3,5,none,0.2,1,0.8827089012908608,0.5907355580817675,0.16326003763919594,-0.27636737861071514,-0.8243657433453162,13.879584413220778
4,4,1.5,0.3,5,none,0.2,2,0.9333180495218731,0.5802346406579174,0.17086232126726641,-0.29447107996435506,-0.836890941441596,9.906875668452468
4,4,1.5,0.3,5,none,0.2,4,0.7519131850757862,0.50228004104559,0.1353791093757748,-0.26952914373017456,-0.6434693105222782,7.147005941797643
4,4,1.5,0.3,5,br30,none,1,0.746517428594383,0.40152751129065123,0.1296878055249544,-0.3229861015203964,-2.384754039771703,13.117241379310343
4,4,1.5,0.3,5,br30,none,2,0.9388507822016717,0.6459659460751985,0.16205155720495878,-0.25086702819175233,-1.9471442685205396,8.841379310344827
4,4,1.5,0.3,5,br30,none,4,0.7518558496338665,0.5108387476343957,0.1318614948330632,-0.25812743344879485,-1.8246974087306016,6.124137931034484
4,4,1.5,0.3,5,br30,0.15,1,0.8064934657606436,0.40536302881796377,0.11545093408606477,-0.2848087414945537,-2.274708353391805,9.751417183689751
4,4,1.5,0.3,5,br30,0.15,2,0.9547867415430559,0.6029421808387193,0.13700221114913824,-0.22722280096337277,-1.9370814509240113,6.858507746180915
4,4,1.5,0.3,5,br30,0.15,4,0.7603401322764552,0.45599042636058146,0.10636384165172275,-0.2332589359400583,-1.846257977031431,4.849573231469565
4,4,1.5,0.3,5,br30,0.2,1,0.7456280643153188,0.3876239512714574,0.12380485182450696,-0.3193942258170859,-2.368738730831526,11.698526884044824
4,4,1.5,0.3,5,br30,0.2,2,0.9277720594943661,0.6086651819015774,0.15356082973047114,-0.2522911352522581,-1.9538734780272387,8.130680330369902
4,4,1.5,0.3,5,br30,0.2,4,0.7331680432131314,0.46944871360668255,0.1213865654289894,-0.2585725807967396,-1.8246974087306016,5.707108235986037
4,4,1.5,0.3,5,br40,none,1,0.8791608179057806,0.5787510657020082,0.14770374596014557,-0.25521118614440086,-1.9375019357994365,11.6
4,4,1.5,0.3,5,br40,none,2,0.9903312430489731,0.6980940921451826,0.1623202420583867,-0.23251914589277023,-1.377790984795253,8.041379310344828
4,4,1.5,0.3,5,br40,none,4,0.8320945039111934,0.6024563385305515,0.1395182680547975,-0.23158237225139977,-1.504009045888914,5.434482758620691
4,4,1.5,0.3,5,br40,0.15,1,0.955159737765764,0.6120053349314414,0.13515241651792653,-0.22083535682424515,-1.892119723052107,8.891364683730727
4,4,1.5,0.3,5,br40,0.15,2,1.010267197613686,0.6985656405855168,0.1413046899122794,-0.20227832819524594,-1.3698234490476815,6.352928088651463
4,4,1.5,0.3,5,br40,0.15,4,0.8461849765611559,0.5662213272253223,0.11583264103684754,-0.20457131419698904,-1.51909477388161,4.3466587864482635
4,4,1.5,0.3,5,br40,0.2,1,0.8734969216076832,0.5591286688871138,0.14113064443089662,-0.2524117475710952,-1.9300850652892896,10.534718749297033
4,4,1.5,0.3,5,br40,0.2,2,0.9616838768841764,0.6583263223044398,0.1530285815594834,-0.23245095384279058,-1.3837774219126722,7.469551502419219
4,4,1.5,0.3,5,br40,0.2,4,0.8001558598777327,0.5493760582563402,0.1273359552207023,-0.2317828622252902,-1.504009045888914,5.067427203919815
4,4,1.5,0.3,5,mkt_ma20,none,1,0.8481567810934034,0.5935267591444607,0.13833776854162383,-0.23307755953755283,-1.6034064897970972,11.351724137931036
4,4,1.5,0.3,5,mkt_ma20,none,2,0.8333163584823394,0.5865314856349751,0.13363325102008528,-0.22783644918126567,-1.596512293707149,7.655172413793103
4,4,1.5,0.3,5,mkt_ma20,none,4,0.905204465079626,0.696208330930344,0.1470381986666145,-0.21119856246208257,-1.5261454062153041,5.048275862068966
4,4,1.5,0.3,5,mkt_ma20,0.15,1,0.9173173400751328,0.6321062301935052,0.12800524497461274,-0.20250590622311504,-1.5657453131742822,8.74026665774683
4,4,1.5,0.3,5,mkt_ma20,0.15,2,0.8360275351503124,0.5500912001852252,0.11553528300419758,-0.21002932416532905,-1.596512293707149,6.13603431423546
4,4,1.5,0.3,5,mkt_ma20,0.15,4,0.9271449558928113,0.6362287980365033,0.1244894264130818,-0.1956677013006558,-1.5261454062153041,4.105211490363484
4,4,1.5,0.3,5,mkt_ma20,0.2,1,0.8518765673632065,0.5855314322912922,0.13417275688248065,-0.2291469756925567,-1.5956397153449644,10.288914400025863
4,4,1.5,0.3,5,mkt_ma20,0.2,2,0.8262201825022703,0.5666326249775321,0.1290462449973251,-0.22774234893806544,-1.596512293707149,7.133956618349908
4,4,1.5,0.3,5,mkt_ma20,0.2,4,0.8937519603106608,0.6553465139300233,0.1383959622601667,-0.21117982520457013,-1.5261454062153041,4.731114483624054
4,4,1.5,0.3,5,mkt_ma50,none,1,1.1419615989517837,1.4468470756862428,0.17490564024498734,-0.12088744082509839,-1.4585003756870585,9.724137931034482
4,4,1.5,0.3,5,mkt_ma50,none,2,1.127153979749954,1.4274177853065053,0.17434598716825822,-0.12214082587658204,-1.746386286833239,6.882758620689655
4,4,1.5,0.3,5,mkt_ma50,none,4,0.6195378876981421,0.40329189173428004,0.09454253708333904,-0.23442707136207686,-1.779428115243157,4.731034482758621
4,4,1.5,0.3,5,mkt_ma50,0.15,1,1.188613114595532,1.5072927899515371,0.1502560627615359,-0.09968604889721988,-1.463673182393618,6.83497205390408
4,4,1.5,0.3,5,mkt_ma50,0.15,2,1.1015358165699132,1.2628869834095755,0.1440545767139576,-0.11406767082596359,-1.7483636748887974,5.114894408217113
4,4,1.5,0.3,5,mkt_ma50,0.15,4,0.5446209201763325,0.30399051431720875,0.06547584493937797,-0.21538778960403704,-1.779428115243157,3.575373417416299
4,4,1.5,0.3,5,mkt_ma50,0.2,1,1.1257082981750721,1.371016547556186,0.16512127842699087,-0.12043711559960146,-1.463673182393618,8.484882482116475
4,4,1.5,0.3,5,mkt_ma50,0.2,2,1.0845301995946897,1.3251056201503464,0.16184949481886357,-0.12214082587658193,-1.7483636748887972,6.252753465588537
4,4,1.5,0.3,5,mkt_ma50,0.2,4,0.5766010365892973,0.35063289419544774,0.082358912155019,-0.2348864396878605,-1.779428115243157,4.337889806791334
4,8,0.5,0.0,3,none,none,1,0.6447442975381291,0.38979569195305075,0.14645340567848475,-0.3757183794020085,-0.8408220573140719,20.390804597701145
4,8,0.5,0.0,3,none,none,2,0.6123204193315679,0.3288344394273173,0.14328475995813794,-0.4357352599918548,-1.0286940891020624,13.770114942528734
4,8,0.5,0.0,3,none,none,4,0.6269117843146039,0.46866740652264416,0.1479882967802313,-0.31576400389831905,-0.42535979233938376,9.678160919540229
4,8,0.5,0.0,3,none,0.15,1,0.7833672576824147,0.43274354680396215,0.12044919574201307,-0.27833851395726983,-0.8921535781848391,12.525242992630265
4,8,0.5,0.0,3,none,0.15,2,0.6819227387843901,0.3196030357590388,0.10799899916524991,-0.3379160617444027,-1.1251228303790193,8.778186887365635
4,8,0.5,0.0,3,none,0.15,4,0.7611123294344405,0.6264294628615038,0.11918034890400175,-0.19025342192493766,-0.29489840891898494,6.311383129594161
4,8,0.5,0.0,3,none,0.2,1,0.7298418484008632,0.4262153077184552,0.14157752343302188,-0.33217371799922224,-0.8184967271659654,16.088015195838864
4,8,0.5,0.0,3,none,0.2,2,0.6297853840215633,0.31287708402002534,0.12406006027914596,-0.396513732118539,-1.0360347753734003,10.977728446134735
4,8,0.5,0.0,3,none,0.2,4,0.6929330528391282,0.5825445352191371,0.1360583444521144,-0.2335587001960855,-0.38592708350243454,7.906355826301679
4,8,0.5,0.0,3,br30,none,1,0.6182168458236333,0.349356936683479,0.12224045009393048,-0.34990131083236964,-1.6891276822097954,16.160919540229884
4,8,0.5,0.0,3,br30,none,2,0.732202347932919,0.4510688282158913,0.1532618836084716,-0.3397749390368362,-1.3144146791938187,10.597701149425287
4,8,0.5,0.0,3,br30,none,4,0.6615480421012863,0.4540249492364492,0.14336473584063225,-0.31576400389831905,-1.8506905814996157,7.540229885057471
4,8,0.5,0.0,3,br30,0.15,1,0.7224023332155993,0.38207963265524514,0.10512986758125953,-0.2751517186369351,-1.5871394969603148,10.874949135763108
4,8,0.5,0.0,3,br30,0.15,2,0.8264089457447978,0.4648904199297426,0.12571234739949655,-0.27041285862267295,-1.345719270535142,7.370230868656095
4,8,0.5,0.0,3,br30,0.15,4,0.77800924126077,0.5058283566174379,0.11558720485266938,-0.22851072570470565,-1.9689759715097517,5.254790176284594
4,8,0.5,0.0,3,br30,0.2,1,0.6804971740875776,0.37778250249090517,0.11876030530148896,-0.3143615824408067,-1.6641187986167691,13.114134880684416
4,8,0.5,0.0,3,br30,0.2,2,0.7818385152315385,0.45747208297592573,0.14224041666520026,-0.3109269875877554,-1.3353951744096506,8.737084530466658
4,8,0.5,0.0,3,br30,0.2,4,0.741762376448149,0.5310037850654159,0.13484048382443614,-0.2539350709295316,-1.9399925778184122,6.2445459815033235
4,8,0.5,0.0,3,br40,none,1,0.8422625938897568,0.7241289289062438,0.1585238673009015,-0.21891663345137025,-0.9859872886658222,14.045977011494253
4,8,0.5,0.0,3,br40,none,2,0.8745176618323142,0.6435915709142495,0.17230388727079826,-0.2677224113206349,-0.6411392153346215,9.356321839080461
4,8,0.5,0.0,3,br40,none,4,0.8316350058481529,0.5683011964560705,0.16987125029634487,-0.29891059768246653,-1.249161123179677,6.620689655172414
4,8,0.5,0.0,3,br40,0.15,1,0.9799701313584167,0.8032921650858011,0.1381579423246131,-0.17198965498419394,-1.012315686861144,9.751349081366461
4,8,0.5,0.0,3,br40,0.15,2,0.9679099127479047,0.6829541916103569,0.14266997903275858,-0.2089012422580686,-0.7665999276949566,6.6950428895353795
4,8,0.5,0.0,3,br40,0.15,4,0.9655048533117985,0.8188731079838263,0.13947731126590646,-0.17032835723390405,-1.3463595021130412,4.712738985551318
4,8,0.5,0.0,3,br40,0.2,1,0.9023716482751598,0.7637989861737363,0.1504386009481553,-0.19696098537886253,-1.0188677222968698,11.610085136123974
4,8,0.5,0.0,3,br40,0.2,2,0.9044418109314637,0.6397697979239424,0.15703586225860588,-0.2454568233264346,-0.7019523557855665,7.853205006621265
4,8,0.5,0.0,3,br40,0.2,4,0.8955949200670208,0.7007370432678115,0.15599620735323927,-0.2226173267874748,-1.3191602266774005,5.569063403819502
4,8,0.5,0.0,3,mkt_ma20,none,1,0.7186511319151087,0.5119496669947392,0.13397964431514087,-0.26170472011756896,-0.9766530633235082,13.49425287356322
4,8,0.5,0.0,3,mkt_ma20,none,2,0.6306292025805027,0.3900037284556617,0.12265971219605931,-0.3145090758023461,-1.2953600424558078,8.942528735632182
4,8,0.5,0.0,3,mkt_ma20,none,4,0.8005643677007662,0.5572173464444418,0.1603530740647865,-0.2877747347385833,-1.901916167606762,6.2988505747126435
4,8,0.5,0.0,3,mkt_ma20,0.15,1,0.8202559905898218,0.5528651636404565,0.11630749643764182,-0.21037226449897972,-1.0733026614567045,9.477648703295243
4,8,0.5,0.0,3,mkt_ma20,0.15,2,0.6859736955034956,0.39192982884275945,0.10064204112836617,-0.25678586757616584,-1.2953600424558078,6.52039820205987
4,8,0.5,0.0,3,mkt_ma20,0.15,4,0.9076095025058922,0.6322434939363704,0.131140841017233,-0.20742141639251277,-1.901916167606762,4.5768290960342295
4,8,0.5,0.0,3,mkt_ma20,0.2,1,0.7702854018709586,0.5438715292378407,0.12862700998762255,-0.23650256186028928,-1.0304009309755293,11.213498130259385
4,8,0.5,0.0,3,mkt_ma20,0.2,2,0.6504841626493674,0.3833524398573331,0.1124830480352419,-0.29341941341785416,-1.2953600424558078,7.602288703605672
4,8,0.5,0.0,3,mkt_ma20,0.2,4,0.8814765817745897,0.6743771077942768,0.15261045540627127,-0.22629839246089312,-1.901916167606762,5.353169459496455
4,8,0.5,0.0,3,mkt_ma50,none,1,0.9272208798463947,0.9379110204726248,0.16746215086822747,-0.17854801491066952,-0.04896087446303232,12.620689655172415
4,8,0.5,0.0,3,mkt_ma50,none,2,0.7696841975055934,0.6019051489553094,0.14508677747911936,-0.24104591517606677,-1.0581250451126238,8.666666666666666
4,8,0.5,0.0,3,mkt_ma50,none,4,0.48828317628960083,0.2960692419097879,0.09348800925657463,-0.31576400389831905,-1.4721982120018198,5.862068965517241
4,8,0.5,0.0,3,mkt_ma50,0.15,1,1.0849023913067575,1.3022538306953153,0.14048803274010657,-0.10788068303480858,-0.11867324142703398,7.790335937442164
4,8,0.5,0.0,3,mkt_ma50,0.15,2,0.8789825998918243,0.7599964222072074,0.12048539038958328,-0.1585341547262361,-1.0656049043887739,5.672159599260225
4,8,0.5,0.0,3,mkt_ma50,0.15,4,0.5230224331590868,0.33727505723198553,0.06750567788181883,-0.20015022289474216,-1.4721982120018198,3.805970584243877
4,8,0.5,0.0,3,mkt_ma50,0.2,1,1.0007677917547249,1.0976860443795322,0.15564690527640623,-0.14179546699474144,-0.11867324142703377,9.631660344634888
4,8,0.5,0.0,3,mkt_ma50,0.2,2,0.7853373873176559,0.6206738251090189,0.12813508487128522,-0.20644512413388594,-1.0656049043887739,6.907957938011737
4,8,0.5,0.0,3,mkt_ma50,0.2,4,0.5117390375423501,0.34623210919300706,0.08086552138926795,-0.2335587001960857,-1.4721982120018198,4.647320316146143
4,8,0.5,0.0,4,none,none,1,0.7776773332263774,0.4861487347478882,0.16261722060826544,-0.33450096438612986,-0.5858260389724732,17.96551724137931
4,8,0.5,0.0,4,none,none,2,0.6676213286336583,0.3886496229218937,0.14173866978497895,-0.3646952458602126,-0.8222788725775212,12.931034482758621
4,8,0.5,0.0,4,none,none,4,0.5923075948319747,0.4369339455043273,0.12378137055825178,-0.2832953855653815,-0.4795362342091112,9.0
4,8,0.5,0.0,4,none,0.15,1,0.8577095722671912,0.4701300441716759,0.13213257923369914,-0.2810553821687871,-0.7225630474200975,11.777043854274481
4,8,0.5,0.0,4,none,0.15,2,0.7612580468588921,0.3822265177741791,0.1188528605097885,-0.31094875677884604,-0.9055135012249802,8.833297164799873
4,8,0.5,0.0,4,none,0.15,4,0.6490042219254071,0.41294912767024006,0.09910630913246998,-0.23999641237070535,-0.5014031722349683,6.408997157808374
4,8,0.5,0.0,4,none,0.2,1,0.8230622967997021,0.4906973817292277,0.1569214909688692,-0.31979280267580523,-0.5864638921396491,14.961427329964405
4,8,0.5,0.0,4,none,0.2,2,0.7093697763176503,0.38608431646580543,0.13568191405087449,-0.35143078406525097,-0.8234306854806667,10.908973562737469
4,8,0.5,0.0,4,none,0.2,4,0.6086405400158609,0.42404829648905035,0.11546142917461255,-0.2722836764835205,-0.4857299400228284,7.89984599245832
4,8,0.5,0.0,4,br30,none,1,0.7127150268391761,0.41359645572228765,0.12873691796780462,-0.3112621401529755,-1.7220805147946838,14.517241379310343
4,8,0.5,0.0,4,br30,none,2,0.7420007373064763,0.5487669049872821,0.14087874961287405,-0.25671874220647284,-1.0710027099515573,10.034482758620689
4,8,0.5,0.0,4,br30,none,4,0.681905809871592,0.4886111485501607,0.12886552235443594,-0.26373839961862156,-1.3346898307560864,6.9655172413793105
4,8,0.5,0.0,4,br30,0.15,1,0.8172284960441777,0.45465630667487084,0.11715315587523101,-0.2576741027349443,-1.6246460123816573,10.251247337160953
4,8,0.5,0.0,4,br30,0.15,2,0.8944518170985004,0.6410530811889856,0.1325146532605812,-0.2067140103512196,-1.0849981458528786,7.2638834398868575
4,8,0.5,0.0,4,br30,0.15,4,0.754647376108188,0.5725149106540346,0.10786616644930236,-0.18840761077484824,-1.3575835134103609,5.213893286047931
4,8,0.5,0.0,4,br30,0.2,1,0.7418708975012827,0.42276745791356957,0.1253208716462837,-0.29642979680783343,-1.7203338597252817,12.35046886602861
4,8,0.5,0.0,4,br30,0.2,2,0.785245743781405,0.5616364174241146,0.13617477213275153,-0.2424607235358821,-1.074263837334092,8.672357935047495
4,8,0.5,0.0,4,br30,0.2,4,0.6925953404386388,0.5326266075949957,0.11920347120975627,-0.22380307237748343,-1.3392395663740635,6.195971701336813
4,8,0.5,0.0,4,br40,none,1,0.9225487540423203,0.8476351092787461,0.1586625837777007,-0.18718264739258728,-0.8891557704903037,12.551724137931036
4,8,0.5,0.0,4,br40,none,2,0.8919424249980965,0.7464546154313528,0.15878935425958707,-0.21272472696525246,-0.3204979566617576,8.931034482758621
4,8,0.5,0.0,4,br40,none,4,0.7814940141047145,0.555222782035596,0.13960809720777756,-0.2514451887149456,-0.8819468880873002,6.103448275862069
4,8,0.5,0.0,4,br40,0.15,1,1.0535520455768508,0.9837898786387678,0.14642634712345082,-0.14883904612441767,-0.8854400875434937,9.067243621055459
4,8,0.5,0.0,4,br40,0.15,2,1.0395793842237908,0.9096351895147944,0.14806837858143473,-0.1627777600165352,-0.37693306135944105,6.610907483862765
4,8,0.5,0.0,4,br40,0.15,4,0.8600118018518055,0.7212501798625137,0.11850029283023922,-0.16429845861921033,-0.8726264840191029,4.6191897525489924
4,8,0.5,0.0,4,br40,0.2,1,0.9449177619779878,0.8622304971196475,0.15291710424957805,-0.1773506095648557,-0.9136536223660972,10.869624074889801
4,8,0.5,0.0,4,br40,0.2,2,0.9133348342349125,0.7551666393526227,0.1505154762340708,-0.1993142551465228,-0.3400476427965008,7.83619486463975
4,8,0.5,0.0,4,br40,0.2,4,0.778606876428423,0.5928938611824046,0.127393513133081,-0.21486731685671512,-0.8776246029570269,5.470015384580308
4,8,0.5,0.0,4,mkt_ma20,none,1,0.8277651984191008,0.6787290316732861,0.14054479179546941,-0.20707054691469606,-0.7153974756458752,12.03448275862069
4,8,0.5,0.0,4,mkt_ma20,none,2,0.6642377541088622,0.47590840133020545,0.11694231627700602,-0.24572442081321122,-1.0150059962204312,8.517241379310345
4,8,0.5,0.0,4,mkt_ma20,none,4,0.8020201181696539,0.6145201702854636,0.13858505752750472,-0.22551750817736005,-1.2216496271971236,5.793103448275862
4,8,0.5,0.0,4,mkt_ma20,0.15,1,0.9416384359644263,0.786248540772305,0.1313089078159686,-0.16700686997395042,-0.7812446335483786,8.79756321854512
4,8,0.5,0.0,4,mkt_ma20,0.15,2,0.7794264072542951,0.5490526580925691,0.11094842180905351,-0.20207246094480769,-1.0150059962204312,6.404300056855517
4,8,0.5,0.0,4,mkt_ma20,0.15,4,0.8926891826197221,0.7429145709065097,0.12267433561853869,-0.16512576334160545,-1.2216496271971236,4.474649327469389
4,8,0.5,0.0,4,mkt_ma20,0.2,1,0.8446466834474691,0.6963199102316311,0.1358486557931391,-0.1950951765086668,-0.7420405562782386,10.464419878371887
4,8,0.5,0.0,4,mkt_ma20,0.2,2,0.6781750347873496,0.4741789874505908,0.11143889620476943,-0.23501441260380884,-1.0150059962204312,7.534829402588992
4,8,0.5,0.0,4,mkt_ma20,0.2,4,0.8370889798444661,0.6903100604619204,0.1347283366865606,-0.1951707564516838,-1.2216496271971236,5.215267419122391
4,8,0.5,0.0,4,mkt_ma50,none,1,1.018822370941606,1.1047832678110274,0.1669665655522572,-0.15113060671445355,-0.17534731351760294,11.10344827586207
4,8,0.5,0.0,4,mkt_ma50,none,2,0.7960129968048508,0.7196788737907623,0.13741295252723518,-0.19093648227221172,-1.5569397484778,8.137931034482758
4,8,0.5,0.0,4,mkt_ma50,none,4,0.4842385069623267,0.30719942428449437,0.08102028452455445,-0.26373839961862156,-1.6760478914207084,5.413793103448276
4,8,0.5,0.0,4,mkt_ma50,0.15,1,1.1116206142812475,1.3932164832038838,0.14275107556926625,-0.10246151785470659,-0.23140072451978294,7.206576926532565
4,8,0.5,0.0,4,mkt_ma50,0.15,2,0.8958003626280931,0.9255383543287786,0.12057949602669082,-0.13028038812517695,-1.553531006459155,5.534828766787794
4,8,0.5,0.0,4,mkt_ma50,0.15,4,0.4566916154258659,0.2622151816191809,0.05657390576349419,-0.2157537386437729,-1.6760478914207084,3.7665864979626518
4,8,0.5,0.0,4,mkt_ma50,0.2,1,1.0353023449926217,1.1669532253063237,0.15726713333881603,-0.13476729823299782,-0.231400724519783,9.007854101053352
4,8,0.5,0.0,4,mkt_ma50,0.2,2,0.8009193870107888,0.7298015705537951,0.12665465987425972,-0.17354670774159942,-1.5535310064591543,6.84242017476231
4,8,0.5,0.0,4,mkt_ma50,0.2,4,0.4630618363652283,0.29017616565460463,0.06958297819628667,-0.23979563600378873,-1.6760478914207084,4.64385309686789
4,8,0.5,0.0,5,none,none,1,0.820707252766475,0.5743119296763398,0.16531965724067144,-0.28785690963069366,-0.47521944294969815,16.951724137931034
4,8,0.5,0.0,5,none,none,2,0.7898673264528514,0.5114598643897041,0.15421671848581386,-0.30152262029364096,-0.5029013024469586,11.90344827586207
4,8,0.5,0.0,5,none,none,4,0.6403460419961357,0.4735633241215481,0.12227327838699908,-0.2581983700148527,-0.5665347074957227,8.648275862068965
4,8,0.5,0.0,5,none,0.15,1,0.8819829877424934,0.5473761663373602,0.13412591465803492,-0.24503426145772322,-0.5401078388237255,11.696206612187027
4,8,0.5,0.0,5,none,0.15,2,0.8380028789006363,0.5073371398448648,0.1273778192624988,-0.25107134735187886,-0.5463934273298351,8.616588155635434
4,8,0.5,0.0,5,none,0.15,4,0.6477431322935323,0.41625611292005316,0.09658357592788325,-0.23202920733186505,-0.5540251228528954,6.566878032930335
4,8,0.5,0.0,5,none,0.2,1,0.825930845965187,0.5418260340797552,0.15416884785799478,-0.28453569625873976,-0.467494038255883,14.617096080280621
4,8,0.5,0.0,5,none,0.2,2,0.7793433384853604,0.4779623486053884,0.14348296283482664,-0.3001972085321891,-0.5421444256928254,10.50535948941814
4,8,0.5,0.0,5,none,0.2,4,0.6374795505530318,0.4502332207529996,0.11631205358347341,-0.2583373421200361,-0.5596000115983384,7.984547181685513
4,8,0.5,0.0,5,br30,none,1,0.6657624509947239,0.3925301554272515,0.11642096024030013,-0.2965911246069264,-2.023242331207793,13.889655172413793
4,8,0.5,0.0,5,br30,none,2,0.7327742787093835,0.5148040739274784,0.1259585785000208,-0.24467284716508453,-1.5178008933246576,9.475862068965517
4,8,0.5,0.0,5,br30,none,4,0.6443929568870262,0.42921698112598355,0.10964489301796476,-0.2554532971419923,-1.7867079401088797,6.648275862068966
4,8,0.5,0.0,5,br30,0.15,1,0.7644584364492897,0.42018518995217197,0.10877955091937186,-0.258884781093198,-1.927587544650805,10.159444868395925
4,8,0.5,0.0,5,br30,0.15,2,0.8252070845079015,0.5430386864779776,0.11760570258839675,-0.21656965795781502,-1.579862095498292,7.295973554946793
4,8,0.5,0.0,5,br30,0.15,4,0.6410563853539453,0.3842779443268745,0.08907915057887883,-0.23180916806171503,-1.8384436792998922,5.2968995809864055
4,8,0.5,0.0,5,br30,0.2,1,0.6839342878178215,0.3875299159845252,0.11366375017895214,-0.29330316316403027,-2.019771026594775,12.189069854657188
4,8,0.5,0.0,5,br30,0.2,2,0.7347056848822301,0.4969863439287463,0.12127687817549071,-0.24402456859635235,-1.52942588714999,8.625981925557134
4,8,0.5,0.0,5,br30,0.2,4,0.626284377843848,0.4008025685777553,0.10244224414482783,-0.2555927835201838,-1.7879857404702306,6.199968772912756
4,8,0.5,0.0,5,br40,none,1,0.831218328093839,0.6627789800638748,0.13847705669991583,-0.2089339898597421,-1.5711121587447128,12.124137931034484
4,8,0.5,0.0,5,br40,none,2,0.8466493112636265,0.643469294232084,0.1353290714553328,-0.2103116227431403,-0.861421948311332,8.537931034482758
4,8,0.5,0.0,5,br40,none,4,0.7648246438776388,0.5913458326207411,0.12272269569155325,-0.20753117536597454,-1.2899931840308927,5.848275862068966
4,8,0.5,0.0,5,br40,0.15,1,0.945402272485643,0.7388995072947813,0.1317370564285414,-0.1782881909217262,-1.5427873564952523,9.113119217595738
4,8,0.5,0.0,5,br40,0.15,2,0.9327694038440032,0.7171639586318217,0.1268003385484835,-0.17680801861597784,-0.9286825914712139,6.695498154984988
4,8,0.5,0.0,5,br40,0.15,4,0.750845208571847,0.5478122977587518,0.10024751177891078,-0.1829960959055692,-1.3239729970344376,4.698281514629114
4,8,0.5,0.0,5,br40,0.2,1,0.8400904557028779,0.6517835064044818,0.1346836731853822,-0.20663866431409916,-1.573073398587511,10.893452217211514
4,8,0.5,0.0,5,br40,0.2,2,0.8348397278277899,0.6244352868433308,0.12979841581485996,-0.20786528011737115,-0.869407457037465,7.846796491638192
4,8,0.5,0.0,5,br40,0.2,4,0.7335230647719689,0.545553823384835,0.11328762538103754,-0.2076561844588598,-1.2899931840308927,5.452814861300754
4,8,0.5,0.0,5,mkt_ma20,none,1,0.7402232703075267,0.5597254815731978,0.12101976341378062,-0.21621271033370726,-1.303242562231847,11.793103448275861
4,8,0.5,0.0,5,mkt_ma20,none,2,0.6020387338135362,0.3880400268589151,0.09478750683391768,-0.24427249838424747,-1.5396809072763227,8.124137931034484
4,8,0.5,0.0,5,mkt_ma20,none,4,0.807588344960615,0.5722710640369395,0.12536640095395546,-0.2190682158024736,-1.6939801543617998,5.517241379310345
4,8,0.5,0.0,5,mkt_ma20,0.15,1,0.8384460829032117,0.6220685423975043,0.11632872621560497,-0.18700306845169234,-1.3118205196950479,8.91995648464987
4,8,0.5,0.0,5,mkt_ma20,0.15,2,0.681034315222834,0.42915859621574753,0.09278007190895243,-0.21619064077260108,-1.5396809072763227,6.4771180150968135
4,8,0.5,0.0,5,mkt_ma20,0.15,4,0.8196744527500531,0.530105012825304,0.10814842363620825,-0.2040132068546361,-1.6939801543617998,4.495947106862733
4,8,0.5,0.0,5,mkt_ma20,0.2,1,0.7481662322769869,0.5564950025416125,0.11832553365058351,-0.21262640834179924,-1.3049839335208513,10.606899730549028
4,8,0.5,0.0,5,mkt_ma20,0.2,2,0.5996456987167555,0.3819776679645155,0.09238694280960313,-0.2418647752417442,-1.5396809072763227,7.509897725760664
4,8,0.5,0.0,5,mkt_ma20,0.2,4,0.7953728706454645,0.544561250052432,0.11928882474780123,-0.2190549267622618,-1.6939801543617998,5.152069628246887
4,8,0.5,0.0,5,mkt_ma50,none,1,0.9900999631258364,1.2860910183097398,0.1531485204755978,-0.11908062360693183,-0.7279923927971059,10.44137931034483
4,8,0.5,0.0,5,mkt_ma50,none,2,0.8784986433722021,0.8667185196536698,0.13662887442863902,-0.15763926964804476,-0.7586715391428648,7.43448275862069
4,8,0.5,0.0,5,mkt_ma50,none,4,0.5562674610360335,0.33222874664177227,0.0832831435400645,-0.25068012440797327,-1.8783742731822224,5.199999999999999
4,8,0.5,0.0,5,mkt_ma50,0.15,1,1.0456781946791522,1.3943019928735871,0.13253247179557204,-0.0950529171391552,-0.7462038100745246,7.119312499357106
4,8,0.5,0.0,5,mkt_ma50,0.15,2,0.9102979806624998,0.9014981939621428,0.11806923566295069,-0.1309700190790497,-0.7689825521958911,5.402193048280712
4,8,0.5,0.0,5,mkt_ma50,0.15,4,0.4708492436936201,0.24557346023105855,0.05671939475835486,-0.23096711959422622,-1.8783742731822224,3.8952937543310084
4,8,0.5,0.0,5,mkt_ma50,0.2,1,0.96899028570011,1.2093872783495925,0.14304477216479006,-0.11827871412703972,-0.7462038100745251,8.888590998049056
4,8,0.5,0.0,5,mkt_ma50,0.2,2,0.8522825212222176,0.8205296441541983,0.12797922759433322,-0.15597148562043017,-0.7689825521958914,6.610385501312893
4,8,0.5,0.0,5,mkt_ma50,0.2,4,0.5181666899248066,0.2952191523576768,0.07404701688344018,-0.25082050501157016,-1.8783742731822224,4.7295399912416345
4,8,0.5,0.3,3,none,none,1,0.6447442975381291,0.38979569195305075,0.14645340567848475,-0.3757183794020085,-0.8408220573140719,20.390804597701145
4,8,0.5,0.3,3,none,none,2,0.6123204193315679,0.3288344394273173,0.14328475995813794,-0.4357352599918548,-1.0286940891020624,13.770114942528734
4,8,0.5,0.3,3,none,none,4,0.6269117843146039,0.46866740652264416,0.1479882967802313,-0.31576400389831905,-0.42535979233938376,9.678160919540229
4,8,0.5,0.3,3,none,0.15,1,0.7833672576824147,0.43274354680396215,0.12044919574201307,-0.27833851395726983,-0.8921535781848391,12.525242992630265
4,8,0.5,0.3,3,none,0.15,2,0.6819227387843901,0.3196030357590388,0.10799899916524991,-0.3379160617444027,-1.1251228303790193,8.778186887365635
4,8,0.5,0.3,3,none,0.15,4,0.7611123294344405,0.6264294628615038,0.11918034890400175,-0.19025342192493766,-0.29489840891898494,6.311383129594161
4,8,0.5,0.3,3,none,0.2,1,0.7298418484008632,0.4262153077184552,0.14157752343302188,-0.33217371799922224,-0.8184967271659654,16.088015195838864
4,8,0.5,0.3,3,none,0.2,2,0.6297853840215633,0.31287708402002534,0.12406006027914596,-0.396513732118539,-1.0360347753734003,10.977728446134735
4,8,0.5,0.3,3,none,0.2,4,0.6929330528391282,0.5825445352191371,0.1360583444521144,-0.2335587001960855,-0.38592708350243454,7.906355826301679
4,8,0.5,0.3,3,br30,none,1,0.6182168458236333,0.349356936683479,0.12224045009393048,-0.34990131083236964,-1.6891276822097954,16.160919540229884
4,8,0.5,0.3,3,br30,none,2,0.732202347932919,0.4510688282158913,0.1532618836084716,-0.3397749390368362,-1.3144146791938187,10.597701149425287
4,8,0.5,0.3,3,br30,none,4,0.6615480421012863,0.4540249492364492,0.14336473584063225,-0.31576400389831905,-1.8506905814996157,7.540229885057471
4,8,0.5,0.3,3,br30,0.15,1,0.7224023332155993,0.38207963265524514,0.10512986758125953,-0.2751517186369351,-1.5871394969603148,10.874949135763108
4,8,0.5,0.3,3,br30,0.15,2,0.8264089457447978,0.4648904199297426,0.12571234739949655,-0.27041285862267295,-1.345719270535142,7.370230868656095
4,8,0.5,0.3,3,br30,0.15,4,0.77800924126077,0.5058283566174379,0.11558720485266938,-0.22851072570470565,-1.9689759715097517,5.254790176284594
4,8,0.5,0.3,3,br30,0.2,1,0.6804971740875776,0.37778250249090517,0.11876030530148896,-0.3143615824408067,-1.6641187986167691,13.114134880684416
4,8,0.5,0.3,3,br30,0.2,2,0.7818385152315385,0.45747208297592573,0.14224041666520026,-0.3109269875877554,-1.3353951744096506,8.737084530466658
4,8,0.5,0.3,3,br30,0.2,4,0.741762376448149,0.5310037850654159,0.13484048382443614,-0.2539350709295316,-1.9399925778184122,6.2445459815033235
4,8,0.5,0.3,3,br40,none,1,0.8422625938897568,0.7241289289062438,0.1585238673009015,-0.21891663345137025,-0.9859872886658222,14.045977011494253
4,8,0.5,0.3,3,br40,none,2,0.8745176618323142,0.6435915709142495,0.17230388727079826,-0.2677224113206349,-0.6411392153346215,9.356321839080461
4,8,0.5,0.3,3,br40,none,4,0.8316350058481529,0.5683011964560705,0.16987125029634487,-0.29891059768246653,-1.249161123179677,6.620689655172414
4,8,0.5,0.3,3,br40,0.15,1,0.9799701313584167,0.8032921650858011,0.1381579423246131,-0.17198965498419394,-1.012315686861144,9.751349081366461
4,8,0.5,0.3,3,br40,0.15,2,0.9679099127479047,0.6829541916103569,0.14266997903275858,-0.2089012422580686,-0.7665999276949566,6.6950428895353795
4,8,0.5,0.3,3,br40,0.15,4,0.9655048533117985,0.8188731079838263,0.13947731126590646,-0.17032835723390405,-1.3463595021130412,4.712738985551318
4,8,0.5,0.3,3,br40,0.2,1,0.9023716482751598,0.7637989861737363,0.1504386009481553,-0.19696098537886253,-1.0188677222968698,11.610085136123974
4,8,0.5,0.3,3,br40,0.2,2,0.9044418109314637,0.6397697979239424,0.15703586225860588,-0.2454568233264346,-0.7019523557855665,7.853205006621265
4,8,0.5,0.3,3,br40,0.2,4,0.8955949200670208,0.7007370432678115,0.15599620735323927,-0.2226173267874748,-1.3191602266774005,5.569063403819502
4,8,0.5,0.3,3,mkt_ma20,none,1,0.7186511319151087,0.5119496669947392,0.13397964431514087,-0.26170472011756896,-0.9766530633235082,13.49425287356322
4,8,0.5,0.3,3,mkt_ma20,none,2,0.6306292025805027,0.3900037284556617,0.12265971219605931,-0.3145090758023461,-1.2953600424558078,8.942528735632182
4,8,0.5,0.3,3,mkt_ma20,none,4,0.8005643677007662,0.5572173464444418,0.1603530740647865,-0.2877747347385833,-1.901916167606762,6.2988505747126435
4,8,0.5,0.3,3,mkt_ma20,0.15,1,0.8202559905898218,0.5528651636404565,0.11630749643764182,-0.21037226449897972,-1.0733026614567045,9.477648703295243
4,8,0.5,0.3,3,mkt_ma20,0.15,2,0.6859736955034956,0.39192982884275945,0.10064204112836617,-0.25678586757616584,-1.2953600424558078,6.52039820205987
4,8,0.5,0.3,3,mkt_ma20,0.15,4,0.9076095025058922,0.6322434939363704,0.131140841017233,-0.20742141639251277,-1.901916167606762,4.5768290960342295
4,8,0.5,0.3,3,mkt_ma20,0.2,1,0.7702854018709586,0.5438715292378407,0.12862700998762255,-0.23650256186028928,-1.0304009309755293,11.213498130259385
4,8,0.5,0.3,3,mkt_ma20,0.2,2,0.6504841626493674,0.3833524398573331,0.1124830480352419,-0.29341941341785416,-1.2953600424558078,7.602288703605672
4,8,0.5,0.3,3,mkt_ma20,0.2,4,0.8814765817745897,0.6743771077942768,0.15261045540627127,-0.22629839246089312,-1.901916167606762,5.353169459496455
4,8,0.5,0.3,3,mkt_ma50,none,1,0.9272208798463947,0.9379110204726248,0.16746215086822747,-0.17854801491066952,-0.04896087446303232,12.620689655172415
4,8,0.5,0.3,3,mkt_ma50,none,2,0.7696841975055934,0.6019051489553094,0.14508677747911936,-0.24104591517606677,-1.0581250451126238,8.666666666666666
4,8,0.5,0.3,3,mkt_ma50,none,4,0.48828317628960083,0.2960692419097879,0.09348800925657463,-0.31576400389831905,-1.4721982120018198,5.862068965517241
4,8,0.5,0.3,3,mkt_ma50,0.15,1,1.0849023913067575,1.3022538306953153,0.14048803274010657,-0.10788068303480858,-0.11867324142703398,7.790335937442164
4,8,0.5,0.3,3,mkt_ma50,0.15,2,0.8789825998918243,0.7599964222072074,0.12048539038958328,-0.1585341547262361,-1.0656049043887739,5.672159599260225
4,8,0.5,0.3,3,mkt_ma50,0.15,4,0.5230224331590868,0.33727505723198553,0.06750567788181883,-0.20015022289474216,-1.4721982120018198,3.805970584243877
4,8,0.5,0.3,3,mkt_ma50,0.2,1,1.0007677917547249,1.0976860443795322,0.15564690527640623,-0.14179546699474144,-0.11867324142703377,9.631660344634888
4,8,0.5,0.3,3,mkt_ma50,0.2,2,0.7853373873176559,0.6206738251090189,0.12813508487128522,-0.20644512413388594,-1.0656049043887739,6.907957938011737
4,8,0.5,0.3,3,mkt_ma50,0.2,4,0.5117390375423501,0.34623210919300706,0.08086552138926795,-0.2335587001960857,-1.4721982120018198,4.647320316146143
4,8,0.5,0.3,4,none,none,1,0.7776773332263774,0.4861487347478882,0.16261722060826544,-0.33450096438612986,-0.5858260389724732,17.96551724137931
4,8,0.5,0.3,4,none,none,2,0.6676213286336583,0.3886496229218937,0.14173866978497895,-0.3646952458602126,-0.8222788725775212,12.931034482758621
4,8,0.5,0.3,4,none,none,4,0.5923075948319747,0.4369339455043273,0.12378137055825178,-0.2832953855653815,-0.4795362342091112,9.0
4,8,0.5,0.3,4,none,0.15,1,0.8577095722671912,0.4701300441716759,0.13213257923369914,-0.2810553821687871,-0.7225630474200975,11.777043854274481
4,8,0.5,0.3,4,none,0.15,2,0.7612580468588921,0.3822265177741791,0.1188528605097885,-0.31094875677884604,-0.9055135012249802,8.833297164799873
4,8,0.5,0.3,4,none,0.15,4,0.6490042219254071,0.41294912767024006,0.09910630913246998,-0.23999641237070535,-0.5014031722349683,6.408997157808374
4,8,0.5,0.3,4,none,0.2,1,0.8230622967997021,0.4906973817292277,0.1569214909688692,-0.31979280267580523,-0.5864638921396491,14.961427329964405
4,8,0.5,0.3,4,none,0.2,2,0.7093697763176503,0.38608431646580543,0.13568191405087449,-0.35143078406525097,-0.8234306854806667,10.908973562737469
4,8,0.5,0.3,4,none,0.2,4,0.6086405400158609,0.42404829648905035,0.11546142917461255,-0.2722836764835205,-0.4857299400228284,7.89984599245832
4,8,0.5,0.3,4,br30,none,1,0.7127150268391761,0.41359645572228765,0.12873691796780462,-0.3112621401529755,-1.7220805147946838,14.517241379310343
4,8,0.5,0.3,4,br30,none,2,0.7420007373064763,0.5487669049872821,0.14087874961287405,-0.25671874220647284,-1.0710027099515573,10.034482758620689
4,8,0.5,0.3,4,br30,none,4,0.681905809871592,0.4886111485501607,0.12886552235443594,-0.26373839961862156,-1.3346898307560864,6.9655172413793105
4,8,0.5,0.3,4,br30,0.15,1,0.8172284960441777,0.45465630667487084,0.11715315587523101,-0.2576741027349443,-1.6246460123816573,10.251247337160953
4,8,0.5,0.3,4,br30,0.15,2,0.8944518170985004,0.6410530811889856,0.1325146532605812,-0.2067140103512196,-1.0849981458528786,7.2638834398868575
4,8,0.5,0.3,4,br30,0.15,4,0.754647376108188,0.5725149106540346,0.10786616644930236,-0.18840761077484824,-1.3575835134103609,5.213893286047931
4,8,0.5,0.3,4,br30,0.2,1,0.7418708975012827,0.42276745791356957,0.1253208716462837,-0.29642979680783343,-1.7203338597252817,12.35046886602861
4,8,0.5,0.3,4,br30,0.2,2,0.785245743781405,0.5616364174241146,0.13617477213275153,-0.2424607235358821,-1.074263837334092,8.672357935047495
4,8,0.5,0.3,4,br30,0.2,4,0.6925953404386388,0.5326266075949957,0.11920347120975627,-0.22380307237748343,-1.3392395663740635,6.195971701336813
4,8,0.5,0.3,4,br40,none,1,0.9225487540423203,0.8476351092787461,0.1586625837777007,-0.18718264739258728,-0.8891557704903037,12.551724137931036
4,8,0.5,0.3,4,br40,none,2,0.8919424249980965,0.7464546154313528,0.15878935425958707,-0.21272472696525246,-0.3204979566617576,8.931034482758621
4,8,0.5,0.3,4,br40,none,4,0.7814940141047145,0.555222782035596,0.13960809720777756,-0.2514451887149456,-0.8819468880873002,6.103448275862069
4,8,0.5,0.3,4,br40,0.15,1,1.0535520455768508,0.9837898786387678,0.14642634712345082,-0.14883904612441767,-0.8854400875434937,9.067243621055459
4,8,0.5,0.3,4,br40,0.15,2,1.0395793842237908,0.9096351895147944,0.14806837858143473,-0.1627777600165352,-0.37693306135944105,6.610907483862765
4,8,0.5,0.3,4,br40,0.15,4,0.8600118018518055,0.7212501798625137,0.11850029283023922,-0.16429845861921033,-0.8726264840191029,4.6191897525489924
4,8,0.5,0.3,4,br40,0.2,1,0.9449177619779878,0.8622304971196475,0.15291710424957805,-0.1773506095648557,-0.9136536223660972,10.869624074889801
4,8,0.5,0.3,4,br40,0.2,2,0.9133348342349125,0.7551666393526227,0.1505154762340708,-0.1993142551465228,-0.3400476427965008,7.83619486463975
4,8,0.5,0.3,4,br40,0.2,4,0.778606876428423,0.5928938611824046,0.127393513133081,-0.21486731685671512,-0.8776246029570269,5.470015384580308
4,8,0.5,0.3,4,mkt_ma20,none,1,0.8277651984191008,0.6787290316732861,0.14054479179546941,-0.20707054691469606,-0.7153974756458752,12.03448275862069
4,8,0.5,0.3,4,mkt_ma20,none,2,0.6642377541088622,0.47590840133020545,0.11694231627700602,-0.24572442081321122,-1.0150059962204312,8.517241379310345
4,8,0.5,0.3,4,mkt_ma20,none,4,0.8020201181696539,0.6145201702854636,0.13858505752750472,-0.22551750817736005,-1.2216496271971236,5.793103448275862
4,8,0.5,0.3,4,mkt_ma20,0.15,1,0.9416384359644263,0.786248540772305,0.1313089078159686,-0.16700686997395042,-0.7812446335483786,8.79756321854512
4,8,0.5,0.3,4,mkt_ma20,0.15,2,0.7794264072542951,0.5490526580925691,0.11094842180905351,-0.20207246094480769,-1.0150059962204312,6.404300056855517
4,8,0.5,0.3,4,mkt_ma20,0.15,4,0.8926891826197221,0.7429145709065097,0.12267433561853869,-0.16512576334160545,-1.2216496271971236,4.474649327469389
4,8,0.5,0.3,4,mkt_ma20,0.2,1,0.8446466834474691,0.6963199102316311,0.1358486557931391,-0.1950951765086668,-0.7420405562782386,10.464419878371887
4,8,0.5,0.3,4,mkt_ma20,0.2,2,0.6781750347873496,0.4741789874505908,0.11143889620476943,-0.23501441260380884,-1.0150059962204312,7.534829402588992
4,8,0.5,0.3,4,mkt_ma20,0.2,4,0.8370889798444661,0.6903100604619204,0.1347283366865606,-0.1951707564516838,-1.2216496271971236,5.215267419122391
4,8,0.5,0.3,4,mkt_ma50,none,1,1.018822370941606,1.1047832678110274,0.1669665655522572,-0.15113060671445355,-0.17534731351760294,11.10344827586207
4,8,0.5,0.3,4,mkt_ma50,none,2,0.7960129968048508,0.7196788737907623,0.13741295252723518,-0.19093648227221172,-1.5569397484778,8.137931034482758
4,8,0.5,0.3,4,mkt_ma50,none,4,0.4842385069623267,0.30719942428449437,0.08102028452455445,-0.26373839961862156,-1.6760478914207084,5.413793103448276
4,8,0.5,0.3,4,mkt_ma50,0.15,1,1.1116206142812475,1.3932164832038838,0.14275107556926625,-0.10246151785470659,-0.23140072451978294,7.206576926532565
4,8,0.5,0.3,4,mkt_ma50,0.15,2,0.8958003626280931,0.9255383543287786,0.12057949602669082,-0.13028038812517695,-1.553531006459155,5.534828766787794
4,8,0.5,0.3,4,mkt_ma50,0.15,4,0.4566916154258659,0.2622151816191809,0.05657390576349419,-0.2157537386437729,-1.6760478914207084,3.7665864979626518
4,8,0.5,0.3,4,mkt_ma50,0.2,1,1.0353023449926217,1.1669532253063237,0.15726713333881603,-0.13476729823299782,-0.231400724519783,9.007854101053352
4,8,0.5,0.3,4,mkt_ma50,0.2,2,0.8009193870107888,0.7298015705537951,0.12665465987425972,-0.17354670774159942,-1.5535310064591543,6.84242017476231
4,8,0.5,0.3,4,mkt_ma50,0.2,4,0.4630618363652283,0.29017616565460463,0.06958297819628667,-0.23979563600378873,-1.6760478914207084,4.64385309686789
4,8,0.5,0.3,5,none,none,1,0.820707252766475,0.5743119296763398,0.16531965724067144,-0.28785690963069366,-0.47521944294969815,16.951724137931034
4,8,0.5,0.3,5,none,none,2,0.7898673264528514,0.5114598643897041,0.15421671848581386,-0.30152262029364096,-0.5029013024469586,11.90344827586207
4,8,0.5,0.3,5,none,none,4,0.6403460419961357,0.4735633241215481,0.12227327838699908,-0.2581983700148527,-0.5665347074957227,8.648275862068965
4,8,0.5,0.3,5,none,0.15,1,0.8819829877424934,0.5473761663373602,0.13412591465803492,-0.24503426145772322,-0.5401078388237255,11.696206612187027
4,8,0.5,0.3,5,none,0.15,2,0.8380028789006363,0.5073371398448648,0.1273778192624988,-0.25107134735187886,-0.5463934273298351,8.616588155635434
4,8,0.5,0.3,5,none,0.15,4,0.6477431322935323,0.41625611292005316,0.09658357592788325,-0.23202920733186505,-0.5540251228528954,6.566878032930335
4,8,0.5,0.3,5,none,0.2,1,0.825930845965187,0.5418260340797552,0.15416884785799478,-0.28453569625873976,-0.467494038255883,14.617096080280621
4,8,0.5,0.3,5,none,0.2,2,0.7793433384853604,0.4779623486053884,0.14348296283482664,-0.3001972085321891,-0.5421444256928254,10.50535948941814
4,8,0.5,0.3,5,none,0.2,4,0.6374795505530318,0.4502332207529996,0.11631205358347341,-0.2583373421200361,-0.5596000115983384,7.984547181685513
4,8,0.5,0.3,5,br30,none,1,0.6657624509947239,0.3925301554272515,0.11642096024030013,-0.2965911246069264,-2.023242331207793,13.889655172413793
4,8,0.5,0.3,5,br30,none,2,0.7327742787093835,0.5148040739274784,0.1259585785000208,-0.24467284716508453,-1.5178008933246576,9.475862068965517
4,8,0.5,0.3,5,br30,none,4,0.6443929568870262,0.42921698112598355,0.10964489301796476,-0.2554532971419923,-1.7867079401088797,6.648275862068966
4,8,0.5,0.3,5,br30,0.15,1,0.7644584364492897,0.42018518995217197,0.10877955091937186,-0.258884781093198,-1.927587544650805,10.159444868395925
4,8,0.5,0.3,5,br30,0.15,2,0.8252070845079015,0.5430386864779776,0.11760570258839675,-0.21656965795781502,-1.579862095498292,7.295973554946793
4,8,0.5,0.3,5,br30,0.15,4,0.6410563853539453,0.3842779443268745,0.08907915057887883,-0.23180916806171503,-1.8384436792998922,5.2968995809864055
4,8,0.5,0.3,5,br30,0.2,1,0.6839342878178215,0.3875299159845252,0.11366375017895214,-0.29330316316403027,-2.019771026594775,12.189069854657188
4,8,0.5,0.3,5,br30,0.2,2,0.7347056848822301,0.4969863439287463,0.12127687817549071,-0.24402456859635235,-1.52942588714999,8.625981925557134
4,8,0.5,0.3,5,br30,0.2,4,0.626284377843848,0.4008025685777553,0.10244224414482783,-0.2555927835201838,-1.7879857404702306,6.199968772912756
4,8,0.5,0.3,5,br40,none,1,0.831218328093839,0.6627789800638748,0.13847705669991583,-0.2089339898597421,-1.5711121587447128,12.124137931034484
4,8,0.5,0.3,5,br40,none,2,0.8466493112636265,0.643469294232084,0.1353290714553328,-0.2103116227431403,-0.861421948311332,8.537931034482758
4,8,0.5,0.3,5,br40,none,4,0.7648246438776388,0.5913458326207411,0.12272269569155325,-0.20753117536597454,-1.2899931840308927,5.848275862068966
4,8,0.5,0.3,5,br40,0.15,1,0.945402272485643,0.7388995072947813,0.1317370564285414,-0.1782881909217262,-1.5427873564952523,9.113119217595738
4,8,0.5,0.3,5,br40,0.15,2,0.9327694038440032,0.7171639586318217,0.1268003385484835,-0.17680801861597784,-0.9286825914712139,6.695498154984988
4,8,0.5,0.3,5,br40,0.15,4,0.750845208571847,0.5478122977587518,0.10024751177891078,-0.1829960959055692,-1.3239729970344376,4.698281514629114
4,8,0.5,0.3,5,br40,0.2,1,0.8400904557028779,0.6517835064044818,0.1346836731853822,-0.20663866431409916,-1.573073398587511,10.893452217211514
4,8,0.5,0.3,5,br40,0.2,2,0.8348397278277899,0.6244352868433308,0.12979841581485996,-0.20786528011737115,-0.869407457037465,7.846796491638192
4,8,0.5,0.3,5,br40,0.2,4,0.7335230647719689,0.545553823384835,0.11328762538103754,-0.2076561844588598,-1.2899931840308927,5.452814861300754
4,8,0.5,0.3,5,mkt_ma20,none,1,0.7402232703075267,0.5597254815731978,0.12101976341378062,-0.21621271033370726,-1.303242562231847,11.793103448275861
4,8,0.5,0.3,5,mkt_ma20,none,2,0.6020387338135362,0.3880400268589151,0.09478750683391768,-0.24427249838424747,-1.5396809072763227,8.124137931034484
4,8,0.5,0.3,5,mkt_ma20,none,4,0.807588344960615,0.5722710640369395,0.12536640095395546,-0.2190682158024736,-1.6939801543617998,5.517241379310345
4,8,0.5,0.3,5,mkt_ma20,0.15,1,0.8384460829032117,0.6220685423975043,0.11632872621560497,-0.18700306845169234,-1.3118205196950479,8.91995648464987
4,8,0.5,0.3,5,mkt_ma20,0.15,2,0.681034315222834,0.42915859621574753,0.09278007190895243,-0.21619064077260108,-1.5396809072763227,6.4771180150968135
4,8,0.5,0.3,5,mkt_ma20,0.15,4,0.8196744527500531,0.530105012825304,0.10814842363620825,-0.2040132068546361,-1.6939801543617998,4.495947106862733
4,8,0.5,0.3,5,mkt_ma20,0.2,1,0.7481662322769869,0.5564950025416125,0.11832553365058351,-0.21262640834179924,-1.3049839335208513,10.606899730549028
4,8,0.5,0.3,5,mkt_ma20,0.2,2,0.5996456987167555,0.3819776679645155,0.09238694280960313,-0.2418647752417442,-1.5396809072763227,7.509897725760664
4,8,0.5,0.3,5,mkt_ma20,0.2,4,0.7953728706454645,0.544561250052432,0.11928882474780123,-0.2190549267622618,-1.6939801543617998,5.152069628246887
4,8,0.5,0.3,5,mkt_ma50,none,1,0.9900999631258364,1.2860910183097398,0.1531485204755978,-0.11908062360693183,-0.7279923927971059,10.44137931034483
4,8,0.5,0.3,5,mkt_ma50,none,2,0.8784986433722021,0.8667185196536698,0.13662887442863902,-0.15763926964804476,-0.7586715391428648,7.43448275862069
4,8,0.5,0.3,5,mkt_ma50,none,4,0.5562674610360335,0.33222874664177227,0.0832831435400645,-0.25068012440797327,-1.8783742731822224,5.199999999999999
4,8,0.5,0.3,5,mkt_ma50,0.15,1,1.0456781946791522,1.3943019928735871,0.13253247179557204,-0.0950529171391552,-0.7462038100745246,7.119312499357106
4,8,0.5,0.3,5,mkt_ma50,0.15,2,0.9102979806624998,0.9014981939621428,0.11806923566295069,-0.1309700190790497,-0.7689825521958911,5.402193048280712
4,8,0.5,0.3,5,mkt_ma50,0.15,4,0.4708492436936201,0.24557346023105855,0.05671939475835486,-0.23096711959422622,-1.8783742731822224,3.8952937543310084
4,8,0.5,0.3,5,mkt_ma50,0.2,1,0.96899028570011,1.2093872783495925,0.14304477216479006,-0.11827871412703972,-0.7462038100745251,8.888590998049056
4,8,0.5,0.3,5,mkt_ma50,0.2,2,0.8522825212222176,0.8205296441541983,0.12797922759433322,-0.15597148562043017,-0.7689825521958914,6.610385501312893
4,8,0.5,0.3,5,mkt_ma50,0.2,4,0.5181666899248066,0.2952191523576768,0.07404701688344018,-0.25082050501157016,-1.8783742731822224,4.7295399912416345
4,8,1.0,0.0,3,none,none,1,0.7256653584013756,0.4350696290951945,0.16270394439473979,-0.3739721955152602,-0.9464991007392811,20.758620689655174
4,8,1.0,0.0,3,none,none,2,0.5895354941188805,0.3466744961466581,0.13379411292028132,-0.38593584012502813,-1.1577511234434652,13.724137931034482
4,8,1.0,0.0,3,none,none,4,0.5659352331958507,0.41500049847966514,0.1303966379379704,-0.3142083887023567,-0.3332238982255873,9.54022988505747
4,8,1.0,0.0,3,none,0.15,1,0.8475275648035111,0.4465494100035874,0.1313376362794627,-0.29411669422742626,-1.0203986334724786,12.921652871508364
4,8,1.0,0.0,3,none,0.15,2,0.6488981486557514,0.3225664598104218,0.1028685052896341,-0.3189063901748861,-1.2187533626108351,8.907722377599303
4,8,1.0,0.0,3,none,0.15,4,0.6457772272604577,0.5213535861066951,0.10016153897671809,-0.1921182507340038,-0.216412330275201,6.387710550492705
4,8,1.0,0.0,3,none,0.2,1,0.8027770376814818,0.45678963186760035,0.15578658650325128,-0.34104667802181143,-0.9214507056025014,16.557385368927267
4,8,1.0,0.0,3,none,0.2,2,0.6073580334796372,0.32671777043143574,0.11897779226766403,-0.3641607620869598,-1.14682967411162,11.126921172472334
4,8,1.0,0.0,3,none,0.2,4,0.5900034409550508,0.4585497161255602,0.11471813245278684,-0.25017599710251415,-0.3109211612755731,7.962435234742706
4,8,1.0,0.0,3,br30,none,1,0.7709664939352756,0.47410455378774957,0.14978180877476155,-0.3159256910276734,-1.4835307872466796,16.390804597701152
4,8,1.0,0.0,3,br30,none,2,0.7825156069742563,0.5539992584923823,0.16000876723085766,-0.2888248761673349,-1.2854191624729745,10.64367816091954
4,8,1.0,0.0,3,br30,none,4,0.5992599360523444,0.40667123779202247,0.12777951435822432,-0.3142083887023567,-1.3690765106909324,7.448275862068964
4,8,1.0,0.0,3,br30,0.15,1,0.8898659857042198,0.533694419860696,0.1291047247912276,-0.24190757854452793,-1.3120337354938463,11.17046320132611
4,8,1.0,0.0,3,br30,0.15,2,0.860333005294396,0.5532999918813495,0.13017099555021527,-0.23526296305843675,-1.3076748091438093,7.506392879685097
4,8,1.0,0.0,3,br30,0.15,4,0.685832256758808,0.5298523643684296,0.10179430938973888,-0.19211825073400413,-1.4317836815697607,5.311546069941863
4,8,1.0,0.0,3,br30,0.2,1,0.8326413101621354,0.5113089990829726,0.14522784483352136,-0.2840314664791467,-1.4325944793820922,13.523680618564534
4,8,1.0,0.0,3,br30,0.2,2,0.818187382806761,0.5500250275066944,0.14801651520991377,-0.2691086910733571,-1.302884296961674,8.903250153099995
4,8,1.0,0.0,3,br30,0.2,4,0.6435414803029206,0.46764744402777614,0.11699416560209097,-0.2501759971025139,-1.4194922675105546,6.281155008428606
4,8,1.0,0.0,3,br40,none,1,0.9537682528588532,0.8551850385569465,0.17687529511132705,-0.2068269288361141,-0.7143263184442739,14.27586206896552
4,8,1.0,0.0,3,br40,none,2,0.8771886089809167,0.6903109029050319,0.16893204064811984,-0.24471877807116182,-0.5926388272672346,9.356321839080458
4,8,1.0,0.0,3,br40,none,4,0.7322892218730911,0.496462860056939,0.14760637266800725,-0.2973160422334077,-0.7021083301257637,6.666666666666666
4,8,1.0,0.0,3,br40,0.15,1,1.1210711208662567,1.0530836905307202,0.15841810354944896,-0.1504325866727756,-0.6521704371694481,10.050127404628942
4,8,1.0,0.0,3,br40,0.15,2,0.9610605377301371,0.7416167922989805,0.1416556764590593,-0.19100926237111315,-0.7039064060716519,6.786231982749971
4,8,1.0,0.0,3,br40,0.15,4,0.8468439866381205,0.6715621243076804,0.1228413306718481,-0.18291878923113236,-0.703601526975025,4.818941722214334
4,8,1.0,0.0,3,br40,0.2,1,1.0214105722531768,0.943594271567121,0.17068234370598434,-0.1808853114617951,-0.7020411983390435,12.00019920932681
4,8,1.0,0.0,3,br40,0.2,2,0.8962528486663645,0.6882122470064108,0.15528205614691992,-0.2256310561492717,-0.6459539770586523,7.959663221720216
4,8,1.0,0.0,3,br40,0.2,4,0.7682472836329235,0.5642937578282411,0.13471050060768697,-0.23872406656798417,-0.7163206164621575,5.686081954884986
4,8,1.0,0.0,3,mkt_ma20,none,1,0.8555825617287139,0.6635830240136145,0.15693790241944106,-0.23650077946572245,-0.6308726964243189,13.770114942528734
4,8,1.0,0.0,3,mkt_ma20,none,2,0.6448836761636993,0.42231089467706934,0.12238685694705809,-0.2898027460092979,-1.2283860108464963,8.850574712643677
4,8,1.0,0.0,3,mkt_ma20,none,4,0.6814215082420008,0.4914643647028094,0.13355383708489854,-0.271746736237243,-1.3578248854082355,6.298850574712644
4,8,1.0,0.0,3,mkt_ma20,0.15,1,0.9912730324270209,0.7918606782039888,0.1408633530195862,-0.17788906167064256,-0.6588868255470111,9.785426714142048
4,8,1.0,0.0,3,mkt_ma20,0.15,2,0.6886254313675575,0.4222862024785985,0.10068350136098547,-0.23842479524556126,-1.2283860108464963,6.552486289203641
4,8,1.0,0.0,3,mkt_ma20,0.15,4,0.7836783738649333,0.6440838791390012,0.11432671309922293,-0.17750283278639523,-1.3578248854082355,4.709667347751163
4,8,1.0,0.0,3,mkt_ma20,0.2,1,0.9173444825803901,0.7371658204049472,0.15344355959911193,-0.20815338333893563,-0.6462633251567445,11.631666855863545
4,8,1.0,0.0,3,mkt_ma20,0.2,2,0.6546939445544475,0.4137868376417385,0.1129096347325973,-0.27286908248723896,-1.2283860108464963,7.640495967420484
4,8,1.0,0.0,3,mkt_ma20,0.2,4,0.7429460257806141,0.588348797397123,0.1299540074708747,-0.22087919282880508,-1.3578248854082355,5.470967600852836
4,8,1.0,0.0,3,mkt_ma50,none,1,1.0395899023792738,1.0813568557145739,0.18335976515972652,-0.16956452829677593,-0.6740766301418868,12.988505747126435
4,8,1.0,0.0,3,mkt_ma50,none,2,0.8112253498689237,0.7369431986186016,0.14786892504431948,-0.20065172637660467,-1.0581250451126238,8.620689655172415
4,8,1.0,0.0,3,mkt_ma50,none,4,0.3724162961661948,0.22018052914668654,0.06918256928681266,-0.3142083887023567,-1.4721982120018198,5.862068965517241
4,8,1.0,0.0,3,mkt_ma50,0.15,1,1.1871945683477978,1.467298351107808,0.1534693350538976,-0.10459313536202675,-0.7105895747214364,8.194510701178482
4,8,1.0,0.0,3,mkt_ma50,0.15,2,0.8792607996402335,0.9497765019674229,0.11976123271300376,-0.12609412052722224,-1.0643684738632546,5.74401830118936
4,8,1.0,0.0,3,mkt_ma50,0.15,4,0.3509851817240619,0.23358234306808728,0.04487543115259096,-0.19211825073400413,-1.4721982120018198,3.9354102188961018
4,8,1.0,0.0,3,mkt_ma50,0.2,1,1.1002865476427501,1.240059607326925,0.17046164204851877,-0.1374624582893771,-0.7105895747214362,10.140927906672848
4,8,1.0,0.0,3,mkt_ma50,0.2,2,0.7978746266479715,0.7814360357031244,0.12915706739718757,-0.16528168845064073,-1.0643684738632548,7.01439597155995
4,8,1.0,0.0,3,mkt_ma50,0.2,4,0.3456996939431684,0.21671385742093266,0.054216605366213866,-0.2501759971025139,-1.4721982120018198,4.783627407534956
4,8,1.0,0.0,4,none,none,1,0.7725577389450782,0.474154128630154,0.1634628915582803,-0.34474632126589233,-0.9823360835037769,17.89655172413793
4,8,1.0,0.0,4,none,none,2,0.7744991913860215,0.42295315922847715,0.16412565936519652,-0.388046893099424,-1.1232755006861663,12.275862068965518
4,8,1.0,0.0,4,none,none,4,0.7500316786060075,0.5662497013911948,0.156096458013125,-0.2756671793903259,-0.7302282903003859,8.689655172413794
4,8,1.0,0.0,4,none,0.15,1,0.8658465823370776,0.45400921395748184,0.13303203175061484,-0.29301614958650013,-1.0875633150344326,11.759660185045329
4,8,1.0,0.0,4,none,0.15,2,0.8545179189353493,0.3970128203076781,0.13358442899901046,-0.3364738420675807,-1.1443524035923447,8.441392303859924
4,8,1.0,0.0,4,none,0.15,4,0.7998389604866303,0.5255907763505927,0.12191974936445171,-0.23196706420724122,-0.6746886739887487,6.217396570175222
4,8,1.0,0.0,4,none,0.2,1,0.8161142619907014,0.46335582903284434,0.15556480764923708,-0.3357350828497079,-0.9883833177394785,14.832858531114999
4,8,1.0,0.0,4,none,0.2,2,0.8048388482406281,0.4045377722982106,0.1537728535632532,-0.3801198901394489,-1.1082107480720231,10.383404646484003
4,8,1.0,0.0,4,none,0.2,4,0.7590166225716521,0.5332783011467829,0.14314762320557373,-0.26842949150142315,-0.7389466480176459,7.65623455179915
4,8,1.0,0.0,4,br30,none,1,0.732733249325672,0.40228754230612246,0.13466983360552942,-0.334760139062551,-2.0012913894924087,14.448275862068966
4,8,1.0,0.0,4,br30,none,2,0.8627964805562947,0.5587066774341747,0.1643277604439506,-0.29412170478902366,-1.5345546447325868,9.517241379310345
4,8,1.0,0.0,4,br30,none,4,0.8094770245498185,0.6040070210532299,0.15399588447133783,-0.2549571099402278,-1.6714972287690892,6.689655172413793
4,8,1.0,0.0,4,br30,0.15,1,0.8296994212863786,0.4150849189962382,0.11933818900244808,-0.28750307115718077,-1.9236598738276198,10.192150438275895
4,8,1.0,0.0,4,br30,0.15,2,0.9827024132361954,0.5920898976463224,0.14602267870959307,-0.2466224796100438,-1.4792584020410424,6.930834780803403
4,8,1.0,0.0,4,br30,0.15,4,0.8780467886367685,0.5878864347866193,0.12686063476417409,-0.21579105632913564,-1.6624473965466753,5.040620179119686
4,8,1.0,0.0,4,br30,0.2,1,0.7601033085220464,0.39658781057685233,0.12960972276675542,-0.326812169487088,-2.010734913391069,12.238938496349459
4,8,1.0,0.0,4,br30,0.2,2,0.905598760990468,0.5544424121203668,0.15887958577276762,-0.2865574175055634,-1.525570160191605,8.264178701217359
4,8,1.0,0.0,4,br30,0.2,4,0.8350815694248076,0.5853797019579399,0.1450767094174552,-0.2478335154639153,-1.6816415220925458,5.977137284325144
4,8,1.0,0.0,4,br40,none,1,0.9803790649146841,0.7985266832969611,0.17229581793323945,-0.21576713907901435,-1.2845346631104901,12.482758620689655
4,8,1.0,0.0,4,br40,none,2,1.02242723252662,0.7397120319515474,0.18263657573447611,-0.24690226445639207,-0.8355169660027169,8.448275862068966
4,8,1.0,0.0,4,br40,none,4,0.9167480677031432,0.7797111440944526,0.16497760631852998,-0.21158810870932598,-1.2588089558535673,5.896551724137931
4,8,1.0,0.0,4,br40,0.15,1,1.1011045238860306,0.841910927388501,0.1548067322165323,-0.18387542812482882,-1.293704348832485,9.018569894175657
4,8,1.0,0.0,4,br40,0.15,2,1.1263227277650754,0.8140569728084852,0.16248678784256954,-0.19960124815587832,-0.8249795020175587,6.324293291540414
4,8,1.0,0.0,4,br40,0.15,4,0.9952008008226484,0.820789462764753,0.1402633661630217,-0.17088836117675976,-1.2353336347183295,4.495350901698157
4,8,1.0,0.0,4,br40,0.2,1,1.00355419060161,0.7796993633869721,0.16455998912319325,-0.21105569255354206,-1.3036643189205224,10.759762405044565
4,8,1.0,0.0,4,br40,0.2,2,1.030538720466009,0.7175916528396199,0.17295123754167507,-0.24101623375534065,-0.8459413520409382,7.474401084318998
4,8,1.0,0.0,4,br40,0.2,4,0.9222754484042995,0.7501279057929723,0.15399862069576065,-0.20529648278178136,-1.2684751329137796,5.325474912295184
4,8,1.0,0.0,4,mkt_ma20,none,1,0.9161294062774962,0.7241806160976809,0.15801441221228818,-0.21819751688986722,-0.9904030354441568,12.10344827586207
4,8,1.0,0.0,4,mkt_ma20,none,2,0.8299106385397883,0.5658278866073942,0.14656828265736954,-0.2590333317365595,-1.1708271720112748,7.9655172413793105
4,8,1.0,0.0,4,mkt_ma20,none,4,0.9660355805868677,0.825747518718653,0.1683740195200667,-0.20390496574708417,-1.3663476644290589,5.551724137931035
4,8,1.0,0.0,4,mkt_ma20,0.15,1,1.0284496442232491,0.7760570161791994,0.14429457435278548,-0.18593295511095076,-1.050361056713959,8.824281421586507
4,8,1.0,0.0,4,mkt_ma20,0.15,2,0.9003497406588081,0.5755798051984963,0.12883662340588575,-0.2238379843112368,-1.1708271720112748,6.061186576396085
4,8,1.0,0.0,4,mkt_ma20,0.15,4,1.034177875735207,0.798805595197564,0.14500841031945644,-0.18153154057914722,-1.3663476644290589,4.348489479197625
4,8,1.0,0.0,4,mkt_ma20,0.2,1,0.9332481155442357,0.7148225957948259,0.15132776197833708,-0.2116997460189023,-1.0101901573217307,10.464607819153263
4,8,1.0,0.0,4,mkt_ma20,0.2,2,0.8436411116506496,0.5531683983157906,0.14065089704512568,-0.25426415802739233,-1.1708271720112748,7.096992914671328
4,8,1.0,0.0,4,mkt_ma20,0.2,4,0.9979213377646018,0.8117590165394404,0.16349599330622255,-0.20140951929701034,-1.3663476644290589,5.049838289113713
4,8,1.0,0.0,4,mkt_ma50,none,1,1.1230704480464335,1.3420718451477374,0.1851829813017496,-0.13798291199631296,-0.17534731351760294,11.10344827586207
4,8,1.0,0.0,4,mkt_ma50,none,2,0.9467389098503916,0.8377884754289372,0.16057309911646933,-0.1916630555633484,-1.5569397484778,7.620689655172413
4,8,1.0,0.0,4,mkt_ma50,none,4,0.6133075120750695,0.4009923962362488,0.10068938641387493,-0.25110048808644425,-1.6760478914207084,5.172413793103448
4,8,1.0,0.0,4,mkt_ma50,0.15,1,1.2249656132897908,1.5044511324985252,0.15677372312140214,-0.10420659051985248,-0.23331714802982834,7.213863676659493
4,8,1.0,0.0,4,mkt_ma50,0.15,2,1.0158312190614038,0.9796892127100654,0.1368712633480873,-0.13970886029199725,-1.5550788002070646,5.282299434828825
4,8,1.0,0.0,4,mkt_ma50,0.15,4,0.5743305130977209,0.32524602129833674,0.07124268715623083,-0.21904245552901758,-1.6760478914207084,3.678733291688958
4,8,1.0,0.0,4,mkt_ma50,0.2,1,1.1458392112026994,1.3093913398512338,0.17364113399914638,-0.13261209900691306,-0.2333171480298282,8.961133813316136
4,8,1.0,0.0,4,mkt_ma50,0.2,2,0.931647001264289,0.8045359346201497,0.14722653095770233,-0.18299559363648965,-1.5550788002070648,6.501070496426555
4,8,1.0,0.0,4,mkt_ma50,0.2,4,0.5891195586786795,0.3609807850214515,0.08811189100581451,-0.2440902526171259,-1.6760478914207084,4.504496614609243
4,8,1.0,0.0,5,none,none,1,0.8233395038574058,0.5327671411164435,0.16464942672806027,-0.309045761311458,-0.8178840734566588,16.234482758620693
4,8,1.0,0.0,5,none,none,2,0.8587227476360711,0.5766161054226251,0.16732169392188734,-0.290178668872335,-0.8032138291073878,11.324137931034484
4,8,1.0,0.0,5,none,none,4,0.6911888999759013,0.4922935325773232,0.1343707534735119,-0.27294844352318737,-0.8184476769119922,8.206896551724137
4,8,1.0,0.0,5,none,0.15,1,0.8736429260631706,0.5292309330492431,0.13241103622918726,-0.25019519449908434,-0.8684074443996326,11.207202344234679
4,8,1.0,0.0,5,none,0.15,2,0.8822101163803566,0.5402027424336892,0.13442643028057155,-0.24884440548184117,-0.7777606865313763,8.348997688594217
4,8,1.0,0.0,5,none,0.15,4,0.6799370986692991,0.4233087642777854,0.10176282728105734,-0.2403985834185992,-0.7831278688891425,6.179328719942114
4,8,1.0,0.0,5,none,0.2,1,0.8203705518473636,0.5095432340119881,0.1530563523773001,-0.3003795206388691,-0.8099656551338591,14.076730541376543
4,8,1.0,0.0,5,none,0.2,2,0.8387647424601073,0.5318273597221979,0.15365681947434728,-0.2889223667518921,-0.8236753140820574,10.044110686832749
4,8,1.0,0.0,5,none,0.2,4,0.6710555612315622,0.4485163873664827,0.12254189541951077,-0.27321609392920976,-0.8361470729657285,7.4603774741278075
4,8,1.0,0.0,5,br30,none,1,0.6944661715530086,0.36330517573704385,0.12078344082578729,-0.33245725327406006,-2.409904448439726,13.33793103448276
4,8,1.0,0.0,5,br30,none,2,0.8484010954231298,0.5677587624241407,0.147806816233359,-0.26033383545200284,-1.8514018332213962,8.924137931034483
4,8,1.0,0.0,5,br30,none,4,0.7266718759492463,0.46536622420539586,0.12813570955714026,-0.27534381072869996,-1.9893614610807742,6.289655172413792
4,8,1.0,0.0,5,br30,0.15,1,0.7540549794720344,0.3638899148682127,0.10738677079330561,-0.295107851043899,-2.341224490273499,9.802716250640728
4,8,1.0,0.0,5,br30,0.15,2,0.884932116794723,0.5495331624160904,0.1271280595780797,-0.23133828542602508,-1.8758273379718597,6.868089618512139
4,8,1.0,0.0,5,br30,0.15,4,0.7181997570197356,0.40596288143871956,0.10082370631339033,-0.24835695804521418,-2.026178423983318,4.946297356328651
4,8,1.0,0.0,5,br30,0.2,1,0.7019510252234881,0.35515884018261573,0.11684772186517356,-0.32900130489527657,-2.4046386634025816,11.757629930347955
4,8,1.0,0.0,5,br30,0.2,2,0.8400504314573828,0.537644193725514,0.14011888974630393,-0.26061639162393613,-1.8628143434735642,8.10033617620391
4,8,1.0,0.0,5,br30,0.2,4,0.7080960014236638,0.4283229277978131,0.11805033026860978,-0.27561057932517363,-1.9893614610807742,5.814688178985057
4,8,1.0,0.0,5,br40,none,1,0.9161390517469505,0.6370736956000874,0.15266312125734594,-0.23963180760986513,-1.9272892263406143,11.544827586206898
4,8,1.0,0.0,5,br40,none,2,0.9498931981807701,0.6866611119650009,0.15570917511948434,-0.2267627690082744,-1.2430512811245673,8.096551724137932
4,8,1.0,0.0,5,br40,none,4,0.8468761398934096,0.6183130627125152,0.14140856597909068,-0.22870059603582826,-1.521787783023829,5.572413793103448
4,8,1.0,0.0,5,br40,0.15,1,0.9796311162356812,0.6529522647453582,0.13705911932464998,-0.20990679828348713,-1.9361056870655438,8.742742660465547
4,8,1.0,0.0,5,br40,0.15,2,0.9874183996016955,0.7142040881577765,0.13758259853670807,-0.19263765192326143,-1.27566168398004,6.360343326892015
4,8,1.0,0.0,5,br40,0.15,4,0.8460367985552443,0.5758929112686697,0.11558673255495067,-0.20070872603782808,-1.5450708936088589,4.4271646600428145
4,8,1.0,0.0,5,br40,0.2,1,0.909942283574944,0.6156430795364942,0.14639878369946224,-0.23779814727988668,-1.9288751958508836,10.424734318731247
4,8,1.0,0.0,5,br40,0.2,2,0.9188566605767928,0.6497230023123622,0.14649823661479644,-0.22547798999482804,-1.2583054047529951,7.444645786058349
4,8,1.0,0.0,5,br40,0.2,4,0.8149358920372102,0.5681187887569473,0.129784143901025,-0.2284454351263311,-1.521787783023829,5.169784447781526
4,8,1.0,0.0,5,mkt_ma20,none,1,0.8387188466953638,0.5744250643715609,0.13619743158767816,-0.2371021740436804,-1.6523193077947258,11.324137931034482
4,8,1.0,0.0,5,mkt_ma20,none,2,0.7560006472298242,0.5056227748879226,0.12169160390684453,-0.2406766663820057,-1.6529939406778575,7.710344827586207
4,8,1.0,0.0,5,mkt_ma20,none,4,0.8845643363901622,0.6319616633236315,0.1434188121275599,-0.22694226636041093,-1.7658087976867993,5.213793103448276
4,8,1.0,0.0,5,mkt_ma20,0.15,1,0.8925079490119594,0.5920408504423028,0.12371149309285157,-0.20895769776769457,-1.6607956064218596,8.618135367687788
4,8,1.0,0.0,5,mkt_ma20,0.15,2,0.7719440277493538,0.4936892327205576,0.10675310286526973,-0.21623542866630652,-1.6529939406778575,6.1581264956875055
4,8,1.0,0.0,5,mkt_ma20,0.15,4,0.8855300438054342,0.56868268982092,0.11919214976688242,-0.20959341984616486,-1.7658087976867993,4.218379504434036
4,8,1.0,0.0,5,mkt_ma20,0.2,1,0.8410256154935434,0.568170033291631,0.13264174022292652,-0.23345430496304265,-1.653924199613418,10.239138636560906
4,8,1.0,0.0,5,mkt_ma20,0.2,2,0.7449815028004085,0.4895484615543933,0.11700752407557435,-0.23901111588433366,-1.6529939406778575,7.124090804039595
4,8,1.0,0.0,5,mkt_ma20,0.2,4,0.8704922855968334,0.5968762889941689,0.13528328843163995,-0.22665214036163794,-1.7658087976867993,4.857786828060528
4,8,1.0,0.0,5,mkt_ma50,none,1,1.1315207980782207,1.4291711369986353,0.172350651371717,-0.12059483074480926,-0.7279923927971059,9.917241379310344
4,8,1.0,0.0,5,mkt_ma50,none,2,1.0282136051945652,1.1821650445709522,0.15912512592772532,-0.134604830906227,-0.7586715391428648,7.020689655172414
4,8,1.0,0.0,5,mkt_ma50,none,4,0.6361459606927454,0.4086193703709777,0.09682808200291637,-0.2369640037255405,-1.779428115243157,4.813793103448275
4,8,1.0,0.0,5,mkt_ma50,0.15,1,1.1648295234649633,1.4557272927943203,0.14604608674570874,-0.10032516905372302,-0.7465732612446102,6.833990058572386
4,8,1.0,0.0,5,mkt_ma50,0.15,2,1.006885410437409,1.0428699546870084,0.13113805529072775,-0.12574727529674168,-0.7663169757504534,5.182839558617881
4,8,1.0,0.0,5,mkt_ma50,0.15,4,0.550909080968715,0.3083477460783304,0.06625427963245367,-0.21486870092321975,-1.779428115243157,3.591804839988348
4,8,1.0,0.0,5,mkt_ma50,0.2,1,1.1080864603158094,1.3446358974944606,0.16215613847173915,-0.12059483074480926,-0.7465732612446105,8.506205087459987
4,8,1.0,0.0,5,mkt_ma50,0.2,2,0.9811009738494283,1.0952833185814683,0.14672688748099816,-0.13396249627085366,-0.7663169757504538,6.27653073214275
4,8,1.0,0.0,5,mkt_ma50,0.2,4,0.5940577392545612,0.35891990110969435,0.08515191645190967,-0.23724490112874863,-1.779428115243157,4.362864308249847
4,8,1.0,0.3,3,none,none,1,0.7256653584013756,0.4350696290951945,0.16270394439473979,-0.3739721955152602,-0.9464991007392811,20.758620689655174
4,8,1.0,0.3,3,none,none,2,0.5895354941188805,0.3466744961466581,0.13379411292028132,-0.38593584012502813,-1.1577511234434652,13.724137931034482
4,8,1.0,0.3,3,none,none,4,0.5659352331958507,0.41500049847966514,0.1303966379379704,-0.3142083887023567,-0.3332238982255873,9.54022988505747
4,8,1.0,0.3,3,none,0.15,1,0.8475275648035111,0.4465494100035874,0.1313376362794627,-0.29411669422742626,-1.0203986334724786,12.921652871508364
4,8,1.0,0.3,3,none,0.15,2,0.6488981486557514,0.3225664598104218,0.1028685052896341,-0.3189063901748861,-1.2187533626108351,8.907722377599303
4,8,1.0,0.3,3,none,0.15,4,0.6457772272604577,0.5213535861066951,0.10016153897671809,-0.1921182507340038,-0.216412330275201,6.387710550492705
4,8,1.0,0.3,3,none,0.2,1,0.8027770376814818,0.45678963186760035,0.15578658650325128,-0.34104667802181143,-0.9214507056025014,16.557385368927267
4,8,1.0,0.3,3,none,0.2,2,0.6073580334796372,0.32671777043143574,0.11897779226766403,-0.3641607620869598,-1.14682967411162,11.126921172472334
4,8,1.0,0.3,3,none,0.2,4,0.5900034409550508,0.4585497161255602,0.11471813245278684,-0.25017599710251415,-0.3109211612755731,7.962435234742706
4,8,1.0,0.3,3,br30,none,1,0.7709664939352756,0.47410455378774957,0.14978180877476155,-0.3159256910276734,-1.4835307872466796,16.390804597701152
4,8,1.0,0.3,3,br30,none,2,0.7825156069742563,0.5539992584923823,0.16000876723085766,-0.2888248761673349,-1.2854191624729745,10.64367816091954
4,8,1.0,0.3,3,br30,none,4,0.5992599360523444,0.40667123779202247,0.12777951435822432,-0.3142083887023567,-1.3690765106909324,7.448275862068964
4,8,1.0,0.3,3,br30,0.15,1,0.8898659857042198,0.533694419860696,0.1291047247912276,-0.24190757854452793,-1.3120337354938463,11.17046320132611
4,8,1.0,0.3,3,br30,0.15,2,0.860333005294396,0.5532999918813495,0.13017099555021527,-0.23526296305843675,-1.3076748091438093,7.506392879685097
4,8,1.0,0.3,3,br30,0.15,4,0.685832256758808,0.5298523643684296,0.10179430938973888,-0.19211825073400413,-1.4317836815697607,5.311546069941863
4,8,1.0,0.3,3,br30,0.2,1,0.8326413101621354,0.5113089990829726,0.14522784483352136,-0.2840314664791467,-1.4325944793820922,13.523680618564534
4,8,1.0,0.3,3,br30,0.2,2,0.818187382806761,0.5500250275066944,0.14801651520991377,-0.2691086910733571,-1.302884296961674,8.903250153099995
4,8,1.0,0.3,3,br30,0.2,4,0.6435414803029206,0.46764744402777614,0.11699416560209097,-0.2501759971025139,-1.4194922675105546,6.281155008428606
4,8,1.0,0.3,3,br40,none,1,0.9537682528588532,0.8551850385569465,0.17687529511132705,-0.2068269288361141,-0.7143263184442739,14.27586206896552
4,8,1.0,0.3,3,br40,none,2,0.8771886089809167,0.6903109029050319,0.16893204064811984,-0.24471877807116182,-0.5926388272672346,9.356321839080458
4,8,1.0,0.3,3,br40,none,4,0.7322892218730911,0.496462860056939,0.14760637266800725,-0.2973160422334077,-0.7021083301257637,6.666666666666666
4,8,1.0,0.3,3,br40,0.15,1,1.1210711208662567,1.0530836905307202,0.15841810354944896,-0.1504325866727756,-0.6521704371694481,10.050127404628942
4,8,1.0,0.3,3,br40,0.15,2,0.9610605377301371,0.7416167922989805,0.1416556764590593,-0.19100926237111315,-0.7039064060716519,6.786231982749971
4,8,1.0,0.3,3,br40,0.15,4,0.8468439866381205,0.6715621243076804,0.1228413306718481,-0.18291878923113236,-0.703601526975025,4.818941722214334
4,8,1.0,0.3,3,br40,0.2,1,1.0214105722531768,0.943594271567121,0.17068234370598434,-0.1808853114617951,-0.7020411983390435,12.00019920932681
4,8,1.0,0.3,3,br40,0.2,2,0.8962528486663645,0.6882122470064108,0.15528205614691992,-0.2256310561492717,-0.6459539770586523,7.959663221720216
4,8,1.0,0.3,3,br40,0.2,4,0.7682472836329235,0.5642937578282411,0.13471050060768697,-0.23872406656798417,-0.7163206164621575,5.686081954884986
4,8,1.0,0.3,3,mkt_ma20,none,1,0.8555825617287139,0.6635830240136145,0.15693790241944106,-0.23650077946572245,-0.6308726964243189,13.770114942528734
4,8,1.0,0.3,3,mkt_ma20,none,2,0.6448836761636993,0.42231089467706934,0.12238685694705809,-0.2898027460092979,-1.2283860108464963,8.850574712643677
4,8,1.0,0.3,3,mkt_ma20,none,4,0.6814215082420008,0.4914643647028094,0.13355383708489854,-0.271746736237243,-1.3578248854082355,6.298850574712644
4,8,1.0,0.3,3,mkt_ma20,0.15,1,0.9912730324270209,0.7918606782039888,0.1408633530195862,-0.17788906167064256,-0.6588868255470111,9.785426714142048
4,8,1.0,0.3,3,mkt_ma20,0.15,2,0.6886254313675575,0.4222862024785985,0.10068350136098547,-0.23842479524556126,-1.2283860108464963,6.552486289203641
4,8,1.0,0.3,3,mkt_ma20,0.15,4,0.7836783738649333,0.6440838791390012,0.11432671309922293,-0.17750283278639523,-1.3578248854082355,4.709667347751163
4,8,1.0,0.3,3,mkt_ma20,0.2,1,0.9173444825803901,0.7371658204049472,0.15344355959911193,-0.20815338333893563,-0.6462633251567445,11.631666855863545
4,8,1.0,0.3,3,mkt_ma20,0.2,2,0.6546939445544475,0.4137868376417385,0.1129096347325973,-0.27286908248723896,-1.2283860108464963,7.640495967420484
4,8,1.0,0.3,3,mkt_ma20,0.2,4,0.7429460257806141,0.588348797397123,0.1299540074708747,-0.22087919282880508,-1.3578248854082355,5.470967600852836
4,8,1.0,0.3,3,mkt_ma50,none,1,1.0395899023792738,1.0813568557145739,0.18335976515972652,-0.16956452829677593,-0.6740766301418868,12.988505747126435
4,8,1.0,0.3,3,mkt_ma50,none,2,0.8112253498689237,0.7369431986186016,0.14786892504431948,-0.20065172637660467,-1.0581250451126238,8.620689655172415
4,8,1.0,0.3,3,mkt_ma50,none,4,0.3724162961661948,0.22018052914668654,0.06918256928681266,-0.3142083887023567,-1.4721982120018198,5.862068965517241
4,8,1.0,0.3,3,mkt_ma50,0.15,1,1.1871945683477978,1.467298351107808,0.1534693350538976,-0.10459313536202675,-0.7105895747214364,8.194510701178482
4,8,1.0,0.3,3,mkt_ma50,0.15,2,0.8792607996402335,0.9497765019674229,0.11976123271300376,-0.12609412052722224,-1.0643684738632546,5.74401830118936
4,8,1.0,0.3,3,mkt_ma50,0.15,4,0.3509851817240619,0.23358234306808728,0.04487543115259096,-0.19211825073400413,-1.4721982120018198,3.9354102188961018
4,8,1.0,0.3,3,mkt_ma50,0.2,1,1.1002865476427501,1.240059607326925,0.17046164204851877,-0.1374624582893771,-0.7105895747214362,10.140927906672848
4,8,1.0,0.3,3,mkt_ma50,0.2,2,0.7978746266479715,0.7814360357031244,0.12915706739718757,-0.16528168845064073,-1.0643684738632548,7.01439597155995
4,8,1.0,0.3,3,mkt_ma50,0.2,4,0.3456996939431684,0.21671385742093266,0.054216605366213866,-0.2501759971025139,-1.4721982120018198,4.783627407534956
4,8,1.0,0.3,4,none,none,1,0.7725577389450782,0.474154128630154,0.1634628915582803,-0.34474632126589233,-0.9823360835037769,17.89655172413793
4,8,1.0,0.3,4,none,none,2,0.7744991913860215,0.42295315922847715,0.16412565936519652,-0.388046893099424,-1.1232755006861663,12.275862068965518
4,8,1.0,0.3,4,none,none,4,0.7500316786060075,0.5662497013911948,0.156096458013125,-0.2756671793903259,-0.7302282903003859,8.689655172413794
4,8,1.0,0.3,4,none,0.15,1,0.8658465823370776,0.45400921395748184,0.13303203175061484,-0.29301614958650013,-1.0875633150344326,11.759660185045329
4,8,1.0,0.3,4,none,0.15,2,0.8545179189353493,0.3970128203076781,0.13358442899901046,-0.3364738420675807,-1.1443524035923447,8.441392303859924
4,8,1.0,0.3,4,none,0.15,4,0.7998389604866303,0.5255907763505927,0.12191974936445171,-0.23196706420724122,-0.6746886739887487,6.217396570175222
4,8,1.0,0.3,4,none,0.2,1,0.8161142619907014,0.46335582903284434,0.15556480764923708,-0.3357350828497079,-0.9883833177394785,14.832858531114999
4,8,1.0,0.3,4,none,0.2,2,0.8048388482406281,0.4045377722982106,0.1537728535632532,-0.3801198901394489,-1.1082107480720231,10.383404646484003
4,8,1.0,0.3,4,none,0.2,4,0.7590166225716521,0.5332783011467829,0.14314762320557373,-0.26842949150142315,-0.7389466480176459,7.65623455179915
4,8,1.0,0.3,4,br30,none,1,0.732733249325672,0.40228754230612246,0.13466983360552942,-0.334760139062551,-2.0012913894924087,14.448275862068966
4,8,1.0,0.3,4,br30,none,2,0.8627964805562947,0.5587066774341747,0.1643277604439506,-0.29412170478902366,-1.5345546447325868,9.517241379310345
4,8,1.0,0.3,4,br30,none,4,0.8094770245498185,0.6040070210532299,0.15399588447133783,-0.2549571099402278,-1.6714972287690892,6.689655172413793
4,8,1.0,0.3,4,br30,0.15,1,0.8296994212863786,0.4150849189962382,0.11933818900244808,-0.28750307115718077,-1.9236598738276198,10.192150438275895
4,8,1.0,0.3,4,br30,0.15,2,0.9827024132361954,0.5920898976463224,0.14602267870959307,-0.2466224796100438,-1.4792584020410424,6.930834780803403
4,8,1.0,0.3,4,br30,0.15,4,0.8780467886367685,0.5878864347866193,0.12686063476417409,-0.21579105632913564,-1.6624473965466753,5.040620179119686
4,8,1.0,0.3,4,br30,0.2,1,0.7601033085220464,0.39658781057685233,0.12960972276675542,-0.326812169487088,-2.010734913391069,12.238938496349459
4,8,1.0,0.3,4,br30,0.2,2,0.905598760990468,0.5544424121203668,0.15887958577276762,-0.2865574175055634,-1.525570160191605,8.264178701217359
4,8,1.0,0.3,4,br30,0.2,4,0.8350815694248076,0.5853797019579399,0.1450767094174552,-0.2478335154639153,-1.6816415220925458,5.977137284325144
4,8,1.0,0.3,4,br40,none,1,0.9803790649146841,0.7985266832969611,0.17229581793323945,-0.21576713907901435,-1.2845346631104901,12.482758620689655
4,8,1.0,0.3,4,br40,none,2,1.02242723252662,0.7397120319515474,0.18263657573447611,-0.24690226445639207,-0.8355169660027169,8.448275862068966
4,8,1.0,0.3,4,br40,none,4,0.9167480677031432,0.7797111440944526,0.16497760631852998,-0.21158810870932598,-1.2588089558535673,5.896551724137931
4,8,1.0,0.3,4,br40,0.15,1,1.1011045238860306,0.841910927388501,0.1548067322165323,-0.18387542812482882,-1.293704348832485,9.018569894175657
4,8,1.0,0.3,4,br40,0.15,2,1.1263227277650754,0.8140569728084852,0.16248678784256954,-0.19960124815587832,-0.8249795020175587,6.324293291540414
4,8,1.0,0.3,4,br40,0.15,4,0.9952008008226484,0.820789462764753,0.1402633661630217,-0.17088836117675976,-1.2353336347183295,4.495350901698157
4,8,1.0,0.3,4,br40,0.2,1,1.00355419060161,0.7796993633869721,0.16455998912319325,-0.21105569255354206,-1.3036643189205224,10.759762405044565
4,8,1.0,0.3,4,br40,0.2,2,1.030538720466009,0.7175916528396199,0.17295123754167507,-0.24101623375534065,-0.8459413520409382,7.474401084318998
4,8,1.0,0.3,4,br40,0.2,4,0.9222754484042995,0.7501279057929723,0.15399862069576065,-0.20529648278178136,-1.2684751329137796,5.325474912295184
4,8,1.0,0.3,4,mkt_ma20,none,1,0.9161294062774962,0.7241806160976809,0.15801441221228818,-0.21819751688986722,-0.9904030354441568,12.10344827586207
4,8,1.0,0.3,4,mkt_ma20,none,2,0.8299106385397883,0.5658278866073942,0.14656828265736954,-0.2590333317365595,-1.1708271720112748,7.9655172413793105
4,8,1.0,0.3,4,mkt_ma20,none,4,0.9660355805868677,0.825747518718653,0.1683740195200667,-0.20390496574708417,-1.3663476644290589,5.551724137931035
4,8,1.0,0.3,4,mkt_ma20,0.15,1,1.0284496442232491,0.7760570161791994,0.14429457435278548,-0.18593295511095076,-1.050361056713959,8.824281421586507
4,8,1.0,0.3,4,mkt_ma20,0.15,2,0.9003497406588081,0.5755798051984963,0.12883662340588575,-0.2238379843112368,-1.1708271720112748,6.061186576396085
4,8,1.0,0.3,4,mkt_ma20,0.15,4,1.034177875735207,0.798805595197564,0.14500841031945644,-0.18153154057914722,-1.3663476644290589,4.348489479197625
4,8,1.0,0.3,4,mkt_ma20,0.2,1,0.9332481155442357,0.7148225957948259,0.15132776197833708,-0.2116997460189023,-1.0101901573217307,10.464607819153263
4,8,1.0,0.3,4,mkt_ma20,0.2,2,0.8436411116506496,0.5531683983157906,0.14065089704512568,-0.25426415802739233,-1.1708271720112748,7.096992914671328
4,8,1.0,0.3,4,mkt_ma20,0.2,4,0.9979213377646018,0.8117590165394404,0.16349599330622255,-0.20140951929701034,-1.3663476644290589,5.049838289113713
4,8,1.0,0.3,4,mkt_ma50,none,1,1.1230704480464335,1.3420718451477374,0.1851829813017496,-0.13798291199631296,-0.17534731351760294,11.10344827586207
4,8,1.0,0.3,4,mkt_ma50,none,2,0.9467389098503916,0.8377884754289372,0.16057309911646933,-0.1916630555633484,-1.5569397484778,7.620689655172413
4,8,1.0,0.3,4,mkt_ma50,none,4,0.6133075120750695,0.4009923962362488,0.10068938641387493,-0.25110048808644425,-1.6760478914207084,5.172413793103448
4,8,1.0,0.3,4,mkt_ma50,0.15,1,1.2249656132897908,1.5044511324985252,0.15677372312140214,-0.10420659051985248,-0.23331714802982834,7.213863676659493
4,8,1.0,0.3,4,mkt_ma50,0.15,2,1.0158312190614038,0.9796892127100654,0.1368712633480873,-0.13970886029199725,-1.5550788002070646,5.282299434828825
4,8,1.0,0.3,4,mkt_ma50,0.15,4,0.5743305130977209,0.32524602129833674,0.07124268715623083,-0.21904245552901758,-1.6760478914207084,3.678733291688958
4,8,1.0,0.3,4,mkt_ma50,0.2,1,1.1458392112026994,1.3093913398512338,0.17364113399914638,-0.13261209900691306,-0.2333171480298282,8.961133813316136
4,8,1.0,0.3,4,mkt_ma50,0.2,2,0.931647001264289,0.8045359346201497,0.14722653095770233,-0.18299559363648965,-1.5550788002070648,6.501070496426555
4,8,1.0,0.3,4,mkt_ma50,0.2,4,0.5891195586786795,0.3609807850214515,0.08811189100581451,-0.2440902526171259,-1.6760478914207084,4.504496614609243
4,8,1.0,0.3,5,none,none,1,0.8233395038574058,0.5327671411164435,0.16464942672806027,-0.309045761311458,-0.8178840734566588,16.234482758620693
4,8,1.0,0.3,5,none,none,2,0.8587227476360711,0.5766161054226251,0.16732169392188734,-0.290178668872335,-0.8032138291073878,11.324137931034484
4,8,1.0,0.3,5,none,none,4,0.6911888999759013,0.4922935325773232,0.1343707534735119,-0.27294844352318737,-0.8184476769119922,8.206896551724137
4,8,1.0,0.3,5,none,0.15,1,0.8736429260631706,0.5292309330492431,0.13241103622918726,-0.25019519449908434,-0.8684074443996326,11.207202344234679
4,8,1.0,0.3,5,none,0.15,2,0.8822101163803566,0.5402027424336892,0.13442643028057155,-0.24884440548184117,-0.7777606865313763,8.348997688594217
4,8,1.0,0.3,5,none,0.15,4,0.6799370986692991,0.4233087642777854,0.10176282728105734,-0.2403985834185992,-0.7831278688891425,6.179328719942114
4,8,1.0,0.3,5,none,0.2,1,0.8203705518473636,0.5095432340119881,0.1530563523773001,-0.3003795206388691,-0.8099656551338591,14.076730541376543
4,8,1.0,0.3,5,none,0.2,2,0.8387647424601073,0.5318273597221979,0.15365681947434728,-0.2889223667518921,-0.8236753140820574,10.044110686832749
4,8,1.0,0.3,5,none,0.2,4,0.6710555612315622,0.4485163873664827,0.12254189541951077,-0.27321609392920976,-0.8361470729657285,7.4603774741278075
4,8,1.0,0.3,5,br30,none,1,0.6944661715530086,0.36330517573704385,0.12078344082578729,-0.33245725327406006,-2.409904448439726,13.33793103448276
4,8,1.0,0.3,5,br30,none,2,0.8484010954231298,0.5677587624241407,0.147806816233359,-0.26033383545200284,-1.8514018332213962,8.924137931034483
4,8,1.0,0.3,5,br30,none,4,0.7266718759492463,0.46536622420539586,0.12813570955714026,-0.27534381072869996,-1.9893614610807742,6.289655172413792
4,8,1.0,0.3,5,br30,0.15,1,0.7540549794720344,0.3638899148682127,0.10738677079330561,-0.295107851043899,-2.341224490273499,9.802716250640728
4,8,1.0,0.3,5,br30,0.15,2,0.884932116794723,0.5495331624160904,0.1271280595780797,-0.23133828542602508,-1.8758273379718597,6.868089618512139
4,8,1.0,0.3,5,br30,0.15,4,0.7181997570197356,0.40596288143871956,0.10082370631339033,-0.24835695804521418,-2.026178423983318,4.946297356328651
4,8,1.0,0.3,5,br30,0.2,1,0.7019510252234881,0.35515884018261573,0.11684772186517356,-0.32900130489527657,-2.4046386634025816,11.757629930347955
4,8,1.0,0.3,5,br30,0.2,2,0.8400504314573828,0.537644193725514,0.14011888974630393,-0.26061639162393613,-1.8628143434735642,8.10033617620391
4,8,1.0,0.3,5,br30,0.2,4,0.7080960014236638,0.4283229277978131,0.11805033026860978,-0.27561057932517363,-1.9893614610807742,5.814688178985057
4,8,1.0,0.3,5,br40,none,1,0.9161390517469505,0.6370736956000874,0.15266312125734594,-0.23963180760986513,-1.9272892263406143,11.544827586206898
4,8,1.0,0.3,5,br40,none,2,0.9498931981807701,0.6866611119650009,0.15570917511948434,-0.2267627690082744,-1.2430512811245673,8.096551724137932
4,8,1.0,0.3,5,br40,none,4,0.8468761398934096,0.6183130627125152,0.14140856597909068,-0.22870059603582826,-1.521787783023829,5.572413793103448
4,8,1.0,0.3,5,br40,0.15,1,0.9796311162356812,0.6529522647453582,0.13705911932464998,-0.20990679828348713,-1.9361056870655438,8.742742660465547
4,8,1.0,0.3,5,br40,0.15,2,0.9874183996016955,0.7142040881577765,0.13758259853670807,-0.19263765192326143,-1.27566168398004,6.360343326892015
4,8,1.0,0.3,5,br40,0.15,4,0.8460367985552443,0.5758929112686697,0.11558673255495067,-0.20070872603782808,-1.5450708936088589,4.4271646600428145
4,8,1.0,0.3,5,br40,0.2,1,0.909942283574944,0.6156430795364942,0.14639878369946224,-0.23779814727988668,-1.9288751958508836,10.424734318731247
4,8,1.0,0.3,5,br40,0.2,2,0.9188566605767928,0.6497230023123622,0.14649823661479644,-0.22547798999482804,-1.2583054047529951,7.444645786058349
4,8,1.0,0.3,5,br40,0.2,4,0.8149358920372102,0.5681187887569473,0.129784143901025,-0.2284454351263311,-1.521787783023829,5.169784447781526
4,8,1.0,0.3,5,mkt_ma20,none,1,0.8387188466953638,0.5744250643715609,0.13619743158767816,-0.2371021740436804,-1.6523193077947258,11.324137931034482
4,8,1.0,0.3,5,mkt_ma20,none,2,0.7560006472298242,0.5056227748879226,0.12169160390684453,-0.2406766663820057,-1.6529939406778575,7.710344827586207
4,8,1.0,0.3,5,mkt_ma20,none,4,0.8845643363901622,0.6319616633236315,0.1434188121275599,-0.22694226636041093,-1.7658087976867993,5.213793103448276
4,8,1.0,0.3,5,mkt_ma20,0.15,1,0.8925079490119594,0.5920408504423028,0.12371149309285157,-0.20895769776769457,-1.6607956064218596,8.618135367687788
4,8,1.0,0.3,5,mkt_ma20,0.15,2,0.7719440277493538,0.4936892327205576,0.10675310286526973,-0.21623542866630652,-1.6529939406778575,6.1581264956875055
4,8,1.0,0.3,5,mkt_ma20,0.15,4,0.8855300438054342,0.56868268982092,0.11919214976688242,-0.20959341984616486,-1.7658087976867993,4.218379504434036
4,8,1.0,0.3,5,mkt_ma20,0.2,1,0.8410256154935434,0.568170033291631,0.13264174022292652,-0.23345430496304265,-1.653924199613418,10.239138636560906
4,8,1.0,0.3,5,mkt_ma20,0.2,2,0.7449815028004085,0.4895484615543933,0.11700752407557435,-0.23901111588433366,-1.6529939406778575,7.124090804039595
4,8,1.0,0.3,5,mkt_ma20,0.2,4,0.8704922855968334,0.5968762889941689,0.13528328843163995,-0.22665214036163794,-1.7658087976867993,4.857786828060528
4,8,1.0,0.3,5,mkt_ma50,none,1,1.1315207980782207,1.4291711369986353,0.172350651371717,-0.12059483074480926,-0.7279923927971059,9.917241379310344
4,8,1.0,0.3,5,mkt_ma50,none,2,1.0282136051945652,1.1821650445709522,0.15912512592772532,-0.134604830906227,-0.7586715391428648,7.020689655172414
4,8,1.0,0.3,5,mkt_ma50,none,4,0.6361459606927454,0.4086193703709777,0.09682808200291637,-0.2369640037255405,-1.779428115243157,4.813793103448275
4,8,1.0,0.3,5,mkt_ma50,0.15,1,1.1648295234649633,1.4557272927943203,0.14604608674570874,-0.10032516905372302,-0.7465732612446102,6.833990058572386
4,8,1.0,0.3,5,mkt_ma50,0.15,2,1.006885410437409,1.0428699546870084,0.13113805529072775,-0.12574727529674168,-0.7663169757504534,5.182839558617881
4,8,1.0,0.3,5,mkt_ma50,0.15,4,0.550909080968715,0.3083477460783304,0.06625427963245367,-0.21486870092321975,-1.779428115243157,3.591804839988348
4,8,1.0,0.3,5,mkt_ma50,0.2,1,1.1080864603158094,1.3446358974944606,0.16215613847173915,-0.12059483074480926,-0.7465732612446105,8.506205087459987
4,8,1.0,0.3,5,mkt_ma50,0.2,2,0.9811009738494283,1.0952833185814683,0.14672688748099816,-0.13396249627085366,-0.7663169757504538,6.27653073214275
4,8,1.0,0.3,5,mkt_ma50,0.2,4,0.5940577392545612,0.35891990110969435,0.08515191645190967,-0.23724490112874863,-1.779428115243157,4.362864308249847
4,8,1.5,0.0,3,none,none,1,0.6667232674303347,0.3792528220935616,0.14462838025177072,-0.38135083465797104,-1.276664803135027,20.666666666666668
4,8,1.5,0.0,3,none,none,2,0.4687928386674545,0.2598501179729433,0.10571471450011316,-0.40682958054735474,-1.1608397730602276,13.632183908045976
4,8,1.5,0.0,3,none,none,4,0.4560222291705801,0.32796246278842567,0.10304855698760784,-0.3142083887023567,-0.34734289757964915,9.494252873563218
4,8,1.5,0.0,3,none,0.15,1,0.8189256088464467,0.44196757719468055,0.12594721642020024,-0.28496935729908135,-1.272153942073966,13.485637038479004
4,8,1.5,0.0,3,none,0.15,2,0.5536989140352335,0.259747553758734,0.08811053923604928,-0.33921605020346246,-1.2072272216411744,9.031559521537329
4,8,1.5,0.0,3,none,0.15,4,0.541480338790735,0.4189828204507577,0.08295619688997657,-0.19799426811994136,-0.2439592905009151,6.444615574914395
4,8,1.5,0.0,3,none,0.2,1,0.7456588255290987,0.4146101659337238,0.14241448048114203,-0.3434900834146629,-1.2279293745824014,16.939953564723087
4,8,1.5,0.0,3,none,0.2,2,0.4969570615330331,0.25202486157016224,0.09712080795326128,-0.38536201289103145,-1.1665223564683842,11.21361668856336
4,8,1.5,0.0,3,none,0.2,4,0.47214204647318414,0.3626373296890584,0.09051363671425694,-0.24959823301111173,-0.3432059874896779,7.986378021367113
4,8,1.5,0.0,3,br30,none,1,0.6194031849519626,0.3360665412656238,0.11669719368238751,-0.34724430835306264,-2.16010451324348,16.528735632183903
4,8,1.5,0.0,3,br30,none,2,0.601949774121738,0.3735803620133965,0.12113776401921572,-0.32426159492524864,-1.8301964635701329,10.689655172413794
4,8,1.5,0.0,3,br30,none,4,0.4822027798206466,0.3198371297796539,0.10049550919525152,-0.31420838870235646,-1.3913104245329349,7.356321839080459
4,8,1.5,0.0,3,br30,0.15,1,0.7398391094339737,0.36934238234978023,0.10744176107629144,-0.29090016800330354,-2.0263473661740257,11.672559483802996
4,8,1.5,0.0,3,br30,0.15,2,0.7123283463002988,0.40432244283032814,0.10730801110450972,-0.26540206463270943,-1.7869886764715894,7.557333005715065
4,8,1.5,0.0,3,br30,0.15,4,0.5898703006696109,0.4500291992697457,0.0862533846775404,-0.1916617517652237,-1.3760842153291375,5.310197665718335
4,8,1.5,0.0,3,br30,0.2,1,0.6650327382679471,0.3456556380571223,0.11381528813465125,-0.3292736342285335,-2.129391374542522,13.90629143893188
4,8,1.5,0.0,3,br30,0.2,2,0.6490028423783387,0.3826866474907498,0.11635449795101316,-0.30404640118473336,-1.8248202935361058,9.026263154792508
4,8,1.5,0.0,3,br30,0.2,4,0.5254438443723168,0.37576473212586964,0.0937902131665107,-0.2495982330111115,-1.3973090525025758,6.304986433342255
4,8,1.5,0.0,3,br40,none,1,0.8563451185627278,0.6660865719906238,0.15440096620069643,-0.2318031509616889,-1.2899872086670394,14.27586206896552
4,8,1.5,0.0,3,br40,none,2,0.7241936412608017,0.5004159649171257,0.13700468022089307,-0.2737815933661959,-0.9992443459280256,9.356321839080458
4,8,1.5,0.0,3,br40,none,4,0.5757862132796728,0.3810018336905311,0.11327795727653966,-0.2973160422334076,-1.0468571686373056,6.574712643678161
4,8,1.5,0.0,3,br40,0.15,1,1.0043838467928543,0.7467536716322524,0.1419359198502863,-0.19007060191621572,-1.2428136220398898,10.364928142593063
4,8,1.5,0.0,3,br40,0.15,2,0.8357759471155242,0.572644115869972,0.12262088800782323,-0.21413105384228948,-1.0186735642953133,6.799059583446174
4,8,1.5,0.0,3,br40,0.15,4,0.6984149063220847,0.5460577358127344,0.0996130460784348,-0.18242218641985541,-1.0169892317414637,4.8120579935278105
4,8,1.5,0.0,3,br40,0.2,1,0.8970403619118864,0.6723185123369763,0.14752049201291517,-0.21942054146350154,-1.2887303860773072,12.253405462692447
4,8,1.5,0.0,3,br40,0.2,2,0.750889046445841,0.5075593252209162,0.12914891379794513,-0.25445087378058284,-1.0201972192582587,8.043522690450903
4,8,1.5,0.0,3,br40,0.2,4,0.6055013742499261,0.43694377263685785,0.10403360870264744,-0.23809381256271922,-1.0495391346056056,5.7052958043686495
4,8,1.5,0.0,3,mkt_ma20,none,1,0.7985537271914479,0.6002499445458023,0.14107324515616604,-0.23502417024446953,-1.0034166002212437,13.816091954022987
4,8,1.5,0.0,3,mkt_ma20,none,2,0.5379400945845904,0.3339945270476186,0.10023124445787901,-0.30009846372000204,-1.4844461711524055,8.850574712643677
4,8,1.5,0.0,3,mkt_ma20,none,4,0.5778733518216501,0.40641472748912044,0.11044187575391695,-0.2717467362372429,-1.1584399236291114,6.206896551724138
4,8,1.5,0.0,3,mkt_ma20,0.15,1,0.9374834741566661,0.6806872419847101,0.132175611442513,-0.19417965151972394,-1.029248694920742,10.147312390824407
4,8,1.5,0.0,3,mkt_ma20,0.15,2,0.6023809213809621,0.34861591335351233,0.08732493594078594,-0.25049038955440484,-1.4844461711524055,6.568638342706955
4,8,1.5,0.0,3,mkt_ma20,0.15,4,0.6971315142404533,0.5813199933462168,0.09931260303958789,-0.17083982002394382,-1.1584399236291114,4.690081251217955
4,8,1.5,0.0,3,mkt_ma20,0.2,1,0.8351498239698052,0.6124541212843453,0.1354273150560783,-0.2211223834563817,-1.0132465939546875,11.914671221580507
4,8,1.5,0.0,3,mkt_ma20,0.2,2,0.5560293521851326,0.33291429894190583,0.09482401782372851,-0.28483011431201843,-1.4844461711524055,7.71594597870707
4,8,1.5,0.0,3,mkt_ma20,0.2,4,0.6360953489562393,0.49353248710940634,0.1087522897145361,-0.22035487542368792,-1.1584399236291114,5.469936948441649
4,8,1.5,0.0,3,mkt_ma50,none,1,1.032156238740703,1.228711392877465,0.17493368428496892,-0.14237166294625092,-0.6740766301418868,12.804597701149426
4,8,1.5,0.0,3,mkt_ma50,none,2,0.6974263795597414,0.6233079512396278,0.1250678164804957,-0.20065172637660444,-1.0581250451126238,8.528735632183908
4,8,1.5,0.0,3,mkt_ma50,none,4,0.24315305828706912,0.1392607612629703,0.04375689940590144,-0.31420838870235646,-1.5637716732242295,5.816091954022989
4,8,1.5,0.0,3,mkt_ma50,0.15,1,1.157346273542392,1.4218369758769698,0.14840491223936292,-0.1043754767650692,-0.688750791962868,8.330175187674731
4,8,1.5,0.0,3,mkt_ma50,0.15,2,0.8027203781115485,0.8602690309466754,0.10917855650259534,-0.12691210839294165,-1.0664661879182262,5.7370026061907335
4,8,1.5,0.0,3,mkt_ma50,0.15,4,0.23896223782124582,0.15209617493794333,0.029750888465343683,-0.1956057637707347,-1.5637716732242295,3.9604364273180774
4,8,1.5,0.0,3,mkt_ma50,0.2,1,1.0753427621783986,1.2418196543478832,0.16283356738192434,-0.13112497198108297,-0.6887507919628679,10.23975708142019
4,8,1.5,0.0,3,mkt_ma50,0.2,2,0.704639663737844,0.681432857755685,0.1134755755895287,-0.16652495443683646,-1.0664661879182264,7.038894602387935
4,8,1.5,0.0,3,mkt_ma50,0.2,4,0.21621698278133286,0.13197213541989422,0.03294001180750872,-0.2495982330111115,-1.5637716732242295,4.825938289003674
4,8,1.5,0.0,4,none,none,1,0.81045365933808,0.49274136808573693,0.16715325793403535,-0.33923122506115766,-0.9667399620394554,17.586206896551726
4,8,1.5,0.0,4,none,none,2,0.7070818990607681,0.3875827484127624,0.14767859916687853,-0.3810246967174242,-1.0173584673459364,12.0
4,8,1.5,0.0,4,none,none,4,0.746687910194113,0.5757756797745534,0.1538879785463303,-0.26727071662107293,-0.6306541359727306,8.482758620689655
4,8,1.5,0.0,4,none,0.15,1,0.9026105768796752,0.46883032727117424,0.13849977206371866,-0.2954155565614883,-1.0753285985310634,11.89694056026915
4,8,1.5,0.0,4,none,0.15,2,0.7802236172524408,0.3641437784677967,0.12142367149782918,-0.3334498038350183,-1.0705416657329392,8.371703663205778
4,8,1.5,0.0,4,none,0.15,4,0.7759123931784261,0.5167100665944449,0.11770827593394495,-0.22780333410134967,-0.5949392669914758,6.1894304106484475
4,8,1.5,0.0,4,none,0.2,1,0.834609763932581,0.4672021314687777,0.15698814969647512,-0.33601762304238625,-0.9786128793942218,14.878389679819161
4,8,1.5,0.0,4,none,0.2,2,0.7224234121929821,0.36345207975343863,0.13667464367709048,-0.3760458428792287,-1.0200752197793501,10.278775565467594
4,8,1.5,0.0,4,none,0.2,4,0.7370304655857611,0.5232963349139603,0.1373919913622461,-0.2625510293031881,-0.6444726079690971,7.524122186380932
4,8,1.5,0.0,4,br30,none,1,0.79814230678492,0.4720534248007567,0.14250230591440016,-0.3018774961214342,-2.00077691474371,14.27586206896552
4,8,1.5,0.0,4,br30,none,2,0.7695607364307544,0.46920773077549155,0.1439056198140174,-0.3066991662225488,-1.7272065958262734,9.379310344827585
4,8,1.5,0.0,4,br30,none,4,0.7758345627105513,0.59350634755428,0.14687514365008036,-0.24747021536555291,-1.705453430321042,6.482758620689655
4,8,1.5,0.0,4,br30,0.15,1,0.898381729623217,0.49374925741060416,0.12897108530374513,-0.26120765422537573,-1.8628103111891194,10.33529919132855
4,8,1.5,0.0,4,br30,0.15,2,0.8615035500457195,0.47859709236463055,0.1272613632875239,-0.2659050071924942,-1.6880114103645811,6.937218033190771
4,8,1.5,0.0,4,br30,0.15,4,0.8237123200834846,0.5594343283341516,0.11872675452734716,-0.2122264375174906,-1.7033350883841114,4.892424156627911
4,8,1.5,0.0,4,br30,0.2,1,0.8040293564806631,0.4503961214918739,0.13457536246045287,-0.29879334221327414,-1.9946647012004288,12.338288220303012
4,8,1.5,0.0,4,br30,0.2,2,0.7988148882214462,0.45953281315211436,0.13905938429594134,-0.302610347544235,-1.7238345922228953,8.274953015031473
4,8,1.5,0.0,4,br30,0.2,4,0.788694479611153,0.5625685865971104,0.13662220509952339,-0.24285430853139134,-1.71742666426947,5.807810943018582
4,8,1.5,0.0,4,br40,none,1,1.0172793125460962,0.8120910983645974,0.17362089761886046,-0.21379485376517626,-1.3201261829271558,12.482758620689655
4,8,1.5,0.0,4,br40,none,2,0.922855631961846,0.6122089977616612,0.1613460360695378,-0.26354731253452,-0.9458393025198579,8.344827586206897
4,8,1.5,0.0,4,br40,none,4,0.8776259443275616,0.7467606899706707,0.15694926914656504,-0.2101734481400317,-1.2680000527369926,5.758620689655173
4,8,1.5,0.0,4,br40,0.15,1,1.1301968366856734,0.8715673918758948,0.15852529851792396,-0.18188530226759203,-1.2495153459491588,9.250142140832262
4,8,1.5,0.0,4,br40,0.15,2,1.0049721057324201,0.6593257483719283,0.14443477772007274,-0.2190643670093656,-0.9435548875720849,6.34057821907776
4,8,1.5,0.0,4,br40,0.15,4,0.9434551499311175,0.7832122045138998,0.1330321867093982,-0.16985458850448398,-1.2485754967355103,4.391712806692374
4,8,1.5,0.0,4,br40,0.2,1,1.014847304351962,0.7745652579418857,0.16329720703006978,-0.2108243370790608,-1.3147235119907181,10.970016286377192
4,8,1.5,0.0,4,br40,0.2,2,0.9212464297557696,0.5933355811583328,0.1537075985215961,-0.25905676888873264,-0.9541520542373925,7.494685434928891
4,8,1.5,0.0,4,br40,0.2,4,0.8724772710380824,0.7116069953187868,0.14548974219639343,-0.20445237772180236,-1.2781420517983049,5.2082511572375765
4,8,1.5,0.0,4,mkt_ma20,none,1,0.9590379492820935,0.7718250864116335,0.15966748838666844,-0.20687004244574891,-1.001512668940831,12.068965517241379
4,8,1.5,0.0,4,mkt_ma20,none,2,0.7049029076347122,0.4300222173292692,0.12181416984934357,-0.2832741308248967,-1.3916114153137225,7.896551724137931
4,8,1.5,0.0,4,mkt_ma20,none,4,0.9271116687835865,0.7855549257484649,0.16113247996089286,-0.2051193044297549,-1.4070047778153532,5.379310344827586
4,8,1.5,0.0,4,mkt_ma20,0.15,1,1.0670728460143917,0.8374052225368259,0.14846490269583867,-0.17729158918555676,-0.9792584902264523,9.003125302937955
4,8,1.5,0.0,4,mkt_ma20,0.15,2,0.7601147161951941,0.43211193097931094,0.10796952415762884,-0.24986471424876788,-1.3916114153137225,6.104745212008911
4,8,1.5,0.0,4,mkt_ma20,0.15,4,0.971659995255497,0.7453396854002542,0.13583790374464666,-0.18224965932372228,-1.4070047778153532,4.211067536350154
4,8,1.5,0.0,4,mkt_ma20,0.2,1,0.9549533645517968,0.7419229341609659,0.15100742369031517,-0.2035351877362952,-0.9964137540862795,10.631481398123544
4,8,1.5,0.0,4,mkt_ma20,0.2,2,0.7150068410606625,0.422794684920587,0.11807877745807294,-0.27928160326862084,-1.3916114153137225,7.141119341103976
4,8,1.5,0.0,4,mkt_ma20,0.2,4,0.9432283100920315,0.7625008531802007,0.15428457417130792,-0.2023401987392217,-1.4070047778153532,4.90145987470593
4,8,1.5,0.0,4,mkt_ma50,none,1,1.1857510769566775,1.4921136248154903,0.18812190862143652,-0.12607746856054547,-1.3243417333636167,10.862068965517242
4,8,1.5,0.0,4,mkt_ma50,none,2,0.8776245272692114,0.8094866498130683,0.14365247229367117,-0.1774612000418343,-1.5569397484778,7.482758620689655
4,8,1.5,0.0,4,mkt_ma50,none,4,0.5604248724646871,0.3758233117180541,0.09015817503992118,-0.23989511089072257,-1.7393089111399238,5.0344827586206895
4,8,1.5,0.0,4,mkt_ma50,0.15,1,1.273793420185956,1.6830351327231934,0.1615186302895899,-0.09596866229895551,-1.306825297106225,7.319050214737407
4,8,1.5,0.0,4,mkt_ma50,0.15,2,0.9475844210609506,0.945547848123,0.12656878241852,-0.13385761775014426,-1.5549874052070902,5.3341109182108735
4,8,1.5,0.0,4,mkt_ma50,0.15,4,0.5175943482748903,0.3017480605318785,0.06375890063037248,-0.21129846043745026,-1.7393089111399238,3.6141122894006714
4,8,1.5,0.0,4,mkt_ma50,0.2,1,1.1789440590221503,1.4413620706440065,0.17400995898545935,-0.12072605664426217,-1.306825297106225,9.016137465321059
4,8,1.5,0.0,4,mkt_ma50,0.2,2,0.8549837166419276,0.7715692119691626,0.13269136824826733,-0.17197597595894043,-1.5549874052070902,6.535426926030772
4,8,1.5,0.0,4,mkt_ma50,0.2,4,0.5250250491119441,0.3298075754329882,0.07746734141928813,-0.2348864828759165,-1.7393089111399238,4.410400775093423
4,8,1.5,0.0,5,none,none,1,0.896989971614158,0.6588313966705861,0.17980979243673278,-0.2729223187380021,-0.6485052689165652,15.84827586206897
4,8,1.5,0.0,5,none,none,2,0.8976530202499988,0.6199071175248665,0.17669788177087287,-0.2850392853632382,-0.6815275615844787,11.020689655172415
4,8,1.5,0.0,5,none,none,4,0.7461195770941388,0.5385601768972732,0.14624812149246558,-0.27155390941644286,-0.7190845627384879,7.903448275862069
4,8,1.5,0.0,5,none,0.15,1,0.9605504473848593,0.6721590375961886,0.1450202978548869,-0.21575295390435623,-0.6839189161208991,10.929216095261625
4,8,1.5,0.0,5,none,0.15,2,0.9236443955885023,0.5682635373181798,0.14118494740070187,-0.24844977396754941,-0.6786875765032323,7.956020131356843
4,8,1.5,0.0,5,none,0.15,4,0.7324850954745044,0.45413251077099354,0.11002687369979625,-0.24227922707625693,-0.6972158743421151,5.956749778225197
4,8,1.5,0.0,5,none,0.2,1,0.887440872015479,0.6180508380818494,0.16513776378366662,-0.2671912302492456,-0.6589298403191202,13.805095535782826
4,8,1.5,0.0,5,none,0.2,2,0.8887577132057288,0.574021359604408,0.1636720672207983,-0.2851323639482586,-0.6944025525991676,9.80378615337237
4,8,1.5,0.0,5,none,0.2,4,0.7229269238736177,0.48692345690180144,0.13235488151126296,-0.2718186598637312,-0.733736254594157,7.250712709208187
4,8,1.5,0.0,5,br30,none,1,0.6990438963742902,0.38047401582432017,0.12298235808089797,-0.3232345783573398,-2.325643943582442,13.117241379310343
4,8,1.5,0.0,5,br30,none,2,0.8503103386845894,0.5774803939121398,0.14845908986354073,-0.2570807449544822,-1.9617373980058757,8.841379310344829
4,8,1.5,0.0,5,br30,none,4,0.7687409139083452,0.5027407104767879,0.13652256629608406,-0.27155661646459694,-1.9715836600534904,6.096551724137932
4,8,1.5,0.0,5,br30,0.15,1,0.7653045844691864,0.38194943819159677,0.11005335503735814,-0.2881359259446069,-2.243038000648697,9.705877459234282
4,8,1.5,0.0,5,br30,0.15,2,0.8862220148755314,0.5484468545739429,0.1277459953553597,-0.2329231981002029,-1.947844156342601,6.810012326906843
4,8,1.5,0.0,5,br30,0.15,4,0.7606849493516992,0.4328312858870055,0.10731498383504778,-0.24793721557148096,-1.9992679757425385,4.8251474347321075
4,8,1.5,0.0,5,br30,0.2,1,0.7044241687397291,0.36930928110122124,0.1183335569693571,-0.32041858416475577,-2.318013602036185,11.652526897030969
4,8,1.5,0.0,5,br30,0.2,2,0.8512637737576314,0.5489715453933048,0.14208391093293593,-0.25881835247242446,-1.9681577453997767,8.092340153093614
4,8,1.5,0.0,5,br30,0.2,4,0.7465761917852749,0.45883289436354524,0.12472058407860587,-0.2718213659280202,-1.9715836600534904,5.670868358969236
4,8,1.5,0.0,5,br40,none,1,0.8797385072474525,0.6051679473670081,0.14860904276426323,-0.24556661239386213,-1.8141399113485497,11.600000000000001
4,8,1.5,0.0,5,br40,none,2,0.9452728541615175,0.6697394691912653,0.1557272493470303,-0.23251914589277023,-1.377790984795253,8.013793103448277
4,8,1.5,0.0,5,br40,none,4,0.8782488751157221,0.638305699092195,0.14782034801735833,-0.23158237225139922,-1.504009045888914,5.406896551724138
4,8,1.5,0.0,5,br40,0.15,1,0.9583497850426324,0.6331349742681815,0.13591639081280737,-0.21467206257229487,-1.8022442564763137,8.860303792190225
4,8,1.5,0.0,5,br40,0.15,2,0.9846112107211811,0.6851768408159252,0.13792558082810857,-0.20129924511730934,-1.3698234490476815,6.297208463657263
4,8,1.5,0.0,5,br40,0.15,4,0.8816175287770376,0.5901696187627052,0.12118393410628236,-0.2053374661344739,-1.5172965953248851,4.320070709657448
4,8,1.5,0.0,5,br40,0.2,1,0.8738738268327291,0.5834950736972017,0.14209413384182024,-0.24352242246274458,-1.8158345439083419,10.50781568264951
4,8,1.5,0.0,5,br40,0.2,2,0.9253178157594374,0.6359540743796699,0.1478471646858679,-0.2324808828846372,-1.3837774219126722,7.422306006870423
4,8,1.5,0.0,5,br40,0.2,4,0.8433753124152533,0.5811357755943803,0.13464335495563073,-0.2316900122315112,-1.504009045888914,5.038567850466942
4,8,1.5,0.0,5,mkt_ma20,none,1,0.8238545953531327,0.576096201427685,0.13559845014745275,-0.2353746645289656,-1.520401601871163,11.296551724137933
4,8,1.5,0.0,5,mkt_ma20,none,2,0.7749618566713177,0.534971166086735,0.12531228475654443,-0.2342411941062026,-1.6137776619592534,7.627586206896552
4,8,1.5,0.0,5,mkt_ma20,none,4,0.9248422859911498,0.6703510771265724,0.15114891044473677,-0.22547723961693222,-1.7030283328699551,5.048275862068967
4,8,1.5,0.0,5,mkt_ma20,0.15,1,0.8898403921873704,0.6003296008315799,0.12502264790121842,-0.20825667721204544,-1.5281399683414334,8.670920069992317
4,8,1.5,0.0,5,mkt_ma20,0.15,2,0.7914428170340296,0.508828095647813,0.10964318898638648,-0.2154817902631626,-1.6137776619592534,6.082180874030088
4,8,1.5,0.0,5,mkt_ma20,0.15,4,0.9297619442012169,0.5948913173884445,0.12551971574437548,-0.21099604595912302,-1.7030283328699551,4.104582304812059
4,8,1.5,0.0,5,mkt_ma20,0.2,1,0.8259439046220994,0.5663940820506311,0.13150228079639725,-0.23217453176822211,-1.5220574608228084,10.235318311452668
4,8,1.5,0.0,5,mkt_ma20,0.2,2,0.7724495872005899,0.5195340382297199,0.12166322038021771,-0.23417757341709045,-1.6137776619592534,7.089495295408629
4,8,1.5,0.0,5,mkt_ma20,0.2,4,0.9125798356270931,0.6304689828784893,0.14215640592353673,-0.22547723961693233,-1.7030283328699551,4.731304307087118
4,8,1.5,0.0,5,mkt_ma50,none,1,1.1346656774713928,1.5727257088215172,0.17457904428870963,-0.11100412698125606,-0.7420051336699333,9.80689655172414
4,8,1.5,0.0,5,mkt_ma50,none,2,1.041765330263023,1.2047187286756162,0.16138712819763534,-0.1339624962708541,-1.746386286833239,6.937931034482759
4,8,1.5,0.0,5,mkt_ma50,none,4,0.6685339202526781,0.43730846032816556,0.10251694163659097,-0.2344270713620772,-1.779428115243157,4.703448275862068
4,8,1.5,0.0,5,mkt_ma50,0.15,1,1.1842054587349264,1.6592030880308843,0.1498266336813212,-0.0903003585047163,-0.7584695026471698,6.82454265163133
4,8,1.5,0.0,5,mkt_ma50,0.15,2,1.0302028541863149,1.0772206839429166,0.13435812433733885,-0.12472664732499572,-1.748363674888797,5.122039115135228
4,8,1.5,0.0,5,mkt_ma50,0.15,4,0.5828022830255695,0.32582183694339567,0.07044933334459547,-0.21622041667156422,-1.779428115243157,3.548191374336606
4,8,1.5,0.0,5,mkt_ma50,0.2,1,1.1143497362984949,1.485248749814836,0.16417681296895714,-0.1105382603347923,-0.7584695026471701,8.495748757495099
4,8,1.5,0.0,5,mkt_ma50,0.2,2,1.007256153979737,1.1226388276568766,0.15039149976349986,-0.13396249627085366,-1.7483636748887972,6.280432689565564
4,8,1.5,0.0,5,mkt_ma50,0.2,4,0.6220867828312198,0.3801278173863013,0.08921801926864403,-0.23470531539126238,-1.779428115243157,4.307076180253493
4,8,1.5,0.3,3,none,none,1,0.6667232674303347,0.3792528220935616,0.14462838025177072,-0.38135083465797104,-1.276664803135027,20.666666666666668
4,8,1.5,0.3,3,none,none,2,0.4687928386674545,0.2598501179729433,0.10571471450011316,-0.40682958054735474,-1.1608397730602276,13.632183908045976
4,8,1.5,0.3,3,none,none,4,0.4560222291705801,0.32796246278842567,0.10304855698760784,-0.3142083887023567,-0.34734289757964915,9.494252873563218
4,8,1.5,0.3,3,none,0.15,1,0.8189256088464467,0.44196757719468055,0.12594721642020024,-0.28496935729908135,-1.272153942073966,13.485637038479004
4,8,1.5,0.3,3,none,0.15,2,0.5536989140352335,0.259747553758734,0.08811053923604928,-0.33921605020346246,-1.2072272216411744,9.031559521537329
4,8,1.5,0.3,3,none,0.15,4,0.541480338790735,0.4189828204507577,0.08295619688997657,-0.19799426811994136,-0.2439592905009151,6.444615574914395
4,8,1.5,0.3,3,none,0.2,1,0.7456588255290987,0.4146101659337238,0.14241448048114203,-0.3434900834146629,-1.2279293745824014,16.939953564723087
4,8,1.5,0.3,3,none,0.2,2,0.4969570615330331,0.25202486157016224,0.09712080795326128,-0.38536201289103145,-1.1665223564683842,11.21361668856336
4,8,1.5,0.3,3,none,0.2,4,0.47214204647318414,0.3626373296890584,0.09051363671425694,-0.24959823301111173,-0.3432059874896779,7.986378021367113
4,8,1.5,0.3,3,br30,none,1,0.6194031849519626,0.3360665412656238,0.11669719368238751,-0.34724430835306264,-2.16010451324348,16.528735632183903
4,8,1.5,0.3,3,br30,none,2,0.601949774121738,0.3735803620133965,0.12113776401921572,-0.32426159492524864,-1.8301964635701329,10.689655172413794
4,8,1.5,0.3,3,br30,none,4,0.4822027798206466,0.3198371297796539,0.10049550919525152,-0.31420838870235646,-1.3913104245329349,7.356321839080459
4,8,1.5,0.3,3,br30,0.15,1,0.7398391094339737,0.36934238234978023,0.10744176107629144,-0.29090016800330354,-2.0263473661740257,11.672559483802996
4,8,1.5,0.3,3,br30,0.15,2,0.7123283463002988,0.40432244283032814,0.10730801110450972,-0.26540206463270943,-1.7869886764715894,7.557333005715065
4,8,1.5,0.3,3,br30,0.15,4,0.5898703006696109,0.4500291992697457,0.0862533846775404,-0.1916617517652237,-1.3760842153291375,5.310197665718335
4,8,1.5,0.3,3,br30,0.2,1,0.6650327382679471,0.3456556380571223,0.11381528813465125,-0.3292736342285335,-2.129391374542522,13.90629143893188
4,8,1.5,0.3,3,br30,0.2,2,0.6490028423783387,0.3826866474907498,0.11635449795101316,-0.30404640118473336,-1.8248202935361058,9.026263154792508
4,8,1.5,0.3,3,br30,0.2,4,0.5254438443723168,0.37576473212586964,0.0937902131665107,-0.2495982330111115,-1.3973090525025758,6.304986433342255
4,8,1.5,0.3,3,br40,none,1,0.8563451185627278,0.6660865719906238,0.15440096620069643,-0.2318031509616889,-1.2899872086670394,14.27586206896552
4,8,1.5,0.3,3,br40,none,2,0.7241936412608017,0.5004159649171257,0.13700468022089307,-0.2737815933661959,-0.9992443459280256,9.356321839080458
4,8,1.5,0.3,3,br40,none,4,0.5757862132796728,0.3810018336905311,0.11327795727653966,-0.2973160422334076,-1.0468571686373056,6.574712643678161
4,8,1.5,0.3,3,br40,0.15,1,1.0043838467928543,0.7467536716322524,0.1419359198502863,-0.19007060191621572,-1.2428136220398898,10.364928142593063
4,8,1.5,0.3,3,br40,0.15,2,0.8357759471155242,0.572644115869972,0.12262088800782323,-0.21413105384228948,-1.0186735642953133,6.799059583446174
4,8,1.5,0.3,3,br40,0.15,4,0.6984149063220847,0.5460577358127344,0.0996130460784348,-0.18242218641985541,-1.0169892317414637,4.8120579935278105
4,8,1.5,0.3,3,br40,0.2,1,0.8970403619118864,0.6723185123369763,0.14752049201291517,-0.21942054146350154,-1.2887303860773072,12.253405462692447
4,8,1.5,0.3,3,br40,0.2,2,0.750889046445841,0.5075593252209162,0.12914891379794513,-0.25445087378058284,-1.0201972192582587,8.043522690450903
4,8,1.5,0.3,3,br40,0.2,4,0.6055013742499261,0.43694377263685785,0.10403360870264744,-0.23809381256271922,-1.0495391346056056,5.7052958043686495
4,8,1.5,0.3,3,mkt_ma20,none,1,0.7985537271914479,0.6002499445458023,0.14107324515616604,-0.23502417024446953,-1.0034166002212437,13.816091954022987
4,8,1.5,0.3,3,mkt_ma20,none,2,0.5379400945845904,0.3339945270476186,0.10023124445787901,-0.30009846372000204,-1.4844461711524055,8.850574712643677
4,8,1.5,0.3,3,mkt_ma20,none,4,0.5778733518216501,0.40641472748912044,0.11044187575391695,-0.2717467362372429,-1.1584399236291114,6.206896551724138
4,8,1.5,0.3,3,mkt_ma20,0.15,1,0.9374834741566661,0.6806872419847101,0.132175611442513,-0.19417965151972394,-1.029248694920742,10.147312390824407
4,8,1.5,0.3,3,mkt_ma20,0.15,2,0.6023809213809621,0.34861591335351233,0.08732493594078594,-0.25049038955440484,-1.4844461711524055,6.568638342706955
4,8,1.5,0.3,3,mkt_ma20,0.15,4,0.6971315142404533,0.5813199933462168,0.09931260303958789,-0.17083982002394382,-1.1584399236291114,4.690081251217955
4,8,1.5,0.3,3,mkt_ma20,0.2,1,0.8351498239698052,0.6124541212843453,0.1354273150560783,-0.2211223834563817,-1.0132465939546875,11.914671221580507
4,8,1.5,0.3,3,mkt_ma20,0.2,2,0.5560293521851326,0.33291429894190583,0.09482401782372851,-0.28483011431201843,-1.4844461711524055,7.71594597870707
4,8,1.5,0.3,3,mkt_ma20,0.2,4,0.6360953489562393,0.49353248710940634,0.1087522897145361,-0.22035487542368792,-1.1584399236291114,5.469936948441649
4,8,1.5,0.3,3,mkt_ma50,none,1,1.032156238740703,1.228711392877465,0.17493368428496892,-0.14237166294625092,-0.6740766301418868,12.804597701149426
4,8,1.5,0.3,3,mkt_ma50,none,2,0.6974263795597414,0.6233079512396278,0.1250678164804957,-0.20065172637660444,-1.0581250451126238,8.528735632183908
4,8,1.5,0.3,3,mkt_ma50,none,4,0.24315305828706912,0.1392607612629703,0.04375689940590144,-0.31420838870235646,-1.5637716732242295,5.816091954022989
4,8,1.5,0.3,3,mkt_ma50,0.15,1,1.157346273542392,1.4218369758769698,0.14840491223936292,-0.1043754767650692,-0.688750791962868,8.330175187674731
4,8,1.5,0.3,3,mkt_ma50,0.15,2,0.8027203781115485,0.8602690309466754,0.10917855650259534,-0.12691210839294165,-1.0664661879182262,5.7370026061907335
4,8,1.5,0.3,3,mkt_ma50,0.15,4,0.23896223782124582,0.15209617493794333,0.029750888465343683,-0.1956057637707347,-1.5637716732242295,3.9604364273180774
4,8,1.5,0.3,3,mkt_ma50,0.2,1,1.0753427621783986,1.2418196543478832,0.16283356738192434,-0.13112497198108297,-0.6887507919628679,10.23975708142019
4,8,1.5,0.3,3,mkt_ma50,0.2,2,0.704639663737844,0.681432857755685,0.1134755755895287,-0.16652495443683646,-1.0664661879182264,7.038894602387935
4,8,1.5,0.3,3,mkt_ma50,0.2,4,0.21621698278133286,0.13197213541989422,0.03294001180750872,-0.2495982330111115,-1.5637716732242295,4.825938289003674
4,8,1.5,0.3,4,none,none,1,0.81045365933808,0.49274136808573693,0.16715325793403535,-0.33923122506115766,-0.9667399620394554,17.586206896551726
4,8,1.5,0.3,4,none,none,2,0.7070818990607681,0.3875827484127624,0.14767859916687853,-0.3810246967174242,-1.0173584673459364,12.0
4,8,1.5,0.3,4,none,none,4,0.746687910194113,0.5757756797745534,0.1538879785463303,-0.26727071662107293,-0.6306541359727306,8.482758620689655
4,8,1.5,0.3,4,none,0.15,1,0.9026105768796752,0.46883032727117424,0.13849977206371866,-0.2954155565614883,-1.0753285985310634,11.89694056026915
4,8,1.5,0.3,4,none,0.15,2,0.7802236172524408,0.3641437784677967,0.12142367149782918,-0.3334498038350183,-1.0705416657329392,8.371703663205778
4,8,1.5,0.3,4,none,0.15,4,0.7759123931784261,0.5167100665944449,0.11770827593394495,-0.22780333410134967,-0.5949392669914758,6.1894304106484475
4,8,1.5,0.3,4,none,0.2,1,0.834609763932581,0.4672021314687777,0.15698814969647512,-0.33601762304238625,-0.9786128793942218,14.878389679819161
4,8,1.5,0.3,4,none,0.2,2,0.7224234121929821,0.36345207975343863,0.13667464367709048,-0.3760458428792287,-1.0200752197793501,10.278775565467594
4,8,1.5,0.3,4,none,0.2,4,0.7370304655857611,0.5232963349139603,0.1373919913622461,-0.2625510293031881,-0.6444726079690971,7.524122186380932
4,8,1.5,0.3,4,br30,none,1,0.79814230678492,0.4720534248007567,0.14250230591440016,-0.3018774961214342,-2.00077691474371,14.27586206896552
4,8,1.5,0.3,4,br30,none,2,0.7695607364307544,0.46920773077549155,0.1439056198140174,-0.3066991662225488,-1.7272065958262734,9.379310344827585
4,8,1.5,0.3,4,br30,none,4,0.7758345627105513,0.59350634755428,0.14687514365008036,-0.24747021536555291,-1.705453430321042,6.482758620689655
4,8,1.5,0.3,4,br30,0.15,1,0.898381729623217,0.49374925741060416,0.12897108530374513,-0.26120765422537573,-1.8628103111891194,10.33529919132855
4,8,1.5,0.3,4,br30,0.15,2,0.8615035500457195,0.47859709236463055,0.1272613632875239,-0.2659050071924942,-1.6880114103645811,6.937218033190771
4,8,1.5,0.3,4,br30,0.15,4,0.8237123200834846,0.5594343283341516,0.11872675452734716,-0.2122264375174906,-1.7033350883841114,4.892424156627911
4,8,1.5,0.3,4,br30,0.2,1,0.8040293564806631,0.4503961214918739,0.13457536246045287,-0.29879334221327414,-1.9946647012004288,12.338288220303012
4,8,1.5,0.3,4,br30,0.2,2,0.7988148882214462,0.45953281315211436,0.13905938429594134,-0.302610347544235,-1.7238345922228953,8.274953015031473
4,8,1.5,0.3,4,br30,0.2,4,0.788694479611153,0.5625685865971104,0.13662220509952339,-0.24285430853139134,-1.71742666426947,5.807810943018582
4,8,1.5,0.3,4,br40,none,1,1.0172793125460962,0.8120910983645974,0.17362089761886046,-0.21379485376517626,-1.3201261829271558,12.482758620689655
4,8,1.5,0.3,4,br40,none,2,0.922855631961846,0.6122089977616612,0.1613460360695378,-0.26354731253452,-0.9458393025198579,8.344827586206897
4,8,1.5,0.3,4,br40,none,4,0.8776259443275616,0.7467606899706707,0.15694926914656504,-0.2101734481400317,-1.2680000527369926,5.758620689655173
4,8,1.5,0.3,4,br40,0.15,1,1.1301968366856734,0.8715673918758948,0.15852529851792396,-0.18188530226759203,-1.2495153459491588,9.250142140832262
4,8,1.5,0.3,4,br40,0.15,2,1.0049721057324201,0.6593257483719283,0.14443477772007274,-0.2190643670093656,-0.9435548875720849,6.34057821907776
4,8,1.5,0.3,4,br40,0.15,4,0.9434551499311175,0.7832122045138998,0.1330321867093982,-0.16985458850448398,-1.2485754967355103,4.391712806692374
4,8,1.5,0.3,4,br40,0.2,1,1.014847304351962,0.7745652579418857,0.16329720703006978,-0.2108243370790608,-1.3147235119907181,10.970016286377192
4,8,1.5,0.3,4,br40,0.2,2,0.9212464297557696,0.5933355811583328,0.1537075985215961,-0.25905676888873264,-0.9541520542373925,7.494685434928891
4,8,1.5,0.3,4,br40,0.2,4,0.8724772710380824,0.7116069953187868,0.14548974219639343,-0.20445237772180236,-1.2781420517983049,5.2082511572375765
4,8,1.5,0.3,4,mkt_ma20,none,1,0.9590379492820935,0.7718250864116335,0.15966748838666844,-0.20687004244574891,-1.001512668940831,12.068965517241379
4,8,1.5,0.3,4,mkt_ma20,none,2,0.7049029076347122,0.4300222173292692,0.12181416984934357,-0.2832741308248967,-1.3916114153137225,7.896551724137931
4,8,1.5,0.3,4,mkt_ma20,none,4,0.9271116687835865,0.7855549257484649,0.16113247996089286,-0.2051193044297549,-1.4070047778153532,5.379310344827586
4,8,1.5,0.3,4,mkt_ma20,0.15,1,1.0670728460143917,0.8374052225368259,0.14846490269583867,-0.17729158918555676,-0.9792584902264523,9.003125302937955
4,8,1.5,0.3,4,mkt_ma20,0.15,2,0.7601147161951941,0.43211193097931094,0.10796952415762884,-0.24986471424876788,-1.3916114153137225,6.104745212008911
4,8,1.5,0.3,4,mkt_ma20,0.15,4,0.971659995255497,0.7453396854002542,0.13583790374464666,-0.18224965932372228,-1.4070047778153532,4.211067536350154
4,8,1.5,0.3,4,mkt_ma20,0.2,1,0.9549533645517968,0.7419229341609659,0.15100742369031517,-0.2035351877362952,-0.9964137540862795,10.631481398123544
4,8,1.5,0.3,4,mkt_ma20,0.2,2,0.7150068410606625,0.422794684920587,0.11807877745807294,-0.27928160326862084,-1.3916114153137225,7.141119341103976
4,8,1.5,0.3,4,mkt_ma20,0.2,4,0.9432283100920315,0.7625008531802007,0.15428457417130792,-0.2023401987392217,-1.4070047778153532,4.90145987470593
4,8,1.5,0.3,4,mkt_ma50,none,1,1.1857510769566775,1.4921136248154903,0.18812190862143652,-0.12607746856054547,-1.3243417333636167,10.862068965517242
4,8,1.5,0.3,4,mkt_ma50,none,2,0.8776245272692114,0.8094866498130683,0.14365247229367117,-0.1774612000418343,-1.5569397484778,7.482758620689655
4,8,1.5,0.3,4,mkt_ma50,none,4,0.5604248724646871,0.3758233117180541,0.09015817503992118,-0.23989511089072257,-1.7393089111399238,5.0344827586206895
4,8,1.5,0.3,4,mkt_ma50,0.15,1,1.273793420185956,1.6830351327231934,0.1615186302895899,-0.09596866229895551,-1.306825297106225,7.319050214737407
4,8,1.5,0.3,4,mkt_ma50,0.15,2,0.9475844210609506,0.945547848123,0.12656878241852,-0.13385761775014426,-1.5549874052070902,5.3341109182108735
4,8,1.5,0.3,4,mkt_ma50,0.15,4,0.5175943482748903,0.3017480605318785,0.06375890063037248,-0.21129846043745026,-1.7393089111399238,3.6141122894006714
4,8,1.5,0.3,4,mkt_ma50,0.2,1,1.1789440590221503,1.4413620706440065,0.17400995898545935,-0.12072605664426217,-1.306825297106225,9.016137465321059
4,8,1.5,0.3,4,mkt_ma50,0.2,2,0.8549837166419276,0.7715692119691626,0.13269136824826733,-0.17197597595894043,-1.5549874052070902,6.535426926030772
4,8,1.5,0.3,4,mkt_ma50,0.2,4,0.5250250491119441,0.3298075754329882,0.07746734141928813,-0.2348864828759165,-1.7393089111399238,4.410400775093423
4,8,1.5,0.3,5,none,none,1,0.896989971614158,0.6588313966705861,0.17980979243673278,-0.2729223187380021,-0.6485052689165652,15.84827586206897
4,8,1.5,0.3,5,none,none,2,0.8976530202499988,0.6199071175248665,0.17669788177087287,-0.2850392853632382,-0.6815275615844787,11.020689655172415
4,8,1.5,0.3,5,none,none,4,0.7461195770941388,0.5385601768972732,0.14624812149246558,-0.27155390941644286,-0.7190845627384879,7.903448275862069
4,8,1.5,0.3,5,none,0.15,1,0.9605504473848593,0.6721590375961886,0.1450202978548869,-0.21575295390435623,-0.6839189161208991,10.929216095261625
4,8,1.5,0.3,5,none,0.15,2,0.9236443955885023,0.5682635373181798,0.14118494740070187,-0.24844977396754941,-0.6786875765032323,7.956020131356843
4,8,1.5,0.3,5,none,0.15,4,0.7324850954745044,0.45413251077099354,0.11002687369979625,-0.24227922707625693,-0.6972158743421151,5.956749778225197
4,8,1.5,0.3,5,none,0.2,1,0.887440872015479,0.6180508380818494,0.16513776378366662,-0.2671912302492456,-0.6589298403191202,13.805095535782826
4,8,1.5,0.3,5,none,0.2,2,0.8887577132057288,0.574021359604408,0.1636720672207983,-0.2851323639482586,-0.6944025525991676,9.80378615337237
4,8,1.5,0.3,5,none,0.2,4,0.7229269238736177,0.48692345690180144,0.13235488151126296,-0.2718186598637312,-0.733736254594157,7.250712709208187
4,8,1.5,0.3,5,br30,none,1,0.6990438963742902,0.38047401582432017,0.12298235808089797,-0.3232345783573398,-2.325643943582442,13.117241379310343
4,8,1.5,0.3,5,br30,none,2,0.8503103386845894,0.5774803939121398,0.14845908986354073,-0.2570807449544822,-1.9617373980058757,8.841379310344829
4,8,1.5,0.3,5,br30,none,4,0.7687409139083452,0.5027407104767879,0.13652256629608406,-0.27155661646459694,-1.9715836600534904,6.096551724137932
4,8,1.5,0.3,5,br30,0.15,1,0.7653045844691864,0.38194943819159677,0.11005335503735814,-0.2881359259446069,-2.243038000648697,9.705877459234282
4,8,1.5,0.3,5,br30,0.15,2,0.8862220148755314,0.5484468545739429,0.1277459953553597,-0.2329231981002029,-1.947844156342601,6.810012326906843
4,8,1.5,0.3,5,br30,0.15,4,0.7606849493516992,0.4328312858870055,0.10731498383504778,-0.24793721557148096,-1.9992679757425385,4.8251474347321075
4,8,1.5,0.3,5,br30,0.2,1,0.7044241687397291,0.36930928110122124,0.1183335569693571,-0.32041858416475577,-2.318013602036185,11.652526897030969
4,8,1.5,0.3,5,br30,0.2,2,0.8512637737576314,0.5489715453933048,0.14208391093293593,-0.25881835247242446,-1.9681577453997767,8.092340153093614
4,8,1.5,0.3,5,br30,0.2,4,0.7465761917852749,0.45883289436354524,0.12472058407860587,-0.2718213659280202,-1.9715836600534904,5.670868358969236
4,8,1.5,0.3,5,br40,none,1,0.8797385072474525,0.6051679473670081,0.14860904276426323,-0.24556661239386213,-1.8141399113485497,11.600000000000001
4,8,1.5,0.3,5,br40,none,2,0.9452728541615175,0.6697394691912653,0.1557272493470303,-0.23251914589277023,-1.377790984795253,8.013793103448277
4,8,1.5,0.3,5,br40,none,4,0.8782488751157221,0.638305699092195,0.14782034801735833,-0.23158237225139922,-1.504009045888914,5.406896551724138
4,8,1.5,0.3,5,br40,0.15,1,0.9583497850426324,0.6331349742681815,0.13591639081280737,-0.21467206257229487,-1.8022442564763137,8.860303792190225
4,8,1.5,0.3,5,br40,0.15,2,0.9846112107211811,0.6851768408159252,0.13792558082810857,-0.20129924511730934,-1.3698234490476815,6.297208463657263
4,8,1.5,0.3,5,br40,0.15,4,0.8816175287770376,0.5901696187627052,0.12118393410628236,-0.2053374661344739,-1.5172965953248851,4.320070709657448
4,8,1.5,0.3,5,br40,0.2,1,0.8738738268327291,0.5834950736972017,0.14209413384182024,-0.24352242246274458,-1.8158345439083419,10.50781568264951
4,8,1.5,0.3,5,br40,0.2,2,0.9253178157594374,0.6359540743796699,0.1478471646858679,-0.2324808828846372,-1.3837774219126722,7.422306006870423
4,8,1.5,0.3,5,br40,0.2,4,0.8433753124152533,0.5811357755943803,0.13464335495563073,-0.2316900122315112,-1.504009045888914,5.038567850466942
4,8,1.5,0.3,5,mkt_ma20,none,1,0.8238545953531327,0.576096201427685,0.13559845014745275,-0.2353746645289656,-1.520401601871163,11.296551724137933
4,8,1.5,0.3,5,mkt_ma20,none,2,0.7749618566713177,0.534971166086735,0.12531228475654443,-0.2342411941062026,-1.6137776619592534,7.627586206896552
4,8,1.5,0.3,5,mkt_ma20,none,4,0.9248422859911498,0.6703510771265724,0.15114891044473677,-0.22547723961693222,-1.7030283328699551,5.048275862068967
4,8,1.5,0.3,5,mkt_ma20,0.15,1,0.8898403921873704,0.6003296008315799,0.12502264790121842,-0.20825667721204544,-1.5281399683414334,8.670920069992317
4,8,1.5,0.3,5,mkt_ma20,0.15,2,0.7914428170340296,0.508828095647813,0.10964318898638648,-0.2154817902631626,-1.6137776619592534,6.082180874030088
4,8,1.5,0.3,5,mkt_ma20,0.15,4,0.9297619442012169,0.5948913173884445,0.12551971574437548,-0.21099604595912302,-1.7030283328699551,4.104582304812059
4,8,1.5,0.3,5,mkt_ma20,0.2,1,0.8259439046220994,0.5663940820506311,0.13150228079639725,-0.23217453176822211,-1.5220574608228084,10.235318311452668
4,8,1.5,0.3,5,mkt_ma20,0.2,2,0.7724495872005899,0.5195340382297199,0.12166322038021771,-0.23417757341709045,-1.6137776619592534,7.089495295408629
4,8,1.5,0.3,5,mkt_ma20,0.2,4,0.9125798356270931,0.6304689828784893,0.14215640592353673,-0.22547723961693233,-1.7030283328699551,4.731304307087118
4,8,1.5,0.3,5,mkt_ma50,none,1,1.1346656774713928,1.5727257088215172,0.17457904428870963,-0.11100412698125606,-0.7420051336699333,9.80689655172414
4,8,1.5,0.3,5,mkt_ma50,none,2,1.041765330263023,1.2047187286756162,0.16138712819763534,-0.1339624962708541,-1.746386286833239,6.937931034482759
4,8,1.5,0.3,5,mkt_ma50,none,4,0.6685339202526781,0.43730846032816556,0.10251694163659097,-0.2344270713620772,-1.779428115243157,4.703448275862068
4,8,1.5,0.3,5,mkt_ma50,0.15,1,1.1842054587349264,1.6592030880308843,0.1498266336813212,-0.0903003585047163,-0.7584695026471698,6.82454265163133
4,8,1.5,0.3,5,mkt_ma50,0.15,2,1.0302028541863149,1.0772206839429166,0.13435812433733885,-0.12472664732499572,-1.748363674888797,5.122039115135228
4,8,1.5,0.3,5,mkt_ma50,0.15,4,0.5828022830255695,0.32582183694339567,0.07044933334459547,-0.21622041667156422,-1.779428115243157,3.548191374336606
4,8,1.5,0.3,5,mkt_ma50,0.2,1,1.1143497362984949,1.485248749814836,0.16417681296895714,-0.1105382603347923,-0.7584695026471701,8.495748757495099
4,8,1.5,0.3,5,mkt_ma50,0.2,2,1.007256153979737,1.1226388276568766,0.15039149976349986,-0.13396249627085366,-1.7483636748887972,6.280432689565564
4,8,1.5,0.3,5,mkt_ma50,0.2,4,0.6220867828312198,0.3801278173863013,0.08921801926864403,-0.23470531539126238,-1.779428115243157,4.307076180253493
8,4,0.5,0.0,3,none,none,1,0.5398717345529683,0.3948302686784866,0.12029074267672524,-0.30466443993603476,-0.29389249495208314,15.60919540229885
8,4,0.5,0.0,3,none,none,2,0.5342835488183256,0.34174783987508034,0.12332401279460736,-0.3608625963508246,-0.5234556108662293,10.643678160919539
8,4,0.5,0.0,3,none,none,4,0.6350660168562444,0.5814417266415411,0.1430835588846442,-0.2460840911970792,-0.2538357658542013,7.149425287356321
8,4,0.5,0.0,3,none,0.15,1,0.6726632353676164,0.5067980720382655,0.10178061705437824,-0.2008307108293288,-0.2763196544038116,10.260711287799621
8,4,0.5,0.0,3,none,0.15,2,0.6501724652216335,0.46800114800537673,0.09922156796622139,-0.21201137729918873,-0.5178757763421951,6.95783782439839
8,4,0.5,0.0,3,none,0.15,4,0.6590133207343393,0.6238925400529619,0.0989198402818463,-0.15855268965621716,-0.24646908319174757,4.99311366801965
8,4,0.5,0.0,3,none,0.2,1,0.5999478338709197,0.4442566163325915,0.11386778535073838,-0.25631083739559113,-0.283685324705644,12.815316765562889
8,4,0.5,0.0,3,none,0.2,2,0.5702010323143569,0.40366675717199696,0.110323069584501,-0.2733023406668432,-0.507864161952989,8.730015162289378
8,4,0.5,0.0,3,none,0.2,4,0.6157283258345646,0.5852699199167541,0.11682079487394281,-0.19960156997400247,-0.23507180992203897,6.044133780274839
8,4,0.5,0.0,3,br30,none,1,0.42070410078775305,0.24967374201758566,0.08691935255063776,-0.34813173323014335,-1.4919162251838165,13.034482758620689
8,4,0.5,0.0,3,br30,none,2,0.5943342272455983,0.4065421295577569,0.1273519810328898,-0.3132565404019144,-0.8100317018792572,8.666666666666666
8,4,0.5,0.0,3,br30,none,4,0.6431635793713363,0.48641804928803084,0.1369465671994421,-0.281540883196852,-0.9717145988263389,5.793103448275862
8,4,0.5,0.0,3,br30,0.15,1,0.5372260825036848,0.3081450002318593,0.07836001198828857,-0.2542959059187321,-1.3333848324016904,8.728152645938884
8,4,0.5,0.0,3,br30,0.15,2,0.6946284953238916,0.47968896275904876,0.10387293189727775,-0.21654225959218887,-0.8348568908700557,5.877820177252782
8,4,0.5,0.0,3,br30,0.15,4,0.687369157627486,0.48434966614821073,0.1015018702420094,-0.2095632088470355,-0.939389578297194,4.111356660046006
8,4,0.5,0.0,3,br30,0.2,1,0.4824580991930109,0.2821861196418003,0.0849314093988145,-0.30097656648251947,-1.4576863420144526,10.455582859395372
8,4,0.5,0.0,3,br30,0.2,2,0.6366271784878426,0.4472059809798285,0.11400658414119635,-0.2549308126233193,-0.8113983641708515,6.992826535961104
8,4,0.5,0.0,3,br30,0.2,4,0.6388651338223877,0.46971171851438775,0.11437002248225259,-0.24348982146748233,-0.9370536534729024,4.831331807023789
8,4,0.5,0.0,3,br40,none,1,0.8720324989690851,0.7192412201563351,0.16956096010491262,-0.23574978095395682,-0.5447391488114157,11.10344827586207
8,4,0.5,0.0,3,br40,none,2,0.8049474934919734,0.617660211710869,0.1655371723866106,-0.2680068575699347,-0.3113139754563282,7.701149425287356
8,4,0.5,0.0,3,br40,none,4,0.7238267449722875,0.6044565316782745,0.14836269479373665,-0.245448079420711,-0.5923264967861186,5.28735632183908
8,4,0.5,0.0,3,br40,0.15,1,0.9815396007935735,0.8770829293079885,0.1386517682202617,-0.15808284893842006,-0.539955571691606,7.600146782417982
8,4,0.5,0.0,3,br40,0.15,2,0.8783288890276506,0.7224596595934359,0.1280028488577849,-0.1771764653680712,-0.42564127705563537,5.325194456112768
8,4,0.5,0.0,3,br40,0.15,4,0.7892608686359697,0.679814589685988,0.11451198379398875,-0.1684459050031315,-0.5272778359613303,3.8105466475352334
8,4,0.5,0.0,3,br40,0.2,1,0.930191139681511,0.8083512266536772,0.1563272147954795,-0.19339021163192338,-0.5667718682509132,9.029836357631833
8,4,0.5,0.0,3,br40,0.2,2,0.8321639256647885,0.6835423426304302,0.14412223343324437,-0.21084609459397707,-0.3525197186632191,6.284612709928947
8,4,0.5,0.0,3,br40,0.2,4,0.7115222595581758,0.6088623872572416,0.1233669872694183,-0.20261883448762996,-0.5413693104258546,4.457945491013634
8,4,0.5,0.0,3,mkt_ma20,none,1,0.6316063045291886,0.48069591910317133,0.12109938018934496,-0.2519251264193768,-0.36859987883409173,10.643678160919539
8,4,0.5,0.0,3,mkt_ma20,none,2,0.48038027321182397,0.2986617510610845,0.09614573288027661,-0.32192181469066716,-0.9057964158338822,7.149425287356321
8,4,0.5,0.0,3,mkt_ma20,none,4,0.7077410842754943,0.5142234074473614,0.14117286133801699,-0.2745360465771255,-0.9226296463070424,4.827586206896552
8,4,0.5,0.0,3,mkt_ma20,0.15,1,0.7651043459103382,0.6281950948957046,0.10847594299760277,-0.17267874881387346,-0.47124007075456437,7.408932014673313
8,4,0.5,0.0,3,mkt_ma20,0.15,2,0.575485363024579,0.36854960282059257,0.08264535175257937,-0.22424485366440772,-0.8867589094434465,5.034000592813882
8,4,0.5,0.0,3,mkt_ma20,0.15,4,0.7454613928490124,0.5056578881460572,0.10516140995603118,-0.2079694837582673,-0.9100936440914702,3.5173104416151957
8,4,0.5,0.0,3,mkt_ma20,0.2,1,0.7125775007290922,0.5812150185598389,0.1199729220873127,-0.20641745009374857,-0.4282391321371035,8.765943185993187
8,4,0.5,0.0,3,mkt_ma20,0.2,2,0.5348252423110833,0.3463112466835937,0.09136461082249614,-0.263822245732525,-0.9057964158338822,5.9163225351343955
8,4,0.5,0.0,3,mkt_ma20,0.2,4,0.7117455974982784,0.504324766059091,0.12039678060883796,-0.23872866991967479,-0.9226296463070424,4.092597244974979
8,4,0.5,0.0,3,mkt_ma50,none,1,0.858683538242728,0.737172192199488,0.15855305386879914,-0.21508279279462117,-0.2986583281409799,9.908045977011493
8,4,0.5,0.0,3,mkt_ma50,none,2,0.7099939229621018,0.47880702098663314,0.13746768061183867,-0.2871045631882586,-1.2183693029230256,7.057471264367815
8,4,0.5,0.0,3,mkt_ma50,none,4,0.47627163374631665,0.32666716345027874,0.08855144342704024,-0.27107543498328524,-1.4720946087619209,4.666666666666666
8,4,0.5,0.0,3,mkt_ma50,0.15,1,0.9398701782995601,0.9158546423859278,0.12158131584231358,-0.1327517601762409,-0.3646314830857631,6.206448794137352
8,4,0.5,0.0,3,mkt_ma50,0.15,2,0.7874607290832585,0.6000008226347742,0.10412155307285298,-0.17353568386060814,-1.2140898479629043,4.555006101386527
8,4,0.5,0.0,3,mkt_ma50,0.15,4,0.44360726981246695,0.2693972391248863,0.0545061045249442,-0.2023261437348155,-1.470574027165352,3.0648884799254126
8,4,0.5,0.0,3,mkt_ma50,0.2,1,0.8984724673312733,0.8295604873256356,0.1400581876085354,-0.1688342076899776,-0.3646314830857631,7.643865626524491
8,4,0.5,0.0,3,mkt_ma50,0.2,2,0.7242709147387071,0.5139100336093871,0.11518423381645482,-0.22413307054441378,-1.2140898479629043,5.545574266673357
8,4,0.5,0.0,3,mkt_ma50,0.2,4,0.4233922227803702,0.27222802133543106,0.06356610698252685,-0.23350317381252472,-1.4705740271653525,3.70781889612046
8,4,0.5,0.0,4,none,none,1,0.5373518942828858,0.34962249082753627,0.1123403238538283,-0.3213189277037791,-0.7270209717619824,13.413793103448274
8,4,0.5,0.0,4,none,none,2,0.5510823727960452,0.3594765708439033,0.11756367754037567,-0.3270412791141978,-0.6930355802955411,10.034482758620689
8,4,0.5,0.0,4,none,none,4,0.6056881618356269,0.4668047846722693,0.1259086175413089,-0.2697243508969297,-0.4212582686558759,6.620689655172414
8,4,0.5,0.0,4,none,0.15,1,0.6476043357003751,0.46147016260990276,0.09963396625161636,-0.2159055434659608,-0.7196043801569058,9.217013942468366
8,4,0.5,0.0,4,none,0.15,2,0.6402325589426979,0.40224579544094685,0.09952220635232134,-0.24741639932674464,-0.7620658286521765,7.0443768484489855
8,4,0.5,0.0,4,none,0.15,4,0.655880255229099,0.47620261172454703,0.09939639474582518,-0.20872710963483687,-0.49832815474364506,4.960479900581925
8,4,0.5,0.0,4,none,0.2,1,0.5849120116313845,0.41629059533387824,0.11067939536612492,-0.2658705159489768,-0.7272337205523108,11.323222623607315
8,4,0.5,0.0,4,none,0.2,2,0.593309454896369,0.3794814874767412,0.11352805363674068,-0.29916625022109655,-0.7033207485984965,8.494950816353569
8,4,0.5,0.0,4,none,0.2,4,0.6236802538994769,0.4659474044753023,0.1164949287403041,-0.2500173359083041,-0.4319893975317885,5.800412426718639
8,4,0.5,0.0,4,br30,none,1,0.453887192000623,0.24508612839876406,0.08740414888885684,-0.35662625812362214,-1.7157887467052393,11.344827586206897
8,4,0.5,0.0,4,br30,none,2,0.5826652506070117,0.4027346110027113,0.11584042929581506,-0.28763465103582864,-0.8512867633195375,8.206896551724137
8,4,0.5,0.0,4,br30,none,4,0.6348335559117423,0.4128132229538338,0.12439362787420682,-0.30133150044013524,-1.164354008103633,5.241379310344828
8,4,0.5,0.0,4,br30,0.15,1,0.578694318428619,0.3005986702068755,0.08460495110432587,-0.28145484158695633,-1.541458023189139,7.8285790003662905
8,4,0.5,0.0,4,br30,0.15,2,0.6847610198960498,0.4577895334742657,0.10232095345921688,-0.22351090616397584,-0.9327793393006356,5.79714159221554
8,4,0.5,0.0,4,br30,0.15,4,0.6954787178155855,0.4193130323988451,0.10250983242165002,-0.2444708952526522,-1.2229073938361628,3.9100712380053873
8,4,0.5,0.0,4,br30,0.2,1,0.5150908255900827,0.2708667730522027,0.09011511744047662,-0.3326916639683569,-1.7015100173222453,9.488957834052485
8,4,0.5,0.0,4,br30,0.2,2,0.6295486400091218,0.43016402900725087,0.11164729621408087,-0.2595458678210375,-0.8565637076545045,6.912489556317631
8,4,0.5,0.0,4,br30,0.2,4,0.6512491099562786,0.40923137132019954,0.11448061429200806,-0.2797454504103345,-1.1627092201150162,4.572953200422161
8,4,0.5,0.0,4,br40,none,1,0.8327403017881435,0.6050848045038948,0.15165150651696835,-0.2506285158512722,-0.9645945059114195,9.758620689655173
8,4,0.5,0.0,4,br40,none,2,0.7747440125963256,0.6089266803096403,0.14866733656845676,-0.24414653089738025,-0.35209132902737095,7.310344827586206
8,4,0.5,0.0,4,br40,none,4,0.7316746882101877,0.5247449518525784,0.13903036289907944,-0.26494845240195575,-0.7514721570233275,4.827586206896552
8,4,0.5,0.0,4,br40,0.15,1,0.9260243343130056,0.6960312903712873,0.13217089268993565,-0.18989217082385923,-0.9040413685755816,6.905365388568573
8,4,0.5,0.0,4,br40,0.15,2,0.8510463306702447,0.6847857192373611,0.12467919119568038,-0.18207037280878802,-0.47109252993394163,5.254766978958193
8,4,0.5,0.0,4,br40,0.15,4,0.8095237196074381,0.5810322229689381,0.11780111168697416,-0.20274454157643473,-0.7667927629571518,3.5986303069874044
8,4,0.5,0.0,4,br40,0.2,1,0.8717875552315746,0.6394840492649915,0.14600995972212782,-0.22832463122410696,-0.9666794698859148,8.28080398700543
8,4,0.5,0.0,4,br40,0.2,2,0.7978335224674409,0.6394747580789044,0.13788592310612469,-0.2156237151883187,-0.3714550603871865,6.233347439434389
8,4,0.5,0.0,4,br40,0.2,4,0.7460172139839738,0.5318311824518,0.12830880439114578,-0.2412585207953173,-0.7391936097458535,4.223846173183641
8,4,0.5,0.0,4,mkt_ma20,none,1,0.6114376323776384,0.40987350816563495,0.11041342677867805,-0.26938415042442465,-0.8194027638930725,9.241379310344827
8,4,0.5,0.0,4,mkt_ma20,none,2,0.4729327651625955,0.2935635782737681,0.08857354603097445,-0.3017184439289453,-1.0706947946024936,6.862068965517241
8,4,0.5,0.0,4,mkt_ma20,none,4,0.6897923595587782,0.4331033630542499,0.1282153980491736,-0.29603879578536896,-1.230519956100099,4.379310344827586
8,4,0.5,0.0,4,mkt_ma20,0.15,1,0.7291205917542726,0.5078617412364591,0.10447679860255676,-0.2057189784530602,-0.8243452076587943,6.620366210752287
8,4,0.5,0.0,4,mkt_ma20,0.15,2,0.5698837175084723,0.35133321217582336,0.08219838677769142,-0.23396133336963187,-1.0706947946024936,5.03957847671685
8,4,0.5,0.0,4,mkt_ma20,0.15,4,0.7442072277515389,0.4419055382075418,0.10629865696910912,-0.24054610720716008,-1.230519956100099,3.3605886072502806
8,4,0.5,0.0,4,mkt_ma20,0.2,1,0.6759598344289124,0.46724196285795694,0.1132450084815444,-0.24236908814624436,-0.8215343342936103,7.881730554951407
8,4,0.5,0.0,4,mkt_ma20,0.2,2,0.5235969639520707,0.3264771461220586,0.08889094132987596,-0.2722730898187976,-1.0706947946024936,5.9199254039102405
8,4,0.5,0.0,4,mkt_ma20,0.2,4,0.7085819143430411,0.4358258682988344,0.11949008468035838,-0.2741693262650191,-1.230519956100099,3.8801980315718616
8,4,0.5,0.0,4,mkt_ma50,none,1,0.8515876579225092,0.6711751841828055,0.1434143221492199,-0.21367643728341223,-0.9689673220692155,8.448275862068966
8,4,0.5,0.0,4,mkt_ma50,none,2,0.7141818881281798,0.4858524127850859,0.1261090447441735,-0.2595624544113505,-0.7535078400817333,6.551724137931035
8,4,0.5,0.0,4,mkt_ma50,none,4,0.47966457696315373,0.2816900993681813,0.08089003423516727,-0.2871596638170817,-1.4606644855605544,4.172413793103448
8,4,0.5,0.0,4,mkt_ma50,0.15,1,0.8942644335849358,0.7900253668315462,0.1137044513701937,-0.1439250638573969,-0.9741996974594587,5.559096104214453
8,4,0.5,0.0,4,mkt_ma50,0.15,2,0.7641942041851245,0.5628702795059828,0.10031493602091168,-0.17822034609636095,-0.7845596430702856,4.412787949002193
8,4,0.5,0.0,4,mkt_ma50,0.15,4,0.4608245202839813,0.24540651602519292,0.056617420602205204,-0.2307087094476048,-1.4606644855605544,2.8975468598411656
8,4,0.5,0.0,4,mkt_ma50,0.2,1,0.861570927059573,0.7072820358464925,0.13116822611575807,-0.1854539200317349,-0.9741996974594587,6.881018631600107
8,4,0.5,0.0,4,mkt_ma50,0.2,2,0.7013386811347856,0.4778043494652201,0.10999991236714024,-0.2302195710236984,-0.7845596430702855,5.420467734454387
8,4,0.5,0.0,4,mkt_ma50,0.2,4,0.45040679404759243,0.25308279556071545,0.06729186875543935,-0.26588875236007814,-1.4606644855605544,3.5116780318560563
8,4,0.5,0.0,5,none,none,1,0.6028016388246582,0.3886884142925874,0.11870584894552771,-0.30540104767869725,-0.7819682973299799,12.04137931034483
8,4,0.5,0.0,5,none,none,2,0.617865533172725,0.4142839529139101,0.12200084604767492,-0.2944860528378399,-0.6561944088987314,9.200000000000003
8,4,0.5,0.0,5,none,none,4,0.6428018213066936,0.45940557016146,0.1253655247332126,-0.2728863837875374,-0.8227109107131738,6.082758620689655
8,4,0.5,0.0,5,none,0.15,1,0.7120382567054604,0.5145835386143396,0.10781929209846375,-0.2095272856741539,-0.7661753178235893,8.79703733906016
8,4,0.5,0.0,5,none,0.15,2,0.7315324570836318,0.5250735748719818,0.11107525492204862,-0.21154226805096765,-0.699408564298122,6.844049770123089
8,4,0.5,0.0,5,none,0.15,4,0.6979047312180467,0.4623744090463483,0.10432118439436411,-0.22562058442967803,-0.8931336724042755,4.744543189923579
8,4,0.5,0.0,5,none,0.2,1,0.6763397680680878,0.4808723156669634,0.12432274636400953,-0.2585358780564765,-0.7821957577928254,10.53939704425644
8,4,0.5,0.0,5,none,0.2,2,0.6982050145230235,0.5071255881449688,0.12880398288006134,-0.2539883332474262,-0.6742615861318971,8.100865930397722
8,4,0.5,0.0,5,none,0.2,4,0.6929776386604629,0.48275289425644163,0.12524145798402775,-0.25943181174901175,-0.8440259478998583,5.4247176411142615
8,4,0.5,0.0,5,br30,none,1,0.5501398905181919,0.3060122609827953,0.09990246667963087,-0.3264655682709642,-1.8889341299496758,10.524137931034485
8,4,0.5,0.0,5,br30,none,2,0.660291145970456,0.5075502881721008,0.12156099995885317,-0.2395053313764135,-0.8701641305285305,7.627586206896552
8,4,0.5,0.0,5,br30,none,4,0.6937061004892535,0.4335958611702839,0.1278136010844384,-0.2947758789474303,-1.5074416453364095,4.910344827586207
8,4,0.5,0.0,5,br30,0.15,1,0.6669284076856965,0.35824967073620856,0.09560627470077998,-0.2668705165989619,-1.7335350124585975,7.640967272451686
8,4,0.5,0.0,5,br30,0.15,2,0.778350702251181,0.5769047965023668,0.11330989190202256,-0.19641003609086427,-0.9788543428786735,5.5986774652864755
8,4,0.5,0.0,5,br30,0.15,4,0.7622281715355509,0.44411281654243284,0.11006114886406704,-0.24782250087022928,-1.6071222904386455,3.7827045369582284
8,4,0.5,0.0,5,br30,0.2,1,0.6265332714102946,0.344197402456086,0.10688077123347273,-0.31052172523907695,-1.8781212741966684,9.183784039922731
8,4,0.5,0.0,5,br30,0.2,2,0.7412167498662042,0.5661226476745984,0.12743275696601764,-0.22509743690604778,-0.8908673199797202,6.6856037834889595
8,4,0.5,0.0,5,br30,0.2,4,0.7395470163394042,0.45372474723119266,0.1266508270556148,-0.27913581489325434,-1.5265647588493425,4.397835194148784
8,4,0.5,0.0,5,br40,none,1,0.8628793499714044,0.6423778273818838,0.14843714157577814,-0.23107450981108435,-1.1122170739463182,9.117241379310343
8,4,0.5,0.0,5,br40,none,2,0.8335152282956396,0.6982833625915588,0.14742341992652963,-0.2111226299011234,-0.36109057359203883,6.744827586206896
8,4,0.5,0.0,5,br40,none,4,0.7733274311761421,0.5335441079156636,0.13846186252718495,-0.2595134319224295,-0.9954579184767421,4.551724137931035
8,4,0.5,0.0,5,br40,0.15,1,0.9508696574470451,0.7377787856580493,0.13278777408628195,-0.17998318285588022,-1.0386373935257232,6.763399928593268
8,4,0.5,0.0,5,br40,0.15,2,0.9281055656139199,0.816821571844948,0.13187758017751072,-0.1614521270289666,-0.45380236359183895,5.0564216518533005
8,4,0.5,0.0,5,br40,0.15,4,0.8706319474865583,0.6068604153317605,0.1238670114138678,-0.2041112062749253,-1.0396633470852337,3.493367435207181
8,4,0.5,0.0,5,br40,0.2,1,0.9175125887565959,0.6994650539653269,0.1503098409687731,-0.21489256699338133,-1.1066628958481415,8.062729927925815
8,4,0.5,0.0,5,br40,0.2,2,0.8909096426082671,0.7717969715392842,0.14885630413515916,-0.19286976967307579,-0.36742738667297026,5.992300933690309
8,4,0.5,0.0,5,br40,0.2,4,0.8243882508122727,0.5749123437673395,0.1384482718974238,-0.240816314692753,-0.9976847353647411,4.081199760539354
8,4,0.5,0.0,5,mkt_ma20,none,1,0.6443859722219678,0.4514939143651986,0.10995384627797211,-0.24353339608700475,-0.95818742203655,8.648275862068965
8,4,0.5,0.0,5,mkt_ma20,none,2,0.5489888128125937,0.35785965026013117,0.09510683643227313,-0.26576574465195835,-1.1476753477843284,6.386206896551723
8,4,0.5,0.0,5,mkt_ma20,none,4,0.7612013772673363,0.4651024253302375,0.13320000091856143,-0.2863885322119858,-1.611395622005477,4.0827586206896544
8,4,0.5,0.0,5,mkt_ma20,0.15,1,0.7583299156312495,0.5571584100374908,0.1062606406377975,-0.1907189027814321,-0.9420966863862852,6.486368742581901
8,4,0.5,0.0,5,mkt_ma20,0.15,2,0.6474408129411375,0.4241076045197421,0.09103834795901555,-0.21465860783634627,-1.1476753477843284,4.88374621707583
8,4,0.5,0.0,5,mkt_ma20,0.15,4,0.8183700211434407,0.47621149851557437,0.11480389251330081,-0.2410775314564274,-1.611395622005477,3.2362621738356414
8,4,0.5,0.0,5,mkt_ma20,0.2,1,0.7237724166284422,0.5306809046879928,0.11847590220391324,-0.22325261971423238,-0.9521402443909849,7.681149108687207
8,4,0.5,0.0,5,mkt_ma20,0.2,2,0.6228928778910641,0.412199954206521,0.10219815152889744,-0.2479334373668901,-1.1476753477843284,5.724205760487354
8,4,0.5,0.0,5,mkt_ma20,0.2,4,0.8067032299244914,0.4918420398423621,0.13277173775093276,-0.26994792432441683,-1.611395622005477,3.7059679407736454
8,4,0.5,0.0,5,mkt_ma50,none,1,0.9053479863268653,0.8487532568069431,0.14381193974461115,-0.16943904319806635,-1.1839634397050312,7.627586206896551
8,4,0.5,0.0,5,mkt_ma50,none,2,0.7720761480560984,0.6102359260289588,0.12512349835484637,-0.20504118656053794,-0.6400146569355489,6.082758620689656
8,4,0.5,0.0,5,mkt_ma50,none,4,0.5329917198978451,0.2968930008506347,0.08412159681185227,-0.28333977753208606,-1.718041975082476,3.848275862068965
8,4,0.5,0.0,5,mkt_ma50,0.15,1,0.9436800669379658,1.0377544397320952,0.11871202922975299,-0.11439317885298517,-1.1711432981343468,5.235907899749943
8,4,0.5,0.0,5,mkt_ma50,0.15,2,0.8282636458516737,0.7249570097590139,0.10615859596519517,-0.14643433270682327,-0.6450900016678794,4.2799540905823426
8,4,0.5,0.0,5,mkt_ma50,0.15,4,0.5154685999787291,0.2632377896143931,0.0624464499411701,-0.23722448829495757,-1.718041975082476,2.788776108607694
8,4,0.5,0.0,5,mkt_ma50,0.2,1,0.9265303864981494,0.9264153717268553,0.1389426031141181,-0.14997873238558912,-1.1711432981343468,6.512631274379084
8,4,0.5,0.0,5,mkt_ma50,0.2,2,0.8003656552498131,0.6461501678194472,0.12188987740802171,-0.1886401698530259,-0.6450900016678798,5.266848555335252
8,4,0.5,0.0,5,mkt_ma50,0.2,4,0.5386462360870308,0.2944299382551784,0.07884249152293266,-0.26778014487983537,-1.718041975082476,3.3459822624580227
8,4,0.5,0.3,3,none,none,1,0.5398717345529683,0.3948302686784866,0.12029074267672524,-0.30466443993603476,-0.29389249495208314,15.60919540229885
8,4,0.5,0.3,3,none,none,2,0.5342835488183256,0.34174783987508034,0.12332401279460736,-0.3608625963508246,-0.5234556108662293,10.643678160919539
8,4,0.5,0.3,3,none,none,4,0.6350660168562444,0.5814417266415411,0.1430835588846442,-0.2460840911970792,-0.2538357658542013,7.149425287356321
8,4,0.5,0.3,3,none,0.15,1,0.6726632353676164,0.5067980720382655,0.10178061705437824,-0.2008307108293288,-0.2763196544038116,10.260711287799621
8,4,0.5,0.3,3,none,0.15,2,0.6501724652216335,0.46800114800537673,0.09922156796622139,-0.21201137729918873,-0.5178757763421951,6.95783782439839
8,4,0.5,0.3,3,none,0.15,4,0.6590133207343393,0.6238925400529619,0.0989198402818463,-0.15855268965621716,-0.24646908319174757,4.99311366801965
8,4,0.5,0.3,3,none,0.2,1,0.5999478338709197,0.4442566163325915,0.11386778535073838,-0.25631083739559113,-0.283685324705644,12.815316765562889
8,4,0.5,0.3,3,none,0.2,2,0.5702010323143569,0.40366675717199696,0.110323069584501,-0.2733023406668432,-0.507864161952989,8.730015162289378
8,4,0.5,0.3,3,none,0.2,4,0.6157283258345646,0.5852699199167541,0.11682079487394281,-0.19960156997400247,-0.23507180992203897,6.044133780274839
8,4,0.5,0.3,3,br30,none,1,0.42070410078775305,0.24967374201758566,0.08691935255063776,-0.34813173323014335,-1.4919162251838165,13.034482758620689
8,4,0.5,0.3,3,br30,none,2,0.5943342272455983,0.4065421295577569,0.1273519810328898,-0.3132565404019144,-0.8100317018792572,8.666666666666666
8,4,0.5,0.3,3,br30,none,4,0.6431635793713363,0.48641804928803084,0.1369465671994421,-0.281540883196852,-0.9717145988263389,5.793103448275862
8,4,0.5,0.3,3,br30,0.15,1,0.5372260825036848,0.3081450002318593,0.07836001198828857,-0.2542959059187321,-1.3333848324016904,8.728152645938884
8,4,0.5,0.3,3,br30,0.15,2,0.6946284953238916,0.47968896275904876,0.10387293189727775,-0.21654225959218887,-0.8348568908700557,5.877820177252782
8,4,0.5,0.3,3,br30,0.15,4,0.687369157627486,0.48434966614821073,0.1015018702420094,-0.2095632088470355,-0.939389578297194,4.111356660046006
8,4,0.5,0.3,3,br30,0.2,1,0.4824580991930109,0.2821861196418003,0.0849314093988145,-0.30097656648251947,-1.4576863420144526,10.455582859395372
8,4,0.5,0.3,3,br30,0.2,2,0.6366271784878426,0.4472059809798285,0.11400658414119635,-0.2549308126233193,-0.8113983641708515,6.992826535961104
8,4,0.5,0.3,3,br30,0.2,4,0.6388651338223877,0.46971171851438775,0.11437002248225259,-0.24348982146748233,-0.9370536534729024,4.831331807023789
8,4,0.5,0.3,3,br40,none,1,0.8720324989690851,0.7192412201563351,0.16956096010491262,-0.23574978095395682,-0.5447391488114157,11.10344827586207
8,4,0.5,0.3,3,br40,none,2,0.8049474934919734,0.617660211710869,0.1655371723866106,-0.2680068575699347,-0.3113139754563282,7.701149425287356
8,4,0.5,0.3,3,br40,none,4,0.7238267449722875,0.6044565316782745,0.14836269479373665,-0.245448079420711,-0.5923264967861186,5.28735632183908
8,4,0.5,0.3,3,br40,0.15,1,0.9815396007935735,0.8770829293079885,0.1386517682202617,-0.15808284893842006,-0.539955571691606,7.600146782417982
8,4,0.5,0.3,3,br40,0.15,2,0.8783288890276506,0.7224596595934359,0.1280028488577849,-0.1771764653680712,-0.42564127705563537,5.325194456112768
8,4,0.5,0.3,3,br40,0.15,4,0.7892608686359697,0.679814589685988,0.11451198379398875,-0.1684459050031315,-0.5272778359613303,3.8105466475352334
8,4,0.5,0.3,3,br40,0.2,1,0.930191139681511,0.8083512266536772,0.1563272147954795,-0.19339021163192338,-0.5667718682509132,9.029836357631833
8,4,0.5,0.3,3,br40,0.2,2,0.8321639256647885,0.6835423426304302,0.14412223343324437,-0.21084609459397707,-0.3525197186632191,6.284612709928947
8,4,0.5,0.3,3,br40,0.2,4,0.7115222595581758,0.6088623872572416,0.1233669872694183,-0.20261883448762996,-0.5413693104258546,4.457945491013634
8,4,0.5,0.3,3,mkt_ma20,none,1,0.6316063045291886,0.48069591910317133,0.12109938018934496,-0.2519251264193768,-0.36859987883409173,10.643678160919539
8,4,0.5,0.3,3,mkt_ma20,none,2,0.48038027321182397,0.2986617510610845,0.09614573288027661,-0.32192181469066716,-0.9057964158338822,7.149425287356321
8,4,0.5,0.3,3,mkt_ma20,none,4,0.7077410842754943,0.5142234074473614,0.14117286133801699,-0.2745360465771255,-0.9226296463070424,4.827586206896552
8,4,0.5,0.3,3,mkt_ma20,0.15,1,0.7651043459103382,0.6281950948957046,0.10847594299760277,-0.17267874881387346,-0.47124007075456437,7.408932014673313
8,4,0.5,0.3,3,mkt_ma20,0.15,2,0.575485363024579,0.36854960282059257,0.08264535175257937,-0.22424485366440772,-0.8867589094434465,5.034000592813882
8,4,0.5,0.3,3,mkt_ma20,0.15,4,0.7454613928490124,0.5056578881460572,0.10516140995603118,-0.2079694837582673,-0.9100936440914702,3.5173104416151957
8,4,0.5,0.3,3,mkt_ma20,0.2,1,0.7125775007290922,0.5812150185598389,0.1199729220873127,-0.20641745009374857,-0.4282391321371035,8.765943185993187
8,4,0.5,0.3,3,mkt_ma20,0.2,2,0.5348252423110833,0.3463112466835937,0.09136461082249614,-0.263822245732525,-0.9057964158338822,5.9163225351343955
8,4,0.5,0.3,3,mkt_ma20,0.2,4,0.7117455974982784,0.504324766059091,0.12039678060883796,-0.23872866991967479,-0.9226296463070424,4.092597244974979
8,4,0.5,0.3,3,mkt_ma50,none,1,0.858683538242728,0.737172192199488,0.15855305386879914,-0.21508279279462117,-0.2986583281409799,9.908045977011493
8,4,0.5,0.3,3,mkt_ma50,none,2,0.7099939229621018,0.47880702098663314,0.13746768061183867,-0.2871045631882586,-1.2183693029230256,7.057471264367815
8,4,0.5,0.3,3,mkt_ma50,none,4,0.47627163374631665,0.32666716345027874,0.08855144342704024,-0.27107543498328524,-1.4720946087619209,4.666666666666666
8,4,0.5,0.3,3,mkt_ma50,0.15,1,0.9398701782995601,0.9158546423859278,0.12158131584231358,-0.1327517601762409,-0.3646314830857631,6.206448794137352
8,4,0.5,0.3,3,mkt_ma50,0.15,2,0.7874607290832585,0.6000008226347742,0.10412155307285298,-0.17353568386060814,-1.2140898479629043,4.555006101386527
8,4,0.5,0.3,3,mkt_ma50,0.15,4,0.44360726981246695,0.2693972391248863,0.0545061045249442,-0.2023261437348155,-1.470574027165352,3.0648884799254126
8,4,0.5,0.3,3,mkt_ma50,0.2,1,0.8984724673312733,0.8295604873256356,0.1400581876085354,-0.1688342076899776,-0.3646314830857631,7.643865626524491
8,4,0.5,0.3,3,mkt_ma50,0.2,2,0.7242709147387071,0.5139100336093871,0.11518423381645482,-0.22413307054441378,-1.2140898479629043,5.545574266673357
8,4,0.5,0.3,3,mkt_ma50,0.2,4,0.4233922227803702,0.27222802133543106,0.06356610698252685,-0.23350317381252472,-1.4705740271653525,3.70781889612046
8,4,0.5,0.3,4,none,none,1,0.5373518942828858,0.34962249082753627,0.1123403238538283,-0.3213189277037791,-0.7270209717619824,13.413793103448274
8,4,0.5,0.3,4,none,none,2,0.5510823727960452,0.3594765708439033,0.11756367754037567,-0.3270412791141978,-0.6930355802955411,10.034482758620689
8,4,0.5,0.3,4,none,none,4,0.6056881618356269,0.4668047846722693,0.1259086175413089,-0.2697243508969297,-0.4212582686558759,6.620689655172414
8,4,0.5,0.3,4,none,0.15,1,0.6476043357003751,0.46147016260990276,0.09963396625161636,-0.2159055434659608,-0.7196043801569058,9.217013942468366
8,4,0.5,0.3,4,none,0.15,2,0.6402325589426979,0.40224579544094685,0.09952220635232134,-0.24741639932674464,-0.7620658286521765,7.0443768484489855
8,4,0.5,0.3,4,none,0.15,4,0.655880255229099,0.47620261172454703,0.09939639474582518,-0.20872710963483687,-0.49832815474364506,4.960479900581925
8,4,0.5,0.3,4,none,0.2,1,0.5849120116313845,0.41629059533387824,0.11067939536612492,-0.2658705159489768,-0.7272337205523108,11.323222623607315
8,4,0.5,0.3,4,none,0.2,2,0.593309454896369,0.3794814874767412,0.11352805363674068,-0.29916625022109655,-0.7033207485984965,8.494950816353569
8,4,0.5,0.3,4,none,0.2,4,0.6236802538994769,0.4659474044753023,0.1164949287403041,-0.2500173359083041,-0.4319893975317885,5.800412426718639
8,4,0.5,0.3,4,br30,none,1,0.453887192000623,0.24508612839876406,0.08740414888885684,-0.35662625812362214,-1.7157887467052393,11.344827586206897
8,4,0.5,0.3,4,br30,none,2,0.5826652506070117,0.4027346110027113,0.11584042929581506,-0.28763465103582864,-0.8512867633195375,8.206896551724137
8,4,0.5,0.3,4,br30,none,4,0.6348335559117423,0.4128132229538338,0.12439362787420682,-0.30133150044013524,-1.164354008103633,5.241379310344828
8,4,0.5,0.3,4,br30,0.15,1,0.578694318428619,0.3005986702068755,0.08460495110432587,-0.28145484158695633,-1.541458023189139,7.8285790003662905
8,4,0.5,0.3,4,br30,0.15,2,0.6847610198960498,0.4577895334742657,0.10232095345921688,-0.22351090616397584,-0.9327793393006356,5.79714159221554
8,4,0.5,0.3,4,br30,0.15,4,0.6954787178155855,0.4193130323988451,0.10250983242165002,-0.2444708952526522,-1.2229073938361628,3.9100712380053873
8,4,0.5,0.3,4,br30,0.2,1,0.5150908255900827,0.2708667730522027,0.09011511744047662,-0.3326916639683569,-1.7015100173222453,9.488957834052485
8,4,0.5,0.3,4,br30,0.2,2,0.6295486400091218,0.43016402900725087,0.11164729621408087,-0.2595458678210375,-0.8565637076545045,6.912489556317631
8,4,0.5,0.3,4,br30,0.2,4,0.6512491099562786,0.40923137132019954,0.11448061429200806,-0.2797454504103345,-1.1627092201150162,4.572953200422161
8,4,0.5,0.3,4,br40,none,1,0.8327403017881435,0.6050848045038948,0.15165150651696835,-0.2506285158512722,-0.9645945059114195,9.758620689655173
8,4,0.5,0.3,4,br40,none,2,0.7747440125963256,0.6089266803096403,0.14866733656845676,-0.24414653089738025,-0.35209132902737095,7.310344827586206
8,4,0.5,0.3,4,br40,none,4,0.7316746882101877,0.5247449518525784,0.13903036289907944,-0.26494845240195575,-0.7514721570233275,4.827586206896552
8,4,0.5,0.3,4,br40,0.15,1,0.9260243343130056,0.6960312903712873,0.13217089268993565,-0.18989217082385923,-0.9040413685755816,6.905365388568573
8,4,0.5,0.3,4,br40,0.15,2,0.8510463306702447,0.6847857192373611,0.12467919119568038,-0.18207037280878802,-0.47109252993394163,5.254766978958193
8,4,0.5,0.3,4,br40,0.15,4,0.8095237196074381,0.5810322229689381,0.11780111168697416,-0.20274454157643473,-0.7667927629571518,3.5986303069874044
8,4,0.5,0.3,4,br40,0.2,1,0.8717875552315746,0.6394840492649915,0.14600995972212782,-0.22832463122410696,-0.9666794698859148,8.28080398700543
8,4,0.5,0.3,4,br40,0.2,2,0.7978335224674409,0.6394747580789044,0.13788592310612469,-0.2156237151883187,-0.3714550603871865,6.233347439434389
8,4,0.5,0.3,4,br40,0.2,4,0.7460172139839738,0.5318311824518,0.12830880439114578,-0.2412585207953173,-0.7391936097458535,4.223846173183641
8,4,0.5,0.3,4,mkt_ma20,none,1,0.6114376323776384,0.40987350816563495,0.11041342677867805,-0.26938415042442465,-0.8194027638930725,9.241379310344827
8,4,0.5,0.3,4,mkt_ma20,none,2,0.4729327651625955,0.2935635782737681,0.08857354603097445,-0.3017184439289453,-1.0706947946024936,6.862068965517241
8,4,0.5,0.3,4,mkt_ma20,none,4,0.6897923595587782,0.4331033630542499,0.1282153980491736,-0.29603879578536896,-1.230519956100099,4.379310344827586
8,4,0.5,0.3,4,mkt_ma20,0.15,1,0.7291205917542726,0.5078617412364591,0.10447679860255676,-0.2057189784530602,-0.8243452076587943,6.620366210752287
8,4,0.5,0.3,4,mkt_ma20,0.15,2,0.5698837175084723,0.35133321217582336,0.08219838677769142,-0.23396133336963187,-1.0706947946024936,5.03957847671685
8,4,0.5,0.3,4,mkt_ma20,0.15,4,0.7442072277515389,0.4419055382075418,0.10629865696910912,-0.24054610720716008,-1.230519956100099,3.3605886072502806
8,4,0.5,0.3,4,mkt_ma20,0.2,1,0.6759598344289124,0.46724196285795694,0.1132450084815444,-0.24236908814624436,-0.8215343342936103,7.881730554951407
8,4,0.5,0.3,4,mkt_ma20,0.2,2,0.5235969639520707,0.3264771461220586,0.08889094132987596,-0.2722730898187976,-1.0706947946024936,5.9199254039102405
8,4,0.5,0.3,4,mkt_ma20,0.2,4,0.7085819143430411,0.4358258682988344,0.11949008468035838,-0.2741693262650191,-1.230519956100099,3.8801980315718616
8,4,0.5,0.3,4,mkt_ma50,none,1,0.8515876579225092,0.6711751841828055,0.1434143221492199,-0.21367643728341223,-0.9689673220692155,8.448275862068966
8,4,0.5,0.3,4,mkt_ma50,none,2,0.7141818881281798,0.4858524127850859,0.1261090447441735,-0.2595624544113505,-0.7535078400817333,6.551724137931035
8,4,0.5,0.3,4,mkt_ma50,none,4,0.47966457696315373,0.2816900993681813,0.08089003423516727,-0.2871596638170817,-1.4606644855605544,4.172413793103448
8,4,0.5,0.3,4,mkt_ma50,0.15,1,0.8942644335849358,0.7900253668315462,0.1137044513701937,-0.1439250638573969,-0.9741996974594587,5.559096104214453
8,4,0.5,0.3,4,mkt_ma50,0.15,2,0.7641942041851245,0.5628702795059828,0.10031493602091168,-0.17822034609636095,-0.7845596430702856,4.412787949002193
8,4,0.5,0.3,4,mkt_ma50,0.15,4,0.4608245202839813,0.24540651602519292,0.056617420602205204,-0.2307087094476048,-1.4606644855605544,2.8975468598411656
8,4,0.5,0.3,4,mkt_ma50,0.2,1,0.861570927059573,0.7072820358464925,0.13116822611575807,-0.1854539200317349,-0.9741996974594587,6.881018631600107
8,4,0.5,0.3,4,mkt_ma50,0.2,2,0.7013386811347856,0.4778043494652201,0.10999991236714024,-0.2302195710236984,-0.7845596430702855,5.420467734454387
8,4,0.5,0.3,4,mkt_ma50,0.2,4,0.45040679404759243,0.25308279556071545,0.06729186875543935,-0.26588875236007814,-1.4606644855605544,3.5116780318560563
8,4,0.5,0.3,5,none,none,1,0.6028016388246582,0.3886884142925874,0.11870584894552771,-0.30540104767869725,-0.7819682973299799,12.04137931034483
8,4,0.5,0.3,5,none,none,2,0.617865533172725,0.4142839529139101,0.12200084604767492,-0.2944860528378399,-0.6561944088987314,9.200000000000003
8,4,0.5,0.3,5,none,none,4,0.6428018213066936,0.45940557016146,0.1253655247332126,-0.2728863837875374,-0.8227109107131738,6.082758620689655
8,4,0.5,0.3,5,none,0.15,1,0.7120382567054604,0.5145835386143396,0.10781929209846375,-0.2095272856741539,-0.7661753178235893,8.79703733906016
8,4,0.5,0.3,5,none,0.15,2,0.7315324570836318,0.5250735748719818,0.11107525492204862,-0.21154226805096765,-0.699408564298122,6.844049770123089
8,4,0.5,0.3,5,none,0.15,4,0.6979047312180467,0.4623744090463483,0.10432118439436411,-0.22562058442967803,-0.8931336724042755,4.744543189923579
8,4,0.5,0.3,5,none,0.2,1,0.6763397680680878,0.4808723156669634,0.12432274636400953,-0.2585358780564765,-0.7821957577928254,10.53939704425644
8,4,0.5,0.3,5,none,0.2,2,0.6982050145230235,0.5071255881449688,0.12880398288006134,-0.2539883332474262,-0.6742615861318971,8.100865930397722
8,4,0.5,0.3,5,none,0.2,4,0.6929776386604629,0.48275289425644163,0.12524145798402775,-0.25943181174901175,-0.8440259478998583,5.4247176411142615
8,4,0.5,0.3,5,br30,none,1,0.5501398905181919,0.3060122609827953,0.09990246667963087,-0.3264655682709642,-1.8889341299496758,10.524137931034485
8,4,0.5,0.3,5,br30,none,2,0.660291145970456,0.5075502881721008,0.12156099995885317,-0.2395053313764135,-0.8701641305285305,7.627586206896552
8,4,0.5,0.3,5,br30,none,4,0.6937061004892535,0.4335958611702839,0.1278136010844384,-0.2947758789474303,-1.5074416453364095,4.910344827586207
8,4,0.5,0.3,5,br30,0.15,1,0.6669284076856965,0.35824967073620856,0.09560627470077998,-0.2668705165989619,-1.7335350124585975,7.640967272451686
8,4,0.5,0.3,5,br30,0.15,2,0.778350702251181,0.5769047965023668,0.11330989190202256,-0.19641003609086427,-0.9788543428786735,5.5986774652864755
8,4,0.5,0.3,5,br30,0.15,4,0.7622281715355509,0.44411281654243284,0.11006114886406704,-0.24782250087022928,-1.6071222904386455,3.7827045369582284
8,4,0.5,0.3,5,br30,0.2,1,0.6265332714102946,0.344197402456086,0.10688077123347273,-0.31052172523907695,-1.8781212741966684,9.183784039922731
8,4,0.5,0.3,5,br30,0.2,2,0.7412167498662042,0.5661226476745984,0.12743275696601764,-0.22509743690604778,-0.8908673199797202,6.6856037834889595
8,4,0.5,0.3,5,br30,0.2,4,0.7395470163394042,0.45372474723119266,0.1266508270556148,-0.27913581489325434,-1.5265647588493425,4.397835194148784
8,4,0.5,0.3,5,br40,none,1,0.8628793499714044,0.6423778273818838,0.14843714157577814,-0.23107450981108435,-1.1122170739463182,9.117241379310343
8,4,0.5,0.3,5,br40,none,2,0.8335152282956396,0.6982833625915588,0.14742341992652963,-0.2111226299011234,-0.36109057359203883,6.744827586206896
8,4,0.5,0.3,5,br40,none,4,0.7733274311761421,0.5335441079156636,0.13846186252718495,-0.2595134319224295,-0.9954579184767421,4.551724137931035
8,4,0.5,0.3,5,br40,0.15,1,0.9508696574470451,0.7377787856580493,0.13278777408628195,-0.17998318285588022,-1.0386373935257232,6.763399928593268
8,4,0.5,0.3,5,br40,0.15,2,0.9281055656139199,0.816821571844948,0.13187758017751072,-0.1614521270289666,-0.45380236359183895,5.0564216518533005
8,4,0.5,0.3,5,br40,0.15,4,0.8706319474865583,0.6068604153317605,0.1238670114138678,-0.2041112062749253,-1.0396633470852337,3.493367435207181
8,4,0.5,0.3,5,br40,0.2,1,0.9175125887565959,0.6994650539653269,0.1503098409687731,-0.21489256699338133,-1.1066628958481415,8.062729927925815
8,4,0.5,0.3,5,br40,0.2,2,0.8909096426082671,0.7717969715392842,0.14885630413515916,-0.19286976967307579,-0.36742738667297026,5.992300933690309
8,4,0.5,0.3,5,br40,0.2,4,0.8243882508122727,0.5749123437673395,0.1384482718974238,-0.240816314692753,-0.9976847353647411,4.081199760539354
8,4,0.5,0.3,5,mkt_ma20,none,1,0.6443859722219678,0.4514939143651986,0.10995384627797211,-0.24353339608700475,-0.95818742203655,8.648275862068965
8,4,0.5,0.3,5,mkt_ma20,none,2,0.5489888128125937,0.35785965026013117,0.09510683643227313,-0.26576574465195835,-1.1476753477843284,6.386206896551723
8,4,0.5,0.3,5,mkt_ma20,none,4,0.7612013772673363,0.4651024253302375,0.13320000091856143,-0.2863885322119858,-1.611395622005477,4.0827586206896544
8,4,0.5,0.3,5,mkt_ma20,0.15,1,0.7583299156312495,0.5571584100374908,0.1062606406377975,-0.1907189027814321,-0.9420966863862852,6.486368742581901
8,4,0.5,0.3,5,mkt_ma20,0.15,2,0.6474408129411375,0.4241076045197421,0.09103834795901555,-0.21465860783634627,-1.1476753477843284,4.88374621707583
8,4,0.5,0.3,5,mkt_ma20,0.15,4,0.8183700211434407,0.47621149851557437,0.11480389251330081,-0.2410775314564274,-1.611395622005477,3.2362621738356414
8,4,0.5,0.3,5,mkt_ma20,0.2,1,0.7237724166284422,0.5306809046879928,0.11847590220391324,-0.22325261971423238,-0.9521402443909849,7.681149108687207
8,4,0.5,0.3,5,mkt_ma20,0.2,2,0.6228928778910641,0.412199954206521,0.10219815152889744,-0.2479334373668901,-1.1476753477843284,5.724205760487354
8,4,0.5,0.3,5,mkt_ma20,0.2,4,0.8067032299244914,0.4918420398423621,0.13277173775093276,-0.26994792432441683,-1.611395622005477,3.7059679407736454
8,4,0.5,0.3,5,mkt_ma50,none,1,0.9053479863268653,0.8487532568069431,0.14381193974461115,-0.16943904319806635,-1.1839634397050312,7.627586206896551
8,4,0.5,0.3,5,mkt_ma50,none,2,0.7720761480560984,0.6102359260289588,0.12512349835484637,-0.20504118656053794,-0.6400146569355489,6.082758620689656
8,4,0.5,0.3,5,mkt_ma50,none,4,0.5329917198978451,0.2968930008506347,0.08412159681185227,-0.28333977753208606,-1.718041975082476,3.848275862068965
8,4,0.5,0.3,5,mkt_ma50,0.15,1,0.9436800669379658,1.0377544397320952,0.11871202922975299,-0.11439317885298517,-1.1711432981343468,5.235907899749943
8,4,0.5,0.3,5,mkt_ma50,0.15,2,0.8282636458516737,0.7249570097590139,0.10615859596519517,-0.14643433270682327,-0.6450900016678794,4.2799540905823426
8,4,0.5,0.3,5,mkt_ma50,0.15,4,0.5154685999787291,0.2632377896143931,0.0624464499411701,-0.23722448829495757,-1.718041975082476,2.788776108607694
8,4,0.5,0.3,5,mkt_ma50,0.2,1,0.9265303864981494,0.9264153717268553,0.1389426031141181,-0.14997873238558912,-1.1711432981343468,6.512631274379084
8,4,0.5,0.3,5,mkt_ma50,0.2,2,0.8003656552498131,0.6461501678194472,0.12188987740802171,-0.1886401698530259,-0.6450900016678798,5.266848555335252
8,4,0.5,0.3,5,mkt_ma50,0.2,4,0.5386462360870308,0.2944299382551784,0.07884249152293266,-0.26778014487983537,-1.718041975082476,3.3459822624580227
8,4,1.0,0.0,3,none,none,1,0.632864107149764,0.44397015722729205,0.14152829563242952,-0.31877884882243024,-0.5892384366612995,15.931034482758621
8,4,1.0,0.0,3,none,none,2,0.7626001255393573,0.590993217671386,0.16886588249921664,-0.2857323526733132,-0.8915312817522705,10.873563218390803
8,4,1.0,0.0,3,none,none,4,0.808453076797242,0.6697702073413776,0.18007593888756457,-0.26886227084117076,-0.7355650203910745,7.241379310344827
8,4,1.0,0.0,3,none,0.15,1,0.7843776127026568,0.5914646404943479,0.12347329017716047,-0.2087585321651031,-0.5733545559401426,10.410073034893152
8,4,1.0,0.0,3,none,0.15,2,0.8020662102747148,0.6015409723429861,0.12579401705373838,-0.20911961584889893,-0.8507077684279615,7.5830692209119075
8,4,1.0,0.0,3,none,0.15,4,0.7900947571639517,0.6354396781561525,0.12151021329823819,-0.19122226306487955,-0.6271004596621695,5.2479777250158355
8,4,1.0,0.0,3,none,0.2,1,0.7070121981460021,0.5079707406352872,0.13593378241784682,-0.26760159895793,-0.5973347249078695,12.938053634615788
8,4,1.0,0.0,3,none,0.2,2,0.7679908347018557,0.5736859352510797,0.14697357478469897,-0.2561916995932181,-0.8875402193985363,9.19173169437031
8,4,1.0,0.0,3,none,0.2,4,0.7897367924405883,0.6278835279145057,0.14710975230796275,-0.23429465142457695,-0.6886982929312834,6.125242934750946
8,4,1.0,0.0,3,br30,none,1,0.5917500253113784,0.4189784819276094,0.12178860641672706,-0.29067985987349476,-1.4994617070426408,12.85057471264368
8,4,1.0,0.0,3,br30,none,2,0.8667605226352859,0.7791808049272719,0.1788974356999533,-0.22959682087734623,-1.0258517150890998,8.344827586206897
8,4,1.0,0.0,3,br30,none,4,0.8433046681868158,0.62815539879876,0.17950756925491218,-0.2857693647116458,-1.4251525535184129,5.655172413793103
8,4,1.0,0.0,3,br30,0.15,1,0.7481038741087879,0.49212332969734945,0.11209069858516885,-0.22776952812642193,-1.3889858975470666,8.547033622696699
8,4,1.0,0.0,3,br30,0.15,2,0.93540810400575,0.7908615894206702,0.14066420695909243,-0.1778619784305534,-1.0594431154937956,5.786515946103207
8,4,1.0,0.0,3,br30,0.15,4,0.8705563029826625,0.5944709113629787,0.13009458149551367,-0.2188409542146278,-1.3008728829316276,4.026614507247038
8,4,1.0,0.0,3,br30,0.2,1,0.6751328958300559,0.45478235706993536,0.11996117630850556,-0.26377711105898993,-1.496155863041005,10.294479833064521
8,4,1.0,0.0,3,br30,0.2,2,0.8970459957998972,0.7946835116464698,0.15886796147303794,-0.19991349907825118,-1.0332077563132218,6.878944042627117
8,4,1.0,0.0,3,br30,0.2,4,0.8490378380419905,0.6033757322308334,0.15063479041883143,-0.24965337910077412,-1.3615581693383538,4.72253880697283
8,4,1.0,0.0,3,br40,none,1,0.9645950406724115,0.934330980123967,0.18704871346401908,-0.2001953455928449,-0.6646490681687233,11.057471264367816
8,4,1.0,0.0,3,br40,none,2,0.9565793672354133,0.8165166297257398,0.1892910979048288,-0.23182760891031684,-0.574617000659693,7.333333333333335
8,4,1.0,0.0,3,br40,none,4,0.8993933654570992,0.6771446655444326,0.183899418758936,-0.2715806948151598,-1.0573978983171353,5.241379310344828
8,4,1.0,0.0,3,br40,0.15,1,1.0979258327440937,1.0024714136436106,0.15967911399590728,-0.1592854537522752,-0.706424988632294,7.506909935340386
8,4,1.0,0.0,3,br40,0.15,2,1.0352646530438234,0.9225837549937593,0.15144057816267087,-0.16414832511731714,-0.6322065347083291,5.167613561837639
8,4,1.0,0.0,3,br40,0.15,4,0.9427475479219025,0.7167439522029683,0.1380313379431628,-0.19258109889719022,-0.9098154418838502,3.7679344583156116
8,4,1.0,0.0,3,br40,0.2,1,1.0367752084593256,1.00369169638715,0.17576479048508187,-0.17511830686430707,-0.704517721412419,8.941324261804278
8,4,1.0,0.0,3,br40,0.2,2,0.9955667453151326,0.8874494019230879,0.17057291811982478,-0.19220579533908766,-0.5855266519786312,6.103447874942889
8,4,1.0,0.0,3,br40,0.2,4,0.8967452096516393,0.671955656100464,0.1538515405406904,-0.2289608535085953,-0.9869035065200359,4.418648510452464
8,4,1.0,0.0,3,mkt_ma20,none,1,0.7316245082958563,0.5956567270254682,0.13955088250774828,-0.23428071265915806,-0.5565968998301785,10.551724137931036
8,4,1.0,0.0,3,mkt_ma20,none,2,0.6683764709624299,0.4603360892642879,0.12938144564169862,-0.28105866270115143,-1.0784850669969226,6.873563218390803
8,4,1.0,0.0,3,mkt_ma20,none,4,0.9245901274663796,0.6813223598633391,0.18558195093085073,-0.2723849412018051,-1.0032476599872786,4.781609195402298
8,4,1.0,0.0,3,mkt_ma20,0.15,1,0.8929780703698116,0.7686280234907045,0.12997726854871794,-0.1691029530232706,-0.6517723845194099,7.289672891742627
8,4,1.0,0.0,3,mkt_ma20,0.15,2,0.7752328339988822,0.5357641892514281,0.11247345138582432,-0.2099308868384292,-1.0784850669969226,4.963428763768663
8,4,1.0,0.0,3,mkt_ma20,0.15,4,0.9495990513378325,0.6555990649012039,0.13666849090892463,-0.2084635232503268,-1.0032476599872786,3.496300653591888
8,4,1.0,0.0,3,mkt_ma20,0.2,1,0.8209248851828015,0.7205207678237057,0.13936664371155683,-0.19342488091287957,-0.6055644622613288,8.645118778832577
8,4,1.0,0.0,3,mkt_ma20,0.2,2,0.7414224295693845,0.5229475317024931,0.12601137272997098,-0.24096370111879473,-1.0784850669969226,5.812145807177225
8,4,1.0,0.0,3,mkt_ma20,0.2,4,0.9458068477117398,0.6779434147587342,0.15996735482270297,-0.235959744338887,-1.0032476599872786,4.061430680260215
8,4,1.0,0.0,3,mkt_ma50,none,1,1.0531076549887526,1.2724253818845066,0.19449196148154146,-0.15285136892938433,-0.17031633619708397,9.770114942528735
8,4,1.0,0.0,3,mkt_ma50,none,2,1.0103340199605721,1.0999493368827662,0.1908192032725431,-0.17347999300887873,-0.6837929354372518,6.689655172413793
8,4,1.0,0.0,3,mkt_ma50,none,4,0.7172538485771153,0.5318773424443274,0.13647218998398936,-0.2565858311557503,-1.4720946087619209,4.528735632183908
8,4,1.0,0.0,3,mkt_ma50,0.15,1,1.1703694232342898,1.7954561037805796,0.15634267047802175,-0.08707685481634486,-0.24620598482646752,6.007074876031046
8,4,1.0,0.0,3,mkt_ma50,0.15,2,1.0824006426936315,1.3754383143284439,0.1464284356395884,-0.10645947122033017,-0.684892147255604,4.352506609175691
8,4,1.0,0.0,3,mkt_ma50,0.15,4,0.6750791832656711,0.4480440637078696,0.08644192314437604,-0.19293174521499135,-1.4709680772751466,2.9827681608993473
8,4,1.0,0.0,3,mkt_ma50,0.2,1,1.110501859402686,1.5175074277627,0.175064271101951,-0.11536304066732161,-0.24620598482646758,7.467665554043462
8,4,1.0,0.0,3,mkt_ma50,0.2,2,1.0360745799462578,1.1820938743417235,0.16582996537670014,-0.1402849375808215,-0.6848921472556039,5.341236111559116
8,4,1.0,0.0,3,mkt_ma50,0.2,4,0.6838519127810688,0.47229920322251917,0.10463634369340502,-0.22154672923322005,-1.4709680772751466,3.6092081225784405
8,4,1.0,0.0,4,none,none,1,0.5106293078647671,0.33246996076333785,0.10470623556162129,-0.31493442391372717,-1.2084944035464502,13.862068965517242
8,4,1.0,0.0,4,none,none,2,0.580154372008178,0.3626529488500659,0.12070322382199317,-0.33283397861434827,-1.1160535988951705,9.89655172413793
8,4,1.0,0.0,4,none,none,4,0.6444296219769104,0.3736088112182583,0.13026851231720094,-0.3486762314101298,-1.5689315503667904,6.482758620689655
8,4,1.0,0.0,4,none,0.15,1,0.6299496006472304,0.39703884242499005,0.096491085459804,-0.24302681538780035,-1.116740038192375,9.715695685621192
8,4,1.0,0.0,4,none,0.15,2,0.6711798466094593,0.40098430464679025,0.10363072933193895,-0.2584408619764377,-0.9986468841101439,7.171656019721512
8,4,1.0,0.0,4,none,0.15,4,0.6120684101382168,0.31267614410658434,0.09226551843060649,-0.29508333197033165,-1.5044175403958078,5.0020595303428035
8,4,1.0,0.0,4,none,0.2,1,0.5675772751376246,0.3582652346198568,0.1061628626679727,-0.2963247683817788,-1.1981347752743028,11.824397332314811
8,4,1.0,0.0,4,none,0.2,2,0.6196446877798869,0.36936596874919253,0.11622245977757206,-0.3146539465212336,-1.1089934438036992,8.510637694838804
8,4,1.0,0.0,4,none,0.2,4,0.6286077813576074,0.34317052075833043,0.11484722082102405,-0.3346651704442365,-1.5582289614205176,5.77001501099488
8,4,1.0,0.0,4,br30,none,1,0.45619361824828497,0.2500715806828121,0.08662021312983281,-0.3463816755719271,-1.9888021136980674,11.517241379310345
8,4,1.0,0.0,4,br30,none,2,0.6739691032479522,0.48978776887741055,0.13126631513290166,-0.2680065193007227,-1.1456999415734168,8.103448275862068
8,4,1.0,0.0,4,br30,none,4,0.7825690207584157,0.4729149174046707,0.15042243516014686,-0.318075048225707,-1.8709580636031102,5.103448275862069
8,4,1.0,0.0,4,br30,0.15,1,0.5809299078817527,0.2966892977838138,0.08518625202838326,-0.28712276669465586,-1.8383243550400035,8.164230883353206
8,4,1.0,0.0,4,br30,0.15,2,0.7936609198908319,0.5562977549109482,0.11716332394426598,-0.21061261331716397,-1.1140894703181776,5.807851663223395
8,4,1.0,0.0,4,br30,0.15,4,0.810345241164783,0.4450637886472892,0.11778637461396424,-0.26465054587334524,-1.813096378965091,3.8313446216548366
8,4,1.0,0.0,4,br30,0.2,1,0.5205217526531302,0.27429844237407486,0.09079281133083272,-0.331000098086645,-1.9832679867993706,9.79285441075676
8,4,1.0,0.0,4,br30,0.2,2,0.7251982571968899,0.5091196672280113,0.12670797373525056,-0.24887660385451948,-1.1496061819663197,6.934733749223073
8,4,1.0,0.0,4,br30,0.2,4,0.7720231238525003,0.4424506284057501,0.13419423698351363,-0.30329765259243924,-1.8648281469793564,4.498844976371879
8,4,1.0,0.0,4,br40,none,1,0.8155000284340416,0.5885968522608902,0.145472966748335,-0.24715213170024808,-1.1188038791033768,10.034482758620689
8,4,1.0,0.0,4,br40,none,2,0.8332262708968985,0.6318395253446076,0.15537490630291528,-0.24590881081422256,-0.5904677467055756,7.206896551724139
8,4,1.0,0.0,4,br40,none,4,0.8382181857768503,0.5257504622909582,0.15587183972666585,-0.2964749456376208,-1.4576351913677863,4.689655172413793
8,4,1.0,0.0,4,br40,0.15,1,0.9058987058174964,0.6559744824492323,0.12893336034280556,-0.19655240225412896,-1.0726434590619989,7.289290408725989
8,4,1.0,0.0,4,br40,0.15,2,0.9271080297486209,0.7258218928408633,0.13318777834361772,-0.18349925740366058,-0.6163317780737151,5.303791882543677
8,4,1.0,0.0,4,br40,0.15,4,0.8938205710225073,0.5499988217569803,0.12878095081981855,-0.23414768491398885,-1.3815729512742922,3.5199891375903345
8,4,1.0,0.0,4,br40,0.2,1,0.8591071794349758,0.6200831122935371,0.1429280385217815,-0.23049819562594653,-1.120275794308514,8.654414713726805
8,4,1.0,0.0,4,br40,0.2,2,0.859565337587561,0.6523307449008177,0.1454679929508016,-0.22299729713478245,-0.6061474670784156,6.267958415067208
8,4,1.0,0.0,4,br40,0.2,4,0.8307106454342897,0.5062894948932597,0.1411330886070996,-0.2787596622696161,-1.4515602176182079,4.153197246409229
8,4,1.0,0.0,4,mkt_ma20,none,1,0.5796594699533376,0.38353010395105225,0.10186268108954821,-0.2655924008055137,-0.9712620266015002,9.620689655172413
8,4,1.0,0.0,4,mkt_ma20,none,2,0.5663806192265883,0.3744870651722308,0.10416504970475016,-0.27815393211737094,-0.892087007998192,6.620689655172414
8,4,1.0,0.0,4,mkt_ma20,none,4,0.8349718374416133,0.5083564222210954,0.15325512633836014,-0.30147180135693474,-1.4447848506489576,4.275862068965518
8,4,1.0,0.0,4,mkt_ma20,0.15,1,0.6977910705448638,0.4703418414807476,0.09964534129291436,-0.2118572759319205,-0.9756929045472493,7.103595647651319
8,4,1.0,0.0,4,mkt_ma20,0.15,2,0.6814710935829751,0.4544022803174216,0.09760823530068374,-0.21480577789464383,-0.892087007998192,4.955778595861024
8,4,1.0,0.0,4,mkt_ma20,0.15,4,0.8650415875720543,0.4920805587296423,0.12263185483049277,-0.24921093234628044,-1.4447848506489576,3.299359076596791
8,4,1.0,0.0,4,mkt_ma20,0.2,1,0.6502214528730075,0.43956710894297923,0.1079866923951398,-0.24566599774676923,-0.9727731578145469,8.371838571716049
8,4,1.0,0.0,4,mkt_ma20,0.2,2,0.6211086068833044,0.4116963163672101,0.1045175307933568,-0.2538704541143696,-0.892087007998192,5.825995269691652
8,4,1.0,0.0,4,mkt_ma20,0.2,4,0.8356006946096037,0.4959296337715383,0.14053364996560136,-0.28337417326092174,-1.4447848506489576,3.8255693757813063
8,4,1.0,0.0,4,mkt_ma50,none,1,0.9033663475459113,0.9036497298876718,0.14844572511247112,-0.1642735234712278,-0.9689673220692155,8.379310344827587
8,4,1.0,0.0,4,mkt_ma50,none,2,0.8168567638763157,0.6547417320631577,0.14237130321759683,-0.21744650790620967,-0.7535078400817333,6.310344827586207
8,4,1.0,0.0,4,mkt_ma50,none,4,0.6117441495800594,0.3717639137216737,0.10151550558570865,-0.2730644418105348,-1.4606644855605544,4.137931034482758
8,4,1.0,0.0,4,mkt_ma50,0.15,1,0.951642682654085,1.0896562363585185,0.12038884597837507,-0.11048332672393824,-0.9746535470379546,5.610342271889075
8,4,1.0,0.0,4,mkt_ma50,0.15,2,0.8671342186000137,0.7691137947438883,0.1138201447967031,-0.14798869240748014,-0.783807549660338,4.315550335602921
8,4,1.0,0.0,4,mkt_ma50,0.15,4,0.5581171003511383,0.30338130023699017,0.0681052208996733,-0.2244872075057759,-1.4606644855605544,2.923337136365418
8,4,1.0,0.0,4,mkt_ma50,0.2,1,0.9192491538884325,0.9558517770295476,0.13879630222002626,-0.1452069301491038,-0.9746535470379545,6.9201178713952665
8,4,1.0,0.0,4,mkt_ma50,0.2,2,0.8022423133133696,0.6380595308430873,0.12572702737887131,-0.19704592017102918,-0.783807549660338,5.3253937451666795
8,4,1.0,0.0,4,mkt_ma50,0.2,4,0.5607517617664698,0.32322023980734255,0.08340187501386409,-0.25803419694130636,-1.4606644855605544,3.5454471839257096
8,4,1.0,0.0,5,none,none,1,0.5379256340733367,0.3347583369675461,0.10384468315347806,-0.31020790727475,-1.4634336810025914,12.84137931034483
8,4,1.0,0.0,5,none,none,2,0.5970493904755966,0.40516080379153535,0.11438920108335804,-0.2823303735526548,-1.149102260362873,8.841379310344827
8,4,1.0,0.0,5,none,none,4,0.5490228626520657,0.3285865106234927,0.1021594705676967,-0.3109058566459383,-1.4027296298685417,6.027586206896552
8,4,1.0,0.0,5,none,0.15,1,0.6096844088298949,0.35967098898121863,0.09300688737339047,-0.25858879426677117,-1.4045939003096393,9.587905392146972
8,4,1.0,0.0,5,none,0.15,2,0.6647465310336402,0.4390254676768855,0.1011488376549623,-0.23039400923639797,-1.0361405272127295,6.799524935343711
8,4,1.0,0.0,5,none,0.15,4,0.5667760655223686,0.30778125181680227,0.08385169726130326,-0.2724392625162676,-1.335406833359847,4.796007798810554
8,4,1.0,0.0,5,none,0.2,1,0.5868060101917408,0.3541910680168642,0.10664868805459005,-0.30110496193967307,-1.4579323447584722,11.379928562418424
8,4,1.0,0.0,5,none,0.2,2,0.6347557860308106,0.4150784352364351,0.11474351335865407,-0.2764381466680975,-1.141210644166978,7.939016873389733
8,4,1.0,0.0,5,none,0.2,4,0.5532737337528384,0.31424943723830623,0.0970334333825229,-0.3087783839337128,-1.4000773028601443,5.46674409522565
8,4,1.0,0.0,5,br30,none,1,0.4575022745472512,0.23958708116609484,0.08179049806084615,-0.3413810864207011,-2.3958902632122796,10.993103448275864
8,4,1.0,0.0,5,br30,none,2,0.6802171413070354,0.5141286360681034,0.12128768935378442,-0.23590922746757526,-1.4139682561068492,7.3517241379310345
8,4,1.0,0.0,5,br30,none,4,0.6535714920036353,0.3938680051818986,0.11497591869174384,-0.29191484756078356,-1.8224994759726283,4.827586206896552
8,4,1.0,0.0,5,br30,0.15,1,0.5606441392913732,0.27377120531688043,0.08118771547682391,-0.29655315789274483,-2.2692469859117796,8.093827919379388
8,4,1.0,0.0,5,br30,0.15,2,0.7693186458757847,0.5529484901602897,0.11035486760670876,-0.1995753122948557,-1.3836124157813183,5.510643338784971
8,4,1.0,0.0,5,br30,0.15,4,0.7038380297264167,0.3913966177949106,0.09993420092851846,-0.2553271959567197,-1.7901821613023332,3.76783549551216
8,4,1.0,0.0,5,br30,0.2,1,0.5236195621835255,0.2662213591028965,0.0888657335982086,-0.3338039212843975,-2.3911639301173464,9.697682928288142
8,4,1.0,0.0,5,br30,0.2,2,0.7210787116554161,0.5270876324070635,0.12133196070801233,-0.23019314673334834,-1.4102472060682822,6.561031785190237
8,4,1.0,0.0,5,br30,0.2,4,0.6549944492445212,0.3767094254856098,0.10914354832758177,-0.28972874301429186,-1.8190055948725639,4.387436733256444
8,4,1.0,0.0,5,br40,none,1,0.7932921508379195,0.5647002278330134,0.13428397349884302,-0.23779691751523768,-1.5605041293473747,9.365517241379312
8,4,1.0,0.0,5,br40,none,2,0.8199177577850338,0.6974517209552427,0.14085966548779938,-0.20196332055052557,-0.7824046863355953,6.551724137931035
8,4,1.0,0.0,5,br40,none,4,0.7033277102843439,0.44497429877315064,0.11985512631855899,-0.26935291914390214,-1.4337002476966731,4.358620689655172
8,4,1.0,0.0,5,br40,0.15,1,0.8589873032492183,0.60017823738894,0.12089710840216905,-0.2014353418213376,-1.5061084274675514,7.04098528291742
8,4,1.0,0.0,5,br40,0.15,2,0.8950151045055885,0.7659197365304394,0.12544582134599191,-0.16378455256193336,-0.7971296408393184,5.010079868016086
8,4,1.0,0.0,5,br40,0.15,4,0.771356082489058,0.47275362980922087,0.10729567594066425,-0.22695896800192372,-1.3858102491836297,3.411356998946001
8,4,1.0,0.0,5,br40,0.2,1,0.834516330954799,0.5922820127119414,0.1361047472116026,-0.2297971984467434,-1.5562929001842416,8.369144102738762
8,4,1.0,0.0,5,br40,0.2,2,0.8463842789512777,0.713776251223207,0.1385279490560627,-0.19407755416163774,-0.7798558543076668,5.91585872286225
8,4,1.0,0.0,5,br40,0.2,4,0.7016809770268216,0.4288632685047446,0.1141034950174733,-0.26606031198545266,-1.4321819417638169,3.9748377249585656
8,4,1.0,0.0,5,mkt_ma20,none,1,0.6011786465437099,0.3966198866188871,0.10078211807581416,-0.25410253362473456,-1.3835181429224663,9.03448275862069
8,4,1.0,0.0,5,mkt_ma20,none,2,0.5974797012538612,0.43072621377653775,0.10095764079531877,-0.2343893581728832,-1.1214236792449188,6.193103448275863
8,4,1.0,0.0,5,mkt_ma20,none,4,0.7240424740024336,0.44385998256552456,0.12154857730656565,-0.27384441508786417,-1.4406358087414184,4.027586206896553
8,4,1.0,0.0,5,mkt_ma20,0.15,1,0.6886554782817715,0.4543006943966421,0.09711986356218638,-0.21377881381222963,-1.3684383476595123,6.874659902811651
8,4,1.0,0.0,5,mkt_ma20,0.15,2,0.6773889724252222,0.4813290094495572,0.09438224672275197,-0.19608676159096772,-1.1214236792449188,4.833461596535993
8,4,1.0,0.0,5,mkt_ma20,0.15,4,0.7742433675453377,0.44834213854559835,0.10698911720011384,-0.23863274941584056,-1.4406358087414184,3.2276907929550136
8,4,1.0,0.0,5,mkt_ma20,0.2,1,0.6471787846733615,0.4321408014200874,0.10482676216100972,-0.2425754796041738,-1.378872152904218,8.098247047612674
8,4,1.0,0.0,5,mkt_ma20,0.2,2,0.6389112132502839,0.45757760301990297,0.10339525178940168,-0.22596222172374192,-1.1214236792449188,5.647533829683759
8,4,1.0,0.0,5,mkt_ma20,0.2,4,0.7321291149011717,0.4350485291877233,0.11747880806630806,-0.2700360998476471,-1.4406358087414184,3.7038423432873877
8,4,1.0,0.0,5,mkt_ma50,none,1,0.9173998707535908,1.0390754357010288,0.1431655259145923,-0.13778164798786086,-1.187074048734084,7.931034482758621
8,4,1.0,0.0,5,mkt_ma50,none,2,0.801367878039936,0.7821415157603971,0.128001700058199,-0.16365542229753127,-1.3891296410610163,5.696551724137931
8,4,1.0,0.0,5,mkt_ma50,none,4,0.47681385374167146,0.26786314471239026,0.07287056418962101,-0.27204401063783346,-1.763683423504403,3.848275862068965
8,4,1.0,0.0,5,mkt_ma50,0.15,1,0.9441764581989849,1.1029989166908671,0.1198710751501566,-0.10867741875013315,-1.173034463992573,5.507835915920247
8,4,1.0,0.0,5,mkt_ma50,0.15,2,0.8345910754564826,0.8427123422968497,0.10719509493534485,-0.12720247414815344,-1.3802310781375142,4.105269902124336
8,4,1.0,0.0,5,mkt_ma50,0.15,4,0.4379528371969769,0.21994017929195356,0.052729621362692436,-0.2397452867977249,-1.763683423504403,2.8630813490405655
8,4,1.0,0.0,5,mkt_ma50,0.2,1,0.9268914906022518,1.0804469808095913,0.13843149502525542,-0.12812428326795555,-1.1730344639925723,6.859917229756044
8,4,1.0,0.0,5,mkt_ma50,0.2,2,0.8004874940969553,0.7709603206912335,0.12107992466188144,-0.15705078641832393,-1.380231078137514,5.032559762560479
8,4,1.0,0.0,5,mkt_ma50,0.2,4,0.446788569296897,0.2386755026630978,0.06439316685768204,-0.2697937833552032,-1.763683423504403,3.422975360570291
8,4,1.0,0.3,3,none,none,1,0.632864107149764,0.44397015722729205,0.14152829563242952,-0.31877884882243024,-0.5892384366612995,15.931034482758621
8,4,1.0,0.3,3,none,none,2,0.7626001255393573,0.590993217671386,0.16886588249921664,-0.2857323526733132,-0.8915312817522705,10.873563218390803
8,4,1.0,0.3,3,none,none,4,0.808453076797242,0.6697702073413776,0.18007593888756457,-0.26886227084117076,-0.7355650203910745,7.241379310344827
8,4,1.0,0.3,3,none,0.15,1,0.7843776127026568,0.5914646404943479,0.12347329017716047,-0.2087585321651031,-0.5733545559401426,10.410073034893152
8,4,1.0,0.3,3,none,0.15,2,0.8020662102747148,0.6015409723429861,0.12579401705373838,-0.20911961584889893,-0.8507077684279615,7.5830692209119075
8,4,1.0,0.3,3,none,0.15,4,0.7900947571639517,0.6354396781561525,0.12151021329823819,-0.19122226306487955,-0.6271004596621695,5.2479777250158355
8,4,1.0,0.3,3,none,0.2,1,0.7070121981460021,0.5079707406352872,0.13593378241784682,-0.26760159895793,-0.5973347249078695,12.938053634615788
8,4,1.0,0.3,3,none,0.2,2,0.7679908347018557,0.5736859352510797,0.14697357478469897,-0.2561916995932181,-0.8875402193985363,9.19173169437031
8,4,1.0,0.3,3,none,0.2,4,0.7897367924405883,0.6278835279145057,0.14710975230796275,-0.23429465142457695,-0.6886982929312834,6.125242934750946
8,4,1.0,0.3,3,br30,none,1,0.5917500253113784,0.4189784819276094,0.12178860641672706,-0.29067985987349476,-1.4994617070426408,12.85057471264368
8,4,1.0,0.3,3,br30,none,2,0.8667605226352859,0.7791808049272719,0.1788974356999533,-0.22959682087734623,-1.0258517150890998,8.344827586206897
8,4,1.0,0.3,3,br30,none,4,0.8433046681868158,0.62815539879876,0.17950756925491218,-0.2857693647116458,-1.4251525535184129,5.655172413793103
8,4,1.0,0.3,3,br30,0.15,1,0.7481038741087879,0.49212332969734945,0.11209069858516885,-0.22776952812642193,-1.3889858975470666,8.547033622696699
8,4,1.0,0.3,3,br30,0.15,2,0.93540810400575,0.7908615894206702,0.14066420695909243,-0.1778619784305534,-1.0594431154937956,5.786515946103207
8,4,1.0,0.3,3,br30,0.15,4,0.8705563029826625,0.5944709113629787,0.13009458149551367,-0.2188409542146278,-1.3008728829316276,4.026614507247038
8,4,1.0,0.3,3,br30,0.2,1,0.6751328958300559,0.45478235706993536,0.11996117630850556,-0.26377711105898993,-1.496155863041005,10.294479833064521
8,4,1.0,0.3,3,br30,0.2,2,0.8970459957998972,0.7946835116464698,0.15886796147303794,-0.19991349907825118,-1.0332077563132218,6.878944042627117
8,4,1.0,0.3,3,br30,0.2,4,0.8490378380419905,0.6033757322308334,0.15063479041883143,-0.24965337910077412,-1.3615581693383538,4.72253880697283
8,4,1.0,0.3,3,br40,none,1,0.9645950406724115,0.934330980123967,0.18704871346401908,-0.2001953455928449,-0.6646490681687233,11.057471264367816
8,4,1.0,0.3,3,br40,none,2,0.9565793672354133,0.8165166297257398,0.1892910979048288,-0.23182760891031684,-0.574617000659693,7.333333333333335
8,4,1.0,0.3,3,br40,none,4,0.8993933654570992,0.6771446655444326,0.183899418758936,-0.2715806948151598,-1.0573978983171353,5.241379310344828
8,4,1.0,0.3,3,br40,0.15,1,1.0979258327440937,1.0024714136436106,0.15967911399590728,-0.1592854537522752,-0.706424988632294,7.506909935340386
8,4,1.0,0.3,3,br40,0.15,2,1.0352646530438234,0.9225837549937593,0.15144057816267087,-0.16414832511731714,-0.6322065347083291,5.167613561837639
8,4,1.0,0.3,3,br40,0.15,4,0.9427475479219025,0.7167439522029683,0.1380313379431628,-0.19258109889719022,-0.9098154418838502,3.7679344583156116
8,4,1.0,0.3,3,br40,0.2,1,1.0367752084593256,1.00369169638715,0.17576479048508187,-0.17511830686430707,-0.704517721412419,8.941324261804278
8,4,1.0,0.3,3,br40,0.2,2,0.9955667453151326,0.8874494019230879,0.17057291811982478,-0.19220579533908766,-0.5855266519786312,6.103447874942889
8,4,1.0,0.3,3,br40,0.2,4,0.8967452096516393,0.671955656100464,0.1538515405406904,-0.2289608535085953,-0.9869035065200359,4.418648510452464
8,4,1.0,0.3,3,mkt_ma20,none,1,0.7316245082958563,0.5956567270254682,0.13955088250774828,-0.23428071265915806,-0.5565968998301785,10.551724137931036
8,4,1.0,0.3,3,mkt_ma20,none,2,0.6683764709624299,0.4603360892642879,0.12938144564169862,-0.28105866270115143,-1.0784850669969226,6.873563218390803
8,4,1.0,0.3,3,mkt_ma20,none,4,0.9245901274663796,0.6813223598633391,0.18558195093085073,-0.2723849412018051,-1.0032476599872786,4.781609195402298
8,4,1.0,0.3,3,mkt_ma20,0.15,1,0.8929780703698116,0.7686280234907045,0.12997726854871794,-0.1691029530232706,-0.6517723845194099,7.289672891742627
8,4,1.0,0.3,3,mkt_ma20,0.15,2,0.7752328339988822,0.5357641892514281,0.11247345138582432,-0.2099308868384292,-1.0784850669969226,4.963428763768663
8,4,1.0,0.3,3,mkt_ma20,0.15,4,0.9495990513378325,0.6555990649012039,0.13666849090892463,-0.2084635232503268,-1.0032476599872786,3.496300653591888
8,4,1.0,0.3,3,mkt_ma20,0.2,1,0.8209248851828015,0.7205207678237057,0.13936664371155683,-0.19342488091287957,-0.6055644622613288,8.645118778832577
8,4,1.0,0.3,3,mkt_ma20,0.2,2,0.7414224295693845,0.5229475317024931,0.12601137272997098,-0.24096370111879473,-1.0784850669969226,5.812145807177225
8,4,1.0,0.3,3,mkt_ma20,0.2,4,0.9458068477117398,0.6779434147587342,0.15996735482270297,-0.235959744338887,-1.0032476599872786,4.061430680260215
8,4,1.0,0.3,3,mkt_ma50,none,1,1.0531076549887526,1.2724253818845066,0.19449196148154146,-0.15285136892938433,-0.17031633619708397,9.770114942528735
8,4,1.0,0.3,3,mkt_ma50,none,2,1.0103340199605721,1.0999493368827662,0.1908192032725431,-0.17347999300887873,-0.6837929354372518,6.689655172413793
8,4,1.0,0.3,3,mkt_ma50,none,4,0.7172538485771153,0.5318773424443274,0.13647218998398936,-0.2565858311557503,-1.4720946087619209,4.528735632183908
8,4,1.0,0.3,3,mkt_ma50,0.15,1,1.1703694232342898,1.7954561037805796,0.15634267047802175,-0.08707685481634486,-0.24620598482646752,6.007074876031046
8,4,1.0,0.3,3,mkt_ma50,0.15,2,1.0824006426936315,1.3754383143284439,0.1464284356395884,-0.10645947122033017,-0.684892147255604,4.352506609175691
8,4,1.0,0.3,3,mkt_ma50,0.15,4,0.6750791832656711,0.4480440637078696,0.08644192314437604,-0.19293174521499135,-1.4709680772751466,2.9827681608993473
8,4,1.0,0.3,3,mkt_ma50,0.2,1,1.110501859402686,1.5175074277627,0.175064271101951,-0.11536304066732161,-0.24620598482646758,7.467665554043462
8,4,1.0,0.3,3,mkt_ma50,0.2,2,1.0360745799462578,1.1820938743417235,0.16582996537670014,-0.1402849375808215,-0.6848921472556039,5.341236111559116
8,4,1.0,0.3,3,mkt_ma50,0.2,4,0.6838519127810688,0.47229920322251917,0.10463634369340502,-0.22154672923322005,-1.4709680772751466,3.6092081225784405
8,4,1.0,0.3,4,none,none,1,0.5106293078647671,0.33246996076333785,0.10470623556162129,-0.31493442391372717,-1.2084944035464502,13.862068965517242
8,4,1.0,0.3,4,none,none,2,0.580154372008178,0.3626529488500659,0.12070322382199317,-0.33283397861434827,-1.1160535988951705,9.89655172413793
8,4,1.0,0.3,4,none,none,4,0.6444296219769104,0.3736088112182583,0.13026851231720094,-0.3486762314101298,-1.5689315503667904,6.482758620689655
8,4,1.0,0.3,4,none,0.15,1,0.6299496006472304,0.39703884242499005,0.096491085459804,-0.24302681538780035,-1.116740038192375,9.715695685621192
8,4,1.0,0.3,4,none,0.15,2,0.6711798466094593,0.40098430464679025,0.10363072933193895,-0.2584408619764377,-0.9986468841101439,7.171656019721512
8,4,1.0,0.3,4,none,0.15,4,0.6120684101382168,0.31267614410658434,0.09226551843060649,-0.29508333197033165,-1.5044175403958078,5.0020595303428035
8,4,1.0,0.3,4,none,0.2,1,0.5675772751376246,0.3582652346198568,0.1061628626679727,-0.2963247683817788,-1.1981347752743028,11.824397332314811
8,4,1.0,0.3,4,none,0.2,2,0.6196446877798869,0.36936596874919253,0.11622245977757206,-0.3146539465212336,-1.1089934438036992,8.510637694838804
8,4,1.0,0.3,4,none,0.2,4,0.6286077813576074,0.34317052075833043,0.11484722082102405,-0.3346651704442365,-1.5582289614205176,5.77001501099488
8,4,1.0,0.3,4,br30,none,1,0.45619361824828497,0.2500715806828121,0.08662021312983281,-0.3463816755719271,-1.9888021136980674,11.517241379310345
8,4,1.0,0.3,4,br30,none,2,0.6739691032479522,0.48978776887741055,0.13126631513290166,-0.2680065193007227,-1.1456999415734168,8.103448275862068
8,4,1.0,0.3,4,br30,none,4,0.7825690207584157,0.4729149174046707,0.15042243516014686,-0.318075048225707,-1.8709580636031102,5.103448275862069
8,4,1.0,0.3,4,br30,0.15,1,0.5809299078817527,0.2966892977838138,0.08518625202838326,-0.28712276669465586,-1.8383243550400035,8.164230883353206
8,4,1.0,0.3,4,br30,0.15,2,0.7936609198908319,0.5562977549109482,0.11716332394426598,-0.21061261331716397,-1.1140894703181776,5.807851663223395
8,4,1.0,0.3,4,br30,0.15,4,0.810345241164783,0.4450637886472892,0.11778637461396424,-0.26465054587334524,-1.813096378965091,3.8313446216548366
8,4,1.0,0.3,4,br30,0.2,1,0.5205217526531302,0.27429844237407486,0.09079281133083272,-0.331000098086645,-1.9832679867993706,9.79285441075676
8,4,1.0,0.3,4,br30,0.2,2,0.7251982571968899,0.5091196672280113,0.12670797373525056,-0.24887660385451948,-1.1496061819663197,6.934733749223073
8,4,1.0,0.3,4,br30,0.2,4,0.7720231238525003,0.4424506284057501,0.13419423698351363,-0.30329765259243924,-1.8648281469793564,4.498844976371879
8,4,1.0,0.3,4,br40,none,1,0.8155000284340416,0.5885968522608902,0.145472966748335,-0.24715213170024808,-1.1188038791033768,10.034482758620689
8,4,1.0,0.3,4,br40,none,2,0.8332262708968985,0.6318395253446076,0.15537490630291528,-0.24590881081422256,-0.5904677467055756,7.206896551724139
8,4,1.0,0.3,4,br40,none,4,0.8382181857768503,0.5257504622909582,0.15587183972666585,-0.2964749456376208,-1.4576351913677863,4.689655172413793
8,4,1.0,0.3,4,br40,0.15,1,0.9058987058174964,0.6559744824492323,0.12893336034280556,-0.19655240225412896,-1.0726434590619989,7.289290408725989
8,4,1.0,0.3,4,br40,0.15,2,0.9271080297486209,0.7258218928408633,0.13318777834361772,-0.18349925740366058,-0.6163317780737151,5.303791882543677
8,4,1.0,0.3,4,br40,0.15,4,0.8938205710225073,0.5499988217569803,0.12878095081981855,-0.23414768491398885,-1.3815729512742922,3.5199891375903345
8,4,1.0,0.3,4,br40,0.2,1,0.8591071794349758,0.6200831122935371,0.1429280385217815,-0.23049819562594653,-1.120275794308514,8.654414713726805
8,4,1.0,0.3,4,br40,0.2,2,0.859565337587561,0.6523307449008177,0.1454679929508016,-0.22299729713478245,-0.6061474670784156,6.267958415067208
8,4,1.0,0.3,4,br40,0.2,4,0.8307106454342897,0.5062894948932597,0.1411330886070996,-0.2787596622696161,-1.4515602176182079,4.153197246409229
8,4,1.0,0.3,4,mkt_ma20,none,1,0.5796594699533376,0.38353010395105225,0.10186268108954821,-0.2655924008055137,-0.9712620266015002,9.620689655172413
8,4,1.0,0.3,4,mkt_ma20,none,2,0.5663806192265883,0.3744870651722308,0.10416504970475016,-0.27815393211737094,-0.892087007998192,6.620689655172414
8,4,1.0,0.3,4,mkt_ma20,none,4,0.8349718374416133,0.5083564222210954,0.15325512633836014,-0.30147180135693474,-1.4447848506489576,4.275862068965518
8,4,1.0,0.3,4,mkt_ma20,0.15,1,0.6977910705448638,0.4703418414807476,0.09964534129291436,-0.2118572759319205,-0.9756929045472493,7.103595647651319
8,4,1.0,0.3,4,mkt_ma20,0.15,2,0.6814710935829751,0.4544022803174216,0.09760823530068374,-0.21480577789464383,-0.892087007998192,4.955778595861024
8,4,1.0,0.3,4,mkt_ma20,0.15,4,0.8650415875720543,0.4920805587296423,0.12263185483049277,-0.24921093234628044,-1.4447848506489576,3.299359076596791
8,4,1.0,0.3,4,mkt_ma20,0.2,1,0.6502214528730075,0.43956710894297923,0.1079866923951398,-0.24566599774676923,-0.9727731578145469,8.371838571716049
8,4,1.0,0.3,4,mkt_ma20,0.2,2,0.6211086068833044,0.4116963163672101,0.1045175307933568,-0.2538704541143696,-0.892087007998192,5.825995269691652
8,4,1.0,0.3,4,mkt_ma20,0.2,4,0.8356006946096037,0.4959296337715383,0.14053364996560136,-0.28337417326092174,-1.4447848506489576,3.8255693757813063
8,4,1.0,0.3,4,mkt_ma50,none,1,0.9033663475459113,0.9036497298876718,0.14844572511247112,-0.1642735234712278,-0.9689673220692155,8.379310344827587
8,4,1.0,0.3,4,mkt_ma50,none,2,0.8168567638763157,0.6547417320631577,0.14237130321759683,-0.21744650790620967,-0.7535078400817333,6.310344827586207
8,4,1.0,0.3,4,mkt_ma50,none,4,0.6117441495800594,0.3717639137216737,0.10151550558570865,-0.2730644418105348,-1.4606644855605544,4.137931034482758
8,4,1.0,0.3,4,mkt_ma50,0.15,1,0.951642682654085,1.0896562363585185,0.12038884597837507,-0.11048332672393824,-0.9746535470379546,5.610342271889075
8,4,1.0,0.3,4,mkt_ma50,0.15,2,0.8671342186000137,0.7691137947438883,0.1138201447967031,-0.14798869240748014,-0.783807549660338,4.315550335602921
8,4,1.0,0.3,4,mkt_ma50,0.15,4,0.5581171003511383,0.30338130023699017,0.0681052208996733,-0.2244872075057759,-1.4606644855605544,2.923337136365418
8,4,1.0,0.3,4,mkt_ma50,0.2,1,0.9192491538884325,0.9558517770295476,0.13879630222002626,-0.1452069301491038,-0.9746535470379545,6.9201178713952665
8,4,1.0,0.3,4,mkt_ma50,0.2,2,0.8022423133133696,0.6380595308430873,0.12572702737887131,-0.19704592017102918,-0.783807549660338,5.3253937451666795
8,4,1.0,0.3,4,mkt_ma50,0.2,4,0.5607517617664698,0.32322023980734255,0.08340187501386409,-0.25803419694130636,-1.4606644855605544,3.5454471839257096
8,4,1.0,0.3,5,none,none,1,0.5379256340733367,0.3347583369675461,0.10384468315347806,-0.31020790727475,-1.4634336810025914,12.84137931034483
8,4,1.0,0.3,5,none,none,2,0.5970493904755966,0.40516080379153535,0.11438920108335804,-0.2823303735526548,-1.149102260362873,8.841379310344827
8,4,1.0,0.3,5,none,none,4,0.5490228626520657,0.3285865106234927,0.1021594705676967,-0.3109058566459383,-1.4027296298685417,6.027586206896552
8,4,1.0,0.3,5,none,0.15,1,0.6096844088298949,0.35967098898121863,0.09300688737339047,-0.25858879426677117,-1.4045939003096393,9.587905392146972
8,4,1.0,0.3,5,none,0.15,2,0.6647465310336402,0.4390254676768855,0.1011488376549623,-0.23039400923639797,-1.0361405272127295,6.799524935343711
8,4,1.0,0.3,5,none,0.15,4,0.5667760655223686,0.30778125181680227,0.08385169726130326,-0.2724392625162676,-1.335406833359847,4.796007798810554
8,4,1.0,0.3,5,none,0.2,1,0.5868060101917408,0.3541910680168642,0.10664868805459005,-0.30110496193967307,-1.4579323447584722,11.379928562418424
8,4,1.0,0.3,5,none,0.2,2,0.6347557860308106,0.4150784352364351,0.11474351335865407,-0.2764381466680975,-1.141210644166978,7.939016873389733
8,4,1.0,0.3,5,none,0.2,4,0.5532737337528384,0.31424943723830623,0.0970334333825229,-0.3087783839337128,-1.4000773028601443,5.46674409522565
8,4,1.0,0.3,5,br30,none,1,0.4575022745472512,0.23958708116609484,0.08179049806084615,-0.3413810864207011,-2.3958902632122796,10.993103448275864
8,4,1.0,0.3,5,br30,none,2,0.6802171413070354,0.5141286360681034,0.12128768935378442,-0.23590922746757526,-1.4139682561068492,7.3517241379310345
8,4,1.0,0.3,5,br30,none,4,0.6535714920036353,0.3938680051818986,0.11497591869174384,-0.29191484756078356,-1.8224994759726283,4.827586206896552
8,4,1.0,0.3,5,br30,0.15,1,0.5606441392913732,0.27377120531688043,0.08118771547682391,-0.29655315789274483,-2.2692469859117796,8.093827919379388
8,4,1.0,0.3,5,br30,0.15,2,0.7693186458757847,0.5529484901602897,0.11035486760670876,-0.1995753122948557,-1.3836124157813183,5.510643338784971
8,4,1.0,0.3,5,br30,0.15,4,0.7038380297264167,0.3913966177949106,0.09993420092851846,-0.2553271959567197,-1.7901821613023332,3.76783549551216
8,4,1.0,0.3,5,br30,0.2,1,0.5236195621835255,0.2662213591028965,0.0888657335982086,-0.3338039212843975,-2.3911639301173464,9.697682928288142
8,4,1.0,0.3,5,br30,0.2,2,0.7210787116554161,0.5270876324070635,0.12133196070801233,-0.23019314673334834,-1.4102472060682822,6.561031785190237
8,4,1.0,0.3,5,br30,0.2,4,0.6549944492445212,0.3767094254856098,0.10914354832758177,-0.28972874301429186,-1.8190055948725639,4.387436733256444
8,4,1.0,0.3,5,br40,none,1,0.7932921508379195,0.5647002278330134,0.13428397349884302,-0.23779691751523768,-1.5605041293473747,9.365517241379312
8,4,1.0,0.3,5,br40,none,2,0.8199177577850338,0.6974517209552427,0.14085966548779938,-0.20196332055052557,-0.7824046863355953,6.551724137931035
8,4,1.0,0.3,5,br40,none,4,0.7033277102843439,0.44497429877315064,0.11985512631855899,-0.26935291914390214,-1.4337002476966731,4.358620689655172
8,4,1.0,0.3,5,br40,0.15,1,0.8589873032492183,0.60017823738894,0.12089710840216905,-0.2014353418213376,-1.5061084274675514,7.04098528291742
8,4,1.0,0.3,5,br40,0.15,2,0.8950151045055885,0.7659197365304394,0.12544582134599191,-0.16378455256193336,-0.7971296408393184,5.010079868016086
8,4,1.0,0.3,5,br40,0.15,4,0.771356082489058,0.47275362980922087,0.10729567594066425,-0.22695896800192372,-1.3858102491836297,3.411356998946001
8,4,1.0,0.3,5,br40,0.2,1,0.834516330954799,0.5922820127119414,0.1361047472116026,-0.2297971984467434,-1.5562929001842416,8.369144102738762
8,4,1.0,0.3,5,br40,0.2,2,0.8463842789512777,0.713776251223207,0.1385279490560627,-0.19407755416163774,-0.7798558543076668,5.91585872286225
8,4,1.0,0.3,5,br40,0.2,4,0.7016809770268216,0.4288632685047446,0.1141034950174733,-0.26606031198545266,-1.4321819417638169,3.9748377249585656
8,4,1.0,0.3,5,mkt_ma20,none,1,0.6011786465437099,0.3966198866188871,0.10078211807581416,-0.25410253362473456,-1.3835181429224663,9.03448275862069
8,4,1.0,0.3,5,mkt_ma20,none,2,0.5974797012538612,0.43072621377653775,0.10095764079531877,-0.2343893581728832,-1.1214236792449188,6.193103448275863
8,4,1.0,0.3,5,mkt_ma20,none,4,0.7240424740024336,0.44385998256552456,0.12154857730656565,-0.27384441508786417,-1.4406358087414184,4.027586206896553
8,4,1.0,0.3,5,mkt_ma20,0.15,1,0.6886554782817715,0.4543006943966421,0.09711986356218638,-0.21377881381222963,-1.3684383476595123,6.874659902811651
8,4,1.0,0.3,5,mkt_ma20,0.15,2,0.6773889724252222,0.4813290094495572,0.09438224672275197,-0.19608676159096772,-1.1214236792449188,4.833461596535993
8,4,1.0,0.3,5,mkt_ma20,0.15,4,0.7742433675453377,0.44834213854559835,0.10698911720011384,-0.23863274941584056,-1.4406358087414184,3.2276907929550136
8,4,1.0,0.3,5,mkt_ma20,0.2,1,0.6471787846733615,0.4321408014200874,0.10482676216100972,-0.2425754796041738,-1.378872152904218,8.098247047612674
8,4,1.0,0.3,5,mkt_ma20,0.2,2,0.6389112132502839,0.45757760301990297,0.10339525178940168,-0.22596222172374192,-1.1214236792449188,5.647533829683759
8,4,1.0,0.3,5,mkt_ma20,0.2,4,0.7321291149011717,0.4350485291877233,0.11747880806630806,-0.2700360998476471,-1.4406358087414184,3.7038423432873877
8,4,1.0,0.3,5,mkt_ma50,none,1,0.9173998707535908,1.0390754357010288,0.1431655259145923,-0.13778164798786086,-1.187074048734084,7.931034482758621
8,4,1.0,0.3,5,mkt_ma50,none,2,0.801367878039936,0.7821415157603971,0.128001700058199,-0.16365542229753127,-1.3891296410610163,5.696551724137931
8,4,1.0,0.3,5,mkt_ma50,none,4,0.47681385374167146,0.26786314471239026,0.07287056418962101,-0.27204401063783346,-1.763683423504403,3.848275862068965
8,4,1.0,0.3,5,mkt_ma50,0.15,1,0.9441764581989849,1.1029989166908671,0.1198710751501566,-0.10867741875013315,-1.173034463992573,5.507835915920247
8,4,1.0,0.3,5,mkt_ma50,0.15,2,0.8345910754564826,0.8427123422968497,0.10719509493534485,-0.12720247414815344,-1.3802310781375142,4.105269902124336
8,4,1.0,0.3,5,mkt_ma50,0.15,4,0.4379528371969769,0.21994017929195356,0.052729621362692436,-0.2397452867977249,-1.763683423504403,2.8630813490405655
8,4,1.0,0.3,5,mkt_ma50,0.2,1,0.9268914906022518,1.0804469808095913,0.13843149502525542,-0.12812428326795555,-1.1730344639925723,6.859917229756044
8,4,1.0,0.3,5,mkt_ma50,0.2,2,0.8004874940969553,0.7709603206912335,0.12107992466188144,-0.15705078641832393,-1.380231078137514,5.032559762560479
8,4,1.0,0.3,5,mkt_ma50,0.2,4,0.446788569296897,0.2386755026630978,0.06439316685768204,-0.2697937833552032,-1.763683423504403,3.422975360570291
8,4,1.5,0.0,3,none,none,1,0.7058880945218889,0.4914981943900867,0.15332452025107912,-0.3119533743991545,-0.5903468789245248,14.965517241379306
8,4,1.5,0.0,3,none,none,2,0.7005297169619268,0.47202362139388276,0.14808162784181778,-0.31371656232909206,-1.353324365938358,10.459770114942527
8,4,1.5,0.0,3,none,none,4,0.5919357857555568,0.3918590553276122,0.12700871338243358,-0.3241183574952694,-1.3410363555559293,7.057471264367815
8,4,1.5,0.0,3,none,0.15,1,0.8439039949520732,0.6017166839360959,0.132011024201395,-0.21939066628143378,-0.5580742953533582,10.327506977612016
8,4,1.5,0.0,3,none,0.15,2,0.7849108848619447,0.5022357471140936,0.12232104986342485,-0.24355305365318214,-1.148709472116972,7.573686801220456
8,4,1.5,0.0,3,none,0.15,4,0.6276580295377222,0.3771485510641658,0.09597449723597773,-0.2544739916544163,-1.1752723540286134,5.240550589299797
8,4,1.5,0.0,3,none,0.2,1,0.7613673013052584,0.522856286016439,0.14406556689939554,-0.2755356887779026,-0.5820281146515666,12.441707468137851
8,4,1.5,0.0,3,none,0.2,2,0.732265612984378,0.47002918163354157,0.13741493496163515,-0.2923540501976125,-1.2971322922511521,8.879201039371663
8,4,1.5,0.0,3,none,0.2,4,0.6198410332230496,0.38709891604446517,0.11359060197030213,-0.2934407647818219,-1.2720471702072238,6.036940435259007
8,4,1.5,0.0,3,br30,none,1,0.6337629322556048,0.4107737851999705,0.12929216691672307,-0.314752721753609,-1.9083830391599876,12.620689655172415
8,4,1.5,0.0,3,br30,none,2,0.755875475318952,0.5686472980512792,0.14997365005697905,-0.26373755853747993,-1.803026291443969,8.482758620689655
8,4,1.5,0.0,3,br30,none,4,0.6577596664254034,0.467337879725316,0.13485102478557032,-0.288551454174506,-1.7619921660185485,5.563218390804598
8,4,1.5,0.0,3,br30,0.15,1,0.7798442138924543,0.45423709350843205,0.11738980741154559,-0.2584328957039843,-1.8109541922033296,8.54760290495167
8,4,1.5,0.0,3,br30,0.15,2,0.8735088148427542,0.6155823108456261,0.129748708724998,-0.2107739394700313,-1.719724901147865,5.891156618974663
8,4,1.5,0.0,3,br30,0.15,4,0.762386678622921,0.5093070598720082,0.112417491319043,-0.22072635582018862,-1.589745327419346,4.014274397518808
8,4,1.5,0.0,3,br30,0.2,1,0.7074201499022515,0.428215129978318,0.1256371947945354,-0.2933973743545606,-1.8971112178239184,10.201599219646143
8,4,1.5,0.0,3,br30,0.2,2,0.797094294740799,0.5708508633274268,0.13980599043587438,-0.24490808268373399,-1.7810599758059682,7.0573321698529385
8,4,1.5,0.0,3,br30,0.2,4,0.714899746589671,0.48868794337730814,0.12510690727831952,-0.25600571688695517,-1.6971114686854423,4.695134500607661
8,4,1.5,0.0,3,br40,none,1,1.0165326283204343,0.9116266841537404,0.19576402061157272,-0.21474143310460436,-0.9971709733275878,10.873563218390807
8,4,1.5,0.0,3,br40,none,2,0.8402612075806338,0.6250148346870772,0.15974883723632138,-0.2555920729726391,-1.1103022137869223,7.517241379310345
8,4,1.5,0.0,3,br40,none,4,0.6363315837199452,0.427311445111123,0.12507513065940556,-0.2927025056089466,-1.6800478206788183,5.103448275862069
8,4,1.5,0.0,3,br40,0.15,1,1.1316890478690547,0.9534101622712411,0.16520023791599492,-0.1732729988134909,-1.0125256250879653,7.484598777206697
8,4,1.5,0.0,3,br40,0.15,2,0.9604423277910575,0.7044657475769274,0.1389700241471845,-0.19727009386217043,-1.0986777392667189,5.343368223004641
8,4,1.5,0.0,3,br40,0.15,4,0.7579291301080099,0.5044720019001926,0.1091315213624422,-0.2163282024599521,-1.5179762946169109,3.7142313333174557
8,4,1.5,0.0,3,br40,0.2,1,1.0708607650815174,0.9180874352322167,0.18200746792539912,-0.1982463335633855,-1.0206119996861995,8.889589307551562
8,4,1.5,0.0,3,br40,0.2,2,0.8795707670074933,0.6319152528439682,0.1491387967735811,-0.23601075635122593,-1.1147260767605214,6.338459634196198
8,4,1.5,0.0,3,br40,0.2,4,0.6870119231568987,0.452971834758726,0.11624793664863908,-0.25663391789151346,-1.629756261253677,4.3546072949979875
8,4,1.5,0.0,3,mkt_ma20,none,1,0.7617165201239919,0.6098255854279151,0.14327044228223773,-0.23493675192670826,-0.6950900718428671,10.50574712643678
8,4,1.5,0.0,3,mkt_ma20,none,2,0.5913556226974391,0.3998862034427215,0.1097057187969277,-0.27434234502826904,-1.3304532736060044,7.011494252873563
8,4,1.5,0.0,3,mkt_ma20,none,4,0.709906261124125,0.519253181859733,0.1369522479388947,-0.2637485001986756,-1.078564325163431,4.64367816091954
8,4,1.5,0.0,3,mkt_ma20,0.15,1,0.9235497206944395,0.7328452092608135,0.1350698644102113,-0.18430885909242678,-0.7893838512802105,7.405270974111713
8,4,1.5,0.0,3,mkt_ma20,0.15,2,0.7460293102203606,0.49236563496145724,0.10831652637578748,-0.21999205201286354,-1.3304532736060044,5.092941032534066
8,4,1.5,0.0,3,mkt_ma20,0.15,4,0.8235956020870202,0.5814063136392671,0.11719798507543011,-0.20157673270150533,-1.078564325163431,3.462266172510965
8,4,1.5,0.0,3,mkt_ma20,0.2,1,0.841651706791939,0.6649812650407186,0.14200295226897186,-0.21354429024444266,-0.7332961631845444,8.738504880278796
8,4,1.5,0.0,3,mkt_ma20,0.2,2,0.6644024922047399,0.43299917349075145,0.11098514970988704,-0.2563172322366052,-1.3304532736060044,5.98602957364649
8,4,1.5,0.0,3,mkt_ma20,0.2,4,0.788751959690794,0.5706745318345215,0.13192197939845274,-0.231168506809598,-1.078564325163431,4.003797679006908
8,4,1.5,0.0,3,mkt_ma50,none,1,1.133928421970549,1.359823871002732,0.2078509401856221,-0.15285136892938433,-0.1553780904308738,9.080459770114944
8,4,1.5,0.0,3,mkt_ma50,none,2,0.8996893765420493,0.9490561769215969,0.1646422589373917,-0.17347999300887862,-1.3424734136177345,6.781609195402299
8,4,1.5,0.0,3,mkt_ma50,none,4,0.46967836097156784,0.33411437339399463,0.08642852095315523,-0.2586794458292787,-1.4720946087619209,4.390804597701149
8,4,1.5,0.0,3,mkt_ma50,0.15,1,1.2285564760968215,1.8589648083521133,0.1647870509349354,-0.08864452419678215,-0.20727568815839836,5.620373156921432
8,4,1.5,0.0,3,mkt_ma50,0.15,2,1.0019467604654004,1.2749773709389605,0.13596358488747184,-0.10663999847098549,-1.3386975192355162,4.473377239791773
8,4,1.5,0.0,3,mkt_ma50,0.15,4,0.5008214235852885,0.32203006187712935,0.06426141886257741,-0.19955099374261642,-1.4732066441262774,2.9355876585405976
8,4,1.5,0.0,3,mkt_ma50,0.2,1,1.174726360251074,1.5848785293155674,0.18610540760092498,-0.11742566017428158,-0.20727568815839853,7.001520656593213
8,4,1.5,0.0,3,mkt_ma50,0.2,2,0.9314339737220992,1.067336867834804,0.15002043143505106,-0.14055584132438148,-1.3386975192355157,5.507430492706318
8,4,1.5,0.0,3,mkt_ma50,0.2,4,0.4883715276297094,0.3263819603572466,0.0748752690344372,-0.22940994947294657,-1.4732066441262779,3.5463007861001072
8,4,1.5,0.0,4,none,none,1,0.6708936466418374,0.4817140844985285,0.13207795557442448,-0.27418329632591,-0.5238598914641551,13.310344827586208
8,4,1.5,0.0,4,none,none,2,0.6252850006113235,0.3776174524069602,0.11928556184150296,-0.31588995974939293,-1.3092007130721182,9.551724137931034
8,4,1.5,0.0,4,none,none,4,0.5971417138966383,0.3240817627039307,0.11321702061889671,-0.34934708967973516,-1.5099861892743525,6.275862068965518
8,4,1.5,0.0,4,none,0.15,1,0.8098761357098905,0.6371579135841153,0.12358466147971603,-0.1939623739184726,-0.4576802076447252,9.740498137548299
8,4,1.5,0.0,4,none,0.15,2,0.721429298510856,0.4075694218526623,0.10986976148071981,-0.26957312200039896,-1.168149743879256,7.255608110109703
8,4,1.5,0.0,4,none,0.15,4,0.6245227401862371,0.30952997019453443,0.0914715790618994,-0.2955176812261864,-1.4099478897385975,4.935520909708959
8,4,1.5,0.0,4,none,0.2,1,0.7190098595757615,0.5506897559429355,0.1315351179561044,-0.23885521119033593,-0.5177104512110636,11.605152447637215
8,4,1.5,0.0,4,none,0.2,2,0.6394916040439169,0.3657197741439833,0.11469115401835417,-0.3136039178816742,-1.3007323819414045,8.48123316801099
8,4,1.5,0.0,4,none,0.2,4,0.5983033011600055,0.31046306852179334,0.10539851633401809,-0.3394880970411446,-1.4931853646547728,5.6835080916274245
8,4,1.5,0.0,4,br30,none,1,0.5254962209214546,0.31996141585812504,0.095823715882563,-0.29948522269651556,-1.7333412850342753,11.379310344827585
8,4,1.5,0.0,4,br30,none,2,0.6941108294350482,0.5159754116044847,0.12348995366712479,-0.2393330203141243,-1.3824796453158623,8.103448275862068
8,4,1.5,0.0,4,br30,none,4,0.6946481422671127,0.42648501551429585,0.12507624068543288,-0.29327229828837986,-1.515407913125608,5.0344827586206895
8,4,1.5,0.0,4,br30,0.15,1,0.6752216296636254,0.3910726245819476,0.0993101687805833,-0.2539430339486043,-1.5895371078831966,8.232779843388256
8,4,1.5,0.0,4,br30,0.15,2,0.8037721544902124,0.5665310688455192,0.11512898453853904,-0.2032174241973166,-1.328561071403716,5.9985121751698
8,4,1.5,0.0,4,br30,0.15,4,0.7720834051965554,0.45290959567233985,0.10872108739661979,-0.24005030680620576,-1.4084901625228647,3.897865619208082
8,4,1.5,0.0,4,br30,0.2,1,0.5781424802003268,0.33257627338506024,0.09856018847507131,-0.2963536378344023,-1.7323075810479107,9.86066719665121
8,4,1.5,0.0,4,br30,0.2,2,0.6932808111250228,0.4878858773380882,0.11593615523818457,-0.23762966017941278,-1.3803812846204404,7.20188398319358
8,4,1.5,0.0,4,br30,0.2,4,0.697041094440468,0.41346967076626645,0.11680565064717396,-0.2825011334705707,-1.4988445052794181,4.58324322480079
8,4,1.5,0.0,4,br40,none,1,0.8670312396523687,0.7134785343384745,0.1485267479842738,-0.20817269313082465,-0.8746358486011376,10.034482758620689
8,4,1.5,0.0,4,br40,none,2,0.8501515964482337,0.6766743238807615,0.14395706053763835,-0.2127420170341876,-0.6828060525317838,7.13793103448276
8,4,1.5,0.0,4,br40,none,4,0.6942521454515123,0.42928453403288175,0.12025848342433276,-0.280137004458496,-1.182010081279231,4.586206896551724
8,4,1.5,0.0,4,br40,0.15,1,0.9617362919068794,0.7903853057592974,0.13583828082083693,-0.1718633681965298,-0.819355408737732,7.4250188511959685
8,4,1.5,0.0,4,br40,0.15,2,0.9428464634028262,0.7537009319981218,0.13097387809098793,-0.17377433479319926,-0.6561995016823754,5.399980321151597
8,4,1.5,0.0,4,br40,0.15,4,0.792141196111979,0.49581250701896057,0.10866858394300727,-0.2191727364772822,-1.0560967992245125,3.5796224137224395
8,4,1.5,0.0,4,br40,0.2,1,0.892359248134192,0.708708975267044,0.14533980095684296,-0.20507684540340188,-0.8751966380054759,8.838581441155092
8,4,1.5,0.0,4,br40,0.2,2,0.8328521526833015,0.6387016825124623,0.13393739945141792,-0.20970259374383993,-0.6774756280908176,6.420768056037622
8,4,1.5,0.0,4,br40,0.2,4,0.6941444881280376,0.4200297512208224,0.11231845756415915,-0.2674059569297269,-1.1678225883277333,4.204442076663096
8,4,1.5,0.0,4,mkt_ma20,none,1,0.6475538321128683,0.5043384209471711,0.1086542686319647,-0.21543920534133987,-0.5886407259145078,9.586206896551724
8,4,1.5,0.0,4,mkt_ma20,none,2,0.5865946001970083,0.4112110779279639,0.09720899474050593,-0.23639682868061018,-0.9403138487461024,6.724137931034483
8,4,1.5,0.0,4,mkt_ma20,none,4,0.7176545801309415,0.4517425227595151,0.12225948438319767,-0.27063975212331837,-0.9463179086194989,4.172413793103448
8,4,1.5,0.0,4,mkt_ma20,0.15,1,0.7735831429251343,0.6141921701151543,0.10881576550347116,-0.1771689233405066,-0.5928395555330404,7.214736526869335
8,4,1.5,0.0,4,mkt_ma20,0.15,2,0.6955251836345324,0.47557614739595777,0.09557166115213978,-0.20095974467064304,-0.9403138487461024,5.1889075127493385
8,4,1.5,0.0,4,mkt_ma20,0.15,4,0.8122669135517416,0.49848048059255695,0.11053415853258364,-0.22174220021852964,-0.9463179086194989,3.3273459054546013
8,4,1.5,0.0,4,mkt_ma20,0.2,1,0.6911619638890667,0.5292487695627963,0.11144396947995294,-0.21057010594850312,-0.5893659946008369,8.508201320590834
8,4,1.5,0.0,4,mkt_ma20,0.2,2,0.5982609904723346,0.4064438301270153,0.09485705365411223,-0.23338293417929123,-0.9403138487461024,6.112199254757778
8,4,1.5,0.0,4,mkt_ma20,0.2,4,0.7397760610416378,0.4560168785336614,0.11810870810640384,-0.25900073805642154,-0.9463179086194989,3.8399261022517797
8,4,1.5,0.0,4,mkt_ma50,none,1,0.935963045170235,0.9998775807977818,0.1485642574469117,-0.14858244679151156,-0.9738079168737445,8.310344827586206
8,4,1.5,0.0,4,mkt_ma50,none,2,0.8378373954944515,0.6821880579196236,0.13640988607752402,-0.19995935797163433,-1.4485131338427946,6.344827586206897
8,4,1.5,0.0,4,mkt_ma50,none,4,0.4819300686592157,0.2717834852980648,0.07702623795339392,-0.2834102957687782,-1.7873525384818645,4.0344827586206895
8,4,1.5,0.0,4,mkt_ma50,0.15,1,0.9733705954235237,1.1039065565713888,0.12447785270151157,-0.11276122237023933,-0.9773261028680863,5.7468369899988545
8,4,1.5,0.0,4,mkt_ma50,0.15,2,0.8783501131102482,0.7589650967955556,0.11611943346497178,-0.1529970666045677,-1.4414711433047496,4.549985605472249
8,4,1.5,0.0,4,mkt_ma50,0.15,4,0.48468072401522017,0.24929202152021082,0.05889931176327323,-0.23626633297005895,-1.7871543815863347,2.958366973004232
8,4,1.5,0.0,4,mkt_ma50,0.2,1,0.9251569053601948,0.9506150587419351,0.13807248340191758,-0.14524541993332796,-0.9773261028680866,7.065360098140715
8,4,1.5,0.0,4,mkt_ma50,0.2,2,0.8021938603166577,0.6238581931038232,0.1233746971768499,-0.1977608029206691,-1.4414711433047491,5.588492018619807
8,4,1.5,0.0,4,mkt_ma50,0.2,4,0.47113361866946457,0.25339563182913905,0.06919368105266521,-0.2730658005159359,-1.7871543815863344,3.5684061729750494
8,4,1.5,0.0,5,none,none,1,0.5608720493952316,0.344297812485726,0.10477347809728821,-0.30431061220184763,-1.1316807721909192,12.317241379310348
8,4,1.5,0.0,5,none,none,2,0.6052780727956217,0.41060053391134776,0.11345181767934354,-0.27630703885991237,-1.0763635662151492,8.344827586206899
8,4,1.5,0.0,5,none,none,4,0.6353267726643314,0.38441665666357233,0.11775114565999378,-0.3063112474937457,-1.5005968518611008,5.66896551724138
8,4,1.5,0.0,5,none,0.15,1,0.6008497995716161,0.32721783853353625,0.09001453801645143,-0.27509055869283217,-1.1387258927042176,9.374702257972904
8,4,1.5,0.0,5,none,0.15,2,0.6505270718727608,0.3965371933897154,0.09708399565548032,-0.24482948201044663,-0.9847401521378086,6.4186800814200735
8,4,1.5,0.0,5,none,0.15,4,0.6320376020422233,0.33388691790837133,0.09263444236792862,-0.27744256333322503,-1.4347466249421568,4.50693027296351
8,4,1.5,0.0,5,none,0.2,1,0.5955392394844227,0.3477994151142598,0.10583905293686491,-0.3043106122018475,-1.1316807721909192,10.953990866561373
8,4,1.5,0.0,5,none,0.2,2,0.6310426954600552,0.4038971810963482,0.11159723078814965,-0.2763010885226469,-1.0763635662151492,7.435124326654294
8,4,1.5,0.0,5,none,0.2,4,0.6360963125869323,0.36151004189532854,0.11092106758731046,-0.30682707181734803,-1.5005968518611008,5.126709906123936
8,4,1.5,0.0,5,br30,none,1,0.4686088642040006,0.25203371557964366,0.08095403290164227,-0.32120318789674185,-2.2660449512390377,10.662068965517243
8,4,1.5,0.0,5,br30,none,2,0.612334339226785,0.41851577679063395,0.10715523367034652,-0.2560363064256759,-1.7536843232971329,7.103448275862069
8,4,1.5,0.0,5,br30,none,4,0.7010437875135439,0.42101099398970676,0.12352775120555703,-0.2934074239604706,-2.0144354586181135,4.5793103448275865
8,4,1.5,0.0,5,br30,0.15,1,0.5687946257968757,0.2749046324463072,0.08191788347137341,-0.29798655170852073,-2.2073442202071205,7.997927312175111
8,4,1.5,0.0,5,br30,0.15,2,0.6764911207715852,0.4102026589632196,0.09589681433824282,-0.23377911440315968,-1.7272181479491675,5.348162426922091
8,4,1.5,0.0,5,br30,0.15,4,0.7248640529678064,0.38518213358705616,0.102531294084941,-0.26618912235130343,-1.9828980306816468,3.597760914830212
8,4,1.5,0.0,5,br30,0.2,1,0.5205573808473951,0.26773093727063285,0.0859960305499099,-0.32120318789674185,-2.2660449512390377,9.471766495952416
8,4,1.5,0.0,5,br30,0.2,2,0.6381013658837213,0.4127928782816494,0.10568743881714204,-0.25603018941870237,-1.7536843232971329,6.342155870984339
8,4,1.5,0.0,5,br30,0.2,4,0.6957282459730588,0.3942183272255225,0.11587371388841694,-0.2939328435182783,-2.0144354586181135,4.174520253344273
8,4,1.5,0.0,5,br40,none,1,0.7749198198705701,0.5444702697444271,0.12635975516717202,-0.23207833776945241,-1.443574198596822,9.255172413793103
8,4,1.5,0.0,5,br40,none,2,0.706970165228585,0.5326999101041828,0.11815663659098607,-0.22180712695798577,-0.9819731618515812,6.331034482758621
8,4,1.5,0.0,5,br40,none,4,0.7184430393769107,0.4494988014474345,0.12219640621336092,-0.27185034936661756,-1.6040663911583155,4.1931034482758625
8,4,1.5,0.0,5,br40,0.15,1,0.8333895610546057,0.5414908368441134,0.11599581748629983,-0.21421566090082,-1.4291032847699106,7.116303236600382
8,4,1.5,0.0,5,br40,0.15,2,0.7686038305572225,0.535895558555561,0.10598202920756772,-0.1977662018569979,-0.9880504023048817,4.869291696160227
8,4,1.5,0.0,5,br40,0.15,4,0.7741415146944356,0.4510914826969991,0.10801330944731369,-0.2394487894152213,-1.5658610485325222,3.3211342584233523
8,4,1.5,0.0,5,br40,0.2,1,0.7975869519970269,0.5440149952367536,0.1262540958162024,-0.23207833776945253,-1.443574198596822,8.356377359870974
8,4,1.5,0.0,5,br40,0.2,2,0.719719015135276,0.5191308668183029,0.1151436044535592,-0.22180072851237287,-0.9819731618515812,5.719630545213547
8,4,1.5,0.0,5,br40,0.2,4,0.7195235878529828,0.42961849407233943,0.11674400267459273,-0.2717387735522747,-1.6040663911583155,3.8444900863981495
8,4,1.5,0.0,5,mkt_ma20,none,1,0.6017473076988349,0.4088298361415566,0.09633494285247557,-0.23563579351659591,-1.1725266024438623,8.979310344827587
8,4,1.5,0.0,5,mkt_ma20,none,2,0.5021202004069389,0.3321317460301539,0.08237188649758043,-0.24800967532354457,-1.2954660463808843,6.0551724137931044
8,4,1.5,0.0,5,mkt_ma20,none,4,0.74750211296577,0.46089646155129316,0.12529259036881113,-0.27184541609865953,-1.5351938260478901,3.8068965517241384
8,4,1.5,0.0,5,mkt_ma20,0.15,1,0.6923953399631594,0.44814122971040155,0.09541893772056631,-0.21292157782989096,-1.1632652899381533,6.972311704099556
8,4,1.5,0.0,5,mkt_ma20,0.15,2,0.565609426200726,0.34320206766069933,0.07703080112251448,-0.2244473690020703,-1.2954660463808843,4.746077417647252
8,4,1.5,0.0,5,mkt_ma20,0.15,4,0.7843283007604848,0.43790005544482685,0.10752620790776546,-0.2455496558422181,-1.5351938260478901,3.0827873540139863
8,4,1.5,0.0,5,mkt_ma20,0.2,1,0.627290245304784,0.41471432097582006,0.09772153810583362,-0.23563579351659591,-1.1725266024438623,8.134110286404608
8,4,1.5,0.0,5,mkt_ma20,0.2,2,0.5266123327790319,0.33499315918591177,0.08307947338145838,-0.24800349232012708,-1.2954660463808843,5.532660824859397
8,4,1.5,0.0,5,mkt_ma20,0.2,4,0.7535683539553443,0.44338953239721096,0.12047959469098002,-0.27172403922032207,-1.5351938260478901,3.522454418288148
8,4,1.5,0.0,5,mkt_ma50,none,1,0.8894546207620259,1.0394291028400067,0.13275362007668035,-0.12771782097880546,-1.187074048734084,7.793103448275861
8,4,1.5,0.0,5,mkt_ma50,none,2,0.7265540918578629,0.6757550875919491,0.11328392902422624,-0.16764051222745968,-1.3891296410610163,5.586206896551724
8,4,1.5,0.0,5,mkt_ma50,none,4,0.5100092816964498,0.2997228022525463,0.07742057972799232,-0.25830727307413126,-1.763683423504403,3.655172413793103
8,4,1.5,0.0,5,mkt_ma50,0.15,1,0.9045616037922662,1.0062261380044288,0.11346236284141398,-0.11276030164197004,-1.1728588704581477,5.5815194986024075
8,4,1.5,0.0,5,mkt_ma50,0.15,2,0.749236254521099,0.6931950906292962,0.09520739735137762,-0.137345746729029,-1.3827442241846875,4.081261294257835
8,4,1.5,0.0,5,mkt_ma50,0.15,4,0.4655124226652104,0.23712760389119927,0.055824745878716886,-0.2354206973909745,-1.763683423504403,2.7501955287085
8,4,1.5,0.0,5,mkt_ma50,0.2,1,0.8770119496530048,0.9912247238949633,0.12659706183618247,-0.12771782097880513,-1.187074048734084,6.828452830928717
8,4,1.5,0.0,5,mkt_ma50,0.2,2,0.7124387262507103,0.6316950239153337,0.10589335417775292,-0.16763366841393046,-1.3891296410610163,4.96781882612169
8,4,1.5,0.0,5,mkt_ma50,0.2,4,0.482154642513858,0.2667080361971424,0.06903972032563721,-0.25885879297092185,-1.763683423504403,3.269648761375855
8,4,1.5,0.3,3,none,none,1,0.7058880945218889,0.4914981943900867,0.15332452025107912,-0.3119533743991545,-0.5903468789245248,14.965517241379306
8,4,1.5,0.3,3,none,none,2,0.7005297169619268,0.47202362139388276,0.14808162784181778,-0.31371656232909206,-1.353324365938358,10.459770114942527
8,4,1.5,0.3,3,none,none,4,0.5919357857555568,0.3918590553276122,0.12700871338243358,-0.3241183574952694,-1.3410363555559293,7.057471264367815
8,4,1.5,0.3,3,none,0.15,1,0.8439039949520732,0.6017166839360959,0.132011024201395,-0.21939066628143378,-0.5580742953533582,10.327506977612016
8,4,1.5,0.3,3,none,0.15,2,0.7849108848619447,0.5022357471140936,0.12232104986342485,-0.24355305365318214,-1.148709472116972,7.573686801220456
8,4,1.5,0.3,3,none,0.15,4,0.6276580295377222,0.3771485510641658,0.09597449723597773,-0.2544739916544163,-1.1752723540286134,5.240550589299797
8,4,1.5,0.3,3,none,0.2,1,0.7613673013052584,0.522856286016439,0.14406556689939554,-0.2755356887779026,-0.5820281146515666,12.441707468137851
8,4,1.5,0.3,3,none,0.2,2,0.732265612984378,0.47002918163354157,0.13741493496163515,-0.2923540501976125,-1.2971322922511521,8.879201039371663
8,4,1.5,0.3,3,none,0.2,4,0.6198410332230496,0.38709891604446517,0.11359060197030213,-0.2934407647818219,-1.2720471702072238,6.036940435259007
8,4,1.5,0.3,3,br30,none,1,0.6337629322556048,0.4107737851999705,0.12929216691672307,-0.314752721753609,-1.9083830391599876,12.620689655172415
8,4,1.5,0.3,3,br30,none,2,0.755875475318952,0.5686472980512792,0.14997365005697905,-0.26373755853747993,-1.803026291443969,8.482758620689655
8,4,1.5,0.3,3,br30,none,4,0.6577596664254034,0.467337879725316,0.13485102478557032,-0.288551454174506,-1.7619921660185485,5.563218390804598
8,4,1.5,0.3,3,br30,0.15,1,0.7798442138924543,0.45423709350843205,0.11738980741154559,-0.2584328957039843,-1.8109541922033296,8.54760290495167
8,4,1.5,0.3,3,br30,0.15,2,0.8735088148427542,0.6155823108456261,0.129748708724998,-0.2107739394700313,-1.719724901147865,5.891156618974663
8,4,1.5,0.3,3,br30,0.15,4,0.762386678622921,0.5093070598720082,0.112417491319043,-0.22072635582018862,-1.589745327419346,4.014274397518808
8,4,1.5,0.3,3,br30,0.2,1,0.7074201499022515,0.428215129978318,0.1256371947945354,-0.2933973743545606,-1.8971112178239184,10.201599219646143
8,4,1.5,0.3,3,br30,0.2,2,0.797094294740799,0.5708508633274268,0.13980599043587438,-0.24490808268373399,-1.7810599758059682,7.0573321698529385
8,4,1.5,0.3,3,br30,0.2,4,0.714899746589671,0.48868794337730814,0.12510690727831952,-0.25600571688695517,-1.6971114686854423,4.695134500607661
8,4,1.5,0.3,3,br40,none,1,1.0165326283204343,0.9116266841537404,0.19576402061157272,-0.21474143310460436,-0.9971709733275878,10.873563218390807
8,4,1.5,0.3,3,br40,none,2,0.8402612075806338,0.6250148346870772,0.15974883723632138,-0.2555920729726391,-1.1103022137869223,7.517241379310345
8,4,1.5,0.3,3,br40,none,4,0.6363315837199452,0.427311445111123,0.12507513065940556,-0.2927025056089466,-1.6800478206788183,5.103448275862069
8,4,1.5,0.3,3,br40,0.15,1,1.1316890478690547,0.9534101622712411,0.16520023791599492,-0.1732729988134909,-1.0125256250879653,7.484598777206697
8,4,1.5,0.3,3,br40,0.15,2,0.9604423277910575,0.7044657475769274,0.1389700241471845,-0.19727009386217043,-1.0986777392667189,5.343368223004641
8,4,1.5,0.3,3,br40,0.15,4,0.7579291301080099,0.5044720019001926,0.1091315213624422,-0.2163282024599521,-1.5179762946169109,3.7142313333174557
8,4,1.5,0.3,3,br40,0.2,1,1.0708607650815174,0.9180874352322167,0.18200746792539912,-0.1982463335633855,-1.0206119996861995,8.889589307551562
8,4,1.5,0.3,3,br40,0.2,2,0.8795707670074933,0.6319152528439682,0.1491387967735811,-0.23601075635122593,-1.1147260767605214,6.338459634196198
8,4,1.5,0.3,3,br40,0.2,4,0.6870119231568987,0.452971834758726,0.11624793664863908,-0.25663391789151346,-1.629756261253677,4.3546072949979875
8,4,1.5,0.3,3,mkt_ma20,none,1,0.7617165201239919,0.6098255854279151,0.14327044228223773,-0.23493675192670826,-0.6950900718428671,10.50574712643678
8,4,1.5,0.3,3,mkt_ma20,none,2,0.5913556226974391,0.3998862034427215,0.1097057187969277,-0.27434234502826904,-1.3304532736060044,7.011494252873563
8,4,1.5,0.3,3,mkt_ma20,none,4,0.709906261124125,0.519253181859733,0.1369522479388947,-0.2637485001986756,-1.078564325163431,4.64367816091954
8,4,1.5,0.3,3,mkt_ma20,0.15,1,0.9235497206944395,0.7328452092608135,0.1350698644102113,-0.18430885909242678,-0.7893838512802105,7.405270974111713
8,4,1.5,0.3,3,mkt_ma20,0.15,2,0.7460293102203606,0.49236563496145724,0.10831652637578748,-0.21999205201286354,-1.3304532736060044,5.092941032534066
8,4,1.5,0.3,3,mkt_ma20,0.15,4,0.8235956020870202,0.5814063136392671,0.11719798507543011,-0.20157673270150533,-1.078564325163431,3.462266172510965
8,4,1.5,0.3,3,mkt_ma20,0.2,1,0.841651706791939,0.6649812650407186,0.14200295226897186,-0.21354429024444266,-0.7332961631845444,8.738504880278796
8,4,1.5,0.3,3,mkt_ma20,0.2,2,0.6644024922047399,0.43299917349075145,0.11098514970988704,-0.2563172322366052,-1.3304532736060044,5.98602957364649
8,4,1.5,0.3,3,mkt_ma20,0.2,4,0.788751959690794,0.5706745318345215,0.13192197939845274,-0.231168506809598,-1.078564325163431,4.003797679006908
8,4,1.5,0.3,3,mkt_ma50,none,1,1.133928421970549,1.359823871002732,0.2078509401856221,-0.15285136892938433,-0.1553780904308738,9.080459770114944
8,4,1.5,0.3,3,mkt_ma50,none,2,0.8996893765420493,0.9490561769215969,0.1646422589373917,-0.17347999300887862,-1.3424734136177345,6.781609195402299
8,4,1.5,0.3,3,mkt_ma50,none,4,0.46967836097156784,0.33411437339399463,0.08642852095315523,-0.2586794458292787,-1.4720946087619209,4.390804597701149
8,4,1.5,0.3,3,mkt_ma50,0.15,1,1.2285564760968215,1.8589648083521133,0.1647870509349354,-0.08864452419678215,-0.20727568815839836,5.620373156921432
8,4,1.5,0.3,3,mkt_ma50,0.15,2,1.0019467604654004,1.2749773709389605,0.13596358488747184,-0.10663999847098549,-1.3386975192355162,4.473377239791773
8,4,1.5,0.3,3,mkt_ma50,0.15,4,0.5008214235852885,0.32203006187712935,0.06426141886257741,-0.19955099374261642,-1.4732066441262774,2.9355876585405976
8,4,1.5,0.3,3,mkt_ma50,0.2,1,1.174726360251074,1.5848785293155674,0.18610540760092498,-0.11742566017428158,-0.20727568815839853,7.001520656593213
8,4,1.5,0.3,3,mkt_ma50,0.2,2,0.9314339737220992,1.067336867834804,0.15002043143505106,-0.14055584132438148,-1.3386975192355157,5.507430492706318
8,4,1.5,0.3,3,mkt_ma50,0.2,4,0.4883715276297094,0.3263819603572466,0.0748752690344372,-0.22940994947294657,-1.4732066441262779,3.5463007861001072
8,4,1.5,0.3,4,none,none,1,0.6708936466418374,0.4817140844985285,0.13207795557442448,-0.27418329632591,-0.5238598914641551,13.310344827586208
8,4,1.5,0.3,4,none,none,2,0.6252850006113235,0.3776174524069602,0.11928556184150296,-0.31588995974939293,-1.3092007130721182,9.551724137931034
8,4,1.5,0.3,4,none,none,4,0.5971417138966383,0.3240817627039307,0.11321702061889671,-0.34934708967973516,-1.5099861892743525,6.275862068965518
8,4,1.5,0.3,4,none,0.15,1,0.8098761357098905,0.6371579135841153,0.12358466147971603,-0.1939623739184726,-0.4576802076447252,9.740498137548299
8,4,1.5,0.3,4,none,0.15,2,0.721429298510856,0.4075694218526623,0.10986976148071981,-0.26957312200039896,-1.168149743879256,7.255608110109703
8,4,1.5,0.3,4,none,0.15,4,0.6245227401862371,0.30952997019453443,0.0914715790618994,-0.2955176812261864,-1.4099478897385975,4.935520909708959
8,4,1.5,0.3,4,none,0.2,1,0.7190098595757615,0.5506897559429355,0.1315351179561044,-0.23885521119033593,-0.5177104512110636,11.605152447637215
8,4,1.5,0.3,4,none,0.2,2,0.6394916040439169,0.3657197741439833,0.11469115401835417,-0.3136039178816742,-1.3007323819414045,8.48123316801099
8,4,1.5,0.3,4,none,0.2,4,0.5983033011600055,0.31046306852179334,0.10539851633401809,-0.3394880970411446,-1.4931853646547728,5.6835080916274245
8,4,1.5,0.3,4,br30,none,1,0.5254962209214546,0.31996141585812504,0.095823715882563,-0.29948522269651556,-1.7333412850342753,11.379310344827585
8,4,1.5,0.3,4,br30,none,2,0.6941108294350482,0.5159754116044847,0.12348995366712479,-0.2393330203141243,-1.3824796453158623,8.103448275862068
8,4,1.5,0.3,4,br30,none,4,0.6946481422671127,0.42648501551429585,0.12507624068543288,-0.29327229828837986,-1.515407913125608,5.0344827586206895
8,4,1.5,0.3,4,br30,0.15,1,0.6752216296636254,0.3910726245819476,0.0993101687805833,-0.2539430339486043,-1.5895371078831966,8.232779843388256
8,4,1.5,0.3,4,br30,0.15,2,0.8037721544902124,0.5665310688455192,0.11512898453853904,-0.2032174241973166,-1.328561071403716,5.9985121751698
8,4,1.5,0.3,4,br30,0.15,4,0.7720834051965554,0.45290959567233985,0.10872108739661979,-0.24005030680620576,-1.4084901625228647,3.897865619208082
8,4,1.5,0.3,4,br30,0.2,1,0.5781424802003268,0.33257627338506024,0.09856018847507131,-0.2963536378344023,-1.7323075810479107,9.86066719665121
8,4,1.5,0.3,4,br30,0.2,2,0.6932808111250228,0.4878858773380882,0.11593615523818457,-0.23762966017941278,-1.3803812846204404,7.20188398319358
8,4,1.5,0.3,4,br30,0.2,4,0.697041094440468,0.41346967076626645,0.11680565064717396,-0.2825011334705707,-1.4988445052794181,4.58324322480079
8,4,1.5,0.3,4,br40,none,1,0.8670312396523687,0.7134785343384745,0.1485267479842738,-0.20817269313082465,-0.8746358486011376,10.034482758620689
8,4,1.5,0.3,4,br40,none,2,0.8501515964482337,0.6766743238807615,0.14395706053763835,-0.2127420170341876,-0.6828060525317838,7.13793103448276
8,4,1.5,0.3,4,br40,none,4,0.6942521454515123,0.42928453403288175,0.12025848342433276,-0.280137004458496,-1.182010081279231,4.586206896551724
8,4,1.5,0.3,4,br40,0.15,1,0.9617362919068794,0.7903853057592974,0.13583828082083693,-0.1718633681965298,-0.819355408737732,7.4250188511959685
8,4,1.5,0.3,4,br40,0.15,2,0.9428464634028262,0.7537009319981218,0.13097387809098793,-0.17377433479319926,-0.6561995016823754,5.399980321151597
8,4,1.5,0.3,4,br40,0.15,4,0.792141196111979,0.49581250701896057,0.10866858394300727,-0.2191727364772822,-1.0560967992245125,3.5796224137224395
8,4,1.5,0.3,4,br40,0.2,1,0.892359248134192,0.708708975267044,0.14533980095684296,-0.20507684540340188,-0.8751966380054759,8.838581441155092
8,4,1.5,0.3,4,br40,0.2,2,0.8328521526833015,0.6387016825124623,0.13393739945141792,-0.20970259374383993,-0.6774756280908176,6.420768056037622
8,4,1.5,0.3,4,br40,0.2,4,0.6941444881280376,0.4200297512208224,0.11231845756415915,-0.2674059569297269,-1.1678225883277333,4.204442076663096
8,4,1.5,0.3,4,mkt_ma20,none,1,0.6475538321128683,0.5043384209471711,0.1086542686319647,-0.21543920534133987,-0.5886407259145078,9.586206896551724
8,4,1.5,0.3,4,mkt_ma20,none,2,0.5865946001970083,0.4112110779279639,0.09720899474050593,-0.23639682868061018,-0.9403138487461024,6.724137931034483
8,4,1.5,0.3,4,mkt_ma20,none,4,0.7176545801309415,0.4517425227595151,0.12225948438319767,-0.27063975212331837,-0.9463179086194989,4.172413793103448
8,4,1.5,0.3,4,mkt_ma20,0.15,1,0.7735831429251343,0.6141921701151543,0.10881576550347116,-0.1771689233405066,-0.5928395555330404,7.214736526869335
8,4,1.5,0.3,4,mkt_ma20,0.15,2,0.6955251836345324,0.47557614739595777,0.09557166115213978,-0.20095974467064304,-0.9403138487461024,5.1889075127493385
8,4,1.5,0.3,4,mkt_ma20,0.15,4,0.8122669135517416,0.49848048059255695,0.11053415853258364,-0.22174220021852964,-0.9463179086194989,3.3273459054546013
8,4,1.5,0.3,4,mkt_ma20,0.2,1,0.6911619638890667,0.5292487695627963,0.11144396947995294,-0.21057010594850312,-0.5893659946008369,8.508201320590834
8,4,1.5,0.3,4,mkt_ma20,0.2,2,0.5982609904723346,0.4064438301270153,0.09485705365411223,-0.23338293417929123,-0.9403138487461024,6.112199254757778
8,4,1.5,0.3,4,mkt_ma20,0.2,4,0.7397760610416378,0.4560168785336614,0.11810870810640384,-0.25900073805642154,-0.9463179086194989,3.8399261022517797
8,4,1.5,0.3,4,mkt_ma50,none,1,0.935963045170235,0.9998775807977818,0.1485642574469117,-0.14858244679151156,-0.9738079168737445,8.310344827586206
8,4,1.5,0.3,4,mkt_ma50,none,2,0.8378373954944515,0.6821880579196236,0.13640988607752402,-0.19995935797163433,-1.4485131338427946,6.344827586206897
8,4,1.5,0.3,4,mkt_ma50,none,4,0.4819300686592157,0.2717834852980648,0.07702623795339392,-0.2834102957687782,-1.7873525384818645,4.0344827586206895
8,4,1.5,0.3,4,mkt_ma50,0.15,1,0.9733705954235237,1.1039065565713888,0.12447785270151157,-0.11276122237023933,-0.9773261028680863,5.7468369899988545
8,4,1.5,0.3,4,mkt_ma50,0.15,2,0.8783501131102482,0.7589650967955556,0.11611943346497178,-0.1529970666045677,-1.4414711433047496,4.549985605472249
8,4,1.5,0.3,4,mkt_ma50,0.15,4,0.48468072401522017,0.24929202152021082,0.05889931176327323,-0.23626633297005895,-1.7871543815863347,2.958366973004232
8,4,1.5,0.3,4,mkt_ma50,0.2,1,0.9251569053601948,0.9506150587419351,0.13807248340191758,-0.14524541993332796,-0.9773261028680866,7.065360098140715
8,4,1.5,0.3,4,mkt_ma50,0.2,2,0.8021938603166577,0.6238581931038232,0.1233746971768499,-0.1977608029206691,-1.4414711433047491,5.588492018619807
8,4,1.5,0.3,4,mkt_ma50,0.2,4,0.47113361866946457,0.25339563182913905,0.06919368105266521,-0.2730658005159359,-1.7871543815863344,3.5684061729750494
8,4,1.5,0.3,5,none,none,1,0.5608720493952316,0.344297812485726,0.10477347809728821,-0.30431061220184763,-1.1316807721909192,12.317241379310348
8,4,1.5,0.3,5,none,none,2,0.6052780727956217,0.41060053391134776,0.11345181767934354,-0.27630703885991237,-1.0763635662151492,8.344827586206899
8,4,1.5,0.3,5,none,none,4,0.6353267726643314,0.38441665666357233,0.11775114565999378,-0.3063112474937457,-1.5005968518611008,5.66896551724138
8,4,1.5,0.3,5,none,0.15,1,0.6008497995716161,0.32721783853353625,0.09001453801645143,-0.27509055869283217,-1.1387258927042176,9.374702257972904
8,4,1.5,0.3,5,none,0.15,2,0.6505270718727608,0.3965371933897154,0.09708399565548032,-0.24482948201044663,-0.9847401521378086,6.4186800814200735
8,4,1.5,0.3,5,none,0.15,4,0.6320376020422233,0.33388691790837133,0.09263444236792862,-0.27744256333322503,-1.4347466249421568,4.50693027296351
8,4,1.5,0.3,5,none,0.2,1,0.5955392394844227,0.3477994151142598,0.10583905293686491,-0.3043106122018475,-1.1316807721909192,10.953990866561373
8,4,1.5,0.3,5,none,0.2,2,0.6310426954600552,0.4038971810963482,0.11159723078814965,-0.2763010885226469,-1.0763635662151492,7.435124326654294
8,4,1.5,0.3,5,none,0.2,4,0.6360963125869323,0.36151004189532854,0.11092106758731046,-0.30682707181734803,-1.5005968518611008,5.126709906123936
8,4,1.5,0.3,5,br30,none,1,0.4686088642040006,0.25203371557964366,0.08095403290164227,-0.32120318789674185,-2.2660449512390377,10.662068965517243
8,4,1.5,0.3,5,br30,none,2,0.612334339226785,0.41851577679063395,0.10715523367034652,-0.2560363064256759,-1.7536843232971329,7.103448275862069
8,4,1.5,0.3,5,br30,none,4,0.7010437875135439,0.42101099398970676,0.12352775120555703,-0.2934074239604706,-2.0144354586181135,4.5793103448275865
8,4,1.5,0.3,5,br30,0.15,1,0.5687946257968757,0.2749046324463072,0.08191788347137341,-0.29798655170852073,-2.2073442202071205,7.997927312175111
8,4,1.5,0.3,5,br30,0.15,2,0.6764911207715852,0.4102026589632196,0.09589681433824282,-0.23377911440315968,-1.7272181479491675,5.348162426922091
8,4,1.5,0.3,5,br30,0.15,4,0.7248640529678064,0.38518213358705616,0.102531294084941,-0.26618912235130343,-1.9828980306816468,3.597760914830212
8,4,1.5,0.3,5,br30,0.2,1,0.5205573808473951,0.26773093727063285,0.0859960305499099,-0.32120318789674185,-2.2660449512390377,9.471766495952416
8,4,1.5,0.3,5,br30,0.2,2,0.6381013658837213,0.4127928782816494,0.10568743881714204,-0.25603018941870237,-1.7536843232971329,6.342155870984339
8,4,1.5,0.3,5,br30,0.2,4,0.6957282459730588,0.3942183272255225,0.11587371388841694,-0.2939328435182783,-2.0144354586181135,4.174520253344273
8,4,1.5,0.3,5,br40,none,1,0.7749198198705701,0.5444702697444271,0.12635975516717202,-0.23207833776945241,-1.443574198596822,9.255172413793103
8,4,1.5,0.3,5,br40,none,2,0.706970165228585,0.5326999101041828,0.11815663659098607,-0.22180712695798577,-0.9819731618515812,6.331034482758621
8,4,1.5,0.3,5,br40,none,4,0.7184430393769107,0.4494988014474345,0.12219640621336092,-0.27185034936661756,-1.6040663911583155,4.1931034482758625
8,4,1.5,0.3,5,br40,0.15,1,0.8333895610546057,0.5414908368441134,0.11599581748629983,-0.21421566090082,-1.4291032847699106,7.116303236600382
8,4,1.5,0.3,5,br40,0.15,2,0.7686038305572225,0.535895558555561,0.10598202920756772,-0.1977662018569979,-0.9880504023048817,4.869291696160227
8,4,1.5,0.3,5,br40,0.15,4,0.7741415146944356,0.4510914826969991,0.10801330944731369,-0.2394487894152213,-1.5658610485325222,3.3211342584233523
8,4,1.5,0.3,5,br40,0.2,1,0.7975869519970269,0.5440149952367536,0.1262540958162024,-0.23207833776945253,-1.443574198596822,8.356377359870974
8,4,1.5,0.3,5,br40,0.2,2,0.719719015135276,0.5191308668183029,0.1151436044535592,-0.22180072851237287,-0.9819731618515812,5.719630545213547
8,4,1.5,0.3,5,br40,0.2,4,0.7195235878529828,0.42961849407233943,0.11674400267459273,-0.2717387735522747,-1.6040663911583155,3.8444900863981495
8,4,1.5,0.3,5,mkt_ma20,none,1,0.6017473076988349,0.4088298361415566,0.09633494285247557,-0.23563579351659591,-1.1725266024438623,8.979310344827587
8,4,1.5,0.3,5,mkt_ma20,none,2,0.5021202004069389,0.3321317460301539,0.08237188649758043,-0.24800967532354457,-1.2954660463808843,6.0551724137931044
8,4,1.5,0.3,5,mkt_ma20,none,4,0.74750211296577,0.46089646155129316,0.12529259036881113,-0.27184541609865953,-1.5351938260478901,3.8068965517241384
8,4,1.5,0.3,5,mkt_ma20,0.15,1,0.6923953399631594,0.44814122971040155,0.09541893772056631,-0.21292157782989096,-1.1632652899381533,6.972311704099556
8,4,1.5,0.3,5,mkt_ma20,0.15,2,0.565609426200726,0.34320206766069933,0.07703080112251448,-0.2244473690020703,-1.2954660463808843,4.746077417647252
8,4,1.5,0.3,5,mkt_ma20,0.15,4,0.7843283007604848,0.43790005544482685,0.10752620790776546,-0.2455496558422181,-1.5351938260478901,3.0827873540139863
8,4,1.5,0.3,5,mkt_ma20,0.2,1,0.627290245304784,0.41471432097582006,0.09772153810583362,-0.23563579351659591,-1.1725266024438623,8.134110286404608
8,4,1.5,0.3,5,mkt_ma20,0.2,2,0.5266123327790319,0.33499315918591177,0.08307947338145838,-0.24800349232012708,-1.2954660463808843,5.532660824859397
8,4,1.5,0.3,5,mkt_ma20,0.2,4,0.7535683539553443,0.44338953239721096,0.12047959469098002,-0.27172403922032207,-1.5351938260478901,3.522454418288148
8,4,1.5,0.3,5,mkt_ma50,none,1,0.8894546207620259,1.0394291028400067,0.13275362007668035,-0.12771782097880546,-1.187074048734084,7.793103448275861
8,4,1.5,0.3,5,mkt_ma50,none,2,0.7265540918578629,0.6757550875919491,0.11328392902422624,-0.16764051222745968,-1.3891296410610163,5.586206896551724
8,4,1.5,0.3,5,mkt_ma50,none,4,0.5100092816964498,0.2997228022525463,0.07742057972799232,-0.25830727307413126,-1.763683423504403,3.655172413793103
8,4,1.5,0.3,5,mkt_ma50,0.15,1,0.9045616037922662,1.0062261380044288,0.11346236284141398,-0.11276030164197004,-1.1728588704581477,5.5815194986024075
8,4,1.5,0.3,5,mkt_ma50,0.15,2,0.749236254521099,0.6931950906292962,0.09520739735137762,-0.137345746729029,-1.3827442241846875,4.081261294257835
8,4,1.5,0.3,5,mkt_ma50,0.15,4,0.4655124226652104,0.23712760389119927,0.055824745878716886,-0.2354206973909745,-1.763683423504403,2.7501955287085
8,4,1.5,0.3,5,mkt_ma50,0.2,1,0.8770119496530048,0.9912247238949633,0.12659706183618247,-0.12771782097880513,-1.187074048734084,6.828452830928717
8,4,1.5,0.3,5,mkt_ma50,0.2,2,0.7124387262507103,0.6316950239153337,0.10589335417775292,-0.16763366841393046,-1.3891296410610163,4.96781882612169
8,4,1.5,0.3,5,mkt_ma50,0.2,4,0.482154642513858,0.2667080361971424,0.06903972032563721,-0.25885879297092185,-1.763683423504403,3.269648761375855
8,8,0.5,0.0,3,none,none,1,0.5446567531473202,0.4035954757479548,0.12458063058075064,-0.30867697500789426,-0.49371735936740624,15.149425287356323
8,8,0.5,0.0,3,none,none,2,0.573938684317051,0.39115406466623104,0.1326524520254082,-0.3391309563371139,-0.4039030085922429,10.50574712643678
8,8,0.5,0.0,3,none,none,4,0.5792711587536059,0.5288492039784127,0.13014137574132634,-0.24608409119707897,-0.2730879156286561,7.195402298850575
8,8,0.5,0.0,3,none,0.15,1,0.694801834698365,0.5257151963698197,0.10588189477300669,-0.20140542922126792,-0.48452114744328234,9.624987167510097
8,8,0.5,0.0,3,none,0.15,2,0.6844618987775096,0.49191642338380737,0.10428915195197641,-0.21200583472003132,-0.4442915631798593,6.771508638715931
8,8,0.5,0.0,3,none,0.15,4,0.6036007878927916,0.5393405028525919,0.09045812839142231,-0.1677198873679724,-0.2840433265901777,5.052820162626009
8,8,0.5,0.0,3,none,0.2,1,0.6155588699315674,0.46816835014275693,0.11849560511883594,-0.2531046899746715,-0.4869153322038312,12.133143175193899
8,8,0.5,0.0,3,none,0.2,2,0.6022562860023585,0.4384648711940747,0.11649200189793629,-0.2656814936637746,-0.4384257367167594,8.483686836417222
8,8,0.5,0.0,3,none,0.2,4,0.5589353243378429,0.517677216383792,0.1058137143618374,-0.20440094911070983,-0.26468584926011723,6.109627747880556
8,8,0.5,0.0,3,br30,none,1,0.4590068932780629,0.2694158423114881,0.09620791422903086,-0.3570982070081796,-1.4140873760114598,12.758620689655173
8,8,0.5,0.0,3,br30,none,2,0.6340563581217121,0.4748122621864114,0.13601938548338488,-0.2864698246356233,-0.6285663741591138,8.666666666666668
8,8,0.5,0.0,3,br30,none,4,0.5952605848325153,0.4371642331470465,0.12639190433315384,-0.28911766963021446,-0.9903099273001786,5.885057471264369
8,8,0.5,0.0,3,br30,0.15,1,0.5815571397024717,0.34053297728502224,0.08519254372651752,-0.250174137041689,-1.2319021949788653,8.454698595568187
8,8,0.5,0.0,3,br30,0.15,2,0.7257039178610128,0.541757236833707,0.10857284768337294,-0.20040867071370472,-0.7298613917389649,5.873433372810794
8,8,0.5,0.0,3,br30,0.15,4,0.6449652024701025,0.4432328583251414,0.09499826074812501,-0.21433036600016087,-0.9644257437179843,4.188538330005734
8,8,0.5,0.0,3,br30,0.2,1,0.5228677691007092,0.3074967970515514,0.09250647403451673,-0.3008371954489274,-1.37413336976175,10.13775385170941
8,8,0.5,0.0,3,br30,0.2,2,0.669303712385312,0.5094024815674247,0.1199897535673855,-0.23554999810401123,-0.6888678550621852,6.970230335096651
8,8,0.5,0.0,3,br30,0.2,4,0.5905954807519355,0.4211783413091913,0.10542389979626421,-0.25030703019667255,-0.9726758378864734,4.917828871499871
8,8,0.5,0.0,3,br40,none,1,0.9109583340093457,0.7530531865940264,0.1799486894399187,-0.23895880482732712,-0.517176866094771,10.827586206896552
8,8,0.5,0.0,3,br40,none,2,0.8272884700014477,0.627547343512183,0.170270729846554,-0.27132730559196194,-0.40178667741968277,7.74712643678161
8,8,0.5,0.0,3,br40,none,4,0.7219677934358131,0.5957242526276715,0.14813833994953218,-0.2486693118437111,-0.6150488112212938,5.333333333333334
8,8,0.5,0.0,3,br40,0.15,1,1.0215214911810155,0.9462876071815093,0.14526134824503667,-0.15350655249273892,-0.49313846106481796,7.380923790371437
8,8,0.5,0.0,3,br40,0.15,2,0.8947540920677532,0.7227411903582854,0.13058618730616822,-0.1806818112046894,-0.49365654592445474,5.335814838829448
8,8,0.5,0.0,3,br40,0.15,4,0.7892210713940828,0.6700590330004857,0.11474833682768604,-0.17125108561532199,-0.5531707842059423,3.838415458735453
8,8,0.5,0.0,3,br40,0.2,1,0.9730352306971534,0.8662998464180695,0.16456034628379568,-0.18995772302651448,-0.5366985111784233,8.742501200495218
8,8,0.5,0.0,3,br40,0.2,2,0.8500795349274824,0.6840753638679882,0.1475095759722651,-0.21563351607664571,-0.43940580116840605,6.296131212740996
8,8,0.5,0.0,3,br40,0.2,4,0.7099250042042413,0.5965198272425976,0.12345174917278734,-0.20695330403926537,-0.5776394379315626,4.493259114110612
8,8,0.5,0.0,3,mkt_ma20,none,1,0.6744066129555709,0.5305137778835436,0.13105832104313575,-0.24704037200689855,-0.27105075270042084,10.36781609195402
8,8,0.5,0.0,3,mkt_ma20,none,2,0.510103085995061,0.3224389090618427,0.1019177060862444,-0.3160837703575561,-0.9057964158338822,7.241379310344827
8,8,0.5,0.0,3,mkt_ma20,none,4,0.711294367394411,0.5158442088957721,0.1416178297599502,-0.2745360465771256,-0.9226296463070424,4.873563218390804
8,8,0.5,0.0,3,mkt_ma20,0.15,1,0.8084236271860127,0.7135228862301924,0.11506072023959368,-0.16125722448442037,-0.37287459739216683,7.155004396955578
8,8,0.5,0.0,3,mkt_ma20,0.15,2,0.5989749044370548,0.38903467202100783,0.08594703953952165,-0.2209238551747401,-0.8867589094434462,5.087247890091391
8,8,0.5,0.0,3,mkt_ma20,0.15,4,0.75004874623737,0.5086856585877478,0.10579109381172813,-0.2079694837582673,-0.9100936440914702,3.5638262432879957
8,8,0.5,0.0,3,mkt_ma20,0.2,1,0.7587237824358285,0.659234910730197,0.1281074874491872,-0.19432752326069902,-0.33600961033056,8.46721353603301
8,8,0.5,0.0,3,mkt_ma20,0.2,2,0.5614140448793975,0.3690942361147771,0.09581095248524507,-0.2595839845503596,-0.9057964158338822,5.971993261006322
8,8,0.5,0.0,3,mkt_ma20,0.2,4,0.7169239987568558,0.5078952886398782,0.1212491667154676,-0.23872866991967512,-0.9226296463070424,4.139586706796957
8,8,0.5,0.0,3,mkt_ma50,none,1,0.9037265889006721,0.7529985693809302,0.16898419134568865,-0.2244150231050468,-0.2051269666748613,9.586206896551724
8,8,0.5,0.0,3,mkt_ma50,none,2,0.7849476513316551,0.6217839301995898,0.15195021519802032,-0.2443778422341102,-0.22183001016756368,7.057471264367815
8,8,0.5,0.0,3,mkt_ma50,none,4,0.47103907587620725,0.31997989620068223,0.08789018083722544,-0.2746740713426047,-1.4720946087619209,4.620689655172414
8,8,0.5,0.0,3,mkt_ma50,0.15,1,0.9927955806862837,0.968986669855287,0.12849690105141698,-0.13260956527978585,-0.2669856617874549,5.919012688042032
8,8,0.5,0.0,3,mkt_ma50,0.15,2,0.8510362289745033,0.7514314308898867,0.11267824740738575,-0.14995146965564898,-0.15383583587244967,4.539918061010823
8,8,0.5,0.0,3,mkt_ma50,0.15,4,0.4431982842791175,0.2696811973455053,0.054836735440224604,-0.20333911292291496,-1.4706138419471102,3.041429711996597
8,8,0.5,0.0,3,mkt_ma50,0.2,1,0.9543401487292126,0.883057551947534,0.1488608768060553,-0.1685743771487498,-0.266985661787455,7.298497428783568
8,8,0.5,0.0,3,mkt_ma50,0.2,2,0.7939347194955657,0.6702311537689377,0.12645842336465773,-0.18867882021529292,-0.22183001016756368,5.5273507144602405
8,8,0.5,0.0,3,mkt_ma50,0.2,4,0.4231491376650757,0.27166276763740155,0.06389746975531496,-0.23520878591872885,-1.47061384194711,3.676941226386667
8,8,0.5,0.0,4,none,none,1,0.5562993474523968,0.35942164015629746,0.11566580254518533,-0.32181090291304415,-0.8701615743895881,13.517241379310343
8,8,0.5,0.0,4,none,none,2,0.49521611075030747,0.3143368144170707,0.10637135587818025,-0.33839929336766716,-0.6681009442710573,10.034482758620689
8,8,0.5,0.0,4,none,none,4,0.6240195450499795,0.48170297102667925,0.12992702118529387,-0.26972435089693025,-0.4212582686558759,6.517241379310344
8,8,0.5,0.0,4,none,0.15,1,0.6628111169680355,0.4232936063391137,0.10168895805367884,-0.24023268136068332,-0.8860534244006661,9.255211542061485
8,8,0.5,0.0,4,none,0.15,2,0.6065678289619428,0.37138174361080395,0.09413728107879438,-0.25347848325427436,-0.743090689619441,6.944614279725958
8,8,0.5,0.0,4,none,0.15,4,0.6835151147139651,0.4951544645000139,0.10363636395051823,-0.20930107952306531,-0.49907141435467756,4.87218821541984
8,8,0.5,0.0,4,none,0.2,1,0.6067833008356702,0.39411244404357215,0.1146973777064102,-0.29102703921150364,-0.8730990814575208,11.414940076818997
8,8,0.5,0.0,4,none,0.2,2,0.5451446328138497,0.33774263047197967,0.10496167525340416,-0.3107741391920975,-0.6815489318563268,8.464679991407303
8,8,0.5,0.0,4,none,0.2,4,0.6480914339984267,0.4834795615718438,0.12123076138288558,-0.2507464038164331,-0.432811360448194,5.7058253324643715
8,8,0.5,0.0,4,br30,none,1,0.4778993996549737,0.25025914259016424,0.09127699791979826,-0.36472992345089916,-1.7216216324472144,11.344827586206897
8,8,0.5,0.0,4,br30,none,2,0.5421913659157834,0.36851456885057915,0.10803561532207717,-0.2931651132790958,-0.761042605974901,8.241379310344827
8,8,0.5,0.0,4,br30,none,4,0.6664268222917343,0.4343701866232727,0.1308894200816526,-0.3013315004401359,-1.164354008103633,5.137931034482759
8,8,0.5,0.0,4,br30,0.15,1,0.6112140702227689,0.3105414098976167,0.08912606325042471,-0.2870021852474005,-1.5444707673586426,7.837303345183022
8,8,0.5,0.0,4,br30,0.15,2,0.6624068767116977,0.43593377884865225,0.0992142974836383,-0.22759029535557873,-0.8730357394931783,5.806225477139635
8,8,0.5,0.0,4,br30,0.15,4,0.7455389646275612,0.45013719613614833,0.110292137516669,-0.24501893747814185,-1.2239206701239014,3.834920804740354
8,8,0.5,0.0,4,br30,0.2,1,0.5494125057479562,0.2824281610914743,0.09590764899714221,-0.3395824574521772,-1.705085413732032,9.512926013375997
8,8,0.5,0.0,4,br30,0.2,2,0.5999017079609523,0.40248622600525374,0.10657077909875845,-0.2647811830891509,-0.7838701444525644,6.921505962578706
8,8,0.5,0.0,4,br30,0.2,4,0.6899413778745733,0.43369504781839235,0.12162787624305116,-0.28044561923147027,-1.16394362624462,4.495894301434545
8,8,0.5,0.0,4,br40,none,1,0.8605742386297707,0.5990678588677854,0.15522886613508868,-0.2591173334327519,-0.9645945059114195,9.724137931034482
8,8,0.5,0.0,4,br40,none,2,0.7270075833781041,0.5416697774701809,0.1398743289223332,-0.25822804730882987,-0.35209132902737095,7.379310344827585
8,8,0.5,0.0,4,br40,none,4,0.7644337061185926,0.54958129560869,0.14561071374058399,-0.2649484524019554,-0.7514721570233275,4.724137931034483
8,8,0.5,0.0,4,br40,0.15,1,0.9570886266418724,0.6967115502674094,0.1362841381561859,-0.195610562368139,-0.9030921749744911,6.883778453299856
8,8,0.5,0.0,4,br40,0.15,2,0.8225922170555238,0.6280398976364244,0.12083951711741059,-0.19240738935882895,-0.47585914741108876,5.287614524976834
8,8,0.5,0.0,4,br40,0.15,4,0.8588588771798472,0.6159671753670567,0.12524437922940468,-0.20332963222394307,-0.7678848621072827,3.522806008246064
8,8,0.5,0.0,4,br40,0.2,1,0.9057365722417071,0.64152436067484,0.15123880765631337,-0.2357491264980498,-0.9667261119145114,8.273488856153866
8,8,0.5,0.0,4,br40,0.2,2,0.761063597927831,0.576150747018447,0.13186078735964268,-0.22886508095670455,-0.37718446115256254,6.274018718097238
8,8,0.5,0.0,4,br40,0.2,4,0.784564772588103,0.5594409732052151,0.13538721573350077,-0.2420044691360813,-0.7404986627147013,4.145034262272602
8,8,0.5,0.0,4,mkt_ma20,none,1,0.6247711319825101,0.40217681151908846,0.11170590529211744,-0.2777532221964407,-0.8194027638930725,9.310344827586206
8,8,0.5,0.0,4,mkt_ma20,none,2,0.4270620554457284,0.25421069231686516,0.08000706977958849,-0.31472739816884787,-1.0706947946024936,6.931034482758621
8,8,0.5,0.0,4,mkt_ma20,none,4,0.7436151175805246,0.4662634000368495,0.13803205546570063,-0.29603879578536885,-1.230519956100099,4.310344827586207
8,8,0.5,0.0,4,mkt_ma20,0.15,1,0.7492088280355726,0.5063983494913586,0.10707992588363857,-0.2114539393566207,-0.8243764163241705,6.652633755516136
8,8,0.5,0.0,4,mkt_ma20,0.15,2,0.542696559191027,0.32237959890832696,0.0784747764750553,-0.24342351917054983,-1.0706947946024936,5.07982247840562
8,8,0.5,0.0,4,mkt_ma20,0.15,4,0.8101243856922621,0.48113524508989775,0.11589431021029428,-0.24087678338476326,-1.230519956100099,3.3184386648813287
8,8,0.5,0.0,4,mkt_ma20,0.2,1,0.6968088836757169,0.4660212238741364,0.11635936127985924,-0.2496868282361443,-0.8215760671908139,7.948744446487454
8,8,0.5,0.0,4,mkt_ma20,0.2,2,0.48802972699888647,0.29188646966071446,0.08298325059536338,-0.2842997508305958,-1.0706947946024936,5.969727104757287
8,8,0.5,0.0,4,mkt_ma20,0.2,4,0.765469149582378,0.47014649965529687,0.12909964751994685,-0.27459450961476994,-1.230519956100099,3.8357311877801306
8,8,0.5,0.0,4,mkt_ma50,none,1,0.88911094235332,0.6835615004625181,0.1482186205020395,-0.2168328971156953,-0.970969334787263,8.413793103448276
8,8,0.5,0.0,4,mkt_ma50,none,2,0.6657993545785368,0.4460608882878966,0.11803582570095394,-0.2646181918213176,-0.3640912028031161,6.655172413793104
8,8,0.5,0.0,4,mkt_ma50,none,4,0.4661459936725964,0.26553907867493404,0.07895883165623152,-0.2973529623219445,-1.5024780829713789,4.172413793103448
8,8,0.5,0.0,4,mkt_ma50,0.15,1,0.9391530781252337,0.8269272267865463,0.11907891425194306,-0.1440016852688305,-0.9759900687807999,5.513364216289746
8,8,0.5,0.0,4,mkt_ma50,0.15,2,0.7293759944507153,0.5311390737764271,0.09622638788599769,-0.18116985293855892,-0.3808710600644385,4.460732721781112
8,8,0.5,0.0,4,mkt_ma50,0.15,4,0.43721816208576947,0.2238095787702356,0.05421994670757213,-0.2422592768615801,-1.5024780829713789,2.9254904109024236
8,8,0.5,0.0,4,mkt_ma50,0.2,1,0.9062723157663073,0.7350968877837974,0.1375051547180426,-0.1870571852543128,-0.9759900687808,6.848863861300335
8,8,0.5,0.0,4,mkt_ma50,0.2,2,0.6616333013298659,0.44490675316816664,0.1042539232060149,-0.23432758092257777,-0.3808710600644382,5.480842974175175
8,8,0.5,0.0,4,mkt_ma50,0.2,4,0.43260764600268503,0.23476368806279996,0.06505058810589959,-0.27708964977794337,-1.5024780829713789,3.5356276521511436
8,8,0.5,0.0,5,none,none,1,0.6240409831837187,0.4210119574439844,0.12235514203378184,-0.29062153668179647,-0.8502470830786497,12.096551724137932
8,8,0.5,0.0,5,none,none,2,0.6208463774308899,0.42036962770850855,0.1222449716018934,-0.2908035299035927,-0.7190642118335558,9.062068965517243
8,8,0.5,0.0,5,none,none,4,0.6026651672049704,0.4005537902681701,0.11766594703160438,-0.2937581665444414,-0.9963447106440204,6.137931034482759
8,8,0.5,0.0,5,none,0.15,1,0.7225680253554821,0.5352560333403694,0.10906133118952055,-0.20375544486421215,-0.8474730434515839,8.833386100479846
8,8,0.5,0.0,5,none,0.15,2,0.7267913341344313,0.49941666181259065,0.10969868921660786,-0.2196536431493209,-0.7707562062163253,6.764623255516993
8,8,0.5,0.0,5,none,0.15,4,0.6510931720019472,0.3974360000070383,0.09729356666935463,-0.2448031045693687,-1.070989119370651,4.812071212546524
8,8,0.5,0.0,5,none,0.2,1,0.6962174687956659,0.5224818884803201,0.12747936921142533,-0.24398811140077825,-0.8497307837306936,10.578715637952328
8,8,0.5,0.0,5,none,0.2,2,0.6965739486333745,0.48763819738891584,0.1280279433287086,-0.26254699491188527,-0.7379911879203309,8.005835127618493
8,8,0.5,0.0,5,none,0.2,4,0.6494256857823038,0.4186421261930614,0.11750857791495917,-0.2806898077446912,-1.0210394980578867,5.511637895997434
8,8,0.5,0.0,5,br30,none,1,0.5496919144503661,0.31459087249117357,0.09956629499998892,-0.3164945448402431,-1.8889341299496758,10.689655172413794
8,8,0.5,0.0,5,br30,none,2,0.6555755982697177,0.5039014211179206,0.1206870768458932,-0.2395053313764134,-0.8701641305285305,7.6000000000000005
8,8,0.5,0.0,5,br30,none,4,0.7023066329427794,0.4391496259789265,0.12945071698737332,-0.2947758789474303,-1.5074416453364095,4.855172413793104
8,8,0.5,0.0,5,br30,0.15,1,0.6673007241345593,0.3668560099447905,0.09558578688733177,-0.26055396203463266,-1.7373537162772235,7.740906733340949
8,8,0.5,0.0,5,br30,0.15,2,0.7753342765000679,0.5744183781512735,0.11282153438394715,-0.19641003609086394,-0.9788543428786739,5.59648165706945
8,8,0.5,0.0,5,br30,0.15,4,0.7723659606842016,0.4499955639965199,0.11151902605012687,-0.24782250087022928,-1.6071222904386455,3.760287124887321
8,8,0.5,0.0,5,br30,0.2,1,0.6282330046530453,0.3542482668753049,0.10704064461719542,-0.3021627898461212,-1.8798256340184294,9.319028644090032
8,8,0.5,0.0,5,br30,0.2,2,0.7371309287001796,0.562971749738664,0.12672349791668625,-0.22509743690604778,-0.8908673199797201,6.68232553760053
8,8,0.5,0.0,5,br30,0.2,4,0.7486262496556002,0.4594821604281466,0.12825792728002372,-0.27913581489325434,-1.5265647588493425,4.375703999713419
8,8,0.5,0.0,5,br40,none,1,0.8785822764695179,0.6863322397881223,0.15078123184695458,-0.2196913143603778,-1.1122170739463182,9.282758620689654
8,8,0.5,0.0,5,br40,none,2,0.8372038002690569,0.7016397598680347,0.1481320313465322,-0.2111226299011234,-0.36109057359203883,6.744827586206896
8,8,0.5,0.0,5,br40,none,4,0.7822271260879736,0.539912074051486,0.14011443527345802,-0.2595134319224295,-0.9954579184767421,4.49655172413793
8,8,0.5,0.0,5,br40,0.15,1,0.964534107691943,0.7799136981560527,0.13467700131330362,-0.17268192831042717,-1.0413581253502506,6.869155382395151
8,8,0.5,0.0,5,br40,0.15,2,0.932426699217098,0.8210391017095469,0.1325585093449584,-0.1614521270289666,-0.45380236359183895,5.07508671081772
8,8,0.5,0.0,5,br40,0.15,4,0.8814146468086146,0.6147865347823517,0.12548482121600713,-0.2041112062749253,-1.0396633470852337,3.472774953011542
8,8,0.5,0.0,5,br40,0.2,1,0.9333964551257683,0.7443707715369063,0.15272734854007886,-0.20517644483103747,-1.1070675993551546,8.207695131393814
8,8,0.5,0.0,5,br40,0.2,2,0.8947434508494685,0.7753534489162697,0.14954224110770586,-0.19286976967307579,-0.36742738667297026,6.0171876789761995
8,8,0.5,0.0,5,br40,0.2,4,0.8337480812636412,0.5816995575567688,0.14008274370922602,-0.240816314692753,-0.9976847353647411,4.061501805937681
8,8,0.5,0.0,5,mkt_ma20,none,1,0.6592175099936367,0.48300763717473116,0.11221940663685337,-0.2323346423531959,-0.95818742203655,8.841379310344827
8,8,0.5,0.0,5,mkt_ma20,none,2,0.5526633418163895,0.3604043815191828,0.09578313883027412,-0.26576574465195835,-1.1476753477843284,6.386206896551725
8,8,0.5,0.0,5,mkt_ma20,none,4,0.7702575686245816,0.4708461424432496,0.13484493563199784,-0.2863885322119858,-1.611395622005477,4.055172413793104
8,8,0.5,0.0,5,mkt_ma20,0.15,1,0.7719312805427787,0.5895761950973197,0.10816456829489396,-0.18346155966666788,-0.9423776925559827,6.616277479217446
8,8,0.5,0.0,5,mkt_ma20,0.15,2,0.6513978545490824,0.42661095450162023,0.09157571358105265,-0.21465860783634627,-1.1476753477843284,4.900926744585034
8,8,0.5,0.0,5,mkt_ma20,0.15,4,0.8288711602787213,0.48229942359616096,0.1162715544634203,-0.2410775314564274,-1.611395622005477,3.2405632401809545
8,8,0.5,0.0,5,mkt_ma20,0.2,1,0.7374406586902874,0.563378833370743,0.12052292463257985,-0.2139287411837627,-0.9525116968790894,7.848243714867655
8,8,0.5,0.0,5,mkt_ma20,0.2,2,0.6267642483027441,0.4148953530745293,0.10286643103531756,-0.2479334373668901,-1.1476753477843284,5.745149770050761
8,8,0.5,0.0,5,mkt_ma20,0.2,4,0.816177714830284,0.49784509514175246,0.1343922500686079,-0.26994792432441683,-1.611395622005477,3.708969039926849
8,8,0.5,0.0,5,mkt_ma50,none,1,0.9304427102426152,0.9375033242448361,0.1473224547236358,-0.15714339449655268,-1.1839634397050312,7.7379310344827585
8,8,0.5,0.0,5,mkt_ma50,none,2,0.7896573079320909,0.6242966295991638,0.1280065216987567,-0.20504118656053716,-0.6400146569355489,6.0
8,8,0.5,0.0,5,mkt_ma50,none,4,0.5329917198978451,0.2968930008506347,0.08412159681185227,-0.28333977753208606,-1.718041975082476,3.848275862068965
8,8,0.5,0.0,5,mkt_ma50,0.15,1,0.9631688099005224,1.0874021212839713,0.12096564728417114,-0.11124279134322324,-1.171131040294872,5.307955227210943
8,8,0.5,0.0,5,mkt_ma50,0.15,2,0.8378602331974722,0.7323711022696888,0.10735777274828529,-0.14658930754582367,-0.6450900016678794,4.234812104972409
8,8,0.5,0.0,5,mkt_ma50,0.15,4,0.5154685999787291,0.2632377896143931,0.0624464499411701,-0.23722448829495757,-1.718041975082476,2.818223832995186
8,8,0.5,0.0,5,mkt_ma50,0.2,1,0.9482546334854132,1.0150879632498586,0.14188543821116206,-0.1397764955826175,-1.1711310402948727,6.606092502723086
8,8,0.5,0.0,5,mkt_ma50,0.2,2,0.8116823203488951,0.654474800100533,0.12358980248689244,-0.1888381377982895,-0.6450900016678798,5.21485439640955
8,8,0.5,0.0,5,mkt_ma50,0.2,4,0.5386462360870308,0.2944299382551784,0.07884249152293266,-0.26778014487983537,-1.718041975082476,3.3765898695791297
8,8,0.5,0.3,3,none,none,1,0.5446567531473202,0.4035954757479548,0.12458063058075064,-0.30867697500789426,-0.49371735936740624,15.149425287356323
8,8,0.5,0.3,3,none,none,2,0.573938684317051,0.39115406466623104,0.1326524520254082,-0.3391309563371139,-0.4039030085922429,10.50574712643678
8,8,0.5,0.3,3,none,none,4,0.5792711587536059,0.5288492039784127,0.13014137574132634,-0.24608409119707897,-0.2730879156286561,7.195402298850575
8,8,0.5,0.3,3,none,0.15,1,0.694801834698365,0.5257151963698197,0.10588189477300669,-0.20140542922126792,-0.48452114744328234,9.624987167510097
8,8,0.5,0.3,3,none,0.15,2,0.6844618987775096,0.49191642338380737,0.10428915195197641,-0.21200583472003132,-0.4442915631798593,6.771508638715931
8,8,0.5,0.3,3,none,0.15,4,0.6036007878927916,0.5393405028525919,0.09045812839142231,-0.1677198873679724,-0.2840433265901777,5.052820162626009
8,8,0.5,0.3,3,none,0.2,1,0.6155588699315674,0.46816835014275693,0.11849560511883594,-0.2531046899746715,-0.4869153322038312,12.133143175193899
8,8,0.5,0.3,3,none,0.2,2,0.6022562860023585,0.4384648711940747,0.11649200189793629,-0.2656814936637746,-0.4384257367167594,8.483686836417222
8,8,0.5,0.3,3,none,0.2,4,0.5589353243378429,0.517677216383792,0.1058137143618374,-0.20440094911070983,-0.26468584926011723,6.109627747880556
8,8,0.5,0.3,3,br30,none,1,0.4590068932780629,0.2694158423114881,0.09620791422903086,-0.3570982070081796,-1.4140873760114598,12.758620689655173
8,8,0.5,0.3,3,br30,none,2,0.6340563581217121,0.4748122621864114,0.13601938548338488,-0.2864698246356233,-0.6285663741591138,8.666666666666668
8,8,0.5,0.3,3,br30,none,4,0.5952605848325153,0.4371642331470465,0.12639190433315384,-0.28911766963021446,-0.9903099273001786,5.885057471264369
8,8,0.5,0.3,3,br30,0.15,1,0.5815571397024717,0.34053297728502224,0.08519254372651752,-0.250174137041689,-1.2319021949788653,8.454698595568187
8,8,0.5,0.3,3,br30,0.15,2,0.7257039178610128,0.541757236833707,0.10857284768337294,-0.20040867071370472,-0.7298613917389649,5.873433372810794
8,8,0.5,0.3,3,br30,0.15,4,0.6449652024701025,0.4432328583251414,0.09499826074812501,-0.21433036600016087,-0.9644257437179843,4.188538330005734
8,8,0.5,0.3,3,br30,0.2,1,0.5228677691007092,0.3074967970515514,0.09250647403451673,-0.3008371954489274,-1.37413336976175,10.13775385170941
8,8,0.5,0.3,3,br30,0.2,2,0.669303712385312,0.5094024815674247,0.1199897535673855,-0.23554999810401123,-0.6888678550621852,6.970230335096651
8,8,0.5,0.3,3,br30,0.2,4,0.5905954807519355,0.4211783413091913,0.10542389979626421,-0.25030703019667255,-0.9726758378864734,4.917828871499871
8,8,0.5,0.3,3,br40,none,1,0.9109583340093457,0.7530531865940264,0.1799486894399187,-0.23895880482732712,-0.517176866094771,10.827586206896552
8,8,0.5,0.3,3,br40,none,2,0.8272884700014477,0.627547343512183,0.170270729846554,-0.27132730559196194,-0.40178667741968277,7.74712643678161
8,8,0.5,0.3,3,br40,none,4,0.7219677934358131,0.5957242526276715,0.14813833994953218,-0.2486693118437111,-0.6150488112212938,5.333333333333334
8,8,0.5,0.3,3,br40,0.15,1,1.0215214911810155,0.9462876071815093,0.14526134824503667,-0.15350655249273892,-0.49313846106481796,7.380923790371437
8,8,0.5,0.3,3,br40,0.15,2,0.8947540920677532,0.7227411903582854,0.13058618730616822,-0.1806818112046894,-0.49365654592445474,5.335814838829448
8,8,0.5,0.3,3,br40,0.15,4,0.7892210713940828,0.6700590330004857,0.11474833682768604,-0.17125108561532199,-0.5531707842059423,3.838415458735453
8,8,0.5,0.3,3,br40,0.2,1,0.9730352306971534,0.8662998464180695,0.16456034628379568,-0.18995772302651448,-0.5366985111784233,8.742501200495218
8,8,0.5,0.3,3,br40,0.2,2,0.8500795349274824,0.6840753638679882,0.1475095759722651,-0.21563351607664571,-0.43940580116840605,6.296131212740996
8,8,0.5,0.3,3,br40,0.2,4,0.7099250042042413,0.5965198272425976,0.12345174917278734,-0.20695330403926537,-0.5776394379315626,4.493259114110612
8,8,0.5,0.3,3,mkt_ma20,none,1,0.6744066129555709,0.5305137778835436,0.13105832104313575,-0.24704037200689855,-0.27105075270042084,10.36781609195402
8,8,0.5,0.3,3,mkt_ma20,none,2,0.510103085995061,0.3224389090618427,0.1019177060862444,-0.3160837703575561,-0.9057964158338822,7.241379310344827
8,8,0.5,0.3,3,mkt_ma20,none,4,0.711294367394411,0.5158442088957721,0.1416178297599502,-0.2745360465771256,-0.9226296463070424,4.873563218390804
8,8,0.5,0.3,3,mkt_ma20,0.15,1,0.8084236271860127,0.7135228862301924,0.11506072023959368,-0.16125722448442037,-0.37287459739216683,7.155004396955578
8,8,0.5,0.3,3,mkt_ma20,0.15,2,0.5989749044370548,0.38903467202100783,0.08594703953952165,-0.2209238551747401,-0.8867589094434462,5.087247890091391
8,8,0.5,0.3,3,mkt_ma20,0.15,4,0.75004874623737,0.5086856585877478,0.10579109381172813,-0.2079694837582673,-0.9100936440914702,3.5638262432879957
8,8,0.5,0.3,3,mkt_ma20,0.2,1,0.7587237824358285,0.659234910730197,0.1281074874491872,-0.19432752326069902,-0.33600961033056,8.46721353603301
8,8,0.5,0.3,3,mkt_ma20,0.2,2,0.5614140448793975,0.3690942361147771,0.09581095248524507,-0.2595839845503596,-0.9057964158338822,5.971993261006322
8,8,0.5,0.3,3,mkt_ma20,0.2,4,0.7169239987568558,0.5078952886398782,0.1212491667154676,-0.23872866991967512,-0.9226296463070424,4.139586706796957
8,8,0.5,0.3,3,mkt_ma50,none,1,0.9037265889006721,0.7529985693809302,0.16898419134568865,-0.2244150231050468,-0.2051269666748613,9.586206896551724
8,8,0.5,0.3,3,mkt_ma50,none,2,0.7849476513316551,0.6217839301995898,0.15195021519802032,-0.2443778422341102,-0.22183001016756368,7.057471264367815
8,8,0.5,0.3,3,mkt_ma50,none,4,0.47103907587620725,0.31997989620068223,0.08789018083722544,-0.2746740713426047,-1.4720946087619209,4.620689655172414
8,8,0.5,0.3,3,mkt_ma50,0.15,1,0.9927955806862837,0.968986669855287,0.12849690105141698,-0.13260956527978585,-0.2669856617874549,5.919012688042032
8,8,0.5,0.3,3,mkt_ma50,0.15,2,0.8510362289745033,0.7514314308898867,0.11267824740738575,-0.14995146965564898,-0.15383583587244967,4.539918061010823
8,8,0.5,0.3,3,mkt_ma50,0.15,4,0.4431982842791175,0.2696811973455053,0.054836735440224604,-0.20333911292291496,-1.4706138419471102,3.041429711996597
8,8,0.5,0.3,3,mkt_ma50,0.2,1,0.9543401487292126,0.883057551947534,0.1488608768060553,-0.1685743771487498,-0.266985661787455,7.298497428783568
8,8,0.5,0.3,3,mkt_ma50,0.2,2,0.7939347194955657,0.6702311537689377,0.12645842336465773,-0.18867882021529292,-0.22183001016756368,5.5273507144602405
8,8,0.5,0.3,3,mkt_ma50,0.2,4,0.4231491376650757,0.27166276763740155,0.06389746975531496,-0.23520878591872885,-1.47061384194711,3.676941226386667
8,8,0.5,0.3,4,none,none,1,0.5562993474523968,0.35942164015629746,0.11566580254518533,-0.32181090291304415,-0.8701615743895881,13.517241379310343
8,8,0.5,0.3,4,none,none,2,0.49521611075030747,0.3143368144170707,0.10637135587818025,-0.33839929336766716,-0.6681009442710573,10.034482758620689
8,8,0.5,0.3,4,none,none,4,0.6240195450499795,0.48170297102667925,0.12992702118529387,-0.26972435089693025,-0.4212582686558759,6.517241379310344
8,8,0.5,0.3,4,none,0.15,1,0.6628111169680355,0.4232936063391137,0.10168895805367884,-0.24023268136068332,-0.8860534244006661,9.255211542061485
8,8,0.5,0.3,4,none,0.15,2,0.6065678289619428,0.37138174361080395,0.09413728107879438,-0.25347848325427436,-0.743090689619441,6.944614279725958
8,8,0.5,0.3,4,none,0.15,4,0.6835151147139651,0.4951544645000139,0.10363636395051823,-0.20930107952306531,-0.49907141435467756,4.87218821541984
8,8,0.5,0.3,4,none,0.2,1,0.6067833008356702,0.39411244404357215,0.1146973777064102,-0.29102703921150364,-0.8730990814575208,11.414940076818997
8,8,0.5,0.3,4,none,0.2,2,0.5451446328138497,0.33774263047197967,0.10496167525340416,-0.3107741391920975,-0.6815489318563268,8.464679991407303
8,8,0.5,0.3,4,none,0.2,4,0.6480914339984267,0.4834795615718438,0.12123076138288558,-0.2507464038164331,-0.432811360448194,5.7058253324643715
8,8,0.5,0.3,4,br30,none,1,0.4778993996549737,0.25025914259016424,0.09127699791979826,-0.36472992345089916,-1.7216216324472144,11.344827586206897
8,8,0.5,0.3,4,br30,none,2,0.5421913659157834,0.36851456885057915,0.10803561532207717,-0.2931651132790958,-0.761042605974901,8.241379310344827
8,8,0.5,0.3,4,br30,none,4,0.6664268222917343,0.4343701866232727,0.1308894200816526,-0.3013315004401359,-1.164354008103633,5.137931034482759
8,8,0.5,0.3,4,br30,0.15,1,0.6112140702227689,0.3105414098976167,0.08912606325042471,-0.2870021852474005,-1.5444707673586426,7.837303345183022
8,8,0.5,0.3,4,br30,0.15,2,0.6624068767116977,0.43593377884865225,0.0992142974836383,-0.22759029535557873,-0.8730357394931783,5.806225477139635
8,8,0.5,0.3,4,br30,0.15,4,0.7455389646275612,0.45013719613614833,0.110292137516669,-0.24501893747814185,-1.2239206701239014,3.834920804740354
8,8,0.5,0.3,4,br30,0.2,1,0.5494125057479562,0.2824281610914743,0.09590764899714221,-0.3395824574521772,-1.705085413732032,9.512926013375997
8,8,0.5,0.3,4,br30,0.2,2,0.5999017079609523,0.40248622600525374,0.10657077909875845,-0.2647811830891509,-0.7838701444525644,6.921505962578706
8,8,0.5,0.3,4,br30,0.2,4,0.6899413778745733,0.43369504781839235,0.12162787624305116,-0.28044561923147027,-1.16394362624462,4.495894301434545
8,8,0.5,0.3,4,br40,none,1,0.8605742386297707,0.5990678588677854,0.15522886613508868,-0.2591173334327519,-0.9645945059114195,9.724137931034482
8,8,0.5,0.3,4,br40,none,2,0.7270075833781041,0.5416697774701809,0.1398743289223332,-0.25822804730882987,-0.35209132902737095,7.379310344827585
8,8,0.5,0.3,4,br40,none,4,0.7644337061185926,0.54958129560869,0.14561071374058399,-0.2649484524019554,-0.7514721570233275,4.724137931034483
8,8,0.5,0.3,4,br40,0.15,1,0.9570886266418724,0.6967115502674094,0.1362841381561859,-0.195610562368139,-0.9030921749744911,6.883778453299856
8,8,0.5,0.3,4,br40,0.15,2,0.8225922170555238,0.6280398976364244,0.12083951711741059,-0.19240738935882895,-0.47585914741108876,5.287614524976834
8,8,0.5,0.3,4,br40,0.15,4,0.8588588771798472,0.6159671753670567,0.12524437922940468,-0.20332963222394307,-0.7678848621072827,3.522806008246064
8,8,0.5,0.3,4,br40,0.2,1,0.9057365722417071,0.64152436067484,0.15123880765631337,-0.2357491264980498,-0.9667261119145114,8.273488856153866
8,8,0.5,0.3,4,br40,0.2,2,0.761063597927831,0.576150747018447,0.13186078735964268,-0.22886508095670455,-0.37718446115256254,6.274018718097238
8,8,0.5,0.3,4,br40,0.2,4,0.784564772588103,0.5594409732052151,0.13538721573350077,-0.2420044691360813,-0.7404986627147013,4.145034262272602
8,8,0.5,0.3,4,mkt_ma20,none,1,0.6247711319825101,0.40217681151908846,0.11170590529211744,-0.2777532221964407,-0.8194027638930725,9.310344827586206
8,8,0.5,0.3,4,mkt_ma20,none,2,0.4270620554457284,0.25421069231686516,0.08000706977958849,-0.31472739816884787,-1.0706947946024936,6.931034482758621
8,8,0.5,0.3,4,mkt_ma20,none,4,0.7436151175805246,0.4662634000368495,0.13803205546570063,-0.29603879578536885,-1.230519956100099,4.310344827586207
8,8,0.5,0.3,4,mkt_ma20,0.15,1,0.7492088280355726,0.5063983494913586,0.10707992588363857,-0.2114539393566207,-0.8243764163241705,6.652633755516136
8,8,0.5,0.3,4,mkt_ma20,0.15,2,0.542696559191027,0.32237959890832696,0.0784747764750553,-0.24342351917054983,-1.0706947946024936,5.07982247840562
8,8,0.5,0.3,4,mkt_ma20,0.15,4,0.8101243856922621,0.48113524508989775,0.11589431021029428,-0.24087678338476326,-1.230519956100099,3.3184386648813287
8,8,0.5,0.3,4,mkt_ma20,0.2,1,0.6968088836757169,0.4660212238741364,0.11635936127985924,-0.2496868282361443,-0.8215760671908139,7.948744446487454
8,8,0.5,0.3,4,mkt_ma20,0.2,2,0.48802972699888647,0.29188646966071446,0.08298325059536338,-0.2842997508305958,-1.0706947946024936,5.969727104757287
8,8,0.5,0.3,4,mkt_ma20,0.2,4,0.765469149582378,0.47014649965529687,0.12909964751994685,-0.27459450961476994,-1.230519956100099,3.8357311877801306
8,8,0.5,0.3,4,mkt_ma50,none,1,0.88911094235332,0.6835615004625181,0.1482186205020395,-0.2168328971156953,-0.970969334787263,8.413793103448276
8,8,0.5,0.3,4,mkt_ma50,none,2,0.6657993545785368,0.4460608882878966,0.11803582570095394,-0.2646181918213176,-0.3640912028031161,6.655172413793104
8,8,0.5,0.3,4,mkt_ma50,none,4,0.4661459936725964,0.26553907867493404,0.07895883165623152,-0.2973529623219445,-1.5024780829713789,4.172413793103448
8,8,0.5,0.3,4,mkt_ma50,0.15,1,0.9391530781252337,0.8269272267865463,0.11907891425194306,-0.1440016852688305,-0.9759900687807999,5.513364216289746
8,8,0.5,0.3,4,mkt_ma50,0.15,2,0.7293759944507153,0.5311390737764271,0.09622638788599769,-0.18116985293855892,-0.3808710600644385,4.460732721781112
8,8,0.5,0.3,4,mkt_ma50,0.15,4,0.43721816208576947,0.2238095787702356,0.05421994670757213,-0.2422592768615801,-1.5024780829713789,2.9254904109024236
8,8,0.5,0.3,4,mkt_ma50,0.2,1,0.9062723157663073,0.7350968877837974,0.1375051547180426,-0.1870571852543128,-0.9759900687808,6.848863861300335
8,8,0.5,0.3,4,mkt_ma50,0.2,2,0.6616333013298659,0.44490675316816664,0.1042539232060149,-0.23432758092257777,-0.3808710600644382,5.480842974175175
8,8,0.5,0.3,4,mkt_ma50,0.2,4,0.43260764600268503,0.23476368806279996,0.06505058810589959,-0.27708964977794337,-1.5024780829713789,3.5356276521511436
8,8,0.5,0.3,5,none,none,1,0.6240409831837187,0.4210119574439844,0.12235514203378184,-0.29062153668179647,-0.8502470830786497,12.096551724137932
8,8,0.5,0.3,5,none,none,2,0.6208463774308899,0.42036962770850855,0.1222449716018934,-0.2908035299035927,-0.7190642118335558,9.062068965517243
8,8,0.5,0.3,5,none,none,4,0.6026651672049704,0.4005537902681701,0.11766594703160438,-0.2937581665444414,-0.9963447106440204,6.137931034482759
8,8,0.5,0.3,5,none,0.15,1,0.7225680253554821,0.5352560333403694,0.10906133118952055,-0.20375544486421215,-0.8474730434515839,8.833386100479846
8,8,0.5,0.3,5,none,0.15,2,0.7267913341344313,0.49941666181259065,0.10969868921660786,-0.2196536431493209,-0.7707562062163253,6.764623255516993
8,8,0.5,0.3,5,none,0.15,4,0.6510931720019472,0.3974360000070383,0.09729356666935463,-0.2448031045693687,-1.070989119370651,4.812071212546524
8,8,0.5,0.3,5,none,0.2,1,0.6962174687956659,0.5224818884803201,0.12747936921142533,-0.24398811140077825,-0.8497307837306936,10.578715637952328
8,8,0.5,0.3,5,none,0.2,2,0.6965739486333745,0.48763819738891584,0.1280279433287086,-0.26254699491188527,-0.7379911879203309,8.005835127618493
8,8,0.5,0.3,5,none,0.2,4,0.6494256857823038,0.4186421261930614,0.11750857791495917,-0.2806898077446912,-1.0210394980578867,5.511637895997434
8,8,0.5,0.3,5,br30,none,1,0.5496919144503661,0.31459087249117357,0.09956629499998892,-0.3164945448402431,-1.8889341299496758,10.689655172413794
8,8,0.5,0.3,5,br30,none,2,0.6555755982697177,0.5039014211179206,0.1206870768458932,-0.2395053313764134,-0.8701641305285305,7.6000000000000005
8,8,0.5,0.3,5,br30,none,4,0.7023066329427794,0.4391496259789265,0.12945071698737332,-0.2947758789474303,-1.5074416453364095,4.855172413793104
8,8,0.5,0.3,5,br30,0.15,1,0.6673007241345593,0.3668560099447905,0.09558578688733177,-0.26055396203463266,-1.7373537162772235,7.740906733340949
8,8,0.5,0.3,5,br30,0.15,2,0.7753342765000679,0.5744183781512735,0.11282153438394715,-0.19641003609086394,-0.9788543428786739,5.59648165706945
8,8,0.5,0.3,5,br30,0.15,4,0.7723659606842016,0.4499955639965199,0.11151902605012687,-0.24782250087022928,-1.6071222904386455,3.760287124887321
8,8,0.5,0.3,5,br30,0.2,1,0.6282330046530453,0.3542482668753049,0.10704064461719542,-0.3021627898461212,-1.8798256340184294,9.319028644090032
8,8,0.5,0.3,5,br30,0.2,2,0.7371309287001796,0.562971749738664,0.12672349791668625,-0.22509743690604778,-0.8908673199797201,6.68232553760053
8,8,0.5,0.3,5,br30,0.2,4,0.7486262496556002,0.4594821604281466,0.12825792728002372,-0.27913581489325434,-1.5265647588493425,4.375703999713419
8,8,0.5,0.3,5,br40,none,1,0.8785822764695179,0.6863322397881223,0.15078123184695458,-0.2196913143603778,-1.1122170739463182,9.282758620689654
8,8,0.5,0.3,5,br40,none,2,0.8372038002690569,0.7016397598680347,0.1481320313465322,-0.2111226299011234,-0.36109057359203883,6.744827586206896
8,8,0.5,0.3,5,br40,none,4,0.7822271260879736,0.539912074051486,0.14011443527345802,-0.2595134319224295,-0.9954579184767421,4.49655172413793
8,8,0.5,0.3,5,br40,0.15,1,0.964534107691943,0.7799136981560527,0.13467700131330362,-0.17268192831042717,-1.0413581253502506,6.869155382395151
8,8,0.5,0.3,5,br40,0.15,2,0.932426699217098,0.8210391017095469,0.1325585093449584,-0.1614521270289666,-0.45380236359183895,5.07508671081772
8,8,0.5,0.3,5,br40,0.15,4,0.8814146468086146,0.6147865347823517,0.12548482121600713,-0.2041112062749253,-1.0396633470852337,3.472774953011542
8,8,0.5,0.3,5,br40,0.2,1,0.9333964551257683,0.7443707715369063,0.15272734854007886,-0.20517644483103747,-1.1070675993551546,8.207695131393814
8,8,0.5,0.3,5,br40,0.2,2,0.8947434508494685,0.7753534489162697,0.14954224110770586,-0.19286976967307579,-0.36742738667297026,6.0171876789761995
8,8,0.5,0.3,5,br40,0.2,4,0.8337480812636412,0.5816995575567688,0.14008274370922602,-0.240816314692753,-0.9976847353647411,4.061501805937681
8,8,0.5,0.3,5,mkt_ma20,none,1,0.6592175099936367,0.48300763717473116,0.11221940663685337,-0.2323346423531959,-0.95818742203655,8.841379310344827
8,8,0.5,0.3,5,mkt_ma20,none,2,0.5526633418163895,0.3604043815191828,0.09578313883027412,-0.26576574465195835,-1.1476753477843284,6.386206896551725
8,8,0.5,0.3,5,mkt_ma20,none,4,0.7702575686245816,0.4708461424432496,0.13484493563199784,-0.2863885322119858,-1.611395622005477,4.055172413793104
8,8,0.5,0.3,5,mkt_ma20,0.15,1,0.7719312805427787,0.5895761950973197,0.10816456829489396,-0.18346155966666788,-0.9423776925559827,6.616277479217446
8,8,0.5,0.3,5,mkt_ma20,0.15,2,0.6513978545490824,0.42661095450162023,0.09157571358105265,-0.21465860783634627,-1.1476753477843284,4.900926744585034
8,8,0.5,0.3,5,mkt_ma20,0.15,4,0.8288711602787213,0.48229942359616096,0.1162715544634203,-0.2410775314564274,-1.611395622005477,3.2405632401809545
8,8,0.5,0.3,5,mkt_ma20,0.2,1,0.7374406586902874,0.563378833370743,0.12052292463257985,-0.2139287411837627,-0.9525116968790894,7.848243714867655
8,8,0.5,0.3,5,mkt_ma20,0.2,2,0.6267642483027441,0.4148953530745293,0.10286643103531756,-0.2479334373668901,-1.1476753477843284,5.745149770050761
8,8,0.5,0.3,5,mkt_ma20,0.2,4,0.816177714830284,0.49784509514175246,0.1343922500686079,-0.26994792432441683,-1.611395622005477,3.708969039926849
8,8,0.5,0.3,5,mkt_ma50,none,1,0.9304427102426152,0.9375033242448361,0.1473224547236358,-0.15714339449655268,-1.1839634397050312,7.7379310344827585
8,8,0.5,0.3,5,mkt_ma50,none,2,0.7896573079320909,0.6242966295991638,0.1280065216987567,-0.20504118656053716,-0.6400146569355489,6.0
8,8,0.5,0.3,5,mkt_ma50,none,4,0.5329917198978451,0.2968930008506347,0.08412159681185227,-0.28333977753208606,-1.718041975082476,3.848275862068965
8,8,0.5,0.3,5,mkt_ma50,0.15,1,0.9631688099005224,1.0874021212839713,0.12096564728417114,-0.11124279134322324,-1.171131040294872,5.307955227210943
8,8,0.5,0.3,5,mkt_ma50,0.15,2,0.8378602331974722,0.7323711022696888,0.10735777274828529,-0.14658930754582367,-0.6450900016678794,4.234812104972409
8,8,0.5,0.3,5,mkt_ma50,0.15,4,0.5154685999787291,0.2632377896143931,0.0624464499411701,-0.23722448829495757,-1.718041975082476,2.818223832995186
8,8,0.5,0.3,5,mkt_ma50,0.2,1,0.9482546334854132,1.0150879632498586,0.14188543821116206,-0.1397764955826175,-1.1711310402948727,6.606092502723086
8,8,0.5,0.3,5,mkt_ma50,0.2,2,0.8116823203488951,0.654474800100533,0.12358980248689244,-0.1888381377982895,-0.6450900016678798,5.21485439640955
8,8,0.5,0.3,5,mkt_ma50,0.2,4,0.5386462360870308,0.2944299382551784,0.07884249152293266,-0.26778014487983537,-1.718041975082476,3.3765898695791297
8,8,1.0,0.0,3,none,none,1,0.5568180129538391,0.4077289902866355,0.12324888818205904,-0.3022813955304342,-0.8395212991670525,15.517241379310345
8,8,1.0,0.0,3,none,none,2,0.6585493573171355,0.4270467526438824,0.14515014492459088,-0.33989286659119666,-1.052735152747823,10.551724137931036
8,8,1.0,0.0,3,none,none,4,0.7243124707020397,0.5322583203721455,0.1596955615126232,-0.3000339410400704,-0.9990895144907571,7.195402298850575
8,8,1.0,0.0,3,none,0.15,1,0.7096427531957616,0.49579943680048355,0.1090137643636484,-0.21987472407621356,-0.7987720272163547,10.172583451986583
8,8,1.0,0.0,3,none,0.15,2,0.7169412517761699,0.4601919624742249,0.11020973608646933,-0.23948644277471953,-0.9482302225967882,7.196416051555203
8,8,1.0,0.0,3,none,0.15,4,0.6959969178661124,0.4755707825676392,0.10493293250453006,-0.22064629777714684,-0.8658811896706083,5.2492517315852885
8,8,1.0,0.0,3,none,0.2,1,0.6398720622955215,0.45966524155688554,0.12201213597951721,-0.2654369418193603,-0.8294097950556809,12.611653059998252
8,8,1.0,0.0,3,none,0.2,2,0.6650175582515268,0.4231492883272058,0.12689653997698214,-0.29988598227029917,-1.0213932181649403,8.770775582185191
8,8,1.0,0.0,3,none,0.2,4,0.6881991285066761,0.47698481783081587,0.12768960423651143,-0.26770161116910496,-0.9406730996129494,6.137488356802766
8,8,1.0,0.0,3,br30,none,1,0.5033476121858692,0.3021467286536631,0.10242803885801366,-0.33900098576086923,-1.7306526358855214,12.758620689655173
8,8,1.0,0.0,3,br30,none,2,0.7984282611993634,0.6345299538405872,0.16349496005851583,-0.2576631080517763,-0.9001317204944773,8.252873563218392
8,8,1.0,0.0,3,br30,none,4,0.8033217610900292,0.6039591033408641,0.16890104476450696,-0.27965642678488134,-1.3145662153217963,5.60919540229885
8,8,1.0,0.0,3,br30,0.15,1,0.6364875324348174,0.3510135893786159,0.0932072022446595,-0.26553730415298216,-1.6208499902290006,8.597801228491326
8,8,1.0,0.0,3,br30,0.15,2,0.8727414374245409,0.6783346098418997,0.12892493325332222,-0.19006096900078695,-0.918580684800947,5.711081549394832
8,8,1.0,0.0,3,br30,0.15,4,0.825982606227063,0.564332522239857,0.12078173784438939,-0.21402583243829743,-1.1849287545805876,4.020653767825112
8,8,1.0,0.0,3,br30,0.2,1,0.5743679649380343,0.332578033975431,0.10132917490121351,-0.3046778937562038,-1.7224856704798235,10.320412990936383
8,8,1.0,0.0,3,br30,0.2,2,0.8246807073347381,0.6636499422627213,0.14555872551744264,-0.21933057813756252,-0.9065039087032742,6.789173815327799
8,8,1.0,0.0,3,br30,0.2,4,0.7935401462167454,0.5697929197177952,0.14023301380119557,-0.24611224349830396,-1.2477434360137756,4.721580051280785
8,8,1.0,0.0,3,br40,none,1,0.9137291936248253,0.7625245470988165,0.1745724495858476,-0.22894010461701841,-0.6646490681687233,10.827586206896552
8,8,1.0,0.0,3,br40,none,2,0.8752439798456558,0.6408955585794031,0.1713371300190878,-0.2673401738012827,-0.574617000659693,7.241379310344827
8,8,1.0,0.0,3,br40,none,4,0.850214562898621,0.6305302842817769,0.1712398527072454,-0.2715806948151601,-1.0573978983171353,5.195402298850574
8,8,1.0,0.0,3,br40,0.15,1,1.0576612567268318,0.9053546365094454,0.15020546595643158,-0.1659078773104229,-0.7055687519059098,7.447324250875233
8,8,1.0,0.0,3,br40,0.15,2,0.9550045071968041,0.7403465097670124,0.13683663047936379,-0.18482781869590548,-0.6377608109200472,5.117771700643209
8,8,1.0,0.0,3,br40,0.15,4,0.8919316161606313,0.6541271599566838,0.1276808188604286,-0.19519265775309436,-0.9098154418838502,3.7721698202617766
8,8,1.0,0.0,3,br40,0.2,1,0.9901198958490186,0.8519249178857922,0.16631014525462895,-0.19521690440439055,-0.703770692375947,8.844506060390268
8,8,1.0,0.0,3,br40,0.2,2,0.9059471712183426,0.704860884179948,0.15425398344657992,-0.2188431602727433,-0.5932964079491325,6.036992060016982
8,8,1.0,0.0,3,br40,0.2,4,0.8305211803032909,0.6094065270361252,0.14157404527544837,-0.23231461921486107,-0.9869035065200359,4.424295659714015
8,8,1.0,0.0,3,mkt_ma20,none,1,0.6575990367385869,0.47712978994426525,0.12367888211245637,-0.2592143368933296,-0.6318579361876586,10.275862068965518
8,8,1.0,0.0,3,mkt_ma20,none,2,0.5978756806900397,0.37332561472264997,0.11466237140088986,-0.30713770199260104,-0.9328337555057523,6.735632183908045
8,8,1.0,0.0,3,mkt_ma20,none,4,0.8836545212888695,0.6572081814832709,0.17492085306625338,-0.26615744903155314,-0.8879801537192453,4.735632183908045
8,8,1.0,0.0,3,mkt_ma20,0.15,1,0.8221453903619045,0.6166077710800228,0.1174004129185462,-0.19039723212199033,-0.7250980581178883,7.2113428917419835
8,8,1.0,0.0,3,mkt_ma20,0.15,2,0.7002144579832085,0.45319556786627807,0.0998316009724256,-0.2202837098395507,-0.9267108980141746,4.873243738290514
8,8,1.0,0.0,3,mkt_ma20,0.15,4,0.9059104557667338,0.6247467037504888,0.1273970586709967,-0.2039179365112369,-0.8895135467516774,3.490627907753589
8,8,1.0,0.0,3,mkt_ma20,0.2,1,0.7528830883507138,0.5741019733625767,0.12704018026963615,-0.2212850437101761,-0.6850008689867554,8.521450684489144
8,8,1.0,0.0,3,mkt_ma20,0.2,2,0.6619645980162776,0.43523374510956847,0.11214641518071922,-0.2576693936093737,-0.9328337555057523,5.702708074851544
8,8,1.0,0.0,3,mkt_ma20,0.2,4,0.8880924802160672,0.6427047423787082,0.14960876451667016,-0.2327799293388666,-0.8879801537192453,4.060855916013006
8,8,1.0,0.0,3,mkt_ma50,none,1,0.99303731581911,1.0619184139542803,0.18042623119115886,-0.16990592574744345,-0.17031633619708397,9.448275862068966
8,8,1.0,0.0,3,mkt_ma50,none,2,0.9258858977228102,0.857676663479789,0.17280374633972095,-0.20147889490034265,-0.6837929354372518,6.597701149425287
8,8,1.0,0.0,3,mkt_ma50,none,4,0.6650809047590054,0.48451532931528074,0.12431976848006343,-0.2565858311557504,-1.4720946087619209,4.4367816091954015
8,8,1.0,0.0,3,mkt_ma50,0.15,1,1.126302589637496,1.48336765251707,0.1462703330624222,-0.09860693187843328,-0.24353906787946974,5.905227061025547
8,8,1.0,0.0,3,mkt_ma50,0.15,2,1.0009532776006966,1.0249414654796343,0.13212916211486903,-0.1289138614887022,-0.6844055358790475,4.3182043068757014
8,8,1.0,0.0,3,mkt_ma50,0.15,4,0.6163986971485147,0.3921951694099603,0.07656084530490026,-0.19521108691900146,-1.4709680772751466,2.9592046187189367
8,8,1.0,0.0,3,mkt_ma50,0.2,1,1.0600910708289915,1.2738527480341586,0.1653825274295997,-0.12982860670891683,-0.24353906787946963,7.313193016734873
8,8,1.0,0.0,3,mkt_ma50,0.2,2,0.9426849627612895,0.9059276335843691,0.1498113151842051,-0.16536786121808167,-0.6844055358790475,5.28017403799438
8,8,1.0,0.0,3,mkt_ma50,0.2,4,0.612391220433962,0.41371851647770297,0.09288402286022523,-0.2245101902883555,-1.4709680772751461,3.5777900663378928
8,8,1.0,0.0,4,none,none,1,0.45444444011419133,0.2895355013710766,0.09274528730040288,-0.3203244053361801,-1.254618363557348,13.931034482758621
8,8,1.0,0.0,4,none,none,2,0.5361574158165073,0.330115745709735,0.11165790155997546,-0.3382386420857195,-1.1092947029287161,9.93103448275862
8,8,1.0,0.0,4,none,none,4,0.5826797997869827,0.3475592462038163,0.1181539133305407,-0.3399533018357759,-1.4228774525757049,6.517241379310344
8,8,1.0,0.0,4,none,0.15,1,0.5701192038303038,0.34923078348014097,0.08736731340902337,-0.25017071100775834,-1.1564439287133332,9.719973285757707
8,8,1.0,0.0,4,none,0.15,2,0.6335094372708381,0.37148283949379124,0.09777913469941413,-0.26321305940445294,-1.0299946568788998,7.163128841366557
8,8,1.0,0.0,4,none,0.15,4,0.573226475163372,0.30665598459523324,0.08623560085073478,-0.28121284169477534,-1.364157995086166,5.047086217072292
8,8,1.0,0.0,4,none,0.2,1,0.5048527129318117,0.3082988785189896,0.09434270846269932,-0.30601054702470576,-1.2430134338347212,11.86746735584692
8,8,1.0,0.0,4,none,0.2,2,0.5793981888477389,0.34082928865879747,0.10911287952214521,-0.32013938693918287,-1.1012445446593528,8.550159649445014
8,8,1.0,0.0,4,none,0.2,4,0.5788926166615236,0.3282939403995684,0.10586279911061536,-0.32246345753981676,-1.4106074201292622,5.775319488239741
8,8,1.0,0.0,4,br30,none,1,0.4285724273733096,0.23914108241017196,0.0808490460794673,-0.3380809573354526,-1.9344228440879594,11.586206896551724
8,8,1.0,0.0,4,br30,none,2,0.6598771879977292,0.5221498319736756,0.12814414395825446,-0.245416422856792,-0.852731040474977,8.103448275862068
8,8,1.0,0.0,4,br30,none,4,0.7120095673812868,0.45334491047633324,0.13744884517568545,-0.3031882392398909,-1.6192864537779628,5.0344827586206895
8,8,1.0,0.0,4,br30,0.15,1,0.55513746545121,0.28689516081620786,0.08117831673370368,-0.28295463925830566,-1.7926381205600967,8.199373502452245
8,8,1.0,0.0,4,br30,0.15,2,0.78354406928862,0.6008370908155994,0.11578315718321774,-0.19270307867653313,-0.884578452179112,5.824462980027014
8,8,1.0,0.0,4,br30,0.15,4,0.7513802045997925,0.4378633263924428,0.10942951619214858,-0.24991706223432475,-1.6174998634467597,3.7938918968089275
8,8,1.0,0.0,4,br30,0.2,1,0.49274050565308014,0.26268793226895604,0.08553574866712466,-0.325617351083901,-1.9338659080344824,9.850731589609055
8,8,1.0,0.0,4,br30,0.2,2,0.7173378087869816,0.5546676049935583,0.12540479604011634,-0.2260899950008307,-0.856514682288491,6.952990478025205
8,8,1.0,0.0,4,br30,0.2,4,0.7141174408887485,0.4371438757212601,0.12441957990733421,-0.28461929085029425,-1.6117228170310551,4.4501306269843255
8,8,1.0,0.0,4,br40,none,1,0.786689451518715,0.586358926490978,0.1393137408268419,-0.23759123385492698,-1.038345844078594,10.068965517241379
8,8,1.0,0.0,4,br40,none,2,0.8310505238465038,0.6934483139267675,0.15445724011161488,-0.22273792726811148,-0.27833167443272644,7.241379310344827
8,8,1.0,0.0,4,br40,none,4,0.7909547210228213,0.5254659197769804,0.14771718970690495,-0.28111659414486756,-1.1960855595591315,4.620689655172414
8,8,1.0,0.0,4,br40,0.15,1,0.8823206026691222,0.6568596012553453,0.12533665544496553,-0.19081194094663556,-1.0008795708022564,7.298419056730121
8,8,1.0,0.0,4,br40,0.15,2,0.9277450590799601,0.8128726817133388,0.13348825753376592,-0.164217915716401,-0.3614073484422706,5.320370475919848
8,8,1.0,0.0,4,br40,0.15,4,0.8512457735834125,0.5630840542499524,0.12289408938103108,-0.2182517662389326,-1.167757443130862,3.485854913997128
8,8,1.0,0.0,4,br40,0.2,1,0.8311859004651259,0.6149649927352822,0.13752570293961686,-0.22363175882243458,-1.0396453676413757,8.68695070486317
8,8,1.0,0.0,4,br40,0.2,2,0.862992634179862,0.7338460244860447,0.1462356681054502,-0.19927295812206325,-0.2920495251606747,6.308213531570163
8,8,1.0,0.0,4,br40,0.2,4,0.7914029173286888,0.5209184976532828,0.1347781506712613,-0.25873174264003207,-1.1801415174947418,4.109126963813316
8,8,1.0,0.0,4,mkt_ma20,none,1,0.5324995133256675,0.3506387238703592,0.0931269804881103,-0.2655924008055137,-0.9712620266015002,9.620689655172413
8,8,1.0,0.0,4,mkt_ma20,none,2,0.52723341090691,0.3472132447783646,0.09657872931833333,-0.27815393211737094,-0.892087007998192,6.724137931034483
8,8,1.0,0.0,4,mkt_ma20,none,4,0.7611600945993086,0.4648710100048434,0.1401455007847776,-0.3014718013569344,-1.4447848506489576,4.206896551724138
8,8,1.0,0.0,4,mkt_ma20,0.15,1,0.656919339066842,0.43765217030058196,0.09390440811376588,-0.21456401792608915,-0.9755258090114411,7.0711707075033035
8,8,1.0,0.0,4,mkt_ma20,0.15,2,0.6456212830673799,0.43063298109796705,0.0925935257023176,-0.21501726473953697,-0.892087007998192,5.040250526051796
8,8,1.0,0.0,4,mkt_ma20,0.15,4,0.7954270647070922,0.4576823109047976,0.11292648127414595,-0.24673551628180745,-1.4447848506489576,3.263344962307431
8,8,1.0,0.0,4,mkt_ma20,0.2,1,0.5976700566672936,0.3974347782865575,0.09901665694131068,-0.24913938676478364,-0.9725495658731894,8.36167756405251
8,8,1.0,0.0,4,mkt_ma20,0.2,2,0.5855572705863751,0.38794156468067936,0.09859141925022219,-0.2541398711204722,-0.892087007998192,5.930331628643131
8,8,1.0,0.0,4,mkt_ma20,0.2,4,0.7657879518873133,0.46032801508505794,0.1289806954022059,-0.2801930170997159,-1.4447848506489576,3.7786344410273593
8,8,1.0,0.0,4,mkt_ma50,none,1,0.8447087665404039,0.8400201275372593,0.13799306613729612,-0.16427352347122826,-0.9689673220692155,8.551724137931036
8,8,1.0,0.0,4,mkt_ma50,none,2,0.7762745295781999,0.6197340994124009,0.13475901574762683,-0.21744650790621045,-0.7535078400817333,6.413793103448276
8,8,1.0,0.0,4,mkt_ma50,none,4,0.5344460043581194,0.3259085272581445,0.08899403007703865,-0.2730644418105347,-1.4606644855605544,4.068965517241379
8,8,1.0,0.0,4,mkt_ma50,0.15,1,0.8995021378331413,1.0059757826094073,0.11387807059400479,-0.11320160242686528,-0.974993798343503,5.739357095887081
8,8,1.0,0.0,4,mkt_ma50,0.15,2,0.8288788906253783,0.7354108217632354,0.10893701049352478,-0.1481308233027293,-0.7842494156026804,4.3911675985044205
8,8,1.0,0.0,4,mkt_ma50,0.15,4,0.4829069700074377,0.265760481611203,0.05897273763938071,-0.2219018316111252,-1.4606644855605544,2.88791802327303
8,8,1.0,0.0,4,mkt_ma50,0.2,1,0.8591446254782724,0.8697799511827965,0.12935681060066284,-0.14872360580943844,-0.9749937983435032,7.075673315968883
8,8,1.0,0.0,4,mkt_ma50,0.2,2,0.7633653358380948,0.6069934489602073,0.11971504435869651,-0.19722625435871,-0.7842494156026804,5.421718119839474
8,8,1.0,0.0,4,mkt_ma50,0.2,4,0.4871470047103988,0.28475001438506986,0.07252490308991577,-0.25469674952093146,-1.4606644855605544,3.4994443168761826
8,8,1.0,0.0,5,none,none,1,0.4871614325755461,0.28899136958137556,0.09316754843592934,-0.3223886878382878,-1.5471042010881517,12.786206896551725
8,8,1.0,0.0,5,none,none,2,0.47819241400560397,0.2945074455961316,0.09128274201227282,-0.30995054073251527,-1.330138683347224,8.70344827586207
8,8,1.0,0.0,5,none,none,4,0.6143731509893609,0.37774323974763,0.11483307461528214,-0.30399769613879,-1.3509937645876595,6.027586206896552
8,8,1.0,0.0,5,none,0.15,1,0.5360972796649746,0.2867096717965194,0.0813189002010064,-0.2836280328161347,-1.5059936413018957,9.554942372366362
8,8,1.0,0.0,5,none,0.15,2,0.537421247670118,0.3011200230647866,0.08160726439411503,-0.2710124141314809,-1.2553921913005215,6.7299454954999
8,8,1.0,0.0,5,none,0.15,4,0.629662238362329,0.34562626445185085,0.0935854892311212,-0.27077076847601256,-1.2990237996490581,4.774122373499783
8,8,1.0,0.0,5,none,0.2,1,0.5239735684955055,0.29336638057451947,0.09447956759215148,-0.3220531521271308,-1.5470670310089436,11.327168420144787
8,8,1.0,0.0,5,none,0.2,2,0.5198266019183971,0.3021129368649154,0.09353925158554088,-0.3096168358634882,-1.330138683347224,7.8030351985097415
8,8,1.0,0.0,5,none,0.2,4,0.628426877687206,0.3642312372452291,0.1105647273770447,-0.3035564116171723,-1.3504465492872442,5.430256252018236
8,8,1.0,0.0,5,br30,none,1,0.44944884374737365,0.2388902900075303,0.07944772620790785,-0.3325699265776081,-2.2376076355237426,10.993103448275862
8,8,1.0,0.0,5,br30,none,2,0.5919366228693381,0.4348351913913134,0.10485919833976798,-0.2411469918160417,-1.4139682561068492,7.2137931034482765
8,8,1.0,0.0,5,br30,none,4,0.7111899899986796,0.4418888697441786,0.1258571539592106,-0.28481630241574696,-1.8224994759726283,4.8551724137931025
8,8,1.0,0.0,5,br30,0.15,1,0.5282197619275054,0.24969436281012036,0.07579440769610768,-0.3035487339125289,-2.166361610222096,8.123254766942303
8,8,1.0,0.0,5,br30,0.15,2,0.6798537657609419,0.4505520562110655,0.09741833931603594,-0.21621994167617198,-1.3940447465045724,5.448908897122133
8,8,1.0,0.0,5,br30,0.15,4,0.7544690484524126,0.42716670014853914,0.1079671049092279,-0.2527516889113416,-1.7939958842465564,3.785079055948981
8,8,1.0,0.0,5,br30,0.2,1,0.507592431318852,0.256508801373115,0.08522234228930148,-0.3322394468848574,-2.2375575385964543,9.685008544859247
8,8,1.0,0.0,5,br30,0.2,2,0.6397069213960678,0.44355126197425887,0.10679554194715313,-0.24077384307690441,-1.4139682561068492,6.427025713148499
8,8,1.0,0.0,5,br30,0.2,4,0.7192665452671084,0.42356539949340455,0.12044626685741178,-0.28436285636520053,-1.8217232833395176,4.391119249548031
8,8,1.0,0.0,5,br40,none,1,0.7776178739596482,0.5449041811336562,0.12961966868178054,-0.23787607650965503,-1.5605041293473747,9.475862068965517
8,8,1.0,0.0,5,br40,none,2,0.7714435947836494,0.631354184954063,0.1309641855017225,-0.20743378063020423,-0.7824046863355953,6.413793103448276
8,8,1.0,0.0,5,br40,none,4,0.7626381609034958,0.49912178577454314,0.1307839785840399,-0.262028190937584,-1.4337002476966731,4.413793103448276
8,8,1.0,0.0,5,br40,0.15,1,0.8243763027742538,0.5344569393498813,0.11497746994302638,-0.21512952957985,-1.5411309985080401,7.171500364235097
8,8,1.0,0.0,5,br40,0.15,2,0.827724166458805,0.640756633097758,0.11565995240337923,-0.18050527521536153,-0.7935008144717476,4.975423462403369
8,8,1.0,0.0,5,br40,0.15,4,0.8247641678024086,0.5170558452823326,0.11612871524715018,-0.22459607856041042,-1.3914314692911551,3.452407919034788
8,8,1.0,0.0,5,br40,0.2,1,0.8045245848698827,0.5436517495273706,0.1292642151249508,-0.23777025501587734,-1.5605041293473747,8.498372231281726
8,8,1.0,0.0,5,br40,0.2,2,0.7892665926984983,0.6176955500183979,0.1278666798906598,-0.20700599168449785,-0.7824046863355953,5.819821011939744
8,8,1.0,0.0,5,br40,0.2,4,0.7719149603556283,0.4853367466988806,0.1265078182148136,-0.26065988012505337,-1.4331092457817944,4.008924233988045
8,8,1.0,0.0,5,mkt_ma20,none,1,0.570710575973734,0.37035657811428024,0.09413723472546076,-0.254179999190977,-1.3835181429224663,9.089655172413794
8,8,1.0,0.0,5,mkt_ma20,none,2,0.5206350500600698,0.3633236029102977,0.08706597481426859,-0.23963754107041768,-1.1214236792449188,6.110344827586208
8,8,1.0,0.0,5,mkt_ma20,none,4,0.7841397122298819,0.49704236624751996,0.1324939562416414,-0.2665647140744162,-1.4406358087414184,4.082758620689655
8,8,1.0,0.0,5,mkt_ma20,0.15,1,0.6523357360294278,0.40359589091524145,0.09082462260605273,-0.225038521576838,-1.3721254762050672,6.923876565592781
8,8,1.0,0.0,5,mkt_ma20,0.15,2,0.5935246399604152,0.38875503147275065,0.08222133469079185,-0.2114990882029396,-1.1214236792449188,4.805752257514423
8,8,1.0,0.0,5,mkt_ma20,0.15,4,0.8230066070749406,0.4877746108805836,0.11480607125043063,-0.2353670500462709,-1.4406358087414184,3.2657356897859584
8,8,1.0,0.0,5,mkt_ma20,0.2,1,0.6003632210732743,0.37754692273271306,0.0957730043353695,-0.2536717916865996,-1.3835181429224663,8.167577694121064
8,8,1.0,0.0,5,mkt_ma20,0.2,2,0.5552689261059717,0.37193180815996674,0.08897618056846124,-0.23922713415840158,-1.1214236792449188,5.587609665100439
8,8,1.0,0.0,5,mkt_ma20,0.2,4,0.7926064557960371,0.4839230092981087,0.12818860477183902,-0.2648946264360652,-1.4406358087414184,3.7417360963492188
8,8,1.0,0.0,5,mkt_ma50,none,1,0.8845586884087073,0.9803949307290376,0.1351682198085138,-0.13787119411970084,-1.187074048734084,8.013793103448277
8,8,1.0,0.0,5,mkt_ma50,none,2,0.7079411415642161,0.5961078545071254,0.11057479953623206,-0.18549461930451772,-1.3891296410610163,5.5586206896551715
8,8,1.0,0.0,5,mkt_ma50,none,4,0.517455330479933,0.2950852854518681,0.0781227258789301,-0.2647462605914074,-1.763683423504403,3.8758620689655174
8,8,1.0,0.0,5,mkt_ma50,0.15,1,0.8910884138836546,0.9435279975188167,0.1114120919643149,-0.11808032433302862,-1.168897545059429,5.611756247054121
8,8,1.0,0.0,5,mkt_ma50,0.15,2,0.7208939445990623,0.6110578714086836,0.09112084267359477,-0.14911982471239937,-1.377764871319387,4.040750563925795
8,8,1.0,0.0,5,mkt_ma50,0.15,4,0.4663462541782276,0.23624713995624722,0.05586006519235198,-0.2364475828265994,-1.763683423504403,2.8795653555390257
8,8,1.0,0.0,5,mkt_ma50,0.2,1,0.8748176809225638,0.9324037362862426,0.1281535696080205,-0.13744429008666914,-1.1868656150883554,6.941009637358393
8,8,1.0,0.0,5,mkt_ma50,0.2,2,0.6919713171732085,0.5554203591670059,0.10280871288442306,-0.1851007281018846,-1.3891296410610163,4.921315952312422
8,8,1.0,0.0,5,mkt_ma50,0.2,4,0.4838286121421848,0.26200742504724217,0.06924334576334146,-0.26428008958469895,-1.763683423504403,3.438337058366841
8,8,1.0,0.3,3,none,none,1,0.5568180129538391,0.4077289902866355,0.12324888818205904,-0.3022813955304342,-0.8395212991670525,15.517241379310345
8,8,1.0,0.3,3,none,none,2,0.6585493573171355,0.4270467526438824,0.14515014492459088,-0.33989286659119666,-1.052735152747823,10.551724137931036
8,8,1.0,0.3,3,none,none,4,0.7243124707020397,0.5322583203721455,0.1596955615126232,-0.3000339410400704,-0.9990895144907571,7.195402298850575
8,8,1.0,0.3,3,none,0.15,1,0.7096427531957616,0.49579943680048355,0.1090137643636484,-0.21987472407621356,-0.7987720272163547,10.172583451986583
8,8,1.0,0.3,3,none,0.15,2,0.7169412517761699,0.4601919624742249,0.11020973608646933,-0.23948644277471953,-0.9482302225967882,7.196416051555203
8,8,1.0,0.3,3,none,0.15,4,0.6959969178661124,0.4755707825676392,0.10493293250453006,-0.22064629777714684,-0.8658811896706083,5.2492517315852885
8,8,1.0,0.3,3,none,0.2,1,0.6398720622955215,0.45966524155688554,0.12201213597951721,-0.2654369418193603,-0.8294097950556809,12.611653059998252
8,8,1.0,0.3,3,none,0.2,2,0.6650175582515268,0.4231492883272058,0.12689653997698214,-0.29988598227029917,-1.0213932181649403,8.770775582185191
8,8,1.0,0.3,3,none,0.2,4,0.6881991285066761,0.47698481783081587,0.12768960423651143,-0.26770161116910496,-0.9406730996129494,6.137488356802766
8,8,1.0,0.3,3,br30,none,1,0.5033476121858692,0.3021467286536631,0.10242803885801366,-0.33900098576086923,-1.7306526358855214,12.758620689655173
8,8,1.0,0.3,3,br30,none,2,0.7984282611993634,0.6345299538405872,0.16349496005851583,-0.2576631080517763,-0.9001317204944773,8.252873563218392
8,8,1.0,0.3,3,br30,none,4,0.8033217610900292,0.6039591033408641,0.16890104476450696,-0.27965642678488134,-1.3145662153217963,5.60919540229885
8,8,1.0,0.3,3,br30,0.15,1,0.6364875324348174,0.3510135893786159,0.0932072022446595,-0.26553730415298216,-1.6208499902290006,8.597801228491326
8,8,1.0,0.3,3,br30,0.15,2,0.8727414374245409,0.6783346098418997,0.12892493325332222,-0.19006096900078695,-0.918580684800947,5.711081549394832
8,8,1.0,0.3,3,br30,0.15,4,0.825982606227063,0.564332522239857,0.12078173784438939,-0.21402583243829743,-1.1849287545805876,4.020653767825112
8,8,1.0,0.3,3,br30,0.2,1,0.5743679649380343,0.332578033975431,0.10132917490121351,-0.3046778937562038,-1.7224856704798235,10.320412990936383
8,8,1.0,0.3,3,br30,0.2,2,0.8246807073347381,0.6636499422627213,0.14555872551744264,-0.21933057813756252,-0.9065039087032742,6.789173815327799
8,8,1.0,0.3,3,br30,0.2,4,0.7935401462167454,0.5697929197177952,0.14023301380119557,-0.24611224349830396,-1.2477434360137756,4.721580051280785
8,8,1.0,0.3,3,br40,none,1,0.9137291936248253,0.7625245470988165,0.1745724495858476,-0.22894010461701841,-0.6646490681687233,10.827586206896552
8,8,1.0,0.3,3,br40,none,2,0.8752439798456558,0.6408955585794031,0.1713371300190878,-0.2673401738012827,-0.574617000659693,7.241379310344827
8,8,1.0,0.3,3,br40,none,4,0.850214562898621,0.6305302842817769,0.1712398527072454,-0.2715806948151601,-1.0573978983171353,5.195402298850574
8,8,1.0,0.3,3,br40,0.15,1,1.0576612567268318,0.9053546365094454,0.15020546595643158,-0.1659078773104229,-0.7055687519059098,7.447324250875233
8,8,1.0,0.3,3,br40,0.15,2,0.9550045071968041,0.7403465097670124,0.13683663047936379,-0.18482781869590548,-0.6377608109200472,5.117771700643209
8,8,1.0,0.3,3,br40,0.15,4,0.8919316161606313,0.6541271599566838,0.1276808188604286,-0.19519265775309436,-0.9098154418838502,3.7721698202617766
8,8,1.0,0.3,3,br40,0.2,1,0.9901198958490186,0.8519249178857922,0.16631014525462895,-0.19521690440439055,-0.703770692375947,8.844506060390268
8,8,1.0,0.3,3,br40,0.2,2,0.9059471712183426,0.704860884179948,0.15425398344657992,-0.2188431602727433,-0.5932964079491325,6.036992060016982
8,8,1.0,0.3,3,br40,0.2,4,0.8305211803032909,0.6094065270361252,0.14157404527544837,-0.23231461921486107,-0.9869035065200359,4.424295659714015
8,8,1.0,0.3,3,mkt_ma20,none,1,0.6575990367385869,0.47712978994426525,0.12367888211245637,-0.2592143368933296,-0.6318579361876586,10.275862068965518
8,8,1.0,0.3,3,mkt_ma20,none,2,0.5978756806900397,0.37332561472264997,0.11466237140088986,-0.30713770199260104,-0.9328337555057523,6.735632183908045
8,8,1.0,0.3,3,mkt_ma20,none,4,0.8836545212888695,0.6572081814832709,0.17492085306625338,-0.26615744903155314,-0.8879801537192453,4.735632183908045
8,8,1.0,0.3,3,mkt_ma20,0.15,1,0.8221453903619045,0.6166077710800228,0.1174004129185462,-0.19039723212199033,-0.7250980581178883,7.2113428917419835
8,8,1.0,0.3,3,mkt_ma20,0.15,2,0.7002144579832085,0.45319556786627807,0.0998316009724256,-0.2202837098395507,-0.9267108980141746,4.873243738290514
8,8,1.0,0.3,3,mkt_ma20,0.15,4,0.9059104557667338,0.6247467037504888,0.1273970586709967,-0.2039179365112369,-0.8895135467516774,3.490627907753589
8,8,1.0,0.3,3,mkt_ma20,0.2,1,0.7528830883507138,0.5741019733625767,0.12704018026963615,-0.2212850437101761,-0.6850008689867554,8.521450684489144
8,8,1.0,0.3,3,mkt_ma20,0.2,2,0.6619645980162776,0.43523374510956847,0.11214641518071922,-0.2576693936093737,-0.9328337555057523,5.702708074851544
8,8,1.0,0.3,3,mkt_ma20,0.2,4,0.8880924802160672,0.6427047423787082,0.14960876451667016,-0.2327799293388666,-0.8879801537192453,4.060855916013006
8,8,1.0,0.3,3,mkt_ma50,none,1,0.99303731581911,1.0619184139542803,0.18042623119115886,-0.16990592574744345,-0.17031633619708397,9.448275862068966
8,8,1.0,0.3,3,mkt_ma50,none,2,0.9258858977228102,0.857676663479789,0.17280374633972095,-0.20147889490034265,-0.6837929354372518,6.597701149425287
8,8,1.0,0.3,3,mkt_ma50,none,4,0.6650809047590054,0.48451532931528074,0.12431976848006343,-0.2565858311557504,-1.4720946087619209,4.4367816091954015
8,8,1.0,0.3,3,mkt_ma50,0.15,1,1.126302589637496,1.48336765251707,0.1462703330624222,-0.09860693187843328,-0.24353906787946974,5.905227061025547
8,8,1.0,0.3,3,mkt_ma50,0.15,2,1.0009532776006966,1.0249414654796343,0.13212916211486903,-0.1289138614887022,-0.6844055358790475,4.3182043068757014
8,8,1.0,0.3,3,mkt_ma50,0.15,4,0.6163986971485147,0.3921951694099603,0.07656084530490026,-0.19521108691900146,-1.4709680772751466,2.9592046187189367
8,8,1.0,0.3,3,mkt_ma50,0.2,1,1.0600910708289915,1.2738527480341586,0.1653825274295997,-0.12982860670891683,-0.24353906787946963,7.313193016734873
8,8,1.0,0.3,3,mkt_ma50,0.2,2,0.9426849627612895,0.9059276335843691,0.1498113151842051,-0.16536786121808167,-0.6844055358790475,5.28017403799438
8,8,1.0,0.3,3,mkt_ma50,0.2,4,0.612391220433962,0.41371851647770297,0.09288402286022523,-0.2245101902883555,-1.4709680772751461,3.5777900663378928
8,8,1.0,0.3,4,none,none,1,0.45444444011419133,0.2895355013710766,0.09274528730040288,-0.3203244053361801,-1.254618363557348,13.931034482758621
8,8,1.0,0.3,4,none,none,2,0.5361574158165073,0.330115745709735,0.11165790155997546,-0.3382386420857195,-1.1092947029287161,9.93103448275862
8,8,1.0,0.3,4,none,none,4,0.5826797997869827,0.3475592462038163,0.1181539133305407,-0.3399533018357759,-1.4228774525757049,6.517241379310344
8,8,1.0,0.3,4,none,0.15,1,0.5701192038303038,0.34923078348014097,0.08736731340902337,-0.25017071100775834,-1.1564439287133332,9.719973285757707
8,8,1.0,0.3,4,none,0.15,2,0.6335094372708381,0.37148283949379124,0.09777913469941413,-0.26321305940445294,-1.0299946568788998,7.163128841366557
8,8,1.0,0.3,4,none,0.15,4,0.573226475163372,0.30665598459523324,0.08623560085073478,-0.28121284169477534,-1.364157995086166,5.047086217072292
8,8,1.0,0.3,4,none,0.2,1,0.5048527129318117,0.3082988785189896,0.09434270846269932,-0.30601054702470576,-1.2430134338347212,11.86746735584692
8,8,1.0,0.3,4,none,0.2,2,0.5793981888477389,0.34082928865879747,0.10911287952214521,-0.32013938693918287,-1.1012445446593528,8.550159649445014
8,8,1.0,0.3,4,none,0.2,4,0.5788926166615236,0.3282939403995684,0.10586279911061536,-0.32246345753981676,-1.4106074201292622,5.775319488239741
8,8,1.0,0.3,4,br30,none,1,0.4285724273733096,0.23914108241017196,0.0808490460794673,-0.3380809573354526,-1.9344228440879594,11.586206896551724
8,8,1.0,0.3,4,br30,none,2,0.6598771879977292,0.5221498319736756,0.12814414395825446,-0.245416422856792,-0.852731040474977,8.103448275862068
8,8,1.0,0.3,4,br30,none,4,0.7120095673812868,0.45334491047633324,0.13744884517568545,-0.3031882392398909,-1.6192864537779628,5.0344827586206895
8,8,1.0,0.3,4,br30,0.15,1,0.55513746545121,0.28689516081620786,0.08117831673370368,-0.28295463925830566,-1.7926381205600967,8.199373502452245
8,8,1.0,0.3,4,br30,0.15,2,0.78354406928862,0.6008370908155994,0.11578315718321774,-0.19270307867653313,-0.884578452179112,5.824462980027014
8,8,1.0,0.3,4,br30,0.15,4,0.7513802045997925,0.4378633263924428,0.10942951619214858,-0.24991706223432475,-1.6174998634467597,3.7938918968089275
8,8,1.0,0.3,4,br30,0.2,1,0.49274050565308014,0.26268793226895604,0.08553574866712466,-0.325617351083901,-1.9338659080344824,9.850731589609055
8,8,1.0,0.3,4,br30,0.2,2,0.7173378087869816,0.5546676049935583,0.12540479604011634,-0.2260899950008307,-0.856514682288491,6.952990478025205
8,8,1.0,0.3,4,br30,0.2,4,0.7141174408887485,0.4371438757212601,0.12441957990733421,-0.28461929085029425,-1.6117228170310551,4.4501306269843255
8,8,1.0,0.3,4,br40,none,1,0.786689451518715,0.586358926490978,0.1393137408268419,-0.23759123385492698,-1.038345844078594,10.068965517241379
8,8,1.0,0.3,4,br40,none,2,0.8310505238465038,0.6934483139267675,0.15445724011161488,-0.22273792726811148,-0.27833167443272644,7.241379310344827
8,8,1.0,0.3,4,br40,none,4,0.7909547210228213,0.5254659197769804,0.14771718970690495,-0.28111659414486756,-1.1960855595591315,4.620689655172414
8,8,1.0,0.3,4,br40,0.15,1,0.8823206026691222,0.6568596012553453,0.12533665544496553,-0.19081194094663556,-1.0008795708022564,7.298419056730121
8,8,1.0,0.3,4,br40,0.15,2,0.9277450590799601,0.8128726817133388,0.13348825753376592,-0.164217915716401,-0.3614073484422706,5.320370475919848
8,8,1.0,0.3,4,br40,0.15,4,0.8512457735834125,0.5630840542499524,0.12289408938103108,-0.2182517662389326,-1.167757443130862,3.485854913997128
8,8,1.0,0.3,4,br40,0.2,1,0.8311859004651259,0.6149649927352822,0.13752570293961686,-0.22363175882243458,-1.0396453676413757,8.68695070486317
8,8,1.0,0.3,4,br40,0.2,2,0.862992634179862,0.7338460244860447,0.1462356681054502,-0.19927295812206325,-0.2920495251606747,6.308213531570163
8,8,1.0,0.3,4,br40,0.2,4,0.7914029173286888,0.5209184976532828,0.1347781506712613,-0.25873174264003207,-1.1801415174947418,4.109126963813316
8,8,1.0,0.3,4,mkt_ma20,none,1,0.5324995133256675,0.3506387238703592,0.0931269804881103,-0.2655924008055137,-0.9712620266015002,9.620689655172413
8,8,1.0,0.3,4,mkt_ma20,none,2,0.52723341090691,0.3472132447783646,0.09657872931833333,-0.27815393211737094,-0.892087007998192,6.724137931034483
8,8,1.0,0.3,4,mkt_ma20,none,4,0.7611600945993086,0.4648710100048434,0.1401455007847776,-0.3014718013569344,-1.4447848506489576,4.206896551724138
8,8,1.0,0.3,4,mkt_ma20,0.15,1,0.656919339066842,0.43765217030058196,0.09390440811376588,-0.21456401792608915,-0.9755258090114411,7.0711707075033035
8,8,1.0,0.3,4,mkt_ma20,0.15,2,0.6456212830673799,0.43063298109796705,0.0925935257023176,-0.21501726473953697,-0.892087007998192,5.040250526051796
8,8,1.0,0.3,4,mkt_ma20,0.15,4,0.7954270647070922,0.4576823109047976,0.11292648127414595,-0.24673551628180745,-1.4447848506489576,3.263344962307431
8,8,1.0,0.3,4,mkt_ma20,0.2,1,0.5976700566672936,0.3974347782865575,0.09901665694131068,-0.24913938676478364,-0.9725495658731894,8.36167756405251
8,8,1.0,0.3,4,mkt_ma20,0.2,2,0.5855572705863751,0.38794156468067936,0.09859141925022219,-0.2541398711204722,-0.892087007998192,5.930331628643131
8,8,1.0,0.3,4,mkt_ma20,0.2,4,0.7657879518873133,0.46032801508505794,0.1289806954022059,-0.2801930170997159,-1.4447848506489576,3.7786344410273593
8,8,1.0,0.3,4,mkt_ma50,none,1,0.8447087665404039,0.8400201275372593,0.13799306613729612,-0.16427352347122826,-0.9689673220692155,8.551724137931036
8,8,1.0,0.3,4,mkt_ma50,none,2,0.7762745295781999,0.6197340994124009,0.13475901574762683,-0.21744650790621045,-0.7535078400817333,6.413793103448276
8,8,1.0,0.3,4,mkt_ma50,none,4,0.5344460043581194,0.3259085272581445,0.08899403007703865,-0.2730644418105347,-1.4606644855605544,4.068965517241379
8,8,1.0,0.3,4,mkt_ma50,0.15,1,0.8995021378331413,1.0059757826094073,0.11387807059400479,-0.11320160242686528,-0.974993798343503,5.739357095887081
8,8,1.0,0.3,4,mkt_ma50,0.15,2,0.8288788906253783,0.7354108217632354,0.10893701049352478,-0.1481308233027293,-0.7842494156026804,4.3911675985044205
8,8,1.0,0.3,4,mkt_ma50,0.15,4,0.4829069700074377,0.265760481611203,0.05897273763938071,-0.2219018316111252,-1.4606644855605544,2.88791802327303
8,8,1.0,0.3,4,mkt_ma50,0.2,1,0.8591446254782724,0.8697799511827965,0.12935681060066284,-0.14872360580943844,-0.9749937983435032,7.075673315968883
8,8,1.0,0.3,4,mkt_ma50,0.2,2,0.7633653358380948,0.6069934489602073,0.11971504435869651,-0.19722625435871,-0.7842494156026804,5.421718119839474
8,8,1.0,0.3,4,mkt_ma50,0.2,4,0.4871470047103988,0.28475001438506986,0.07252490308991577,-0.25469674952093146,-1.4606644855605544,3.4994443168761826
8,8,1.0,0.3,5,none,none,1,0.4871614325755461,0.28899136958137556,0.09316754843592934,-0.3223886878382878,-1.5471042010881517,12.786206896551725
8,8,1.0,0.3,5,none,none,2,0.47819241400560397,0.2945074455961316,0.09128274201227282,-0.30995054073251527,-1.330138683347224,8.70344827586207
8,8,1.0,0.3,5,none,none,4,0.6143731509893609,0.37774323974763,0.11483307461528214,-0.30399769613879,-1.3509937645876595,6.027586206896552
8,8,1.0,0.3,5,none,0.15,1,0.5360972796649746,0.2867096717965194,0.0813189002010064,-0.2836280328161347,-1.5059936413018957,9.554942372366362
8,8,1.0,0.3,5,none,0.15,2,0.537421247670118,0.3011200230647866,0.08160726439411503,-0.2710124141314809,-1.2553921913005215,6.7299454954999
8,8,1.0,0.3,5,none,0.15,4,0.629662238362329,0.34562626445185085,0.0935854892311212,-0.27077076847601256,-1.2990237996490581,4.774122373499783
8,8,1.0,0.3,5,none,0.2,1,0.5239735684955055,0.29336638057451947,0.09447956759215148,-0.3220531521271308,-1.5470670310089436,11.327168420144787
8,8,1.0,0.3,5,none,0.2,2,0.5198266019183971,0.3021129368649154,0.09353925158554088,-0.3096168358634882,-1.330138683347224,7.8030351985097415
8,8,1.0,0.3,5,none,0.2,4,0.628426877687206,0.3642312372452291,0.1105647273770447,-0.3035564116171723,-1.3504465492872442,5.430256252018236
8,8,1.0,0.3,5,br30,none,1,0.44944884374737365,0.2388902900075303,0.07944772620790785,-0.3325699265776081,-2.2376076355237426,10.993103448275862
8,8,1.0,0.3,5,br30,none,2,0.5919366228693381,0.4348351913913134,0.10485919833976798,-0.2411469918160417,-1.4139682561068492,7.2137931034482765
8,8,1.0,0.3,5,br30,none,4,0.7111899899986796,0.4418888697441786,0.1258571539592106,-0.28481630241574696,-1.8224994759726283,4.8551724137931025
8,8,1.0,0.3,5,br30,0.15,1,0.5282197619275054,0.24969436281012036,0.07579440769610768,-0.3035487339125289,-2.166361610222096,8.123254766942303
8,8,1.0,0.3,5,br30,0.15,2,0.6798537657609419,0.4505520562110655,0.09741833931603594,-0.21621994167617198,-1.3940447465045724,5.448908897122133
8,8,1.0,0.3,5,br30,0.15,4,0.7544690484524126,0.42716670014853914,0.1079671049092279,-0.2527516889113416,-1.7939958842465564,3.785079055948981
8,8,1.0,0.3,5,br30,0.2,1,0.507592431318852,0.256508801373115,0.08522234228930148,-0.3322394468848574,-2.2375575385964543,9.685008544859247
8,8,1.0,0.3,5,br30,0.2,2,0.6397069213960678,0.44355126197425887,0.10679554194715313,-0.24077384307690441,-1.4139682561068492,6.427025713148499
8,8,1.0,0.3,5,br30,0.2,4,0.7192665452671084,0.42356539949340455,0.12044626685741178,-0.28436285636520053,-1.8217232833395176,4.391119249548031
8,8,1.0,0.3,5,br40,none,1,0.7776178739596482,0.5449041811336562,0.12961966868178054,-0.23787607650965503,-1.5605041293473747,9.475862068965517
8,8,1.0,0.3,5,br40,none,2,0.7714435947836494,0.631354184954063,0.1309641855017225,-0.20743378063020423,-0.7824046863355953,6.413793103448276
8,8,1.0,0.3,5,br40,none,4,0.7626381609034958,0.49912178577454314,0.1307839785840399,-0.262028190937584,-1.4337002476966731,4.413793103448276
8,8,1.0,0.3,5,br40,0.15,1,0.8243763027742538,0.5344569393498813,0.11497746994302638,-0.21512952957985,-1.5411309985080401,7.171500364235097
8,8,1.0,0.3,5,br40,0.15,2,0.827724166458805,0.640756633097758,0.11565995240337923,-0.18050527521536153,-0.7935008144717476,4.975423462403369
8,8,1.0,0.3,5,br40,0.15,4,0.8247641678024086,0.5170558452823326,0.11612871524715018,-0.22459607856041042,-1.3914314692911551,3.452407919034788
8,8,1.0,0.3,5,br40,0.2,1,0.8045245848698827,0.5436517495273706,0.1292642151249508,-0.23777025501587734,-1.5605041293473747,8.498372231281726
8,8,1.0,0.3,5,br40,0.2,2,0.7892665926984983,0.6176955500183979,0.1278666798906598,-0.20700599168449785,-0.7824046863355953,5.819821011939744
8,8,1.0,0.3,5,br40,0.2,4,0.7719149603556283,0.4853367466988806,0.1265078182148136,-0.26065988012505337,-1.4331092457817944,4.008924233988045
8,8,1.0,0.3,5,mkt_ma20,none,1,0.570710575973734,0.37035657811428024,0.09413723472546076,-0.254179999190977,-1.3835181429224663,9.089655172413794
8,8,1.0,0.3,5,mkt_ma20,none,2,0.5206350500600698,0.3633236029102977,0.08706597481426859,-0.23963754107041768,-1.1214236792449188,6.110344827586208
8,8,1.0,0.3,5,mkt_ma20,none,4,0.7841397122298819,0.49704236624751996,0.1324939562416414,-0.2665647140744162,-1.4406358087414184,4.082758620689655
8,8,1.0,0.3,5,mkt_ma20,0.15,1,0.6523357360294278,0.40359589091524145,0.09082462260605273,-0.225038521576838,-1.3721254762050672,6.923876565592781
8,8,1.0,0.3,5,mkt_ma20,0.15,2,0.5935246399604152,0.38875503147275065,0.08222133469079185,-0.2114990882029396,-1.1214236792449188,4.805752257514423
8,8,1.0,0.3,5,mkt_ma20,0.15,4,0.8230066070749406,0.4877746108805836,0.11480607125043063,-0.2353670500462709,-1.4406358087414184,3.2657356897859584
8,8,1.0,0.3,5,mkt_ma20,0.2,1,0.6003632210732743,0.37754692273271306,0.0957730043353695,-0.2536717916865996,-1.3835181429224663,8.167577694121064
8,8,1.0,0.3,5,mkt_ma20,0.2,2,0.5552689261059717,0.37193180815996674,0.08897618056846124,-0.23922713415840158,-1.1214236792449188,5.587609665100439
8,8,1.0,0.3,5,mkt_ma20,0.2,4,0.7926064557960371,0.4839230092981087,0.12818860477183902,-0.2648946264360652,-1.4406358087414184,3.7417360963492188
8,8,1.0,0.3,5,mkt_ma50,none,1,0.8845586884087073,0.9803949307290376,0.1351682198085138,-0.13787119411970084,-1.187074048734084,8.013793103448277
8,8,1.0,0.3,5,mkt_ma50,none,2,0.7079411415642161,0.5961078545071254,0.11057479953623206,-0.18549461930451772,-1.3891296410610163,5.5586206896551715
8,8,1.0,0.3,5,mkt_ma50,none,4,0.517455330479933,0.2950852854518681,0.0781227258789301,-0.2647462605914074,-1.763683423504403,3.8758620689655174
8,8,1.0,0.3,5,mkt_ma50,0.15,1,0.8910884138836546,0.9435279975188167,0.1114120919643149,-0.11808032433302862,-1.168897545059429,5.611756247054121
8,8,1.0,0.3,5,mkt_ma50,0.15,2,0.7208939445990623,0.6110578714086836,0.09112084267359477,-0.14911982471239937,-1.377764871319387,4.040750563925795
8,8,1.0,0.3,5,mkt_ma50,0.15,4,0.4663462541782276,0.23624713995624722,0.05586006519235198,-0.2364475828265994,-1.763683423504403,2.8795653555390257
8,8,1.0,0.3,5,mkt_ma50,0.2,1,0.8748176809225638,0.9324037362862426,0.1281535696080205,-0.13744429008666914,-1.1868656150883554,6.941009637358393
8,8,1.0,0.3,5,mkt_ma50,0.2,2,0.6919713171732085,0.5554203591670059,0.10280871288442306,-0.1851007281018846,-1.3891296410610163,4.921315952312422
8,8,1.0,0.3,5,mkt_ma50,0.2,4,0.4838286121421848,0.26200742504724217,0.06924334576334146,-0.26428008958469895,-1.763683423504403,3.438337058366841
8,8,1.5,0.0,3,none,none,1,0.5515432136265993,0.38589918863577993,0.11979076264788668,-0.3104198354792288,-1.1943664484336654,15.24137931034483
8,8,1.5,0.0,3,none,none,2,0.6630156471920566,0.3978726376041218,0.14135434825874094,-0.355275369298923,-1.644551828887983,10.597701149425287
8,8,1.5,0.0,3,none,none,4,0.6137591318848711,0.39044897077611224,0.1316409728859469,-0.3371528233875952,-1.424271194038588,7.195402298850575
8,8,1.5,0.0,3,none,0.15,1,0.6721575001292989,0.4226434142249394,0.10327913165180713,-0.24436470124869825,-1.1749945700167774,10.183858987834505
8,8,1.5,0.0,3,none,0.15,2,0.6940388997444513,0.37762767077847403,0.10670951470984247,-0.2825786428464374,-1.5353051516802465,7.5780053144826285
8,8,1.5,0.0,3,none,0.15,4,0.6282662080887438,0.36078626831988775,0.09413196509616162,-0.26090783758072633,-1.245118497462978,5.359039453361321
8,8,1.5,0.0,3,none,0.2,1,0.5955694868125382,0.39248669033048167,0.11334563934715747,-0.28878849178737287,-1.1982997182052653,12.557149840375343
8,8,1.5,0.0,3,none,0.2,2,0.6727182383535474,0.38623861007329147,0.1270710032246254,-0.3289961177120868,-1.6057576079812677,8.986396668049528
8,8,1.5,0.0,3,none,0.2,4,0.6123881084600439,0.3670586748599925,0.11178713147754049,-0.3045483982095766,-1.3495331450385193,6.1561687822796465
8,8,1.5,0.0,3,br30,none,1,0.5537317284439961,0.3556573436665528,0.11019021568344423,-0.30982128626241234,-1.8907903609909702,12.620689655172415
8,8,1.5,0.0,3,br30,none,2,0.7917814334043096,0.623838465818099,0.15606209961827355,-0.25016427836589783,-1.590146838303834,8.390804597701148
8,8,1.5,0.0,3,br30,none,4,0.705414557020219,0.49903330074302743,0.14399678461090404,-0.2885514541745058,-1.7619921660185485,5.655172413793103
8,8,1.5,0.0,3,br30,0.15,1,0.6673179681372168,0.38617133232842077,0.09776785553012424,-0.2531722252416635,-1.7978567944802002,8.609744892407255
8,8,1.5,0.0,3,br30,0.15,2,0.886166593735574,0.6566688912480299,0.1276690199920405,-0.19441916876768683,-1.5659579687765484,5.842537720029361
8,8,1.5,0.0,3,br30,0.15,4,0.804275538178544,0.529336948967173,0.11572817397725266,-0.21862855824264327,-1.5785465970375312,4.084143346516329
8,8,1.5,0.0,3,br30,0.2,1,0.5980085402286357,0.3651711496997691,0.1048612480730231,-0.2871564420114687,-1.8885665838324064,10.302985755429338
8,8,1.5,0.0,3,br30,0.2,2,0.8150399627950126,0.6314428169528895,0.14133433283609298,-0.2238276040863374,-1.587849056435719,7.00735522564488
8,8,1.5,0.0,3,br30,0.2,4,0.7327813583907925,0.5008386564628955,0.1268632741919027,-0.2533016821981299,-1.6819485587772536,4.785375408596925
8,8,1.5,0.0,3,br40,none,1,0.9313391718429717,0.823965715158278,0.17449383693164533,-0.2117731766280182,-0.9660129311222053,10.919540229885056
8,8,1.5,0.0,3,br40,none,2,0.8579665389237349,0.6340537689979595,0.16205911719430333,-0.2555920729726391,-1.1103022137869223,7.42528735632184
8,8,1.5,0.0,3,br40,none,4,0.6856527431330376,0.4582882073878599,0.13414210659345915,-0.2927025056089466,-1.6800478206788183,5.195402298850574
8,8,1.5,0.0,3,br40,0.15,1,1.0330451866947215,0.8590697986021258,0.14616900187230186,-0.17014799275931636,-0.9884915736668285,7.5522137022621525
8,8,1.5,0.0,3,br40,0.15,2,0.9608063797913813,0.7166442255797157,0.13463394348676516,-0.18786719920593176,-1.097770861128787,5.280924062741103
8,8,1.5,0.0,3,br40,0.15,4,0.7992909723310421,0.5225989219606716,0.11167908407576754,-0.21369941533130832,-1.5029935489048905,3.780486894734731
8,8,1.5,0.0,3,br40,0.2,1,0.9670260785501077,0.8423944375437074,0.16190059664897372,-0.19219096118565426,-1.0003420574273996,8.991775704236957
8,8,1.5,0.0,3,br40,0.2,2,0.8813513561116174,0.659671344785998,0.14772443161826065,-0.22393640831281447,-1.1135754377764495,6.271141220777428
8,8,1.5,0.0,3,br40,0.2,4,0.7045758131510167,0.46399010371630217,0.11752060579289436,-0.2532825697178017,-1.609805884862606,4.4416975018205935
8,8,1.5,0.0,3,mkt_ma20,none,1,0.6798789799662951,0.5445330924143226,0.1240438274053548,-0.2277985105650342,-0.6609899345865977,10.50574712643678
8,8,1.5,0.0,3,mkt_ma20,none,2,0.6073727109022531,0.407943987832488,0.11191631026214854,-0.2743423450282694,-1.3304532736060044,6.919540229885057
8,8,1.5,0.0,3,mkt_ma20,none,4,0.7611117478916382,0.5539934498322063,0.14611494151313464,-0.2637485001986756,-1.078564325163431,4.735632183908047
8,8,1.5,0.0,3,mkt_ma20,0.15,1,0.8180982791482998,0.6614296577382085,0.11539735563444298,-0.1744665578333,-0.7623592272308709,7.44835830387605
8,8,1.5,0.0,3,mkt_ma20,0.15,2,0.7339068076463505,0.4887053970534571,0.10236279693722605,-0.2094570625869906,-1.3304532736060044,5.035107357879218
8,8,1.5,0.0,3,mkt_ma20,0.15,4,0.870864326653312,0.6048062812663639,0.12040058976844659,-0.19907298170969345,-1.078564325163431,3.526361630114828
8,8,1.5,0.0,3,mkt_ma20,0.2,1,0.7387100444476068,0.6086325773408163,0.12282811393101811,-0.20180995645627098,-0.7087778397582079,8.810481659399718
8,8,1.5,0.0,3,mkt_ma20,0.2,2,0.6629463195674603,0.45209110033827016,0.10975901300726765,-0.2427807424767755,-1.3304532736060044,5.92717894296966
8,8,1.5,0.0,3,mkt_ma20,0.2,4,0.8104992966603695,0.5859345139750425,0.13354667196913184,-0.22792081501247796,-1.078564325163431,4.087643464889178
8,8,1.5,0.0,3,mkt_ma50,none,1,1.0792339969979992,1.2609515878305784,0.1927381763535847,-0.15285136892938433,-0.17031633619708397,9.264367816091955
8,8,1.5,0.0,3,mkt_ma50,none,2,0.9647654121524143,0.9748451816786545,0.1764266907265215,-0.18097918935468293,-0.6837929354372518,6.735632183908045
8,8,1.5,0.0,3,mkt_ma50,none,4,0.45949688002729994,0.32627595546963273,0.08440088334830298,-0.2586794458292786,-1.4720946087619209,4.528735632183908
8,8,1.5,0.0,3,mkt_ma50,0.15,1,1.164227534413439,1.6648570920664625,0.15145458710710735,-0.09097152411989795,-0.24987653025491882,5.7821756091128655
8,8,1.5,0.0,3,mkt_ma50,0.15,2,1.0456102201306927,1.1502808693006201,0.13789118079621132,-0.11987609676587097,-0.686829451214053,4.411101161614984
8,8,1.5,0.0,3,mkt_ma50,0.15,4,0.44960039320192396,0.2822460680908838,0.05566337588011283,-0.19721577082232056,-1.4721168445877422,3.046848041684514
8,8,1.5,0.0,3,mkt_ma50,0.2,1,1.1055801225026982,1.4373044394366565,0.173175559051574,-0.12048634534201341,-0.24987653025491874,7.214598012211945
8,8,1.5,0.0,3,mkt_ma50,0.2,2,0.9840185001190915,0.9975740079217358,0.15740797630679282,-0.15779077547812592,-0.6868294512140533,5.462257614140897
8,8,1.5,0.0,3,mkt_ma50,0.2,4,0.4365772433804633,0.2914861133994943,0.06598339304296785,-0.22636890750447092,-1.472116844587742,3.6793222931272433
8,8,1.5,0.0,4,none,none,1,0.5265033126722767,0.3264593931123357,0.1038648627934664,-0.31815553476118297,-1.1272863638611776,13.448275862068966
8,8,1.5,0.0,4,none,none,2,0.5127946173060335,0.26342069012801966,0.10274406732260744,-0.3900379551533135,-1.7702117162452302,9.89655172413793
8,8,1.5,0.0,4,none,none,4,0.6201766322535212,0.32865236061607445,0.12230802601639379,-0.37215015217636527,-1.7335588064932794,6.689655172413793
8,8,1.5,0.0,4,none,0.15,1,0.6229293402956769,0.3603184670320916,0.09580265291724332,-0.2658832718354974,-1.0615137581061678,9.665598236820886
8,8,1.5,0.0,4,none,0.15,2,0.6027947744598389,0.28501429658742533,0.09317109039568172,-0.32689970822955683,-1.61333892241403,7.375887859320133
8,8,1.5,0.0,4,none,0.15,4,0.6211386651957492,0.2922936809120673,0.0932854069276634,-0.31914958488523426,-1.6306798633911912,5.232431281936454
8,8,1.5,0.0,4,none,0.2,1,0.5627879116769374,0.33224886371963636,0.10400066531202601,-0.31302037920522596,-1.1222255006518755,11.688158406339923
8,8,1.5,0.0,4,none,0.2,2,0.5388777022852691,0.26234062921087997,0.09983329421298981,-0.38054835239698914,-1.7515294649661186,8.708386103426795
8,8,1.5,0.0,4,none,0.2,4,0.6253581975719934,0.31224532869172084,0.1134164798167534,-0.36322874802309457,-1.7071853389245635,5.9968193919928465
8,8,1.5,0.0,4,br30,none,1,0.5190231660250728,0.2847406330734281,0.09424667873793124,-0.3309913225964739,-1.940779148747226,11.310344827586206
8,8,1.5,0.0,4,br30,none,2,0.673897892541506,0.4268424384161049,0.125333347835489,-0.29362906907890096,-1.6801071777157175,8.103448275862068
8,8,1.5,0.0,4,br30,none,4,0.7873690657176022,0.46355559250159173,0.14739003958629437,-0.31795547712173977,-1.808207838419621,5.206896551724138
8,8,1.5,0.0,4,br30,0.15,1,0.6438015041150561,0.3307434770744868,0.09426758223467613,-0.28501720750019843,-1.8226232120071053,8.184507375777727
8,8,1.5,0.0,4,br30,0.15,2,0.7990763926167219,0.4825446675578403,0.11656453457369831,-0.24156216493621552,-1.61256459399694,5.9125213392253215
8,8,1.5,0.0,4,br30,0.15,4,0.8583858380935986,0.46827446377400644,0.12473310396346782,-0.26636751224526556,-1.683889077333419,3.9846488459155354
8,8,1.5,0.0,4,br30,0.2,1,0.57091845515058,0.2988130925021264,0.09763377344482826,-0.3267386064890496,-1.9417383029445776,9.793908797499425
8,8,1.5,0.0,4,br30,0.2,2,0.7143025337512023,0.4338870629720968,0.12254834686397809,-0.28244296113493284,-1.6540684040268294,7.094661925477606
8,8,1.5,0.0,4,br30,0.2,4,0.7975258486307317,0.44671748102830855,0.1376847082564323,-0.3082142833083069,-1.7778126310515252,4.67178035817362
8,8,1.5,0.0,4,br40,none,1,0.8494228165661525,0.5979072849939294,0.14501216046014687,-0.24253285433981486,-1.131304408115902,9.89655172413793
8,8,1.5,0.0,4,br40,none,2,0.7997537838717398,0.5406226615454807,0.14198523285177678,-0.2626327805902233,-0.9337482878920901,7.13793103448276
8,8,1.5,0.0,4,br40,none,4,0.7934901889428786,0.47142971477519713,0.14307118827366128,-0.3034836027293809,-1.5191724841430492,4.758620689655173
8,8,1.5,0.0,4,br40,0.15,1,0.925972684452525,0.6458242403961909,0.13155973144017952,-0.20370825870436848,-1.0934959630636218,7.3696384109700155
8,8,1.5,0.0,4,br40,0.15,2,0.9162447993648323,0.6340735360967706,0.13026877414512295,-0.2054474232547716,-0.898768565644592,5.35572567761327
8,8,1.5,0.0,4,br40,0.15,4,0.903329298838063,0.5329810394284822,0.1302015971103947,-0.24428936018063685,-1.3822196757771483,3.6588166269535756
8,8,1.5,0.0,4,br40,0.2,1,0.8737371246908283,0.600886851846834,0.14284275969666305,-0.23771989561368145,-1.1319760271999884,8.741657246076004
8,8,1.5,0.0,4,br40,0.2,2,0.8256743831724082,0.5532998204884302,0.1374157190416867,-0.24835670273737265,-0.9172603311040028,6.364799240715798
8,8,1.5,0.0,4,br40,0.2,4,0.8129462981567838,0.4687543611423786,0.1369231942874225,-0.2921000968475975,-1.4908455085360817,4.303692593764191
8,8,1.5,0.0,4,mkt_ma20,none,1,0.6477223940384509,0.43720382029114596,0.10879353163278616,-0.24883938928149707,-0.8542474608257644,9.551724137931034
8,8,1.5,0.0,4,mkt_ma20,none,2,0.5553098724462684,0.33584391033874117,0.0969098464986402,-0.2885562117261389,-1.236646495275788,6.758620689655172
8,8,1.5,0.0,4,mkt_ma20,none,4,0.8211821911547185,0.5018812804108493,0.14613287766543848,-0.29117020970738616,-1.2002971300067642,4.344827586206897
8,8,1.5,0.0,4,mkt_ma20,0.15,1,0.7572825443838215,0.5187013894417666,0.1071486469955305,-0.2065709658322784,-0.8585302884293574,7.208243807844723
8,8,1.5,0.0,4,mkt_ma20,0.15,2,0.6744037986530919,0.40471723013837996,0.09522486889338078,-0.23528741007844345,-1.236646495275788,5.167287226766118
8,8,1.5,0.0,4,mkt_ma20,0.15,4,0.9011089405860367,0.5216645487210604,0.12774978003432036,-0.24488875149273281,-1.2002971300067642,3.433403784518385
8,8,1.5,0.0,4,mkt_ma20,0.2,1,0.6863156986625956,0.4595006580691559,0.11117492436739562,-0.24194725821407537,-0.8550739169003541,8.484854373515944
8,8,1.5,0.0,4,mkt_ma20,0.2,2,0.5970022220827624,0.35764817404934335,0.09827125069608678,-0.2747707323189875,-1.236646495275788,6.089822663405951
8,8,1.5,0.0,4,mkt_ma20,0.2,4,0.8436287309507379,0.50021428680986,0.1405800972328004,-0.28103974824341094,-1.2002971300067642,3.966769988393483
8,8,1.5,0.0,4,mkt_ma50,none,1,0.9349767524825621,0.8958364607422363,0.14671709596128713,-0.1637766516443483,-0.9738079168737445,8.275862068965516
8,8,1.5,0.0,4,mkt_ma50,none,2,0.7773360669202332,0.6029266496247729,0.12899592893631517,-0.21394962225769065,-1.4485131338427946,6.275862068965518
8,8,1.5,0.0,4,mkt_ma50,none,4,0.5035211837920158,0.28331013893550105,0.08029301027000413,-0.28341029576877863,-1.7873525384818645,4.172413793103448
8,8,1.5,0.0,4,mkt_ma50,0.15,1,0.9631530308860105,0.9942314201198198,0.1228185153083905,-0.12353111440954967,-0.9797891987813655,5.753184022025468
8,8,1.5,0.0,4,mkt_ma50,0.15,2,0.8498862617128266,0.7623188443960419,0.11129959632205377,-0.146001370870259,-1.42948928806253,4.442376315717848
8,8,1.5,0.0,4,mkt_ma50,0.15,4,0.49637689309687116,0.2546963293716394,0.06046246259273924,-0.23739039640620663,-1.7858116922164606,3.035981339605531
8,8,1.5,0.0,4,mkt_ma50,0.2,1,0.9250814393127351,0.8700999223980699,0.13796730810438107,-0.15856490105657217,-0.9778306163702369,7.051402309746477
8,8,1.5,0.0,4,mkt_ma50,0.2,2,0.7588663746589982,0.5829213745421732,0.11757232535470186,-0.20169499779801903,-1.4294892880625303,5.488584609694347
8,8,1.5,0.0,4,mkt_ma50,0.2,4,0.4824352886629421,0.2588398388807946,0.07086560750679016,-0.2737816860542338,-1.7858116922164606,3.6641478679740827
8,8,1.5,0.0,5,none,none,1,0.47727340860202977,0.2860539118181195,0.08996166667517125,-0.31449199943950146,-1.4041330524337639,11.93103448275862
8,8,1.5,0.0,5,none,none,2,0.513955347617581,0.32172830643663936,0.09732615128462374,-0.30251037704010975,-1.2646913920177019,8.455172413793104
8,8,1.5,0.0,5,none,none,4,0.5621464698814685,0.33362563471345164,0.10392529433682163,-0.311502724981197,-1.5494419905341152,5.724137931034482
8,8,1.5,0.0,5,none,0.15,1,0.524277646705978,0.2807022071874137,0.07970986921251111,-0.28396595100262967,-1.3703178196148478,9.084860064882328
8,8,1.5,0.0,5,none,0.15,2,0.5537176798152484,0.3155194053800221,0.08362551259404194,-0.26504079041769424,-1.1739577725680825,6.536283254542859
8,8,1.5,0.0,5,none,0.15,4,0.5697061742963396,0.2954149114277751,0.08361623802504492,-0.2830467751980351,-1.4902172535004727,4.593268589392503
8,8,1.5,0.0,5,none,0.2,1,0.5082812774127876,0.2892985069431289,0.09098206588340707,-0.31449199943950135,-1.4041330524337639,10.619458636259244
8,8,1.5,0.0,5,none,0.2,2,0.5343494348300851,0.31692736709058955,0.09585223556172706,-0.30244228020336583,-1.2644380285474104,7.6022751056744635
8,8,1.5,0.0,5,none,0.2,4,0.5683174115660892,0.3175578257960326,0.09907248640749433,-0.31198250636445846,-1.5494419905341152,5.210960060860966
8,8,1.5,0.0,5,br30,none,1,0.46804274979086513,0.25618804449046756,0.08119250961120161,-0.3169254434674553,-2.2450823296147613,10.413793103448276
8,8,1.5,0.0,5,br30,none,2,0.6025347208267506,0.43717074044986115,0.10517213902820721,-0.24057451539410457,-1.5683986393457285,7.103448275862069
8,8,1.5,0.0,5,br30,none,4,0.6546829055826587,0.40418292880800927,0.11468588132174595,-0.2837474646936977,-1.904048129157148,4.606896551724139
8,8,1.5,0.0,5,br30,0.15,1,0.5720522561404305,0.2809872519983303,0.08251428960866258,-0.2936584810230213,-2.178652874830202,7.858030761777698
8,8,1.5,0.0,5,br30,0.15,2,0.672800228857756,0.43785364389290304,0.09507871692350434,-0.21714725513797517,-1.5585910502451128,5.373010409691417
8,8,1.5,0.0,5,br30,0.15,4,0.6921031114914863,0.3793259107335375,0.09764860453333513,-0.2574266660152559,-1.8824401305675067,3.6459498823751133
8,8,1.5,0.0,5,br30,0.2,1,0.5220203671731295,0.27261594711955617,0.08639892993716569,-0.3169254434674553,-2.2450823296147613,9.273379010413011
8,8,1.5,0.0,5,br30,0.2,2,0.6279408423294698,0.4325524856793055,0.10402602949600537,-0.2404934266708394,-1.5679896860306335,6.39445511269425
8,8,1.5,0.0,5,br30,0.2,4,0.6557022207859111,0.3827582789551944,0.10879773459709496,-0.28424658741302056,-1.904048129157148,4.225030347731082
8,8,1.5,0.0,5,br40,none,1,0.7743767760300163,0.5565123175177225,0.12630692937861543,-0.22696160606470872,-1.4058709001739786,8.951724137931034
8,8,1.5,0.0,5,br40,none,2,0.7460696050410242,0.6056610012555791,0.1245948342537253,-0.20571711567268025,-0.774619901855534,6.275862068965518
8,8,1.5,0.0,5,br40,none,4,0.6911076895132424,0.4467384142627967,0.11699886047324126,-0.2618956793010774,-1.4820684095167993,4.1931034482758625
8,8,1.5,0.0,5,br40,0.15,1,0.8381824412418218,0.5589238523058916,0.11656564217958665,-0.20855370852162491,-1.3856836989838186,6.947714116308993
8,8,1.5,0.0,5,br40,0.15,2,0.8069842368933755,0.6225145942594266,0.11100950581494917,-0.17832434265579178,-0.7920181087037514,4.858959117965922
8,8,1.5,0.0,5,br40,0.15,4,0.756602436176971,0.45801482006059563,0.10534876602940635,-0.23001169703519342,-1.450632837920246,3.340898961499459
8,8,1.5,0.0,5,br40,0.2,1,0.7996985327358824,0.5574348613607233,0.12651631141088782,-0.2269616060647084,-1.4058709001739786,8.119692850410406
8,8,1.5,0.0,5,br40,0.2,2,0.7528205313358126,0.588574605438995,0.12060538134249876,-0.20491094965360235,-0.774619901855534,5.730213544774662
8,8,1.5,0.0,5,br40,0.2,4,0.6956329611593788,0.42984610422035235,0.11252593165238456,-0.2617819041456295,-1.4820684095167993,3.867421885382994
8,8,1.5,0.0,5,mkt_ma20,none,1,0.5854978924905534,0.3951144643798317,0.09409238437833478,-0.23813955919336283,-1.1725266024438623,8.675862068965516
8,8,1.5,0.0,5,mkt_ma20,none,2,0.5123079731160446,0.33919254132708526,0.08412303204669858,-0.24800967532354512,-1.2954660463808843,6.000000000000001
8,8,1.5,0.0,5,mkt_ma20,none,4,0.7005586346390613,0.4304633711429728,0.11701949424359315,-0.27184541609865953,-1.5351938260478901,3.862068965517241
8,8,1.5,0.0,5,mkt_ma20,0.15,1,0.6764390646332809,0.43492938959236255,0.09361804707236798,-0.21524884110524578,-1.1631167570144392,6.806490089136374
8,8,1.5,0.0,5,mkt_ma20,0.15,2,0.5719155332953105,0.3544831843169839,0.07784733190664195,-0.21960796830641693,-1.2954660463808843,4.73471157969149
8,8,1.5,0.0,5,mkt_ma20,0.15,4,0.7450985055896396,0.4160616269606572,0.10211754858767974,-0.24543851672563877,-1.5351938260478901,3.1515640544907098
8,8,1.5,0.0,5,mkt_ma20,0.2,1,0.6127801690304384,0.402366315933408,0.09581933711063906,-0.2381395591933626,-1.1725266024438623,7.902270624082577
8,8,1.5,0.0,5,mkt_ma20,0.2,2,0.52966271047954,0.33913784967385646,0.08385010008880034,-0.24724488926682076,-1.2954660463808843,5.539080991654007
8,8,1.5,0.0,5,mkt_ma20,0.2,4,0.7085185079017582,0.4161964059175591,0.11309077990881877,-0.2717245471149503,-1.5351938260478901,3.598430057980549
8,8,1.5,0.0,5,mkt_ma50,none,1,0.8697236739232082,0.9984501554681613,0.1303727137016999,-0.13057508478284496,-1.187074048734084,7.57241379310345
8,8,1.5,0.0,5,mkt_ma50,none,2,0.7260244582228355,0.6745136000190446,0.11307580541158058,-0.1676405122274598,-1.3891296410610163,5.613793103448277
8,8,1.5,0.0,5,mkt_ma50,none,4,0.45989484252152285,0.2690572180106391,0.06949943628524013,-0.2583072730741309,-1.763683423504403,3.655172413793103
8,8,1.5,0.0,5,mkt_ma50,0.15,1,0.8856542900956765,0.9897553359446618,0.11160511023286923,-0.11276030164196982,-1.1744504731637393,5.482023102498098
8,8,1.5,0.0,5,mkt_ma50,0.15,2,0.7382427374085009,0.6968407478895627,0.09346915522852228,-0.1341327347914154,-1.3783687663385082,4.137118368246901
8,8,1.5,0.0,5,mkt_ma50,0.15,4,0.4235409290996359,0.2157621197474962,0.050746453610586384,-0.2351963063302045,-1.763683423504403,2.779354221830602
8,8,1.5,0.0,5,mkt_ma50,0.2,1,0.8576755083197511,0.9513953686668347,0.1242285309256781,-0.13057508478284507,-1.187074048734084,6.6718761106945115
8,8,1.5,0.0,5,mkt_ma50,0.2,2,0.7022908025484796,0.623615246463802,0.10449250165585577,-0.16755924786697962,-1.3876546627994237,5.049864811209022
8,8,1.5,0.0,5,mkt_ma50,0.2,4,0.43473780157871333,0.23996215242240929,0.06210799386196886,-0.25882412386699694,-1.763683423504403,3.302316798098564
8,8,1.5,0.3,3,none,none,1,0.5515432136265993,0.38589918863577993,0.11979076264788668,-0.3104198354792288,-1.1943664484336654,15.24137931034483
8,8,1.5,0.3,3,none,none,2,0.6630156471920566,0.3978726376041218,0.14135434825874094,-0.355275369298923,-1.644551828887983,10.597701149425287
8,8,1.5,0.3,3,none,none,4,0.6137591318848711,0.39044897077611224,0.1316409728859469,-0.3371528233875952,-1.424271194038588,7.195402298850575
8,8,1.5,0.3,3,none,0.15,1,0.6721575001292989,0.4226434142249394,0.10327913165180713,-0.24436470124869825,-1.1749945700167774,10.183858987834505
8,8,1.5,0.3,3,none,0.15,2,0.6940388997444513,0.37762767077847403,0.10670951470984247,-0.2825786428464374,-1.5353051516802465,7.5780053144826285
8,8,1.5,0.3,3,none,0.15,4,0.6282662080887438,0.36078626831988775,0.09413196509616162,-0.26090783758072633,-1.245118497462978,5.359039453361321
8,8,1.5,0.3,3,none,0.2,1,0.5955694868125382,0.39248669033048167,0.11334563934715747,-0.28878849178737287,-1.1982997182052653,12.557149840375343
8,8,1.5,0.3,3,none,0.2,2,0.6727182383535474,0.38623861007329147,0.1270710032246254,-0.3289961177120868,-1.6057576079812677,8.986396668049528
8,8,1.5,0.3,3,none,0.2,4,0.6123881084600439,0.3670586748599925,0.11178713147754049,-0.3045483982095766,-1.3495331450385193,6.1561687822796465
8,8,1.5,0.3,3,br30,none,1,0.5537317284439961,0.3556573436665528,0.11019021568344423,-0.30982128626241234,-1.8907903609909702,12.620689655172415
8,8,1.5,0.3,3,br30,none,2,0.7917814334043096,0.623838465818099,0.15606209961827355,-0.25016427836589783,-1.590146838303834,8.390804597701148
8,8,1.5,0.3,3,br30,none,4,0.705414557020219,0.49903330074302743,0.14399678461090404,-0.2885514541745058,-1.7619921660185485,5.655172413793103
8,8,1.5,0.3,3,br30,0.15,1,0.6673179681372168,0.38617133232842077,0.09776785553012424,-0.2531722252416635,-1.7978567944802002,8.609744892407255
8,8,1.5,0.3,3,br30,0.15,2,0.886166593735574,0.6566688912480299,0.1276690199920405,-0.19441916876768683,-1.5659579687765484,5.842537720029361
8,8,1.5,0.3,3,br30,0.15,4,0.804275538178544,0.529336948967173,0.11572817397725266,-0.21862855824264327,-1.5785465970375312,4.084143346516329
8,8,1.5,0.3,3,br30,0.2,1,0.5980085402286357,0.3651711496997691,0.1048612480730231,-0.2871564420114687,-1.8885665838324064,10.302985755429338
8,8,1.5,0.3,3,br30,0.2,2,0.8150399627950126,0.6314428169528895,0.14133433283609298,-0.2238276040863374,-1.587849056435719,7.00735522564488
8,8,1.5,0.3,3,br30,0.2,4,0.7327813583907925,0.5008386564628955,0.1268632741919027,-0.2533016821981299,-1.6819485587772536,4.785375408596925
8,8,1.5,0.3,3,br40,none,1,0.9313391718429717,0.823965715158278,0.17449383693164533,-0.2117731766280182,-0.9660129311222053,10.919540229885056
8,8,1.5,0.3,3,br40,none,2,0.8579665389237349,0.6340537689979595,0.16205911719430333,-0.2555920729726391,-1.1103022137869223,7.42528735632184
8,8,1.5,0.3,3,br40,none,4,0.6856527431330376,0.4582882073878599,0.13414210659345915,-0.2927025056089466,-1.6800478206788183,5.195402298850574
8,8,1.5,0.3,3,br40,0.15,1,1.0330451866947215,0.8590697986021258,0.14616900187230186,-0.17014799275931636,-0.9884915736668285,7.5522137022621525
8,8,1.5,0.3,3,br40,0.15,2,0.9608063797913813,0.7166442255797157,0.13463394348676516,-0.18786719920593176,-1.097770861128787,5.280924062741103
8,8,1.5,0.3,3,br40,0.15,4,0.7992909723310421,0.5225989219606716,0.11167908407576754,-0.21369941533130832,-1.5029935489048905,3.780486894734731
8,8,1.5,0.3,3,br40,0.2,1,0.9670260785501077,0.8423944375437074,0.16190059664897372,-0.19219096118565426,-1.0003420574273996,8.991775704236957
8,8,1.5,0.3,3,br40,0.2,2,0.8813513561116174,0.659671344785998,0.14772443161826065,-0.22393640831281447,-1.1135754377764495,6.271141220777428
8,8,1.5,0.3,3,br40,0.2,4,0.7045758131510167,0.46399010371630217,0.11752060579289436,-0.2532825697178017,-1.609805884862606,4.4416975018205935
8,8,1.5,0.3,3,mkt_ma20,none,1,0.6798789799662951,0.5445330924143226,0.1240438274053548,-0.2277985105650342,-0.6609899345865977,10.50574712643678
8,8,1.5,0.3,3,mkt_ma20,none,2,0.6073727109022531,0.407943987832488,0.11191631026214854,-0.2743423450282694,-1.3304532736060044,6.919540229885057
8,8,1.5,0.3,3,mkt_ma20,none,4,0.7611117478916382,0.5539934498322063,0.14611494151313464,-0.2637485001986756,-1.078564325163431,4.735632183908047
8,8,1.5,0.3,3,mkt_ma20,0.15,1,0.8180982791482998,0.6614296577382085,0.11539735563444298,-0.1744665578333,-0.7623592272308709,7.44835830387605
8,8,1.5,0.3,3,mkt_ma20,0.15,2,0.7339068076463505,0.4887053970534571,0.10236279693722605,-0.2094570625869906,-1.3304532736060044,5.035107357879218
8,8,1.5,0.3,3,mkt_ma20,0.15,4,0.870864326653312,0.6048062812663639,0.12040058976844659,-0.19907298170969345,-1.078564325163431,3.526361630114828
8,8,1.5,0.3,3,mkt_ma20,0.2,1,0.7387100444476068,0.6086325773408163,0.12282811393101811,-0.20180995645627098,-0.7087778397582079,8.810481659399718
8,8,1.5,0.3,3,mkt_ma20,0.2,2,0.6629463195674603,0.45209110033827016,0.10975901300726765,-0.2427807424767755,-1.3304532736060044,5.92717894296966
8,8,1.5,0.3,3,mkt_ma20,0.2,4,0.8104992966603695,0.5859345139750425,0.13354667196913184,-0.22792081501247796,-1.078564325163431,4.087643464889178
8,8,1.5,0.3,3,mkt_ma50,none,1,1.0792339969979992,1.2609515878305784,0.1927381763535847,-0.15285136892938433,-0.17031633619708397,9.264367816091955
8,8,1.5,0.3,3,mkt_ma50,none,2,0.9647654121524143,0.9748451816786545,0.1764266907265215,-0.18097918935468293,-0.6837929354372518,6.735632183908045
8,8,1.5,0.3,3,mkt_ma50,none,4,0.45949688002729994,0.32627595546963273,0.08440088334830298,-0.2586794458292786,-1.4720946087619209,4.528735632183908
8,8,1.5,0.3,3,mkt_ma50,0.15,1,1.164227534413439,1.6648570920664625,0.15145458710710735,-0.09097152411989795,-0.24987653025491882,5.7821756091128655
8,8,1.5,0.3,3,mkt_ma50,0.15,2,1.0456102201306927,1.1502808693006201,0.13789118079621132,-0.11987609676587097,-0.686829451214053,4.411101161614984
8,8,1.5,0.3,3,mkt_ma50,0.15,4,0.44960039320192396,0.2822460680908838,0.05566337588011283,-0.19721577082232056,-1.4721168445877422,3.046848041684514
8,8,1.5,0.3,3,mkt_ma50,0.2,1,1.1055801225026982,1.4373044394366565,0.173175559051574,-0.12048634534201341,-0.24987653025491874,7.214598012211945
8,8,1.5,0.3,3,mkt_ma50,0.2,2,0.9840185001190915,0.9975740079217358,0.15740797630679282,-0.15779077547812592,-0.6868294512140533,5.462257614140897
8,8,1.5,0.3,3,mkt_ma50,0.2,4,0.4365772433804633,0.2914861133994943,0.06598339304296785,-0.22636890750447092,-1.472116844587742,3.6793222931272433
8,8,1.5,0.3,4,none,none,1,0.5265033126722767,0.3264593931123357,0.1038648627934664,-0.31815553476118297,-1.1272863638611776,13.448275862068966
8,8,1.5,0.3,4,none,none,2,0.5127946173060335,0.26342069012801966,0.10274406732260744,-0.3900379551533135,-1.7702117162452302,9.89655172413793
8,8,1.5,0.3,4,none,none,4,0.6201766322535212,0.32865236061607445,0.12230802601639379,-0.37215015217636527,-1.7335588064932794,6.689655172413793
8,8,1.5,0.3,4,none,0.15,1,0.6229293402956769,0.3603184670320916,0.09580265291724332,-0.2658832718354974,-1.0615137581061678,9.665598236820886
8,8,1.5,0.3,4,none,0.15,2,0.6027947744598389,0.28501429658742533,0.09317109039568172,-0.32689970822955683,-1.61333892241403,7.375887859320133
8,8,1.5,0.3,4,none,0.15,4,0.6211386651957492,0.2922936809120673,0.0932854069276634,-0.31914958488523426,-1.6306798633911912,5.232431281936454
8,8,1.5,0.3,4,none,0.2,1,0.5627879116769374,0.33224886371963636,0.10400066531202601,-0.31302037920522596,-1.1222255006518755,11.688158406339923
8,8,1.5,0.3,4,none,0.2,2,0.5388777022852691,0.26234062921087997,0.09983329421298981,-0.38054835239698914,-1.7515294649661186,8.708386103426795
8,8,1.5,0.3,4,none,0.2,4,0.6253581975719934,0.31224532869172084,0.1134164798167534,-0.36322874802309457,-1.7071853389245635,5.9968193919928465
8,8,1.5,0.3,4,br30,none,1,0.5190231660250728,0.2847406330734281,0.09424667873793124,-0.3309913225964739,-1.940779148747226,11.310344827586206
8,8,1.5,0.3,4,br30,none,2,0.673897892541506,0.4268424384161049,0.125333347835489,-0.29362906907890096,-1.6801071777157175,8.103448275862068
8,8,1.5,0.3,4,br30,none,4,0.7873690657176022,0.46355559250159173,0.14739003958629437,-0.31795547712173977,-1.808207838419621,5.206896551724138
8,8,1.5,0.3,4,br30,0.15,1,0.6438015041150561,0.3307434770744868,0.09426758223467613,-0.28501720750019843,-1.8226232120071053,8.184507375777727
8,8,1.5,0.3,4,br30,0.15,2,0.7990763926167219,0.4825446675578403,0.11656453457369831,-0.24156216493621552,-1.61256459399694,5.9125213392253215
8,8,1.5,0.3,4,br30,0.15,4,0.8583858380935986,0.46827446377400644,0.12473310396346782,-0.26636751224526556,-1.683889077333419,3.9846488459155354
8,8,1.5,0.3,4,br30,0.2,1,0.57091845515058,0.2988130925021264,0.09763377344482826,-0.3267386064890496,-1.9417383029445776,9.793908797499425
8,8,1.5,0.3,4,br30,0.2,2,0.7143025337512023,0.4338870629720968,0.12254834686397809,-0.28244296113493284,-1.6540684040268294,7.094661925477606
8,8,1.5,0.3,4,br30,0.2,4,0.7975258486307317,0.44671748102830855,0.1376847082564323,-0.3082142833083069,-1.7778126310515252,4.67178035817362
8,8,1.5,0.3,4,br40,none,1,0.8494228165661525,0.5979072849939294,0.14501216046014687,-0.24253285433981486,-1.131304408115902,9.89655172413793
8,8,1.5,0.3,4,br40,none,2,0.7997537838717398,0.5406226615454807,0.14198523285177678,-0.2626327805902233,-0.9337482878920901,7.13793103448276
8,8,1.5,0.3,4,br40,none,4,0.7934901889428786,0.47142971477519713,0.14307118827366128,-0.3034836027293809,-1.5191724841430492,4.758620689655173
8,8,1.5,0.3,4,br40,0.15,1,0.925972684452525,0.6458242403961909,0.13155973144017952,-0.20370825870436848,-1.0934959630636218,7.3696384109700155
8,8,1.5,0.3,4,br40,0.15,2,0.9162447993648323,0.6340735360967706,0.13026877414512295,-0.2054474232547716,-0.898768565644592,5.35572567761327
8,8,1.5,0.3,4,br40,0.15,4,0.903329298838063,0.5329810394284822,0.1302015971103947,-0.24428936018063685,-1.3822196757771483,3.6588166269535756
8,8,1.5,0.3,4,br40,0.2,1,0.8737371246908283,0.600886851846834,0.14284275969666305,-0.23771989561368145,-1.1319760271999884,8.741657246076004
8,8,1.5,0.3,4,br40,0.2,2,0.8256743831724082,0.5532998204884302,0.1374157190416867,-0.24835670273737265,-0.9172603311040028,6.364799240715798
8,8,1.5,0.3,4,br40,0.2,4,0.8129462981567838,0.4687543611423786,0.1369231942874225,-0.2921000968475975,-1.4908455085360817,4.303692593764191
8,8,1.5,0.3,4,mkt_ma20,none,1,0.6477223940384509,0.43720382029114596,0.10879353163278616,-0.24883938928149707,-0.8542474608257644,9.551724137931034
8,8,1.5,0.3,4,mkt_ma20,none,2,0.5553098724462684,0.33584391033874117,0.0969098464986402,-0.2885562117261389,-1.236646495275788,6.758620689655172
8,8,1.5,0.3,4,mkt_ma20,none,4,0.8211821911547185,0.5018812804108493,0.14613287766543848,-0.29117020970738616,-1.2002971300067642,4.344827586206897
8,8,1.5,0.3,4,mkt_ma20,0.15,1,0.7572825443838215,0.5187013894417666,0.1071486469955305,-0.2065709658322784,-0.8585302884293574,7.208243807844723
8,8,1.5,0.3,4,mkt_ma20,0.15,2,0.6744037986530919,0.40471723013837996,0.09522486889338078,-0.23528741007844345,-1.236646495275788,5.167287226766118
8,8,1.5,0.3,4,mkt_ma20,0.15,4,0.9011089405860367,0.5216645487210604,0.12774978003432036,-0.24488875149273281,-1.2002971300067642,3.433403784518385
8,8,1.5,0.3,4,mkt_ma20,0.2,1,0.6863156986625956,0.4595006580691559,0.11117492436739562,-0.24194725821407537,-0.8550739169003541,8.484854373515944
8,8,1.5,0.3,4,mkt_ma20,0.2,2,0.5970022220827624,0.35764817404934335,0.09827125069608678,-0.2747707323189875,-1.236646495275788,6.089822663405951
8,8,1.5,0.3,4,mkt_ma20,0.2,4,0.8436287309507379,0.50021428680986,0.1405800972328004,-0.28103974824341094,-1.2002971300067642,3.966769988393483
8,8,1.5,0.3,4,mkt_ma50,none,1,0.9349767524825621,0.8958364607422363,0.14671709596128713,-0.1637766516443483,-0.9738079168737445,8.275862068965516
8,8,1.5,0.3,4,mkt_ma50,none,2,0.7773360669202332,0.6029266496247729,0.12899592893631517,-0.21394962225769065,-1.4485131338427946,6.275862068965518
8,8,1.5,0.3,4,mkt_ma50,none,4,0.5035211837920158,0.28331013893550105,0.08029301027000413,-0.28341029576877863,-1.7873525384818645,4.172413793103448
8,8,1.5,0.3,4,mkt_ma50,0.15,1,0.9631530308860105,0.9942314201198198,0.1228185153083905,-0.12353111440954967,-0.9797891987813655,5.753184022025468
8,8,1.5,0.3,4,mkt_ma50,0.15,2,0.8498862617128266,0.7623188443960419,0.11129959632205377,-0.146001370870259,-1.42948928806253,4.442376315717848
8,8,1.5,0.3,4,mkt_ma50,0.15,4,0.49637689309687116,0.2546963293716394,0.06046246259273924,-0.23739039640620663,-1.7858116922164606,3.035981339605531
8,8,1.5,0.3,4,mkt_ma50,0.2,1,0.9250814393127351,0.8700999223980699,0.13796730810438107,-0.15856490105657217,-0.9778306163702369,7.051402309746477
8,8,1.5,0.3,4,mkt_ma50,0.2,2,0.7588663746589982,0.5829213745421732,0.11757232535470186,-0.20169499779801903,-1.4294892880625303,5.488584609694347
8,8,1.5,0.3,4,mkt_ma50,0.2,4,0.4824352886629421,0.2588398388807946,0.07086560750679016,-0.2737816860542338,-1.7858116922164606,3.6641478679740827
8,8,1.5,0.3,5,none,none,1,0.47727340860202977,0.2860539118181195,0.08996166667517125,-0.31449199943950146,-1.4041330524337639,11.93103448275862
8,8,1.5,0.3,5,none,none,2,0.513955347617581,0.32172830643663936,0.09732615128462374,-0.30251037704010975,-1.2646913920177019,8.455172413793104
8,8,1.5,0.3,5,none,none,4,0.5621464698814685,0.33362563471345164,0.10392529433682163,-0.311502724981197,-1.5494419905341152,5.724137931034482
8,8,1.5,0.3,5,none,0.15,1,0.524277646705978,0.2807022071874137,0.07970986921251111,-0.28396595100262967,-1.3703178196148478,9.084860064882328
8,8,1.5,0.3,5,none,0.15,2,0.5537176798152484,0.3155194053800221,0.08362551259404194,-0.26504079041769424,-1.1739577725680825,6.536283254542859
8,8,1.5,0.3,5,none,0.15,4,0.5697061742963396,0.2954149114277751,0.08361623802504492,-0.2830467751980351,-1.4902172535004727,4.593268589392503
8,8,1.5,0.3,5,none,0.2,1,0.5082812774127876,0.2892985069431289,0.09098206588340707,-0.31449199943950135,-1.4041330524337639,10.619458636259244
8,8,1.5,0.3,5,none,0.2,2,0.5343494348300851,0.31692736709058955,0.09585223556172706,-0.30244228020336583,-1.2644380285474104,7.6022751056744635
8,8,1.5,0.3,5,none,0.2,4,0.5683174115660892,0.3175578257960326,0.09907248640749433,-0.31198250636445846,-1.5494419905341152,5.210960060860966
8,8,1.5,0.3,5,br30,none,1,0.46804274979086513,0.25618804449046756,0.08119250961120161,-0.3169254434674553,-2.2450823296147613,10.413793103448276
8,8,1.5,0.3,5,br30,none,2,0.6025347208267506,0.43717074044986115,0.10517213902820721,-0.24057451539410457,-1.5683986393457285,7.103448275862069
8,8,1.5,0.3,5,br30,none,4,0.6546829055826587,0.40418292880800927,0.11468588132174595,-0.2837474646936977,-1.904048129157148,4.606896551724139
8,8,1.5,0.3,5,br30,0.15,1,0.5720522561404305,0.2809872519983303,0.08251428960866258,-0.2936584810230213,-2.178652874830202,7.858030761777698
8,8,1.5,0.3,5,br30,0.15,2,0.672800228857756,0.43785364389290304,0.09507871692350434,-0.21714725513797517,-1.5585910502451128,5.373010409691417
8,8,1.5,0.3,5,br30,0.15,4,0.6921031114914863,0.3793259107335375,0.09764860453333513,-0.2574266660152559,-1.8824401305675067,3.6459498823751133
8,8,1.5,0.3,5,br30,0.2,1,0.5220203671731295,0.27261594711955617,0.08639892993716569,-0.3169254434674553,-2.2450823296147613,9.273379010413011
8,8,1.5,0.3,5,br30,0.2,2,0.6279408423294698,0.4325524856793055,0.10402602949600537,-0.2404934266708394,-1.5679896860306335,6.39445511269425
8,8,1.5,0.3,5,br30,0.2,4,0.6557022207859111,0.3827582789551944,0.10879773459709496,-0.28424658741302056,-1.904048129157148,4.225030347731082
8,8,1.5,0.3,5,br40,none,1,0.7743767760300163,0.5565123175177225,0.12630692937861543,-0.22696160606470872,-1.4058709001739786,8.951724137931034
8,8,1.5,0.3,5,br40,none,2,0.7460696050410242,0.6056610012555791,0.1245948342537253,-0.20571711567268025,-0.774619901855534,6.275862068965518
8,8,1.5,0.3,5,br40,none,4,0.6911076895132424,0.4467384142627967,0.11699886047324126,-0.2618956793010774,-1.4820684095167993,4.1931034482758625
8,8,1.5,0.3,5,br40,0.15,1,0.8381824412418218,0.5589238523058916,0.11656564217958665,-0.20855370852162491,-1.3856836989838186,6.947714116308993
8,8,1.5,0.3,5,br40,0.15,2,0.8069842368933755,0.6225145942594266,0.11100950581494917,-0.17832434265579178,-0.7920181087037514,4.858959117965922
8,8,1.5,0.3,5,br40,0.15,4,0.756602436176971,0.45801482006059563,0.10534876602940635,-0.23001169703519342,-1.450632837920246,3.340898961499459
8,8,1.5,0.3,5,br40,0.2,1,0.7996985327358824,0.5574348613607233,0.12651631141088782,-0.2269616060647084,-1.4058709001739786,8.119692850410406
8,8,1.5,0.3,5,br40,0.2,2,0.7528205313358126,0.588574605438995,0.12060538134249876,-0.20491094965360235,-0.774619901855534,5.730213544774662
8,8,1.5,0.3,5,br40,0.2,4,0.6956329611593788,0.42984610422035235,0.11252593165238456,-0.2617819041456295,-1.4820684095167993,3.867421885382994
8,8,1.5,0.3,5,mkt_ma20,none,1,0.5854978924905534,0.3951144643798317,0.09409238437833478,-0.23813955919336283,-1.1725266024438623,8.675862068965516
8,8,1.5,0.3,5,mkt_ma20,none,2,0.5123079731160446,0.33919254132708526,0.08412303204669858,-0.24800967532354512,-1.2954660463808843,6.000000000000001
8,8,1.5,0.3,5,mkt_ma20,none,4,0.7005586346390613,0.4304633711429728,0.11701949424359315,-0.27184541609865953,-1.5351938260478901,3.862068965517241
8,8,1.5,0.3,5,mkt_ma20,0.15,1,0.6764390646332809,0.43492938959236255,0.09361804707236798,-0.21524884110524578,-1.1631167570144392,6.806490089136374
8,8,1.5,0.3,5,mkt_ma20,0.15,2,0.5719155332953105,0.3544831843169839,0.07784733190664195,-0.21960796830641693,-1.2954660463808843,4.73471157969149
8,8,1.5,0.3,5,mkt_ma20,0.15,4,0.7450985055896396,0.4160616269606572,0.10211754858767974,-0.24543851672563877,-1.5351938260478901,3.1515640544907098
8,8,1.5,0.3,5,mkt_ma20,0.2,1,0.6127801690304384,0.402366315933408,0.09581933711063906,-0.2381395591933626,-1.1725266024438623,7.902270624082577
8,8,1.5,0.3,5,mkt_ma20,0.2,2,0.52966271047954,0.33913784967385646,0.08385010008880034,-0.24724488926682076,-1.2954660463808843,5.539080991654007
8,8,1.5,0.3,5,mkt_ma20,0.2,4,0.7085185079017582,0.4161964059175591,0.11309077990881877,-0.2717245471149503,-1.5351938260478901,3.598430057980549
8,8,1.5,0.3,5,mkt_ma50,none,1,0.8697236739232082,0.9984501554681613,0.1303727137016999,-0.13057508478284496,-1.187074048734084,7.57241379310345
8,8,1.5,0.3,5,mkt_ma50,none,2,0.7260244582228355,0.6745136000190446,0.11307580541158058,-0.1676405122274598,-1.3891296410610163,5.613793103448277
8,8,1.5,0.3,5,mkt_ma50,none,4,0.45989484252152285,0.2690572180106391,0.06949943628524013,-0.2583072730741309,-1.763683423504403,3.655172413793103
8,8,1.5,0.3,5,mkt_ma50,0.15,1,0.8856542900956765,0.9897553359446618,0.11160511023286923,-0.11276030164196982,-1.1744504731637393,5.482023102498098
8,8,1.5,0.3,5,mkt_ma50,0.15,2,0.7382427374085009,0.6968407478895627,0.09346915522852228,-0.1341327347914154,-1.3783687663385082,4.137118368246901
8,8,1.5,0.3,5,mkt_ma50,0.15,4,0.4235409290996359,0.2157621197474962,0.050746453610586384,-0.2351963063302045,-1.763683423504403,2.779354221830602
8,8,1.5,0.3,5,mkt_ma50,0.2,1,0.8576755083197511,0.9513953686668347,0.1242285309256781,-0.13057508478284507,-1.187074048734084,6.6718761106945115
8,8,1.5,0.3,5,mkt_ma50,0.2,2,0.7022908025484796,0.623615246463802,0.10449250165585577,-0.16755924786697962,-1.3876546627994237,5.049864811209022
8,8,1.5,0.3,5,mkt_ma50,0.2,4,0.43473780157871333,0.23996215242240929,0.06210799386196886,-0.25882412386699694,-1.763683423504403,3.302316798098564
12,4,0.5,0.0,3,none,none,1,0.8179254366634084,0.692670901588101,0.19977972917007558,-0.28841940481697215,-0.5567102602001444,12.57471264367816
12,4,0.5,0.0,3,none,none,2,0.9482798914124829,0.9971622942078879,0.22484833629199485,-0.22548820547873483,-0.42281858388176247,7.9770114942528725
12,4,0.5,0.0,3,none,none,4,0.44542592469732745,0.29819788473112707,0.10377630189588305,-0.34801152928852574,-1.1153965459827047,5.770114942528736
12,4,0.5,0.0,3,none,0.15,1,0.9973480473241463,0.9347720941060442,0.15744075424456905,-0.1684268874063204,-0.4337220667424308,8.049577897689126
12,4,0.5,0.0,3,none,0.15,2,1.1030335082061131,1.1302785044447112,0.17213375710514156,-0.152293223686235,-0.3152742860204057,5.425882415839274
12,4,0.5,0.0,3,none,0.15,4,0.5633179247065632,0.3595298401566024,0.08661952635499115,-0.2409244426478253,-1.0235562728352192,4.088277818067157
12,4,0.5,0.0,3,none,0.2,1,0.8885696468631717,0.8001664237426076,0.1749006540172029,-0.21858034632238432,-0.4384117005258144,9.846778270611598
12,4,0.5,0.0,3,none,0.2,2,1.0059676138606473,1.0066934728290007,0.1958256149079478,-0.19452357663315378,-0.34398279343826277,6.492670212624123
12,4,0.5,0.0,3,none,0.2,4,0.48233708322281293,0.30084096853247855,0.09204669726449888,-0.30596463544678953,-1.0678971686683882,4.928444929366497
12,4,0.5,0.0,3,br30,none,1,0.6055456970427596,0.3336100044764789,0.13657013586695932,-0.40937062448493855,-2.708547158723068,11.609195402298852
12,4,0.5,0.0,3,br30,none,2,0.892588650255246,0.6991772707725225,0.2014870351763749,-0.2881773244055137,-1.8004100395074538,6.781609195402299
12,4,0.5,0.0,3,br30,none,4,0.41185059374713157,0.24556824527576773,0.09191414661451613,-0.37429166182011264,-2.0052949702973866,4.873563218390804
12,4,0.5,0.0,3,br30,0.15,1,0.7170573961495526,0.36133863488432644,0.11032569825579053,-0.3053249434318269,-2.429419908924029,7.644307808220676
12,4,0.5,0.0,3,br30,0.15,2,0.959593846858001,0.6749620547010142,0.14900454356118242,-0.22075988201616237,-1.723089441191688,4.708468771840754
12,4,0.5,0.0,3,br30,0.15,4,0.5083624908259016,0.2645874945689495,0.07776876623406781,-0.29392457251528137,-1.886791260532182,3.479080969181686
12,4,0.5,0.0,3,br30,0.2,1,0.6581320361262568,0.3500485320311483,0.11979440533409536,-0.34222227597696575,-2.557377600129322,9.05008439731324
12,4,0.5,0.0,3,br30,0.2,2,0.9148057696769631,0.6838542512018274,0.16847112905280492,-0.2463553143915218,-1.7678807300481871,5.460976496610037
12,4,0.5,0.0,3,br30,0.2,4,0.45390950313679174,0.24937118959882235,0.08289595406699735,-0.3324199327129842,-1.9616617670873087,4.070675656975583
12,4,0.5,0.0,3,br40,none,1,0.8996844526265216,0.5927922500740584,0.19447324438195146,-0.32806306822947773,-1.7700077120566249,9.678160919540229
12,4,0.5,0.0,3,br40,none,2,0.9307889096715137,0.7807448623384659,0.1984008670297981,-0.2541174160730987,-1.1516164078573379,6.183908045977011
12,4,0.5,0.0,3,br40,none,4,0.4871945707894903,0.31868894651129487,0.10352450907714972,-0.32484499450149784,-1.5448122288510353,4.459770114942528
12,4,0.5,0.0,3,br40,0.15,1,1.0174937297039004,0.6940825872687043,0.15253073996214161,-0.21975877620322937,-1.5663511063016637,6.468543787147567
12,4,0.5,0.0,3,br40,0.15,2,1.01917919634626,0.83859440011517,0.1514341454000363,-0.18058091656614783,-1.1822010467444413,4.333996041190599
12,4,0.5,0.0,3,br40,0.15,4,0.6189199714453849,0.37978295458080114,0.09247315443747062,-0.24348948082607114,-1.4141845515168514,3.2320353139113958
12,4,0.5,0.0,3,br40,0.2,1,0.961307646667343,0.6596618646474487,0.1694182084245277,-0.2568258338157413,-1.656575993342708,7.625927225602869
12,4,0.5,0.0,3,br40,0.2,2,0.9540972374842606,0.8044655885668833,0.16727757071010352,-0.2079362661218368,-1.1810888488561302,5.031337966795527
12,4,0.5,0.0,3,br40,0.2,4,0.5146033217173379,0.3191207320877475,0.08999534448269886,-0.2820103347530337,-1.4975006574087346,3.7706323814766645
12,4,0.5,0.0,3,mkt_ma20,none,1,0.6982812753651428,0.4280674016053774,0.14855169257881284,-0.34702874365508973,-1.68875890926465,9.494252873563218
12,4,0.5,0.0,3,mkt_ma20,none,2,0.7551021082489955,0.5665701965679781,0.158475021723391,-0.279709421150918,-1.422260235002718,6.0
12,4,0.5,0.0,3,mkt_ma20,none,4,0.5557639957098595,0.36538023068926867,0.1153094380462889,-0.3155875122985289,-1.4817487892296817,4.183908045977011
12,4,0.5,0.0,3,mkt_ma20,0.15,1,0.7962408158887806,0.4876815643914967,0.12006462495885017,-0.246194717466223,-1.5725867938907083,6.490196916046774
12,4,0.5,0.0,3,mkt_ma20,0.15,2,0.7976269815507528,0.5536497684578149,0.11803848497589509,-0.21320064000873684,-1.422260235002718,4.31117379615754
12,4,0.5,0.0,3,mkt_ma20,0.15,4,0.6368201591126308,0.36511743953737663,0.09223166026890595,-0.2526082029545573,-1.4670849125509857,3.071904757522652
12,4,0.5,0.0,3,mkt_ma20,0.2,1,0.7467778710353864,0.4732726888409928,0.1319158428229097,-0.27873115422307826,-1.612631611254218,7.581195667358159
12,4,0.5,0.0,3,mkt_ma20,0.2,2,0.7593375693978436,0.5591618620025762,0.1320940173343046,-0.23623574193923835,-1.422260235002718,4.945397164922808
12,4,0.5,0.0,3,mkt_ma20,0.2,4,0.603689590358262,0.3663561946624273,0.10289475526474545,-0.28085987561792447,-1.4817487892296817,3.5403331867648036
12,4,0.5,0.0,3,mkt_ma50,none,1,0.969420099014659,0.9809344898269055,0.19729402155873044,-0.20112864172361267,-1.4082563950891394,8.206896551724137
12,4,0.5,0.0,3,mkt_ma50,none,2,0.9154375022423384,0.8988742327772965,0.18669377801594234,-0.20769732984680767,-1.4720946087619209,5.126436781609195
12,4,0.5,0.0,3,mkt_ma50,none,4,0.326899872821191,0.21742164986811569,0.06423290511867874,-0.2954301246340525,-1.5152689129201118,3.793103448275862
12,4,0.5,0.0,3,mkt_ma50,0.15,1,1.0648546405491317,1.2532747362644485,0.14453544829316378,-0.11532622824901972,-1.4177064945293503,5.013511818651161
12,4,0.5,0.0,3,mkt_ma50,0.15,2,0.9696231370831883,1.105828685811907,0.13391713720022813,-0.12110116053094178,-1.4705718555831293,3.229488845654692
12,4,0.5,0.0,3,mkt_ma50,0.15,4,0.3521005359551525,0.20206881878308253,0.04576550296655624,-0.2264847354587881,-1.5152689129201118,2.5366483819496057
12,4,0.5,0.0,3,mkt_ma50,0.2,1,1.0072795157394197,1.069371873806396,0.16263513098539217,-0.15208472839901566,-1.4177064945293507,6.0783801565933055
12,4,0.5,0.0,3,mkt_ma50,0.2,2,0.9126652170012515,0.9406776215245328,0.1500290814449865,-0.15949043329194768,-1.470571855583129,3.910830459171847
12,4,0.5,0.0,3,mkt_ma50,0.2,4,0.3238364175349357,0.19668217270685912,0.05000143554956327,-0.25422454339106204,-1.5152689129201118,3.029707421143536
12,4,0.5,0.0,4,none,none,1,0.7139783233028607,0.5932794909247425,0.15712207606160455,-0.2648365205018278,-1.0963617718932919,11.655172413793103
12,4,0.5,0.0,4,none,none,2,0.9284845205107737,0.9744048432774999,0.1987373508082475,-0.2039576795819038,-0.6074341070906767,7.896551724137931
12,4,0.5,0.0,4,none,none,4,0.450794786288125,0.3106474652421415,0.09729593546086046,-0.3132036998435537,-1.0461570969577838,5.275862068965518
12,4,0.5,0.0,4,none,0.15,1,0.8005884409055388,0.6163337798069451,0.12324970598412421,-0.19997233645498036,-1.1150123371460652,8.087028257111069
12,4,0.5,0.0,4,none,0.15,2,0.9815292007347562,0.9127274493238269,0.1501084313570309,-0.16446139695725737,-0.529849252179277,5.6224354186050824
12,4,0.5,0.0,4,none,0.15,4,0.5106853901504561,0.32851801208724574,0.07746198528134562,-0.23579220143574275,-0.9569014000114376,3.9554534945553472
12,4,0.5,0.0,4,none,0.2,1,0.7286337159786198,0.5723398956298242,0.13981520768340672,-0.24428702026712434,-1.067150943107741,9.76537944599572
12,4,0.5,0.0,4,none,0.2,2,0.9195887102524016,0.8701961813448789,0.1748343013744651,-0.20091366191042181,-0.603331406802997,6.693881365304624
12,4,0.5,0.0,4,none,0.2,4,0.44957898790487555,0.286831726095371,0.08510552337690713,-0.29670889108204757,-1.0350946310857716,4.716347384138478
12,4,0.5,0.0,4,br30,none,1,0.5635444075054113,0.31774433140900327,0.11257690197508374,-0.35430026863382114,-2.800944823455617,10.655172413793103
12,4,0.5,0.0,4,br30,none,2,0.8806219195718603,0.7239706281964006,0.1779811213231972,-0.24584025151212907,-1.672240576565465,6.862068965517241
12,4,0.5,0.0,4,br30,none,4,0.4537804830508413,0.2836753533057613,0.09366611168480388,-0.3301876972859368,-1.7348835894392725,4.517241379310345
12,4,0.5,0.0,4,br30,0.15,1,0.581978627385126,0.28601961762074757,0.08623830253134579,-0.30151184470743153,-2.5840291160862963,7.555113591454951
12,4,0.5,0.0,4,br30,0.15,2,0.8543130522672222,0.5989439621275969,0.12778230708953253,-0.21334601426754218,-1.6224559213631202,4.950113944410175
12,4,0.5,0.0,4,br30,0.15,4,0.4936172870275953,0.2685841769571177,0.07351259194962023,-0.2737041056642636,-1.6409012722634948,3.404828995050335
12,4,0.5,0.0,4,br30,0.2,1,0.5599198584781749,0.2953866654025419,0.09876454452667827,-0.3343568146249447,-2.7330784211192323,8.958277673852818
12,4,0.5,0.0,4,br30,0.2,2,0.8514080819451201,0.6405194741058676,0.15215108994538218,-0.23754326932491365,-1.6614589173785879,5.807073701056138
12,4,0.5,0.0,4,br30,0.2,4,0.45799946297003263,0.26430966644082887,0.08278725480687288,-0.31322068512165635,-1.7125568536673799,4.004240694511342
12,4,0.5,0.0,4,br40,none,1,0.8686913396141168,0.6614500666694281,0.16645411382068942,-0.25165030923472254,-1.7271466506835498,9.0
12,4,0.5,0.0,4,br40,none,2,0.9064763068825809,0.8925117254703521,0.17211577696930047,-0.19284427538315618,-1.0311586302774527,6.413793103448276
12,4,0.5,0.0,4,br40,none,4,0.5453934510183359,0.3765060139289761,0.10673529104449164,-0.28348894066968644,-1.376333698714106,4.172413793103448
12,4,0.5,0.0,4,br40,0.15,1,0.9030046424737481,0.6630552600588864,0.13002267530503553,-0.19609628810348045,-1.5808633057397612,6.490024994497306
12,4,0.5,0.0,4,br40,0.15,2,0.9114208850695138,0.8315737415358438,0.13249618393429707,-0.1593318515440233,-1.0480338274131167,4.707876488597109
12,4,0.5,0.0,4,br40,0.15,4,0.6372495240053484,0.4205621174521342,0.09431717674101892,-0.2242645564760205,-1.2621675672085464,3.205906826339393
12,4,0.5,0.0,4,br40,0.2,1,0.8692118939921958,0.6466918828315819,0.14812054884496662,-0.22904346378434703,-1.6791603776020083,7.665725712414944
12,4,0.5,0.0,4,br40,0.2,2,0.8823603345336978,0.8210470536003512,0.15072065229338039,-0.18357127235577952,-1.0381558316459756,5.5060098588904856
12,4,0.5,0.0,4,br40,0.2,4,0.5456511451432489,0.3584752854076516,0.09487881611657767,-0.2646732424208358,-1.3537634310952542,3.7359099191228595
12,4,0.5,0.0,4,mkt_ma20,none,1,0.6397484175395353,0.4822419523221155,0.12160113906212189,-0.25215794369731215,-1.6326915563279323,8.862068965517242
12,4,0.5,0.0,4,mkt_ma20,none,2,0.6904700646249138,0.5776296285909884,0.12970543068475626,-0.22454774524143895,-1.3486323733617838,6.172413793103448
12,4,0.5,0.0,4,mkt_ma20,none,4,0.6183345687681102,0.4334251418289687,0.11874506127909368,-0.27396901983584276,-1.1637463885871155,3.9310344827586206
12,4,0.5,0.0,4,mkt_ma20,0.15,1,0.6665728636195447,0.46249782404342726,0.09741560983061803,-0.21062933654250227,-1.5483219886806094,6.504296950826915
12,4,0.5,0.0,4,mkt_ma20,0.15,2,0.6680777732963655,0.4882368580287335,0.09596730982385604,-0.19655892062579228,-1.3435766032498928,4.619398485116784
12,4,0.5,0.0,4,mkt_ma20,0.15,4,0.6325673146911551,0.3951543084419567,0.09024233609132803,-0.2283723957031928,-1.1666620005691066,3.0472264721133957
12,4,0.5,0.0,4,mkt_ma20,0.2,1,0.6439220320331988,0.47225317119090215,0.11061126341318217,-0.23422026607941826,-1.5975806549173375,7.621858269127061
12,4,0.5,0.0,4,mkt_ma20,0.2,2,0.669476933611801,0.5277068447295171,0.1136473730599512,-0.21536080912159217,-1.3486323733617838,5.344246015010642
12,4,0.5,0.0,4,mkt_ma20,0.2,4,0.6183628272042461,0.41099910788424376,0.10589951442291046,-0.25766361140797567,-1.1637463885871155,3.543666232793263
12,4,0.5,0.0,4,mkt_ma50,none,1,0.9368291105897816,0.9774495157293347,0.16739060738721268,-0.1712524326765995,-1.3956605451492252,7.517241379310345
12,4,0.5,0.0,4,mkt_ma50,none,2,0.8602097518864543,0.8993965050240569,0.15065560425644642,-0.16750743794853495,-1.7415713047851953,5.413793103448276
12,4,0.5,0.0,4,mkt_ma50,none,4,0.2584162588174348,0.1511709455870099,0.04484612970185142,-0.2966583924424764,-1.7590966792905744,3.5517241379310347
12,4,0.5,0.0,4,mkt_ma50,0.15,1,0.931346803721303,1.0449389524861787,0.12144779005575268,-0.11622477061152436,-1.398761591819205,5.039280321899525
12,4,0.5,0.0,4,mkt_ma50,0.15,2,0.8229154347852494,0.7716785844259232,0.10723665896378298,-0.13896544640222175,-1.7321059673611872,3.7247915195751102
12,4,0.5,0.0,4,mkt_ma50,0.15,4,0.19839503627526037,0.09878444990986138,0.024665638747045637,-0.24969151288034186,-1.7590966792905744,2.5870878114086686
12,4,0.5,0.0,4,mkt_ma50,0.2,1,0.9100625193411306,1.0739247411442938,0.14227766378956241,-0.13248383088554416,-1.3987615918192051,6.145377987394564
12,4,0.5,0.0,4,mkt_ma50,0.2,2,0.8037590985237463,0.8554215842566848,0.125049709630348,-0.14618488933618556,-1.7321059673611865,4.489224005324086
12,4,0.5,0.0,4,mkt_ma50,0.2,4,0.19563220586383503,0.10521869996583356,0.02934518556394683,-0.2788970551192492,-1.7590966792905744,3.099082083655591
12,4,0.5,0.0,5,none,none,1,0.8211982394439041,0.7112109582430799,0.16697383587555525,-0.23477399207688587,-0.810519214951763,10.220689655172416
12,4,0.5,0.0,5,none,none,2,0.9370591194819922,0.8906466220613504,0.19247889018224273,-0.21611140200224577,-0.5926505624552769,7.103448275862069
12,4,0.5,0.0,5,none,none,4,0.5928945783156061,0.37248290515687793,0.11882824374257228,-0.3190166369984835,-1.1339222409973395,5.0344827586206895
12,4,0.5,0.0,5,none,0.15,1,0.8827583197278583,0.7446284544461825,0.1338843306230597,-0.17980018064530745,-0.8207135198523535,7.367285861425967
12,4,0.5,0.0,5,none,0.15,2,1.003292091744412,0.96538510037032,0.15179810645199399,-0.1572409874502564,-0.5078580681891586,5.262808070492677
12,4,0.5,0.0,5,none,0.15,4,0.6287995159446952,0.3678846853373298,0.09396800915266201,-0.2554278905807089,-1.0489791745165937,3.9473995070303243
12,4,0.5,0.0,5,none,0.2,1,0.82037648627421,0.6699811302430392,0.15328304624116318,-0.2287871095497256,-0.8355326721684982,8.926175560104513
12,4,0.5,0.0,5,none,0.2,2,0.9481926440591627,0.8552423500193086,0.17672892863192935,-0.20664192860414288,-0.5853734412999203,6.249482294406291
12,4,0.5,0.0,5,none,0.2,4,0.5990332196744311,0.3556135286337585,0.11010065558432314,-0.30960761253184577,-1.1243453297781296,4.62098411716968
12,4,0.5,0.0,5,br30,none,1,0.6761152720585273,0.3975537354797943,0.12409984679198494,-0.31215867370033135,-2.336565090866136,9.696551724137933
12,4,0.5,0.0,5,br30,none,2,0.9341501325644622,0.6954119830072715,0.1803654803943302,-0.25936493014450146,-1.7175472848996403,6.110344827586206
12,4,0.5,0.0,5,br30,none,4,0.5992586150109405,0.3560992442692437,0.1148844021162454,-0.3226190562465284,-1.6383451548830301,4.220689655172413
12,4,0.5,0.0,5,br30,0.15,1,0.6951521550677376,0.36915975721164146,0.10086143404913317,-0.27321893050034896,-2.1670823512057935,7.072974426591213
12,4,0.5,0.0,5,br30,0.15,2,0.9169169860042895,0.5975106654178836,0.13406273167794946,-0.22436876768415415,-1.6336981466947713,4.531647568793646
12,4,0.5,0.0,5,br30,0.15,4,0.6326933043861968,0.33775258125924995,0.09199680110027764,-0.27237926874543505,-1.549739180219511,3.314111376532544
12,4,0.5,0.0,5,br30,0.2,1,0.6748552073097124,0.37215139041435086,0.11509197706450869,-0.30926117711495327,-2.3184861516896214,8.470125881058271
12,4,0.5,0.0,5,br30,0.2,2,0.9275385061795286,0.6329735685818306,0.16165154293194295,-0.25538434929300635,-1.705823371927015,5.337429526131221
12,4,0.5,0.0,5,br30,0.2,4,0.6122488474823842,0.3435154720613426,0.10760959005272386,-0.31325980575776713,-1.6270870874998946,3.8856567231126746
12,4,0.5,0.0,5,br40,none,1,0.9549018125760512,0.7596193938674191,0.16832310723735877,-0.2215887437791474,-1.4854537726210753,8.372413793103448
12,4,0.5,0.0,5,br40,none,2,1.0235299638149464,1.0149293597493316,0.18532366695412694,-0.18259760166943872,-0.9469867894456662,5.696551724137931
12,4,0.5,0.0,5,br40,none,4,0.7171804869091464,0.48954483189575554,0.13002031433540595,-0.26559429466736295,-1.176406501272327,4.0
12,4,0.5,0.0,5,br40,0.15,1,0.9614698644244394,0.7315073191359662,0.1355830455570557,-0.1853474900527341,-1.3733327184617339,6.214234722532925
12,4,0.5,0.0,5,br40,0.15,2,1.0230328603131202,0.9612038844040705,0.14546342402987378,-0.1513346194184999,-0.9136934490732633,4.3065321063428845
12,4,0.5,0.0,5,br40,0.15,4,0.7874033615318217,0.5301614292967293,0.11327371874774705,-0.21365892063858194,-1.0648526383740926,3.1810313416657476
12,4,0.5,0.0,5,br40,0.2,1,0.9418323401611833,0.7116825212468638,0.15519326386960786,-0.21806530192382712,-1.4732639781564818,7.409858906412978
12,4,0.5,0.0,5,br40,0.2,2,1.015653470222079,0.9523139715871518,0.16896338799629818,-0.177424035598994,-0.9335108303963932,5.04696607930122
12,4,0.5,0.0,5,br40,0.2,4,0.7225912081852417,0.4784304618412223,0.12227034566649375,-0.25556555323827157,-1.166484612792377,3.7029598328879123
12,4,0.5,0.0,5,mkt_ma20,none,1,0.7254888306860556,0.5589121276583026,0.12647548613010606,-0.2262886773633016,-1.3770799976466213,8.344827586206897
12,4,0.5,0.0,5,mkt_ma20,none,2,0.8168786516362088,0.7070424719270321,0.14680891805671825,-0.2076380470562017,-1.1827840595633958,5.50344827586207
12,4,0.5,0.0,5,mkt_ma20,none,4,0.7722871012222159,0.5292392056710454,0.13797538675247822,-0.2607051504763961,-1.087697615988706,3.724137931034483
12,4,0.5,0.0,5,mkt_ma20,0.15,1,0.7422079854027606,0.5364308298274632,0.10564983144309381,-0.19694958896578496,-1.316237287383222,6.302262063309954
12,4,0.5,0.0,5,mkt_ma20,0.15,2,0.7880757551366272,0.6033015352988683,0.11057635150637801,-0.18328538058766886,-1.1819728157765985,4.243782331669975
12,4,0.5,0.0,5,mkt_ma20,0.15,4,0.7732495015464065,0.4860610306115006,0.10808287291588514,-0.2223648186317445,-1.084893539309021,3.0028226196745145
12,4,0.5,0.0,5,mkt_ma20,0.2,1,0.7258778103227886,0.5385980004638881,0.11968006828554723,-0.222206670248438,-1.364870360199972,7.435160809490622
12,4,0.5,0.0,5,mkt_ma20,0.2,2,0.810082156913528,0.6602160044437849,0.13407183392215782,-0.20307268078893348,-1.1827840595633958,4.922898609610364
12,4,0.5,0.0,5,mkt_ma20,0.2,4,0.7701240204755875,0.5126246648403473,0.12876854064560916,-0.25119458636605607,-1.087697615988706,3.4889952214845636
12,4,0.5,0.0,5,mkt_ma50,none,1,0.9910685415104531,1.2016304884566331,0.1604563498292053,-0.1335321892799961,-1.4385301975766915,6.910344827586206
12,4,0.5,0.0,5,mkt_ma50,none,2,0.910435418147145,0.7849011903182986,0.15141433785569158,-0.19290878867732253,-1.797531503745655,4.703448275862069
12,4,0.5,0.0,5,mkt_ma50,none,4,0.39003956977025445,0.1990173831766701,0.061537951407752534,-0.3092089265042972,-1.9581463215002388,3.379310344827586
12,4,0.5,0.0,5,mkt_ma50,0.15,1,0.9495918532913703,1.0445981350898288,0.12019927756133741,-0.1150674824352439,-1.4415006851552048,4.85773147697976
12,4,0.5,0.0,5,mkt_ma50,0.15,2,0.864922396633124,0.724247282656742,0.11004649730585414,-0.15194602719415495,-1.7924071932330428,3.35596218456253
12,4,0.5,0.0,5,mkt_ma50,0.15,4,0.3173212842802171,0.14267984023007133,0.03802970771104697,-0.26653876013404587,-1.9581463215002388,2.592188377641743
12,4,0.5,0.0,5,mkt_ma50,0.2,1,0.9549387859413365,1.0916939631131273,0.14282269686343652,-0.13082668008546683,-1.4415006851552046,5.938000212133669
12,4,0.5,0.0,5,mkt_ma50,0.2,2,0.8672721940845147,0.6971185725805903,0.13129356946578663,-0.18833750043377084,-1.7924071932330428,4.064964167221918
12,4,0.5,0.0,5,mkt_ma50,0.2,4,0.34077509582948845,0.16521610878764922,0.04950831990215976,-0.29965794658553757,-1.9581463215002388,3.0978050695658674
12,4,0.5,0.3,3,none,none,1,0.8179254366634084,0.692670901588101,0.19977972917007558,-0.28841940481697215,-0.5567102602001444,12.57471264367816
12,4,0.5,0.3,3,none,none,2,0.9482798914124829,0.9971622942078879,0.22484833629199485,-0.22548820547873483,-0.42281858388176247,7.9770114942528725
12,4,0.5,0.3,3,none,none,4,0.44542592469732745,0.29819788473112707,0.10377630189588305,-0.34801152928852574,-1.1153965459827047,5.770114942528736
12,4,0.5,0.3,3,none,0.15,1,0.9973480473241463,0.9347720941060442,0.15744075424456905,-0.1684268874063204,-0.4337220667424308,8.049577897689126
12,4,0.5,0.3,3,none,0.15,2,1.1030335082061131,1.1302785044447112,0.17213375710514156,-0.152293223686235,-0.3152742860204057,5.425882415839274
12,4,0.5,0.3,3,none,0.15,4,0.5633179247065632,0.3595298401566024,0.08661952635499115,-0.2409244426478253,-1.0235562728352192,4.088277818067157
12,4,0.5,0.3,3,none,0.2,1,0.8885696468631717,0.8001664237426076,0.1749006540172029,-0.21858034632238432,-0.4384117005258144,9.846778270611598
12,4,0.5,0.3,3,none,0.2,2,1.0059676138606473,1.0066934728290007,0.1958256149079478,-0.19452357663315378,-0.34398279343826277,6.492670212624123
12,4,0.5,0.3,3,none,0.2,4,0.48233708322281293,0.30084096853247855,0.09204669726449888,-0.30596463544678953,-1.0678971686683882,4.928444929366497
12,4,0.5,0.3,3,br30,none,1,0.6055456970427596,0.3336100044764789,0.13657013586695932,-0.40937062448493855,-2.708547158723068,11.609195402298852
12,4,0.5,0.3,3,br30,none,2,0.892588650255246,0.6991772707725225,0.2014870351763749,-0.2881773244055137,-1.8004100395074538,6.781609195402299
12,4,0.5,0.3,3,br30,none,4,0.41185059374713157,0.24556824527576773,0.09191414661451613,-0.37429166182011264,-2.0052949702973866,4.873563218390804
12,4,0.5,0.3,3,br30,0.15,1,0.7170573961495526,0.36133863488432644,0.11032569825579053,-0.3053249434318269,-2.429419908924029,7.644307808220676
12,4,0.5,0.3,3,br30,0.15,2,0.959593846858001,0.6749620547010142,0.14900454356118242,-0.22075988201616237,-1.723089441191688,4.708468771840754
12,4,0.5,0.3,3,br30,0.15,4,0.5083624908259016,0.2645874945689495,0.07776876623406781,-0.29392457251528137,-1.886791260532182,3.479080969181686
12,4,0.5,0.3,3,br30,0.2,1,0.6581320361262568,0.3500485320311483,0.11979440533409536,-0.34222227597696575,-2.557377600129322,9.05008439731324
12,4,0.5,0.3,3,br30,0.2,2,0.9148057696769631,0.6838542512018274,0.16847112905280492,-0.2463553143915218,-1.7678807300481871,5.460976496610037
12,4,0.5,0.3,3,br30,0.2,4,0.45390950313679174,0.24937118959882235,0.08289595406699735,-0.3324199327129842,-1.9616617670873087,4.070675656975583
12,4,0.5,0.3,3,br40,none,1,0.8996844526265216,0.5927922500740584,0.19447324438195146,-0.32806306822947773,-1.7700077120566249,9.678160919540229
12,4,0.5,0.3,3,br40,none,2,0.9307889096715137,0.7807448623384659,0.1984008670297981,-0.2541174160730987,-1.1516164078573379,6.183908045977011
12,4,0.5,0.3,3,br40,none,4,0.4871945707894903,0.31868894651129487,0.10352450907714972,-0.32484499450149784,-1.5448122288510353,4.459770114942528
12,4,0.5,0.3,3,br40,0.15,1,1.0174937297039004,0.6940825872687043,0.15253073996214161,-0.21975877620322937,-1.5663511063016637,6.468543787147567
12,4,0.5,0.3,3,br40,0.15,2,1.01917919634626,0.83859440011517,0.1514341454000363,-0.18058091656614783,-1.1822010467444413,4.333996041190599
12,4,0.5,0.3,3,br40,0.15,4,0.6189199714453849,0.37978295458080114,0.09247315443747062,-0.24348948082607114,-1.4141845515168514,3.2320353139113958
12,4,0.5,0.3,3,br40,0.2,1,0.961307646667343,0.6596618646474487,0.1694182084245277,-0.2568258338157413,-1.656575993342708,7.625927225602869
12,4,0.5,0.3,3,br40,0.2,2,0.9540972374842606,0.8044655885668833,0.16727757071010352,-0.2079362661218368,-1.1810888488561302,5.031337966795527
12,4,0.5,0.3,3,br40,0.2,4,0.5146033217173379,0.3191207320877475,0.08999534448269886,-0.2820103347530337,-1.4975006574087346,3.7706323814766645
12,4,0.5,0.3,3,mkt_ma20,none,1,0.6982812753651428,0.4280674016053774,0.14855169257881284,-0.34702874365508973,-1.68875890926465,9.494252873563218
12,4,0.5,0.3,3,mkt_ma20,none,2,0.7551021082489955,0.5665701965679781,0.158475021723391,-0.279709421150918,-1.422260235002718,6.0
12,4,0.5,0.3,3,mkt_ma20,none,4,0.5557639957098595,0.36538023068926867,0.1153094380462889,-0.3155875122985289,-1.4817487892296817,4.183908045977011
12,4,0.5,0.3,3,mkt_ma20,0.15,1,0.7962408158887806,0.4876815643914967,0.12006462495885017,-0.246194717466223,-1.5725867938907083,6.490196916046774
12,4,0.5,0.3,3,mkt_ma20,0.15,2,0.7976269815507528,0.5536497684578149,0.11803848497589509,-0.21320064000873684,-1.422260235002718,4.31117379615754
12,4,0.5,0.3,3,mkt_ma20,0.15,4,0.6368201591126308,0.36511743953737663,0.09223166026890595,-0.2526082029545573,-1.4670849125509857,3.071904757522652
12,4,0.5,0.3,3,mkt_ma20,0.2,1,0.7467778710353864,0.4732726888409928,0.1319158428229097,-0.27873115422307826,-1.612631611254218,7.581195667358159
12,4,0.5,0.3,3,mkt_ma20,0.2,2,0.7593375693978436,0.5591618620025762,0.1320940173343046,-0.23623574193923835,-1.422260235002718,4.945397164922808
12,4,0.5,0.3,3,mkt_ma20,0.2,4,0.603689590358262,0.3663561946624273,0.10289475526474545,-0.28085987561792447,-1.4817487892296817,3.5403331867648036
12,4,0.5,0.3,3,mkt_ma50,none,1,0.969420099014659,0.9809344898269055,0.19729402155873044,-0.20112864172361267,-1.4082563950891394,8.206896551724137
12,4,0.5,0.3,3,mkt_ma50,none,2,0.9154375022423384,0.8988742327772965,0.18669377801594234,-0.20769732984680767,-1.4720946087619209,5.126436781609195
12,4,0.5,0.3,3,mkt_ma50,none,4,0.326899872821191,0.21742164986811569,0.06423290511867874,-0.2954301246340525,-1.5152689129201118,3.793103448275862
12,4,0.5,0.3,3,mkt_ma50,0.15,1,1.0648546405491317,1.2532747362644485,0.14453544829316378,-0.11532622824901972,-1.4177064945293503,5.013511818651161
12,4,0.5,0.3,3,mkt_ma50,0.15,2,0.9696231370831883,1.105828685811907,0.13391713720022813,-0.12110116053094178,-1.4705718555831293,3.229488845654692
12,4,0.5,0.3,3,mkt_ma50,0.15,4,0.3521005359551525,0.20206881878308253,0.04576550296655624,-0.2264847354587881,-1.5152689129201118,2.5366483819496057
12,4,0.5,0.3,3,mkt_ma50,0.2,1,1.0072795157394197,1.069371873806396,0.16263513098539217,-0.15208472839901566,-1.4177064945293507,6.0783801565933055
12,4,0.5,0.3,3,mkt_ma50,0.2,2,0.9126652170012515,0.9406776215245328,0.1500290814449865,-0.15949043329194768,-1.470571855583129,3.910830459171847
12,4,0.5,0.3,3,mkt_ma50,0.2,4,0.3238364175349357,0.19668217270685912,0.05000143554956327,-0.25422454339106204,-1.5152689129201118,3.029707421143536
12,4,0.5,0.3,4,none,none,1,0.7139783233028607,0.5932794909247425,0.15712207606160455,-0.2648365205018278,-1.0963617718932919,11.655172413793103
12,4,0.5,0.3,4,none,none,2,0.9284845205107737,0.9744048432774999,0.1987373508082475,-0.2039576795819038,-0.6074341070906767,7.896551724137931
12,4,0.5,0.3,4,none,none,4,0.450794786288125,0.3106474652421415,0.09729593546086046,-0.3132036998435537,-1.0461570969577838,5.275862068965518
12,4,0.5,0.3,4,none,0.15,1,0.8005884409055388,0.6163337798069451,0.12324970598412421,-0.19997233645498036,-1.1150123371460652,8.087028257111069
12,4,0.5,0.3,4,none,0.15,2,0.9815292007347562,0.9127274493238269,0.1501084313570309,-0.16446139695725737,-0.529849252179277,5.6224354186050824
12,4,0.5,0.3,4,none,0.15,4,0.5106853901504561,0.32851801208724574,0.07746198528134562,-0.23579220143574275,-0.9569014000114376,3.9554534945553472
12,4,0.5,0.3,4,none,0.2,1,0.7286337159786198,0.5723398956298242,0.13981520768340672,-0.24428702026712434,-1.067150943107741,9.76537944599572
12,4,0.5,0.3,4,none,0.2,2,0.9195887102524016,0.8701961813448789,0.1748343013744651,-0.20091366191042181,-0.603331406802997,6.693881365304624
12,4,0.5,0.3,4,none,0.2,4,0.44957898790487555,0.286831726095371,0.08510552337690713,-0.29670889108204757,-1.0350946310857716,4.716347384138478
12,4,0.5,0.3,4,br30,none,1,0.5635444075054113,0.31774433140900327,0.11257690197508374,-0.35430026863382114,-2.800944823455617,10.655172413793103
12,4,0.5,0.3,4,br30,none,2,0.8806219195718603,0.7239706281964006,0.1779811213231972,-0.24584025151212907,-1.672240576565465,6.862068965517241
12,4,0.5,0.3,4,br30,none,4,0.4537804830508413,0.2836753533057613,0.09366611168480388,-0.3301876972859368,-1.7348835894392725,4.517241379310345
12,4,0.5,0.3,4,br30,0.15,1,0.581978627385126,0.28601961762074757,0.08623830253134579,-0.30151184470743153,-2.5840291160862963,7.555113591454951
12,4,0.5,0.3,4,br30,0.15,2,0.8543130522672222,0.5989439621275969,0.12778230708953253,-0.21334601426754218,-1.6224559213631202,4.950113944410175
12,4,0.5,0.3,4,br30,0.15,4,0.4936172870275953,0.2685841769571177,0.07351259194962023,-0.2737041056642636,-1.6409012722634948,3.404828995050335
12,4,0.5,0.3,4,br30,0.2,1,0.5599198584781749,0.2953866654025419,0.09876454452667827,-0.3343568146249447,-2.7330784211192323,8.958277673852818
12,4,0.5,0.3,4,br30,0.2,2,0.8514080819451201,0.6405194741058676,0.15215108994538218,-0.23754326932491365,-1.6614589173785879,5.807073701056138
12,4,0.5,0.3,4,br30,0.2,4,0.45799946297003263,0.26430966644082887,0.08278725480687288,-0.31322068512165635,-1.7125568536673799,4.004240694511342
12,4,0.5,0.3,4,br40,none,1,0.8686913396141168,0.6614500666694281,0.16645411382068942,-0.25165030923472254,-1.7271466506835498,9.0
12,4,0.5,0.3,4,br40,none,2,0.9064763068825809,0.8925117254703521,0.17211577696930047,-0.19284427538315618,-1.0311586302774527,6.413793103448276
12,4,0.5,0.3,4,br40,none,4,0.5453934510183359,0.3765060139289761,0.10673529104449164,-0.28348894066968644,-1.376333698714106,4.172413793103448
12,4,0.5,0.3,4,br40,0.15,1,0.9030046424737481,0.6630552600588864,0.13002267530503553,-0.19609628810348045,-1.5808633057397612,6.490024994497306
12,4,0.5,0.3,4,br40,0.15,2,0.9114208850695138,0.8315737415358438,0.13249618393429707,-0.1593318515440233,-1.0480338274131167,4.707876488597109
12,4,0.5,0.3,4,br40,0.15,4,0.6372495240053484,0.4205621174521342,0.09431717674101892,-0.2242645564760205,-1.2621675672085464,3.205906826339393
12,4,0.5,0.3,4,br40,0.2,1,0.8692118939921958,0.6466918828315819,0.14812054884496662,-0.22904346378434703,-1.6791603776020083,7.665725712414944
12,4,0.5,0.3,4,br40,0.2,2,0.8823603345336978,0.8210470536003512,0.15072065229338039,-0.18357127235577952,-1.0381558316459756,5.5060098588904856
12,4,0.5,0.3,4,br40,0.2,4,0.5456511451432489,0.3584752854076516,0.09487881611657767,-0.2646732424208358,-1.3537634310952542,3.7359099191228595
12,4,0.5,0.3,4,mkt_ma20,none,1,0.6397484175395353,0.4822419523221155,0.12160113906212189,-0.25215794369731215,-1.6326915563279323,8.862068965517242
12,4,0.5,0.3,4,mkt_ma20,none,2,0.6904700646249138,0.5776296285909884,0.12970543068475626,-0.22454774524143895,-1.3486323733617838,6.172413793103448
12,4,0.5,0.3,4,mkt_ma20,none,4,0.6183345687681102,0.4334251418289687,0.11874506127909368,-0.27396901983584276,-1.1637463885871155,3.9310344827586206
12,4,0.5,0.3,4,mkt_ma20,0.15,1,0.6665728636195447,0.46249782404342726,0.09741560983061803,-0.21062933654250227,-1.5483219886806094,6.504296950826915
12,4,0.5,0.3,4,mkt_ma20,0.15,2,0.6680777732963655,0.4882368580287335,0.09596730982385604,-0.19655892062579228,-1.3435766032498928,4.619398485116784
12,4,0.5,0.3,4,mkt_ma20,0.15,4,0.6325673146911551,0.3951543084419567,0.09024233609132803,-0.2283723957031928,-1.1666620005691066,3.0472264721133957
12,4,0.5,0.3,4,mkt_ma20,0.2,1,0.6439220320331988,0.47225317119090215,0.11061126341318217,-0.23422026607941826,-1.5975806549173375,7.621858269127061
12,4,0.5,0.3,4,mkt_ma20,0.2,2,0.669476933611801,0.5277068447295171,0.1136473730599512,-0.21536080912159217,-1.3486323733617838,5.344246015010642
12,4,0.5,0.3,4,mkt_ma20,0.2,4,0.6183628272042461,0.41099910788424376,0.10589951442291046,-0.25766361140797567,-1.1637463885871155,3.543666232793263
12,4,0.5,0.3,4,mkt_ma50,none,1,0.9368291105897816,0.9774495157293347,0.16739060738721268,-0.1712524326765995,-1.3956605451492252,7.517241379310345
12,4,0.5,0.3,4,mkt_ma50,none,2,0.8602097518864543,0.8993965050240569,0.15065560425644642,-0.16750743794853495,-1.7415713047851953,5.413793103448276
12,4,0.5,0.3,4,mkt_ma50,none,4,0.2584162588174348,0.1511709455870099,0.04484612970185142,-0.2966583924424764,-1.7590966792905744,3.5517241379310347
12,4,0.5,0.3,4,mkt_ma50,0.15,1,0.931346803721303,1.0449389524861787,0.12144779005575268,-0.11622477061152436,-1.398761591819205,5.039280321899525
12,4,0.5,0.3,4,mkt_ma50,0.15,2,0.8229154347852494,0.7716785844259232,0.10723665896378298,-0.13896544640222175,-1.7321059673611872,3.7247915195751102
12,4,0.5,0.3,4,mkt_ma50,0.15,4,0.19839503627526037,0.09878444990986138,0.024665638747045637,-0.24969151288034186,-1.7590966792905744,2.5870878114086686
12,4,0.5,0.3,4,mkt_ma50,0.2,1,0.9100625193411306,1.0739247411442938,0.14227766378956241,-0.13248383088554416,-1.3987615918192051,6.145377987394564
12,4,0.5,0.3,4,mkt_ma50,0.2,2,0.8037590985237463,0.8554215842566848,0.125049709630348,-0.14618488933618556,-1.7321059673611865,4.489224005324086
12,4,0.5,0.3,4,mkt_ma50,0.2,4,0.19563220586383503,0.10521869996583356,0.02934518556394683,-0.2788970551192492,-1.7590966792905744,3.099082083655591
12,4,0.5,0.3,5,none,none,1,0.8211982394439041,0.7112109582430799,0.16697383587555525,-0.23477399207688587,-0.810519214951763,10.220689655172416
12,4,0.5,0.3,5,none,none,2,0.9370591194819922,0.8906466220613504,0.19247889018224273,-0.21611140200224577,-0.5926505624552769,7.103448275862069
12,4,0.5,0.3,5,none,none,4,0.5928945783156061,0.37248290515687793,0.11882824374257228,-0.3190166369984835,-1.1339222409973395,5.0344827586206895
12,4,0.5,0.3,5,none,0.15,1,0.8827583197278583,0.7446284544461825,0.1338843306230597,-0.17980018064530745,-0.8207135198523535,7.367285861425967
12,4,0.5,0.3,5,none,0.15,2,1.003292091744412,0.96538510037032,0.15179810645199399,-0.1572409874502564,-0.5078580681891586,5.262808070492677
12,4,0.5,0.3,5,none,0.15,4,0.6287995159446952,0.3678846853373298,0.09396800915266201,-0.2554278905807089,-1.0489791745165937,3.9473995070303243
12,4,0.5,0.3,5,none,0.2,1,0.82037648627421,0.6699811302430392,0.15328304624116318,-0.2287871095497256,-0.8355326721684982,8.926175560104513
12,4,0.5,0.3,5,none,0.2,2,0.9481926440591627,0.8552423500193086,0.17672892863192935,-0.20664192860414288,-0.5853734412999203,6.249482294406291
12,4,0.5,0.3,5,none,0.2,4,0.5990332196744311,0.3556135286337585,0.11010065558432314,-0.30960761253184577,-1.1243453297781296,4.62098411716968
12,4,0.5,0.3,5,br30,none,1,0.6761152720585273,0.3975537354797943,0.12409984679198494,-0.31215867370033135,-2.336565090866136,9.696551724137933
12,4,0.5,0.3,5,br30,none,2,0.9341501325644622,0.6954119830072715,0.1803654803943302,-0.25936493014450146,-1.7175472848996403,6.110344827586206
12,4,0.5,0.3,5,br30,none,4,0.5992586150109405,0.3560992442692437,0.1148844021162454,-0.3226190562465284,-1.6383451548830301,4.220689655172413
12,4,0.5,0.3,5,br30,0.15,1,0.6951521550677376,0.36915975721164146,0.10086143404913317,-0.27321893050034896,-2.1670823512057935,7.072974426591213
12,4,0.5,0.3,5,br30,0.15,2,0.9169169860042895,0.5975106654178836,0.13406273167794946,-0.22436876768415415,-1.6336981466947713,4.531647568793646
12,4,0.5,0.3,5,br30,0.15,4,0.6326933043861968,0.33775258125924995,0.09199680110027764,-0.27237926874543505,-1.549739180219511,3.314111376532544
12,4,0.5,0.3,5,br30,0.2,1,0.6748552073097124,0.37215139041435086,0.11509197706450869,-0.30926117711495327,-2.3184861516896214,8.470125881058271
12,4,0.5,0.3,5,br30,0.2,2,0.9275385061795286,0.6329735685818306,0.16165154293194295,-0.25538434929300635,-1.705823371927015,5.337429526131221
12,4,0.5,0.3,5,br30,0.2,4,0.6122488474823842,0.3435154720613426,0.10760959005272386,-0.31325980575776713,-1.6270870874998946,3.8856567231126746
12,4,0.5,0.3,5,br40,none,1,0.9549018125760512,0.7596193938674191,0.16832310723735877,-0.2215887437791474,-1.4854537726210753,8.372413793103448
12,4,0.5,0.3,5,br40,none,2,1.0235299638149464,1.0149293597493316,0.18532366695412694,-0.18259760166943872,-0.9469867894456662,5.696551724137931
12,4,0.5,0.3,5,br40,none,4,0.7171804869091464,0.48954483189575554,0.13002031433540595,-0.26559429466736295,-1.176406501272327,4.0
12,4,0.5,0.3,5,br40,0.15,1,0.9614698644244394,0.7315073191359662,0.1355830455570557,-0.1853474900527341,-1.3733327184617339,6.214234722532925
12,4,0.5,0.3,5,br40,0.15,2,1.0230328603131202,0.9612038844040705,0.14546342402987378,-0.1513346194184999,-0.9136934490732633,4.3065321063428845
12,4,0.5,0.3,5,br40,0.15,4,0.7874033615318217,0.5301614292967293,0.11327371874774705,-0.21365892063858194,-1.0648526383740926,3.1810313416657476
12,4,0.5,0.3,5,br40,0.2,1,0.9418323401611833,0.7116825212468638,0.15519326386960786,-0.21806530192382712,-1.4732639781564818,7.409858906412978
12,4,0.5,0.3,5,br40,0.2,2,1.015653470222079,0.9523139715871518,0.16896338799629818,-0.177424035598994,-0.9335108303963932,5.04696607930122
12,4,0.5,0.3,5,br40,0.2,4,0.7225912081852417,0.4784304618412223,0.12227034566649375,-0.25556555323827157,-1.166484612792377,3.7029598328879123
12,4,0.5,0.3,5,mkt_ma20,none,1,0.7254888306860556,0.5589121276583026,0.12647548613010606,-0.2262886773633016,-1.3770799976466213,8.344827586206897
12,4,0.5,0.3,5,mkt_ma20,none,2,0.8168786516362088,0.7070424719270321,0.14680891805671825,-0.2076380470562017,-1.1827840595633958,5.50344827586207
12,4,0.5,0.3,5,mkt_ma20,none,4,0.7722871012222159,0.5292392056710454,0.13797538675247822,-0.2607051504763961,-1.087697615988706,3.724137931034483
12,4,0.5,0.3,5,mkt_ma20,0.15,1,0.7422079854027606,0.5364308298274632,0.10564983144309381,-0.19694958896578496,-1.316237287383222,6.302262063309954
12,4,0.5,0.3,5,mkt_ma20,0.15,2,0.7880757551366272,0.6033015352988683,0.11057635150637801,-0.18328538058766886,-1.1819728157765985,4.243782331669975
12,4,0.5,0.3,5,mkt_ma20,0.15,4,0.7732495015464065,0.4860610306115006,0.10808287291588514,-0.2223648186317445,-1.084893539309021,3.0028226196745145
12,4,0.5,0.3,5,mkt_ma20,0.2,1,0.7258778103227886,0.5385980004638881,0.11968006828554723,-0.222206670248438,-1.364870360199972,7.435160809490622
12,4,0.5,0.3,5,mkt_ma20,0.2,2,0.810082156913528,0.6602160044437849,0.13407183392215782,-0.20307268078893348,-1.1827840595633958,4.922898609610364
12,4,0.5,0.3,5,mkt_ma20,0.2,4,0.7701240204755875,0.5126246648403473,0.12876854064560916,-0.25119458636605607,-1.087697615988706,3.4889952214845636
12,4,0.5,0.3,5,mkt_ma50,none,1,0.9910685415104531,1.2016304884566331,0.1604563498292053,-0.1335321892799961,-1.4385301975766915,6.910344827586206
12,4,0.5,0.3,5,mkt_ma50,none,2,0.910435418147145,0.7849011903182986,0.15141433785569158,-0.19290878867732253,-1.797531503745655,4.703448275862069
12,4,0.5,0.3,5,mkt_ma50,none,4,0.39003956977025445,0.1990173831766701,0.061537951407752534,-0.3092089265042972,-1.9581463215002388,3.379310344827586
12,4,0.5,0.3,5,mkt_ma50,0.15,1,0.9495918532913703,1.0445981350898288,0.12019927756133741,-0.1150674824352439,-1.4415006851552048,4.85773147697976
12,4,0.5,0.3,5,mkt_ma50,0.15,2,0.864922396633124,0.724247282656742,0.11004649730585414,-0.15194602719415495,-1.7924071932330428,3.35596218456253
12,4,0.5,0.3,5,mkt_ma50,0.15,4,0.3173212842802171,0.14267984023007133,0.03802970771104697,-0.26653876013404587,-1.9581463215002388,2.592188377641743
12,4,0.5,0.3,5,mkt_ma50,0.2,1,0.9549387859413365,1.0916939631131273,0.14282269686343652,-0.13082668008546683,-1.4415006851552046,5.938000212133669
12,4,0.5,0.3,5,mkt_ma50,0.2,2,0.8672721940845147,0.6971185725805903,0.13129356946578663,-0.18833750043377084,-1.7924071932330428,4.064964167221918
12,4,0.5,0.3,5,mkt_ma50,0.2,4,0.34077509582948845,0.16521610878764922,0.04950831990215976,-0.29965794658553757,-1.9581463215002388,3.0978050695658674
12,4,1.0,0.0,3,none,none,1,0.8670494758590657,0.6810071298620062,0.20845080339835476,-0.30609195448598836,-0.8330691331025365,12.804597701149426
12,4,1.0,0.0,3,none,none,2,1.0561215226704475,1.0345677353665945,0.24775280435301794,-0.2394747060860426,-0.5240442784480774,8.390804597701148
12,4,1.0,0.0,3,none,none,4,0.5127415171608704,0.3767772981719789,0.1196869132124958,-0.3176595665216142,-0.9653718262686027,5.67816091954023
12,4,1.0,0.0,3,none,0.15,1,1.0258540592877161,0.7918837104063213,0.16174568288392788,-0.20425433780035074,-0.7791539915831117,8.442165697870333
12,4,1.0,0.0,3,none,0.15,2,1.1647992851979427,1.1763230627044343,0.1812326602967611,-0.154067080755942,-0.44545978312167583,5.735465617637987
12,4,1.0,0.0,3,none,0.15,4,0.6342821899045461,0.43949452128500094,0.09764508453804632,-0.2221758857256061,-0.8962896604502363,3.9920049882765163
12,4,1.0,0.0,3,none,0.2,1,0.9351860986278029,0.7109355979360579,0.18356777602952312,-0.25820591423814643,-0.7775211285496645,10.295667780938683
12,4,1.0,0.0,3,none,0.2,2,1.092640849700469,1.0543826539557994,0.21145180171671463,-0.20054559976247377,-0.4626005820420828,6.940532140252931
12,4,1.0,0.0,3,none,0.2,4,0.5602020686483712,0.3761394189363561,0.1069435938532659,-0.28431902765118344,-0.9432401055670537,4.807921383545284
12,4,1.0,0.0,3,br30,none,1,0.6462174912859613,0.37156413767397434,0.1435797063921882,-0.38641971017711874,-2.708330514330382,11.14942528735632
12,4,1.0,0.0,3,br30,none,2,0.9760733698451802,0.7670836467354364,0.2182324887113023,-0.28449633835900257,-1.7509922290274786,7.057471264367815
12,4,1.0,0.0,3,br30,none,4,0.4907306044452135,0.3257548317413916,0.10974059313444484,-0.3368809375683032,-1.5897440434058818,4.781609195402298
12,4,1.0,0.0,3,br30,0.15,1,0.7553311980078623,0.389661449719849,0.11656511912453049,-0.2991446015723037,-2.4563803002549283,7.422194181314177
12,4,1.0,0.0,3,br30,0.15,2,1.0190458377906533,0.719553912716085,0.1576927094053353,-0.21915343189518066,-1.6717772014258967,4.865661869426734
12,4,1.0,0.0,3,br30,0.15,4,0.5901144444142054,0.34350641693299533,0.09021593340936795,-0.26263245448181993,-1.4740324225170782,3.3810751936608705
12,4,1.0,0.0,3,br30,0.2,1,0.7057158259066979,0.38634745002581056,0.12897940780253347,-0.33384304152626554,-2.5797257825154034,8.831132477477752
12,4,1.0,0.0,3,br30,0.2,2,0.9909448603097614,0.7397584357197337,0.18149842356829993,-0.24534823099612857,-1.719870272173969,5.704847445620438
12,4,1.0,0.0,3,br30,0.2,4,0.5438230469336875,0.32817426097183755,0.09981675308442961,-0.30415777516749076,-1.5487365281810943,3.9871117876508086
12,4,1.0,0.0,3,br40,none,1,0.9449707561164804,0.673391185457705,0.2006731364778418,-0.2980038064226278,-1.7538100978969902,9.356321839080461
12,4,1.0,0.0,3,br40,none,2,1.0150586867500149,0.9187399124617007,0.21387973537318627,-0.23279682581777705,-0.9259561030034285,6.551724137931035
12,4,1.0,0.0,3,br40,none,4,0.5791251199226438,0.4121105255889592,0.12156131221760647,-0.29497259756682903,-1.2850093194471042,4.551724137931035
12,4,1.0,0.0,3,br40,0.15,1,1.066441041984625,0.771212413584107,0.16070093021987475,-0.20837440812582175,-1.581061896503639,6.305713266841344
12,4,1.0,0.0,3,br40,0.15,2,1.1036447675639347,1.0158938377780637,0.16296272137116596,-0.16041314093172743,-0.9325622829231655,4.553693336398618
12,4,1.0,0.0,3,br40,0.15,4,0.7123227445022422,0.4764889269469967,0.10573876490644274,-0.2219123235117798,-1.1560725484517211,3.2793902242350237
12,4,1.0,0.0,3,br40,0.2,1,1.0096350672113097,0.7341715731011794,0.17857978154278875,-0.2432398475855696,-1.665687137288505,7.468540267485231
12,4,1.0,0.0,3,br40,0.2,2,1.044201675094004,0.9588404199688367,0.1814441986701547,-0.18923294730947182,-0.9443598201872601,5.34363075092448
12,4,1.0,0.0,3,br40,0.2,4,0.6071430163330052,0.4015151248601926,0.10535337471752682,-0.26238955445130696,-1.2517352729795161,3.8402831375574604
12,4,1.0,0.0,3,mkt_ma20,none,1,0.7069891654816001,0.4617197902657602,0.14856940944111297,-0.32177396891651155,-1.6801475339353698,9.172413793103448
12,4,1.0,0.0,3,mkt_ma20,none,2,0.7429667034770062,0.5597254172019065,0.15447562100079693,-0.2759846457804753,-1.3644246591151548,6.275862068965518
12,4,1.0,0.0,3,mkt_ma20,none,4,0.6659493703250492,0.49778585755260174,0.13684419326453323,-0.2749057474982055,-1.0167329343907006,4.275862068965517
12,4,1.0,0.0,3,mkt_ma20,0.15,1,0.8160034848316193,0.5157509411134241,0.12364493592187142,-0.23973768357056546,-1.5848918447353517,6.319473914789761
12,4,1.0,0.0,3,mkt_ma20,0.15,2,0.794682766693982,0.552344736356282,0.1171216101786614,-0.21204440355726284,-1.3644246591151548,4.483404384300532
12,4,1.0,0.0,3,mkt_ma20,0.15,4,0.7457199994465697,0.4954087051276358,0.1068242446111165,-0.21562851743510358,-1.01995545880684,3.08504131498906
12,4,1.0,0.0,3,mkt_ma20,0.2,1,0.7676615701169326,0.5036258963340432,0.135938534332805,-0.2699196672020221,-1.6211471689241397,7.423618939479175
12,4,1.0,0.0,3,mkt_ma20,0.2,2,0.7635360089111864,0.5596952048273012,0.13197927564988632,-0.23580562154469353,-1.3644246591151548,5.195170798785504
12,4,1.0,0.0,3,mkt_ma20,0.2,4,0.7263256278383321,0.5044129685307747,0.12290448779062002,-0.243658461336966,-1.0167329343907006,3.6077256199198113
12,4,1.0,0.0,3,mkt_ma50,none,1,1.0294317664383672,1.0904440527250618,0.2057378762676625,-0.18867348192098032,-1.4444611899826434,8.160919540229884
12,4,1.0,0.0,3,mkt_ma50,none,2,0.9856195943639275,1.1475872361623962,0.19908342570653081,-0.17347999300887862,-1.4720946087619209,5.6321839080459775
12,4,1.0,0.0,3,mkt_ma50,none,4,0.37680341339101325,0.2531892863821127,0.07319960174260198,-0.2891101862506509,-1.5152689129201118,3.9310344827586206
12,4,1.0,0.0,3,mkt_ma50,0.15,1,1.1247915225388598,1.509535585000017,0.1542865632549444,-0.10220796699863333,-1.4526928084381119,5.002559194084623
12,4,1.0,0.0,3,mkt_ma50,0.15,2,1.0183817048315653,1.2065832845804112,0.14005460791254354,-0.1160753755686641,-1.471531621399038,3.598152696738513
12,4,1.0,0.0,3,mkt_ma50,0.15,4,0.3963479762818951,0.22362409049367982,0.051073028787828045,-0.22838786588277482,-1.5152689129201118,2.619901980030199
12,4,1.0,0.0,3,mkt_ma50,0.2,1,1.0646206557749278,1.2870258374529981,0.17298921302677384,-0.1344100545557939,-1.452692808438112,6.157694121493886
12,4,1.0,0.0,3,mkt_ma50,0.2,2,0.9846467845473225,1.1669019287513107,0.1605310714264745,-0.13757031972537492,-1.471531621399038,4.371432608731315
12,4,1.0,0.0,3,mkt_ma50,0.2,4,0.37444029562309006,0.22278605236631313,0.057189984035468155,-0.25670361060769753,-1.5152689129201118,3.140712218584327
12,4,1.0,0.0,4,none,none,1,0.965925480734151,0.9936892988320637,0.20647098394164765,-0.20778223553813457,-0.6456944496479411,12.068965517241379
12,4,1.0,0.0,4,none,none,2,1.1151767531994492,1.2991327982563876,0.23777962690388943,-0.1830295003120712,-0.30356549813394523,7.931034482758621
12,4,1.0,0.0,4,none,none,4,0.6041798572139606,0.4678823794608827,0.12876794599281438,-0.2752143522506387,-0.7478708512153699,5.172413793103448
12,4,1.0,0.0,4,none,0.15,1,1.043738973693203,1.078132558562391,0.16129310344886005,-0.14960414855102078,-0.6886122886794853,8.582892734980367
12,4,1.0,0.0,4,none,0.15,2,1.1470908449917805,1.206597282533097,0.17503928254558265,-0.1450685204413108,-0.2557125778126324,5.729042576019937
12,4,1.0,0.0,4,none,0.15,4,0.6592664121965025,0.47332591400025276,0.0998272345982576,-0.21090591418200755,-0.6952436060406084,3.850658611204655
12,4,1.0,0.0,4,none,0.2,1,0.9881124267810214,1.1107915413554537,0.18635497797879363,-0.1677677323248179,-0.6298891585282171,10.170247876690516
12,4,1.0,0.0,4,none,0.2,2,1.1174010295668084,1.2794255319744412,0.21081261846046573,-0.16477130805349371,-0.27179213649695516,6.762510700156676
12,4,1.0,0.0,4,none,0.2,4,0.6152419881256774,0.4443442023626726,0.11569808292859451,-0.26037941378193574,-0.7349640163332405,4.579359794148093
12,4,1.0,0.0,4,br30,none,1,0.7082342421074203,0.46765498899914243,0.13836564884616354,-0.29587121296896346,-2.614833003877403,11.03448275862069
12,4,1.0,0.0,4,br30,none,2,0.9713745516295614,0.8044629360602613,0.1973212058806324,-0.24528315356203223,-1.7926443780077854,6.827586206896552
12,4,1.0,0.0,4,br30,none,4,0.5361615363485341,0.36692577689832573,0.10991035262518678,-0.299543830238023,-1.5173330648645489,4.413793103448276
12,4,1.0,0.0,4,br30,0.15,1,0.7435736090669983,0.42959898627595144,0.11033249054047878,-0.256826701331197,-2.431970448400919,7.8920636374616056
12,4,1.0,0.0,4,br30,0.15,2,0.9417137826896234,0.6751848971947823,0.14123330764512243,-0.20917723164707935,-1.7279560707773858,4.968368396041368
12,4,1.0,0.0,4,br30,0.15,4,0.5781372986356342,0.34726211769306886,0.08597269312640088,-0.24757291033509365,-1.4230181065954055,3.2522434904149007
12,4,1.0,0.0,4,br30,0.2,1,0.7141836881165378,0.44134569364205567,0.12478632904302378,-0.2827405610628415,-2.5544332550929556,9.314028236888285
12,4,1.0,0.0,4,br30,0.2,2,0.9486045545854921,0.72880143964087,0.16979379345682322,-0.23297675364155723,-1.7780099630791306,5.797750178430647
12,4,1.0,0.0,4,br30,0.2,4,0.5446464363310342,0.3464578636171826,0.09856693914525816,-0.28449906755232246,-1.495126385305527,3.8656740367388225
12,4,1.0,0.0,4,br40,none,1,0.9711047098148793,0.8871958922517127,0.18281637770079096,-0.2060608928618921,-1.5345093415074722,9.482758620689655
12,4,1.0,0.0,4,br40,none,2,1.022784452605705,1.1922219768796534,0.19494024937164411,-0.16351002846118645,-0.8492280949379937,6.344827586206897
12,4,1.0,0.0,4,br40,none,4,0.6069504385262937,0.46539623954640286,0.11731573583325638,-0.25207710304577846,-1.160897693296682,4.172413793103448
12,4,1.0,0.0,4,br40,0.15,1,1.0103350647054385,0.8856965255702246,0.14593663273569057,-0.16477046993238953,-1.4079716951248937,6.856201938356078
12,4,1.0,0.0,4,br40,0.15,2,1.0285787154589052,1.1506001490958409,0.14956564982470044,-0.1299892494731827,-0.8466467128568386,4.65702346450995
12,4,1.0,0.0,4,br40,0.15,4,0.711667617790519,0.5346586823089915,0.10509881072295113,-0.19657178345831505,-1.0402428972857185,3.1276634140388246
12,4,1.0,0.0,4,br40,0.2,1,0.9752902419675306,0.8636357915378644,0.16537619169605744,-0.1914883488114525,-1.494461525524571,8.07152264971484
12,4,1.0,0.0,4,br40,0.2,2,1.00708894900789,1.1309152451670976,0.17218224944217608,-0.15225035667171982,-0.8543687264680847,5.4383758151787935
12,4,1.0,0.0,4,br40,0.2,4,0.6151127849593158,0.4541744243193308,0.10681415283302242,-0.2351831083247462,-1.1414497346105426,3.683982343766338
12,4,1.0,0.0,4,mkt_ma20,none,1,0.7212848283087612,0.6332518522671644,0.134215795032256,-0.2119469442556503,-1.4240611754040962,9.310344827586206
12,4,1.0,0.0,4,mkt_ma20,none,2,0.7463639681618266,0.6379115934907476,0.14031929248681663,-0.21996667550587767,-1.3617899851728357,6.172413793103448
12,4,1.0,0.0,4,mkt_ma20,none,4,0.6613856374707392,0.5039726002984837,0.1255351414383259,-0.2490912032994973,-0.949471800002909,3.8965517241379306
12,4,1.0,0.0,4,mkt_ma20,0.15,1,0.7656314199891064,0.6179302461977464,0.11195758746355122,-0.18118159477133478,-1.3702772630520805,6.855217744961364
12,4,1.0,0.0,4,mkt_ma20,0.15,2,0.7248942925611725,0.5467584702710063,0.1042893254456565,-0.1907411244931687,-1.3617899851728357,4.659079241040857
12,4,1.0,0.0,4,mkt_ma20,0.15,4,0.682347030986493,0.4633904377859716,0.0969921112496499,-0.20930969510952258,-0.9559957435749297,2.9349011645364826
12,4,1.0,0.0,4,mkt_ma20,0.2,1,0.7348234057077361,0.6249514690361071,0.1252444424412118,-0.20040666939207674,-1.4008064484757838,8.005873642173896
12,4,1.0,0.0,4,mkt_ma20,0.2,2,0.7317407761607696,0.595617903642336,0.12424158082611259,-0.20859275731361948,-1.3617899851728357,5.366174280770357
12,4,1.0,0.0,4,mkt_ma20,0.2,4,0.665364251821554,0.47805882286275303,0.11386078456611926,-0.23817316849062276,-0.949471800002909,3.459370554305285
12,4,1.0,0.0,4,mkt_ma50,none,1,1.0414740455692206,1.1167190639640092,0.1823097435424641,-0.16325479650658115,-1.4659481936227456,7.931034482758621
12,4,1.0,0.0,4,mkt_ma50,none,2,0.9406993500343498,1.020601695922269,0.1665113608901827,-0.16315019028036626,-1.6555317915957128,5.379310344827586
12,4,1.0,0.0,4,mkt_ma50,none,4,0.29619213772161584,0.17911308752556213,0.050717283337725405,-0.28315788666468766,-1.7873525384818645,3.586206896551724
12,4,1.0,0.0,4,mkt_ma50,0.15,1,1.021293339777106,1.1525657146428134,0.13396358688130716,-0.11623075819396833,-1.4638760479236985,5.328725672260923
12,4,1.0,0.0,4,mkt_ma50,0.15,2,0.8961407668514587,0.849783410783388,0.11797117857123407,-0.13882499596277154,-1.650797339122359,3.7177634373362762
12,4,1.0,0.0,4,mkt_ma50,0.15,4,0.24271689163684287,0.125322386887793,0.030222753398956304,-0.2411600524814146,-1.783236528605434,2.553394146847408
12,4,1.0,0.0,4,mkt_ma50,0.2,1,1.0108346641619352,1.1627718257129127,0.15734171554859233,-0.13531607153632552,-1.4638760479236985,6.4649389400525
12,4,1.0,0.0,4,mkt_ma50,0.2,2,0.8894563435739296,0.9558219329805406,0.13972672349785942,-0.14618488933618567,-1.6507973391223592,4.464919866883444
12,4,1.0,0.0,4,mkt_ma50,0.2,4,0.23993392514081235,0.13453498374854375,0.03604924244361407,-0.2679544118501763,-1.7832365286054344,3.0869145836076264
12,4,1.0,0.0,5,none,none,1,0.8661181208596641,0.6761258102854846,0.17183848983252048,-0.25415164932095125,-0.9419519730058643,10.303448275862069
12,4,1.0,0.0,5,none,none,2,1.0391928807290642,0.9662370398645993,0.20959928595819477,-0.21692325724499895,-0.7308318810296447,6.800000000000001
12,4,1.0,0.0,5,none,none,4,0.7495088916321094,0.49903516629630845,0.14791746961818708,-0.29640690598217123,-1.1449737249966823,4.758620689655173
12,4,1.0,0.0,5,none,0.15,1,0.9231398278979738,0.6668670826954891,0.14099136444122085,-0.2114234876781309,-0.9450708463606403,7.702322241729907
12,4,1.0,0.0,5,none,0.15,2,1.092031198969155,0.9442992355194673,0.16513829423436954,-0.17487919932872287,-0.6554109346171063,5.099389911376003
12,4,1.0,0.0,5,none,0.15,4,0.751257939013459,0.4459516488263489,0.11237097389847395,-0.25198017362243363,-1.084546960517366,3.852143869013712
12,4,1.0,0.0,5,none,0.2,1,0.8536201547821991,0.6119473401783025,0.1564512429193814,-0.25566128430886936,-0.9659326849581676,9.105924147948512
12,4,1.0,0.0,5,none,0.2,2,1.0407607240976489,0.8845750081094644,0.1912487415436508,-0.21620409777616523,-0.7254094039115992,5.996700662677982
12,4,1.0,0.0,5,none,0.2,4,0.7322058300464679,0.4575133868250903,0.1326240965651173,-0.2898802535275764,-1.1339145430629145,4.417526264705337
12,4,1.0,0.0,5,br30,none,1,0.6068876756429331,0.3154769743804861,0.1091457533321678,-0.3459705848469651,-2.9809795481205428,9.724137931034482
12,4,1.0,0.0,5,br30,none,2,0.9436656138962554,0.6732128219493755,0.1799432204322473,-0.2672902454697732,-2.257554451734674,6.0551724137931044
12,4,1.0,0.0,5,br30,none,4,0.6639507422165936,0.4067854343238639,0.12569450258961612,-0.30899460006118096,-2.0019985771226767,4.055172413793104
12,4,1.0,0.0,5,br30,0.15,1,0.6462485258262425,0.30053462853889995,0.09335450458629913,-0.31062811310682525,-2.8679168847518324,7.294416802202706
12,4,1.0,0.0,5,br30,0.15,2,0.9192803256965509,0.555484839120838,0.13336800086665046,-0.24009296289297666,-2.223115976172118,4.571579640491242
12,4,1.0,0.0,5,br30,0.15,4,0.6756454274130709,0.3617380593211867,0.09742250815330378,-0.2693178272038068,-1.9374770944217317,3.178307459084962
12,4,1.0,0.0,5,br30,0.2,1,0.6040170665560199,0.29417948050144876,0.1016343646558211,-0.3454842074048756,-2.973024406744992,8.649706819178947
12,4,1.0,0.0,5,br30,0.2,2,0.9292279228590788,0.6031119252467207,0.16072324290354878,-0.26648991037244074,-2.252535771221531,5.3536042395412595
12,4,1.0,0.0,5,br30,0.2,4,0.6563009210377715,0.3769399858389563,0.11405564326204987,-0.3025830305803082,-1.9901787295854783,3.706711249180364
12,4,1.0,0.0,5,br40,none,1,0.8752921892973691,0.5887613548383781,0.15174405442552263,-0.25773439981837487,-2.008482060978245,8.262068965517242
12,4,1.0,0.0,5,br40,none,2,1.0392087754226809,0.9584527628746026,0.18531580661309222,-0.19334892004201742,-1.3538252595612077,5.475862068965517
12,4,1.0,0.0,5,br40,none,4,0.7591876656239402,0.5250963617026511,0.1361664866786101,-0.259317139880923,-1.5882891894376667,3.779310344827586
12,4,1.0,0.0,5,br40,0.15,1,0.9000845957256148,0.5634051084020487,0.12618339040970206,-0.22396564839035316,-1.942246716383282,6.299543788590589
12,4,1.0,0.0,5,br40,0.15,2,1.041462114731205,0.8821370706278993,0.1466467912548084,-0.16624036800814435,-1.3626100172745326,4.210008940359184
12,4,1.0,0.0,5,br40,0.15,4,0.8198488842967578,0.5464818682127037,0.11719646439544817,-0.21445627240798504,-1.5123583428965912,2.9969658478846335
12,4,1.0,0.0,5,br40,0.2,1,0.859817367190568,0.5459734411688478,0.14025025599604546,-0.2568810960763779,-2.002504705994965,7.433367497426236
12,4,1.0,0.0,5,br40,0.2,2,1.0297782429556004,0.8937633185931648,0.16984927151603135,-0.19003831101883206,-1.3418230868795007,4.914614670687205
12,4,1.0,0.0,5,br40,0.2,4,0.7524544335393455,0.5010638817597171,0.1259583783260294,-0.25138187546799107,-1.5788487844653014,3.4831102219694117
12,4,1.0,0.0,5,mkt_ma20,none,1,0.6537376007975102,0.42982083121513415,0.11194699380426809,-0.26045036832623014,-1.8505483308651893,8.289655172413793
12,4,1.0,0.0,5,mkt_ma20,none,2,0.8006924017063749,0.6206085666403789,0.1416110912776274,-0.22818101278270964,-1.7707436409204067,5.448275862068965
12,4,1.0,0.0,5,mkt_ma20,none,4,0.8124000846814768,0.5627803075026288,0.14380957436703312,-0.2555341266385043,-1.4675373540758982,3.5586206896551733
12,4,1.0,0.0,5,mkt_ma20,0.15,1,0.6905560659346474,0.4181503787798979,0.09746108295096989,-0.23307663438054793,-1.802542343306717,6.419614241044502
12,4,1.0,0.0,5,mkt_ma20,0.15,2,0.7751138340084174,0.5189423270193888,0.10773436057881014,-0.20760372582748476,-1.7707436409204067,4.274590251652236
12,4,1.0,0.0,5,mkt_ma20,0.15,4,0.7964752903456858,0.4893791318908173,0.11058313901829364,-0.2259661922874252,-1.4675373540758982,2.858513530552393
12,4,1.0,0.0,5,mkt_ma20,0.2,1,0.65211464748516,0.4096652828739021,0.10614079661409659,-0.25909150970639483,-1.8444271696098373,7.490506045979346
12,4,1.0,0.0,5,mkt_ma20,0.2,2,0.7938132744130508,0.5777061426004789,0.1302756822779514,-0.22550510141978086,-1.7707436409204067,4.926618318393521
12,4,1.0,0.0,5,mkt_ma20,0.2,4,0.7936937182613896,0.5297320460318256,0.13139095520437083,-0.24803286149782422,-1.4675373540758982,3.305624301377034
12,4,1.0,0.0,5,mkt_ma50,none,1,0.9734411867992089,1.0259815871029139,0.1557827718531768,-0.1518377852111985,-1.463784785277123,6.744827586206896
12,4,1.0,0.0,5,mkt_ma50,none,2,0.9669454435357747,0.9605267846479356,0.15973427799591078,-0.16629861920452182,-1.797531503745655,4.565517241379309
12,4,1.0,0.0,5,mkt_ma50,none,4,0.473327123361167,0.2745518300428621,0.0746798634908239,-0.27200643127807644,-1.8238187428026325,3.1862068965517243
12,4,1.0,0.0,5,mkt_ma50,0.15,1,0.9533499394426502,1.0041086920109312,0.12152264177595984,-0.12102538574044819,-1.4653217809745263,4.803487692963736
12,4,1.0,0.0,5,mkt_ma50,0.15,2,0.9206378665131846,0.8164647676128297,0.11784346591886297,-0.1443338042171891,-1.7929931317723666,3.312143054297609
12,4,1.0,0.0,5,mkt_ma50,0.15,4,0.39254288776491686,0.19965643862480756,0.04750009704447011,-0.23790916722566524,-1.8238187428026325,2.4396300081467888
12,4,1.0,0.0,5,mkt_ma50,0.2,1,0.9301098950346085,0.9130819331796032,0.13877718217045398,-0.15198765535442538,-1.4652849398332657,5.857833773363476
12,4,1.0,0.0,5,mkt_ma50,0.2,2,0.9177803704452467,0.8441244287033574,0.13933574756403355,-0.16506541313827916,-1.7929931317723666,3.996967996153147
12,4,1.0,0.0,5,mkt_ma50,0.2,4,0.4100683166544977,0.22484482594911304,0.05966172614283782,-0.2653462266298291,-1.8238187428026325,2.901531540149486
12,4,1.0,0.3,3,none,none,1,0.8670494758590657,0.6810071298620062,0.20845080339835476,-0.30609195448598836,-0.8330691331025365,12.804597701149426
12,4,1.0,0.3,3,none,none,2,1.0561215226704475,1.0345677353665945,0.24775280435301794,-0.2394747060860426,-0.5240442784480774,8.390804597701148
12,4,1.0,0.3,3,none,none,4,0.5127415171608704,0.3767772981719789,0.1196869132124958,-0.3176595665216142,-0.9653718262686027,5.67816091954023
12,4,1.0,0.3,3,none,0.15,1,1.0258540592877161,0.7918837104063213,0.16174568288392788,-0.20425433780035074,-0.7791539915831117,8.442165697870333
12,4,1.0,0.3,3,none,0.15,2,1.1647992851979427,1.1763230627044343,0.1812326602967611,-0.154067080755942,-0.44545978312167583,5.735465617637987
12,4,1.0,0.3,3,none,0.15,4,0.6342821899045461,0.43949452128500094,0.09764508453804632,-0.2221758857256061,-0.8962896604502363,3.9920049882765163
12,4,1.0,0.3,3,none,0.2,1,0.9351860986278029,0.7109355979360579,0.18356777602952312,-0.25820591423814643,-0.7775211285496645,10.295667780938683
12,4,1.0,0.3,3,none,0.2,2,1.092640849700469,1.0543826539557994,0.21145180171671463,-0.20054559976247377,-0.4626005820420828,6.940532140252931
12,4,1.0,0.3,3,none,0.2,4,0.5602020686483712,0.3761394189363561,0.1069435938532659,-0.28431902765118344,-0.9432401055670537,4.807921383545284
12,4,1.0,0.3,3,br30,none,1,0.6462174912859613,0.37156413767397434,0.1435797063921882,-0.38641971017711874,-2.708330514330382,11.14942528735632
12,4,1.0,0.3,3,br30,none,2,0.9760733698451802,0.7670836467354364,0.2182324887113023,-0.28449633835900257,-1.7509922290274786,7.057471264367815
12,4,1.0,0.3,3,br30,none,4,0.4907306044452135,0.3257548317413916,0.10974059313444484,-0.3368809375683032,-1.5897440434058818,4.781609195402298
12,4,1.0,0.3,3,br30,0.15,1,0.7553311980078623,0.389661449719849,0.11656511912453049,-0.2991446015723037,-2.4563803002549283,7.422194181314177
12,4,1.0,0.3,3,br30,0.15,2,1.0190458377906533,0.719553912716085,0.1576927094053353,-0.21915343189518066,-1.6717772014258967,4.865661869426734
12,4,1.0,0.3,3,br30,0.15,4,0.5901144444142054,0.34350641693299533,0.09021593340936795,-0.26263245448181993,-1.4740324225170782,3.3810751936608705
12,4,1.0,0.3,3,br30,0.2,1,0.7057158259066979,0.38634745002581056,0.12897940780253347,-0.33384304152626554,-2.5797257825154034,8.831132477477752
12,4,1.0,0.3,3,br30,0.2,2,0.9909448603097614,0.7397584357197337,0.18149842356829993,-0.24534823099612857,-1.719870272173969,5.704847445620438
12,4,1.0,0.3,3,br30,0.2,4,0.5438230469336875,0.32817426097183755,0.09981675308442961,-0.30415777516749076,-1.5487365281810943,3.9871117876508086
12,4,1.0,0.3,3,br40,none,1,0.9449707561164804,0.673391185457705,0.2006731364778418,-0.2980038064226278,-1.7538100978969902,9.356321839080461
12,4,1.0,0.3,3,br40,none,2,1.0150586867500149,0.9187399124617007,0.21387973537318627,-0.23279682581777705,-0.9259561030034285,6.551724137931035
12,4,1.0,0.3,3,br40,none,4,0.5791251199226438,0.4121105255889592,0.12156131221760647,-0.29497259756682903,-1.2850093194471042,4.551724137931035
12,4,1.0,0.3,3,br40,0.15,1,1.066441041984625,0.771212413584107,0.16070093021987475,-0.20837440812582175,-1.581061896503639,6.305713266841344
12,4,1.0,0.3,3,br40,0.15,2,1.1036447675639347,1.0158938377780637,0.16296272137116596,-0.16041314093172743,-0.9325622829231655,4.553693336398618
12,4,1.0,0.3,3,br40,0.15,4,0.7123227445022422,0.4764889269469967,0.10573876490644274,-0.2219123235117798,-1.1560725484517211,3.2793902242350237
12,4,1.0,0.3,3,br40,0.2,1,1.0096350672113097,0.7341715731011794,0.17857978154278875,-0.2432398475855696,-1.665687137288505,7.468540267485231
12,4,1.0,0.3,3,br40,0.2,2,1.044201675094004,0.9588404199688367,0.1814441986701547,-0.18923294730947182,-0.9443598201872601,5.34363075092448
12,4,1.0,0.3,3,br40,0.2,4,0.6071430163330052,0.4015151248601926,0.10535337471752682,-0.26238955445130696,-1.2517352729795161,3.8402831375574604
12,4,1.0,0.3,3,mkt_ma20,none,1,0.7069891654816001,0.4617197902657602,0.14856940944111297,-0.32177396891651155,-1.6801475339353698,9.172413793103448
12,4,1.0,0.3,3,mkt_ma20,none,2,0.7429667034770062,0.5597254172019065,0.15447562100079693,-0.2759846457804753,-1.3644246591151548,6.275862068965518
12,4,1.0,0.3,3,mkt_ma20,none,4,0.6659493703250492,0.49778585755260174,0.13684419326453323,-0.2749057474982055,-1.0167329343907006,4.275862068965517
12,4,1.0,0.3,3,mkt_ma20,0.15,1,0.8160034848316193,0.5157509411134241,0.12364493592187142,-0.23973768357056546,-1.5848918447353517,6.319473914789761
12,4,1.0,0.3,3,mkt_ma20,0.15,2,0.794682766693982,0.552344736356282,0.1171216101786614,-0.21204440355726284,-1.3644246591151548,4.483404384300532
12,4,1.0,0.3,3,mkt_ma20,0.15,4,0.7457199994465697,0.4954087051276358,0.1068242446111165,-0.21562851743510358,-1.01995545880684,3.08504131498906
12,4,1.0,0.3,3,mkt_ma20,0.2,1,0.7676615701169326,0.5036258963340432,0.135938534332805,-0.2699196672020221,-1.6211471689241397,7.423618939479175
12,4,1.0,0.3,3,mkt_ma20,0.2,2,0.7635360089111864,0.5596952048273012,0.13197927564988632,-0.23580562154469353,-1.3644246591151548,5.195170798785504
12,4,1.0,0.3,3,mkt_ma20,0.2,4,0.7263256278383321,0.5044129685307747,0.12290448779062002,-0.243658461336966,-1.0167329343907006,3.6077256199198113
12,4,1.0,0.3,3,mkt_ma50,none,1,1.0294317664383672,1.0904440527250618,0.2057378762676625,-0.18867348192098032,-1.4444611899826434,8.160919540229884
12,4,1.0,0.3,3,mkt_ma50,none,2,0.9856195943639275,1.1475872361623962,0.19908342570653081,-0.17347999300887862,-1.4720946087619209,5.6321839080459775
12,4,1.0,0.3,3,mkt_ma50,none,4,0.37680341339101325,0.2531892863821127,0.07319960174260198,-0.2891101862506509,-1.5152689129201118,3.9310344827586206
12,4,1.0,0.3,3,mkt_ma50,0.15,1,1.1247915225388598,1.509535585000017,0.1542865632549444,-0.10220796699863333,-1.4526928084381119,5.002559194084623
12,4,1.0,0.3,3,mkt_ma50,0.15,2,1.0183817048315653,1.2065832845804112,0.14005460791254354,-0.1160753755686641,-1.471531621399038,3.598152696738513
12,4,1.0,0.3,3,mkt_ma50,0.15,4,0.3963479762818951,0.22362409049367982,0.051073028787828045,-0.22838786588277482,-1.5152689129201118,2.619901980030199
12,4,1.0,0.3,3,mkt_ma50,0.2,1,1.0646206557749278,1.2870258374529981,0.17298921302677384,-0.1344100545557939,-1.452692808438112,6.157694121493886
12,4,1.0,0.3,3,mkt_ma50,0.2,2,0.9846467845473225,1.1669019287513107,0.1605310714264745,-0.13757031972537492,-1.471531621399038,4.371432608731315
12,4,1.0,0.3,3,mkt_ma50,0.2,4,0.37444029562309006,0.22278605236631313,0.057189984035468155,-0.25670361060769753,-1.5152689129201118,3.140712218584327
12,4,1.0,0.3,4,none,none,1,0.965925480734151,0.9936892988320637,0.20647098394164765,-0.20778223553813457,-0.6456944496479411,12.068965517241379
12,4,1.0,0.3,4,none,none,2,1.1151767531994492,1.2991327982563876,0.23777962690388943,-0.1830295003120712,-0.30356549813394523,7.931034482758621
12,4,1.0,0.3,4,none,none,4,0.6041798572139606,0.4678823794608827,0.12876794599281438,-0.2752143522506387,-0.7478708512153699,5.172413793103448
12,4,1.0,0.3,4,none,0.15,1,1.043738973693203,1.078132558562391,0.16129310344886005,-0.14960414855102078,-0.6886122886794853,8.582892734980367
12,4,1.0,0.3,4,none,0.15,2,1.1470908449917805,1.206597282533097,0.17503928254558265,-0.1450685204413108,-0.2557125778126324,5.729042576019937
12,4,1.0,0.3,4,none,0.15,4,0.6592664121965025,0.47332591400025276,0.0998272345982576,-0.21090591418200755,-0.6952436060406084,3.850658611204655
12,4,1.0,0.3,4,none,0.2,1,0.9881124267810214,1.1107915413554537,0.18635497797879363,-0.1677677323248179,-0.6298891585282171,10.170247876690516
12,4,1.0,0.3,4,none,0.2,2,1.1174010295668084,1.2794255319744412,0.21081261846046573,-0.16477130805349371,-0.27179213649695516,6.762510700156676
12,4,1.0,0.3,4,none,0.2,4,0.6152419881256774,0.4443442023626726,0.11569808292859451,-0.26037941378193574,-0.7349640163332405,4.579359794148093
12,4,1.0,0.3,4,br30,none,1,0.7082342421074203,0.46765498899914243,0.13836564884616354,-0.29587121296896346,-2.614833003877403,11.03448275862069
12,4,1.0,0.3,4,br30,none,2,0.9713745516295614,0.8044629360602613,0.1973212058806324,-0.24528315356203223,-1.7926443780077854,6.827586206896552
12,4,1.0,0.3,4,br30,none,4,0.5361615363485341,0.36692577689832573,0.10991035262518678,-0.299543830238023,-1.5173330648645489,4.413793103448276
12,4,1.0,0.3,4,br30,0.15,1,0.7435736090669983,0.42959898627595144,0.11033249054047878,-0.256826701331197,-2.431970448400919,7.8920636374616056
12,4,1.0,0.3,4,br30,0.15,2,0.9417137826896234,0.6751848971947823,0.14123330764512243,-0.20917723164707935,-1.7279560707773858,4.968368396041368
12,4,1.0,0.3,4,br30,0.15,4,0.5781372986356342,0.34726211769306886,0.08597269312640088,-0.24757291033509365,-1.4230181065954055,3.2522434904149007
12,4,1.0,0.3,4,br30,0.2,1,0.7141836881165378,0.44134569364205567,0.12478632904302378,-0.2827405610628415,-2.5544332550929556,9.314028236888285
12,4,1.0,0.3,4,br30,0.2,2,0.9486045545854921,0.72880143964087,0.16979379345682322,-0.23297675364155723,-1.7780099630791306,5.797750178430647
12,4,1.0,0.3,4,br30,0.2,4,0.5446464363310342,0.3464578636171826,0.09856693914525816,-0.28449906755232246,-1.495126385305527,3.8656740367388225
12,4,1.0,0.3,4,br40,none,1,0.9711047098148793,0.8871958922517127,0.18281637770079096,-0.2060608928618921,-1.5345093415074722,9.482758620689655
12,4,1.0,0.3,4,br40,none,2,1.022784452605705,1.1922219768796534,0.19494024937164411,-0.16351002846118645,-0.8492280949379937,6.344827586206897
12,4,1.0,0.3,4,br40,none,4,0.6069504385262937,0.46539623954640286,0.11731573583325638,-0.25207710304577846,-1.160897693296682,4.172413793103448
12,4,1.0,0.3,4,br40,0.15,1,1.0103350647054385,0.8856965255702246,0.14593663273569057,-0.16477046993238953,-1.4079716951248937,6.856201938356078
12,4,1.0,0.3,4,br40,0.15,2,1.0285787154589052,1.1506001490958409,0.14956564982470044,-0.1299892494731827,-0.8466467128568386,4.65702346450995
12,4,1.0,0.3,4,br40,0.15,4,0.711667617790519,0.5346586823089915,0.10509881072295113,-0.19657178345831505,-1.0402428972857185,3.1276634140388246
12,4,1.0,0.3,4,br40,0.2,1,0.9752902419675306,0.8636357915378644,0.16537619169605744,-0.1914883488114525,-1.494461525524571,8.07152264971484
12,4,1.0,0.3,4,br40,0.2,2,1.00708894900789,1.1309152451670976,0.17218224944217608,-0.15225035667171982,-0.8543687264680847,5.4383758151787935
12,4,1.0,0.3,4,br40,0.2,4,0.6151127849593158,0.4541744243193308,0.10681415283302242,-0.2351831083247462,-1.1414497346105426,3.683982343766338
12,4,1.0,0.3,4,mkt_ma20,none,1,0.7212848283087612,0.6332518522671644,0.134215795032256,-0.2119469442556503,-1.4240611754040962,9.310344827586206
12,4,1.0,0.3,4,mkt_ma20,none,2,0.7463639681618266,0.6379115934907476,0.14031929248681663,-0.21996667550587767,-1.3617899851728357,6.172413793103448
12,4,1.0,0.3,4,mkt_ma20,none,4,0.6613856374707392,0.5039726002984837,0.1255351414383259,-0.2490912032994973,-0.949471800002909,3.8965517241379306
12,4,1.0,0.3,4,mkt_ma20,0.15,1,0.7656314199891064,0.6179302461977464,0.11195758746355122,-0.18118159477133478,-1.3702772630520805,6.855217744961364
12,4,1.0,0.3,4,mkt_ma20,0.15,2,0.7248942925611725,0.5467584702710063,0.1042893254456565,-0.1907411244931687,-1.3617899851728357,4.659079241040857
12,4,1.0,0.3,4,mkt_ma20,0.15,4,0.682347030986493,0.4633904377859716,0.0969921112496499,-0.20930969510952258,-0.9559957435749297,2.9349011645364826
12,4,1.0,0.3,4,mkt_ma20,0.2,1,0.7348234057077361,0.6249514690361071,0.1252444424412118,-0.20040666939207674,-1.4008064484757838,8.005873642173896
12,4,1.0,0.3,4,mkt_ma20,0.2,2,0.7317407761607696,0.595617903642336,0.12424158082611259,-0.20859275731361948,-1.3617899851728357,5.366174280770357
12,4,1.0,0.3,4,mkt_ma20,0.2,4,0.665364251821554,0.47805882286275303,0.11386078456611926,-0.23817316849062276,-0.949471800002909,3.459370554305285
12,4,1.0,0.3,4,mkt_ma50,none,1,1.0414740455692206,1.1167190639640092,0.1823097435424641,-0.16325479650658115,-1.4659481936227456,7.931034482758621
12,4,1.0,0.3,4,mkt_ma50,none,2,0.9406993500343498,1.020601695922269,0.1665113608901827,-0.16315019028036626,-1.6555317915957128,5.379310344827586
12,4,1.0,0.3,4,mkt_ma50,none,4,0.29619213772161584,0.17911308752556213,0.050717283337725405,-0.28315788666468766,-1.7873525384818645,3.586206896551724
12,4,1.0,0.3,4,mkt_ma50,0.15,1,1.021293339777106,1.1525657146428134,0.13396358688130716,-0.11623075819396833,-1.4638760479236985,5.328725672260923
12,4,1.0,0.3,4,mkt_ma50,0.15,2,0.8961407668514587,0.849783410783388,0.11797117857123407,-0.13882499596277154,-1.650797339122359,3.7177634373362762
12,4,1.0,0.3,4,mkt_ma50,0.15,4,0.24271689163684287,0.125322386887793,0.030222753398956304,-0.2411600524814146,-1.783236528605434,2.553394146847408
12,4,1.0,0.3,4,mkt_ma50,0.2,1,1.0108346641619352,1.1627718257129127,0.15734171554859233,-0.13531607153632552,-1.4638760479236985,6.4649389400525
12,4,1.0,0.3,4,mkt_ma50,0.2,2,0.8894563435739296,0.9558219329805406,0.13972672349785942,-0.14618488933618567,-1.6507973391223592,4.464919866883444
12,4,1.0,0.3,4,mkt_ma50,0.2,4,0.23993392514081235,0.13453498374854375,0.03604924244361407,-0.2679544118501763,-1.7832365286054344,3.0869145836076264
12,4,1.0,0.3,5,none,none,1,0.8661181208596641,0.6761258102854846,0.17183848983252048,-0.25415164932095125,-0.9419519730058643,10.303448275862069
12,4,1.0,0.3,5,none,none,2,1.0391928807290642,0.9662370398645993,0.20959928595819477,-0.21692325724499895,-0.7308318810296447,6.800000000000001
12,4,1.0,0.3,5,none,none,4,0.7495088916321094,0.49903516629630845,0.14791746961818708,-0.29640690598217123,-1.1449737249966823,4.758620689655173
12,4,1.0,0.3,5,none,0.15,1,0.9231398278979738,0.6668670826954891,0.14099136444122085,-0.2114234876781309,-0.9450708463606403,7.702322241729907
12,4,1.0,0.3,5,none,0.15,2,1.092031198969155,0.9442992355194673,0.16513829423436954,-0.17487919932872287,-0.6554109346171063,5.099389911376003
12,4,1.0,0.3,5,none,0.15,4,0.751257939013459,0.4459516488263489,0.11237097389847395,-0.25198017362243363,-1.084546960517366,3.852143869013712
12,4,1.0,0.3,5,none,0.2,1,0.8536201547821991,0.6119473401783025,0.1564512429193814,-0.25566128430886936,-0.9659326849581676,9.105924147948512
12,4,1.0,0.3,5,none,0.2,2,1.0407607240976489,0.8845750081094644,0.1912487415436508,-0.21620409777616523,-0.7254094039115992,5.996700662677982
12,4,1.0,0.3,5,none,0.2,4,0.7322058300464679,0.4575133868250903,0.1326240965651173,-0.2898802535275764,-1.1339145430629145,4.417526264705337
12,4,1.0,0.3,5,br30,none,1,0.6068876756429331,0.3154769743804861,0.1091457533321678,-0.3459705848469651,-2.9809795481205428,9.724137931034482
12,4,1.0,0.3,5,br30,none,2,0.9436656138962554,0.6732128219493755,0.1799432204322473,-0.2672902454697732,-2.257554451734674,6.0551724137931044
12,4,1.0,0.3,5,br30,none,4,0.6639507422165936,0.4067854343238639,0.12569450258961612,-0.30899460006118096,-2.0019985771226767,4.055172413793104
12,4,1.0,0.3,5,br30,0.15,1,0.6462485258262425,0.30053462853889995,0.09335450458629913,-0.31062811310682525,-2.8679168847518324,7.294416802202706
12,4,1.0,0.3,5,br30,0.15,2,0.9192803256965509,0.555484839120838,0.13336800086665046,-0.24009296289297666,-2.223115976172118,4.571579640491242
12,4,1.0,0.3,5,br30,0.15,4,0.6756454274130709,0.3617380593211867,0.09742250815330378,-0.2693178272038068,-1.9374770944217317,3.178307459084962
12,4,1.0,0.3,5,br30,0.2,1,0.6040170665560199,0.29417948050144876,0.1016343646558211,-0.3454842074048756,-2.973024406744992,8.649706819178947
12,4,1.0,0.3,5,br30,0.2,2,0.9292279228590788,0.6031119252467207,0.16072324290354878,-0.26648991037244074,-2.252535771221531,5.3536042395412595
12,4,1.0,0.3,5,br30,0.2,4,0.6563009210377715,0.3769399858389563,0.11405564326204987,-0.3025830305803082,-1.9901787295854783,3.706711249180364
12,4,1.0,0.3,5,br40,none,1,0.8752921892973691,0.5887613548383781,0.15174405442552263,-0.25773439981837487,-2.008482060978245,8.262068965517242
12,4,1.0,0.3,5,br40,none,2,1.0392087754226809,0.9584527628746026,0.18531580661309222,-0.19334892004201742,-1.3538252595612077,5.475862068965517
12,4,1.0,0.3,5,br40,none,4,0.7591876656239402,0.5250963617026511,0.1361664866786101,-0.259317139880923,-1.5882891894376667,3.779310344827586
12,4,1.0,0.3,5,br40,0.15,1,0.9000845957256148,0.5634051084020487,0.12618339040970206,-0.22396564839035316,-1.942246716383282,6.299543788590589
12,4,1.0,0.3,5,br40,0.15,2,1.041462114731205,0.8821370706278993,0.1466467912548084,-0.16624036800814435,-1.3626100172745326,4.210008940359184
12,4,1.0,0.3,5,br40,0.15,4,0.8198488842967578,0.5464818682127037,0.11719646439544817,-0.21445627240798504,-1.5123583428965912,2.9969658478846335
12,4,1.0,0.3,5,br40,0.2,1,0.859817367190568,0.5459734411688478,0.14025025599604546,-0.2568810960763779,-2.002504705994965,7.433367497426236
12,4,1.0,0.3,5,br40,0.2,2,1.0297782429556004,0.8937633185931648,0.16984927151603135,-0.19003831101883206,-1.3418230868795007,4.914614670687205
12,4,1.0,0.3,5,br40,0.2,4,0.7524544335393455,0.5010638817597171,0.1259583783260294,-0.25138187546799107,-1.5788487844653014,3.4831102219694117
12,4,1.0,0.3,5,mkt_ma20,none,1,0.6537376007975102,0.42982083121513415,0.11194699380426809,-0.26045036832623014,-1.8505483308651893,8.289655172413793
12,4,1.0,0.3,5,mkt_ma20,none,2,0.8006924017063749,0.6206085666403789,0.1416110912776274,-0.22818101278270964,-1.7707436409204067,5.448275862068965
12,4,1.0,0.3,5,mkt_ma20,none,4,0.8124000846814768,0.5627803075026288,0.14380957436703312,-0.2555341266385043,-1.4675373540758982,3.5586206896551733
12,4,1.0,0.3,5,mkt_ma20,0.15,1,0.6905560659346474,0.4181503787798979,0.09746108295096989,-0.23307663438054793,-1.802542343306717,6.419614241044502
12,4,1.0,0.3,5,mkt_ma20,0.15,2,0.7751138340084174,0.5189423270193888,0.10773436057881014,-0.20760372582748476,-1.7707436409204067,4.274590251652236
12,4,1.0,0.3,5,mkt_ma20,0.15,4,0.7964752903456858,0.4893791318908173,0.11058313901829364,-0.2259661922874252,-1.4675373540758982,2.858513530552393
12,4,1.0,0.3,5,mkt_ma20,0.2,1,0.65211464748516,0.4096652828739021,0.10614079661409659,-0.25909150970639483,-1.8444271696098373,7.490506045979346
12,4,1.0,0.3,5,mkt_ma20,0.2,2,0.7938132744130508,0.5777061426004789,0.1302756822779514,-0.22550510141978086,-1.7707436409204067,4.926618318393521
12,4,1.0,0.3,5,mkt_ma20,0.2,4,0.7936937182613896,0.5297320460318256,0.13139095520437083,-0.24803286149782422,-1.4675373540758982,3.305624301377034
12,4,1.0,0.3,5,mkt_ma50,none,1,0.9734411867992089,1.0259815871029139,0.1557827718531768,-0.1518377852111985,-1.463784785277123,6.744827586206896
12,4,1.0,0.3,5,mkt_ma50,none,2,0.9669454435357747,0.9605267846479356,0.15973427799591078,-0.16629861920452182,-1.797531503745655,4.565517241379309
12,4,1.0,0.3,5,mkt_ma50,none,4,0.473327123361167,0.2745518300428621,0.0746798634908239,-0.27200643127807644,-1.8238187428026325,3.1862068965517243
12,4,1.0,0.3,5,mkt_ma50,0.15,1,0.9533499394426502,1.0041086920109312,0.12152264177595984,-0.12102538574044819,-1.4653217809745263,4.803487692963736
12,4,1.0,0.3,5,mkt_ma50,0.15,2,0.9206378665131846,0.8164647676128297,0.11784346591886297,-0.1443338042171891,-1.7929931317723666,3.312143054297609
12,4,1.0,0.3,5,mkt_ma50,0.15,4,0.39254288776491686,0.19965643862480756,0.04750009704447011,-0.23790916722566524,-1.8238187428026325,2.4396300081467888
12,4,1.0,0.3,5,mkt_ma50,0.2,1,0.9301098950346085,0.9130819331796032,0.13877718217045398,-0.15198765535442538,-1.4652849398332657,5.857833773363476
12,4,1.0,0.3,5,mkt_ma50,0.2,2,0.9177803704452467,0.8441244287033574,0.13933574756403355,-0.16506541313827916,-1.7929931317723666,3.996967996153147
12,4,1.0,0.3,5,mkt_ma50,0.2,4,0.4100683166544977,0.22484482594911304,0.05966172614283782,-0.2653462266298291,-1.8238187428026325,2.901531540149486
12,4,1.5,0.0,3,none,none,1,1.1289917311303346,1.0780363824698707,0.25863539170069827,-0.2399134165659077,-0.8095757193539566,12.25287356321839
12,4,1.5,0.0,3,none,none,2,1.189222333699362,1.2062816346496381,0.26343700430906236,-0.21838764409737288,-0.1851200083599215,8.022988505747126
12,4,1.5,0.0,3,none,none,4,0.5036116144023727,0.34088958885430326,0.11247381107018306,-0.32994205381336694,-0.9251387401007647,5.448275862068965
12,4,1.5,0.0,3,none,0.15,1,1.1875783613218558,1.0326559108754068,0.18589824788241094,-0.18001954564402833,-0.7890925518050633,8.358926224311524
12,4,1.5,0.0,3,none,0.15,2,1.2558402075885646,1.2264870549279554,0.1946297834451851,-0.15868881996199935,-0.13827439055546953,5.752839184589192
12,4,1.5,0.0,3,none,0.15,4,0.6124533011406309,0.38699119512860364,0.09427664852806017,-0.24361445354520395,-0.8623796758109907,4.0403878096963455
12,4,1.5,0.0,3,none,0.2,1,1.1353481345326797,1.0069612254894478,0.21964015423986738,-0.2181217594879169,-0.7797288696651041,10.204619096270093
12,4,1.5,0.0,3,none,0.2,2,1.1954793520337068,1.1404830356716624,0.22779969670961453,-0.1997396625680249,-0.1491865554526062,6.8815846296140775
12,4,1.5,0.0,3,none,0.2,4,0.5409859972381578,0.3363455734921837,0.1026672091061791,-0.30524322957550376,-0.906961536977948,4.804783541774695
12,4,1.5,0.0,3,br30,none,1,0.8561612153861411,0.5575772394484722,0.1813774978222289,-0.3252957348144959,-2.6603221290159413,10.873563218390803
12,4,1.5,0.0,3,br30,none,2,1.0119840003652385,0.7708912031651666,0.21292395015343968,-0.2762049291510982,-1.7556654254112383,6.873563218390803
12,4,1.5,0.0,3,br30,none,4,0.45497199226757185,0.2841805553428181,0.09720804842169906,-0.34206439038178804,-1.7291474236489024,4.459770114942528
12,4,1.5,0.0,3,br30,0.15,1,0.898477136720612,0.5096877848445925,0.1373547672490043,-0.2694880500047392,-2.426998059339937,7.517690354102203
12,4,1.5,0.0,3,br30,0.15,2,1.0085514502356177,0.6731148118041205,0.15421800182024348,-0.22911099134321478,-1.7235906906233003,4.918551837534142
12,4,1.5,0.0,3,br30,0.15,4,0.552194545930038,0.30579771530165345,0.08397903953971841,-0.2746228481690175,-1.6239707009467843,3.291878988204793
12,4,1.5,0.0,3,br30,0.2,1,0.8690822189854724,0.5266709584468656,0.15680849056492807,-0.2977352140838577,-2.5589128404036834,8.95103844476054
12,4,1.5,0.0,3,br30,0.2,2,0.9843648388792275,0.6876329965931612,0.17735315561055431,-0.25791833214700355,-1.7566451725436685,5.771946640225568
12,4,1.5,0.0,3,br30,0.2,4,0.491626848847831,0.28328866574056527,0.08967356738715404,-0.31654484711815745,-1.7112264548586624,3.8736585524766345
12,4,1.5,0.0,3,br40,none,1,1.0321205306497638,0.7860873050948269,0.21008049975371157,-0.26724830485383455,-1.7081861730420937,9.54022988505747
12,4,1.5,0.0,3,br40,none,2,1.0078067829041761,0.8960013771768675,0.19936199241276764,-0.22250188168339646,-0.8409923112982823,6.413793103448276
12,4,1.5,0.0,3,br40,none,4,0.5458965957042664,0.37447379063709324,0.1092988085395874,-0.29187305299427513,-1.2766914043009878,4.275862068965518
12,4,1.5,0.0,3,br40,0.15,1,1.0913849869454681,0.8115660702655275,0.16380397387328172,-0.20183689273713534,-1.5514544630619826,6.701766090986434
12,4,1.5,0.0,3,br40,0.15,2,1.059516888558716,0.9133811041243117,0.1550926188980437,-0.16980055553780704,-0.8694428124847579,4.619282025391285
12,4,1.5,0.0,3,br40,0.15,4,0.6727519643542044,0.44122681315332946,0.09937593827641455,-0.22522642621422173,-1.163527845689006,3.1963423672460496
12,4,1.5,0.0,3,br40,0.2,1,1.0493075337402729,0.7870067110975806,0.18344077614944898,-0.23308667329357025,-1.641302643581064,7.924878034117092
12,4,1.5,0.0,3,br40,0.2,2,0.9997041441631104,0.8483857000166724,0.17098094850641954,-0.20153681103189203,-0.8632070446371684,5.434043900799093
12,4,1.5,0.0,3,br40,0.2,4,0.554501339934796,0.35855723857204114,0.09586699151746658,-0.2673687244448282,-1.2726076538483653,3.758339536202965
12,4,1.5,0.0,3,mkt_ma20,none,1,0.853173689080433,0.6554288517406587,0.17205080139111817,-0.2625011104320375,-1.6205786641199706,9.310344827586206
12,4,1.5,0.0,3,mkt_ma20,none,2,0.7443592250116414,0.5213736120310711,0.14463942478381497,-0.27741991816646683,-1.4338459294762997,6.183908045977011
12,4,1.5,0.0,3,mkt_ma20,none,4,0.6177272251512176,0.4184004290296692,0.12065416442871224,-0.2883700781773255,-1.1683773568626987,4.045977011494252
12,4,1.5,0.0,3,mkt_ma20,0.15,1,0.9048426915466864,0.6465800170918028,0.1357486545253852,-0.2099487316913342,-1.535242043072647,6.649742924060579
12,4,1.5,0.0,3,mkt_ma20,0.15,2,0.7736803043389681,0.4924076677795699,0.11221790929233033,-0.2278963481587487,-1.4338459294762997,4.567417112729743
12,4,1.5,0.0,3,mkt_ma20,0.15,4,0.6883355778347136,0.42309423680041147,0.09821637609926226,-0.23213829817680642,-1.1600639784099698,3.0464199706763324
12,4,1.5,0.0,3,mkt_ma20,0.2,1,0.8712193736229867,0.650535329736571,0.15193542453495512,-0.23355445521533802,-1.5743543088130854,7.806363059600952
12,4,1.5,0.0,3,mkt_ma20,0.2,2,0.7448485758261507,0.49129600589487327,0.12574425713689186,-0.25594398413203956,-1.4338459294762997,5.300202959464901
12,4,1.5,0.0,3,mkt_ma20,0.2,4,0.6500033233860304,0.41304392166691567,0.10946152379594132,-0.26501182575012594,-1.1683773568626987,3.5617055329367697
12,4,1.5,0.0,3,mkt_ma50,none,1,1.1812633923435967,1.390303246921098,0.22499685179920514,-0.16183293270548915,-1.4444611899826434,7.885057471264368
12,4,1.5,0.0,3,mkt_ma50,none,2,1.0500462782912923,1.1431206461921113,0.198308561709712,-0.1734799930088784,-1.4720946087619209,5.310344827586207
12,4,1.5,0.0,3,mkt_ma50,none,4,0.34149931673760914,0.22499846932787507,0.06272523726455814,-0.278780728828661,-1.4720946087619209,3.655172413793103
12,4,1.5,0.0,3,mkt_ma50,0.15,1,1.2143077938178808,1.6654533076509523,0.1641366211796731,-0.0985537213355927,-1.4529845390762046,5.080930186259924
12,4,1.5,0.0,3,mkt_ma50,0.15,2,1.0711121359315128,1.3971148177349688,0.14601378441594903,-0.10451094109263659,-1.4717747106515966,3.5888814603937162
12,4,1.5,0.0,3,mkt_ma50,0.15,4,0.35588592817557735,0.20560236531517925,0.04582372071437546,-0.2228754549789821,-1.4719594817809238,2.5697292709441495
12,4,1.5,0.0,3,mkt_ma50,0.2,1,1.170749555533116,1.4347781452208894,0.18715945455996463,-0.13044487413149908,-1.4529845390762053,6.235389706120502
12,4,1.5,0.0,3,mkt_ma50,0.2,2,1.0260601983235156,1.195126597058908,0.1646307111570835,-0.13775169221589068,-1.4717747106515962,4.345697107032085
12,4,1.5,0.0,3,mkt_ma50,0.2,4,0.320935909880929,0.1934764332158883,0.04900888420714988,-0.2533067381517413,-1.4719594817809243,3.0891409436343453
12,4,1.5,0.0,4,none,none,1,1.2291822049526466,1.357523601874825,0.2569496493978016,-0.18927821884123275,-0.529396140173288,10.89655172413793
12,4,1.5,0.0,4,none,none,2,1.2282143647568455,1.2992544008933102,0.2587911382003121,-0.19918434605445912,-0.4343899808135309,7.310344827586206
12,4,1.5,0.0,4,none,none,4,0.6990567053442048,0.5013940034858281,0.14531153358022308,-0.2898150607505826,-0.8962545932100251,5.241379310344828
12,4,1.5,0.0,4,none,0.15,1,1.3056119032334417,1.3243736534724455,0.20095432922942846,-0.15173537219087352,-0.5323074085562393,7.950096123032093
12,4,1.5,0.0,4,none,0.15,2,1.310445867132745,1.3767170444273196,0.1992523077446149,-0.1447300362490238,-0.34519540788016084,5.4374472552595465
12,4,1.5,0.0,4,none,0.15,4,0.7608864857239117,0.49358050908090817,0.11408392481432306,-0.23113539273817296,-0.8382787760677858,3.993891359099319
12,4,1.5,0.0,4,none,0.2,1,1.2539420887949972,1.2990380441069769,0.23448757679108723,-0.18050862933139544,-0.5287357826977767,9.4240994283828
12,4,1.5,0.0,4,none,0.2,2,1.2627236679740403,1.2932032877524666,0.23645715593436223,-0.18284608319030404,-0.3894437873738802,6.400362943297039
12,4,1.5,0.0,4,none,0.2,4,0.712853528292208,0.46923277925215284,0.13177011857330756,-0.2808203612358844,-0.8927577351591991,4.703870839358196
12,4,1.5,0.0,4,br30,none,1,0.8893940768297517,0.5738236478781776,0.1697171410562237,-0.29576533083602463,-2.771382434876452,10.310344827586206
12,4,1.5,0.0,4,br30,none,2,1.0563060774342536,0.8161603542526488,0.21120483473026308,-0.2587786010797616,-1.9510044068762633,6.517241379310344
12,4,1.5,0.0,4,br30,none,4,0.6848608043757457,0.48119431638937554,0.13614138496632577,-0.2829239255938387,-1.4488737072122468,4.344827586206897
12,4,1.5,0.0,4,br30,0.15,1,0.9421167163773572,0.5496101494512329,0.13926713067929364,-0.25339257438813156,-2.6025435217759045,7.537300270492693
12,4,1.5,0.0,4,br30,0.15,2,1.060581941125118,0.7380591438370505,0.15839807128786165,-0.2146143335673285,-1.8441721273150455,4.836891459809866
12,4,1.5,0.0,4,br30,0.15,4,0.734858784645621,0.4502340238615058,0.10761109482557907,-0.23901146764217174,-1.3624297887270505,3.3031208558411054
12,4,1.5,0.0,4,br30,0.2,1,0.912030856065917,0.5646163614064664,0.15799780009901299,-0.27983213186638534,-2.7156002876996146,8.933563137525203
12,4,1.5,0.0,4,br30,0.2,2,1.0631882708986022,0.7803400465407518,0.18842928772111622,-0.24147073901489924,-1.9238509239403698,5.666571806708425
12,4,1.5,0.0,4,br30,0.2,4,0.6982436565702538,0.45088786549323095,0.12347201134466479,-0.273841947841283,-1.444570205551558,3.8770966210079054
12,4,1.5,0.0,4,br40,none,1,1.1446843848309922,0.9758017543302112,0.21112042953690735,-0.21635586183365707,-1.6991624791208302,8.827586206896552
12,4,1.5,0.0,4,br40,none,2,1.0844449514997312,1.0692370664199475,0.20340124121380443,-0.19023025632177037,-0.9899876211683722,6.0
12,4,1.5,0.0,4,br40,none,4,0.7485753704922388,0.5688758098888583,0.14003248437926108,-0.24615651069188427,-1.1447391562228193,4.1034482758620685
12,4,1.5,0.0,4,br40,0.15,1,1.184111263226838,0.9832509286470372,0.1705301258505727,-0.17343500105840104,-1.5816258470546312,6.567742116417785
12,4,1.5,0.0,4,br40,0.15,2,1.128059566067645,1.123619257810325,0.16311122691202895,-0.14516592322375743,-0.9436870924150166,4.501514677240852
12,4,1.5,0.0,4,br40,0.15,4,0.8383286524024949,0.6092766104568452,0.12161012914001756,-0.19959756710311327,-1.0565101429296067,3.1568292663747894
12,4,1.5,0.0,4,br40,0.2,1,1.1572549327428865,0.9823629543822693,0.19567981226580033,-0.1991929880833586,-1.6595949870377946,7.736572019108238
12,4,1.5,0.0,4,br40,0.2,2,1.1046392508451681,1.090879133467259,0.18751571529056799,-0.17189412606561327,-0.9818284870730667,5.277117724997748
12,4,1.5,0.0,4,br40,0.2,4,0.760400376577676,0.5489707646441149,0.12902363871705025,-0.23502825109583625,-1.1436296402066772,3.6860604967094535
12,4,1.5,0.0,4,mkt_ma20,none,1,0.9190263211514675,0.7691203268271715,0.16696844263556843,-0.21709014417075445,-1.552239045683782,8.793103448275863
12,4,1.5,0.0,4,mkt_ma20,none,2,0.8379379091495067,0.6670482017718622,0.15451285366343592,-0.2316367141879816,-1.37680628836689,5.827586206896552
12,4,1.5,0.0,4,mkt_ma20,none,4,0.8172885280224367,0.6366542027815724,0.14989930299149368,-0.23544854072521082,-0.8683689896003297,3.8965517241379306
12,4,1.5,0.0,4,mkt_ma20,0.15,1,0.9717114349476268,0.7720208604615395,0.14001804265886042,-0.18136562083976981,-1.492892953341756,6.654241946785364
12,4,1.5,0.0,4,mkt_ma20,0.15,2,0.8480508156676293,0.6245979529943587,0.12144549864404297,-0.19443787489508446,-1.37680628836689,4.473407040982838
12,4,1.5,0.0,4,mkt_ma20,0.15,4,0.842288774617418,0.5924580174503145,0.11775117797593171,-0.19875024813181252,-0.869515033316094,3.0238589944193395
12,4,1.5,0.0,4,mkt_ma20,0.2,1,0.9440927222234897,0.7885073888275714,0.15888963660356525,-0.20150684553484988,-1.52530491562356,7.7656033820323085
12,4,1.5,0.0,4,mkt_ma20,0.2,2,0.8525443334058922,0.6665456922411648,0.14328306183070993,-0.21496360039315698,-1.37680628836689,5.172121587405845
12,4,1.5,0.0,4,mkt_ma20,0.2,4,0.8185917430959784,0.6085675777891297,0.1365797554590178,-0.22442824830596386,-0.8683689896003297,3.530494471447098
12,4,1.5,0.0,4,mkt_ma50,none,1,1.242096585790289,1.7211340158431856,0.21240937347452005,-0.12341245453246152,-1.4659481936227456,7.241379310344827
12,4,1.5,0.0,4,mkt_ma50,none,2,1.0501090205741719,1.109748656293211,0.1834401010270743,-0.16529878183389923,-1.6555317915957128,4.96551724137931
12,4,1.5,0.0,4,mkt_ma50,none,4,0.42784881499719835,0.2509167173044169,0.07075608490301222,-0.2819903179953116,-1.7873525384818645,3.5517241379310347
12,4,1.5,0.0,4,mkt_ma50,0.15,1,1.225527814685616,1.377019188389752,0.15985983887362365,-0.11609122096588886,-1.4631696365834903,5.055254626122213
12,4,1.5,0.0,4,mkt_ma50,0.15,2,1.0421165579462972,0.9861742833582515,0.1369056409057987,-0.13882499596277187,-1.6496932822072656,3.5346213205741854
12,4,1.5,0.0,4,mkt_ma50,0.15,4,0.3679023306482789,0.18350095909101607,0.0449406071314169,-0.24490666072827694,-1.7828225211438142,2.599600590422217
12,4,1.5,0.0,4,mkt_ma50,0.2,1,1.2188484196012244,1.5890576853803282,0.18893634145498184,-0.11889835290010975,-1.4631696365834903,6.149617592387483
12,4,1.5,0.0,4,mkt_ma50,0.2,2,1.0328881441152538,1.0856301639944566,0.16185779707638814,-0.14909110159656047,-1.6496932822072656,4.26805703886996
12,4,1.5,0.0,4,mkt_ma50,0.2,4,0.3737514112663211,0.20141142940878484,0.05495841036512861,-0.2728663935629242,-1.7828225211438136,3.1317384965644965
12,4,1.5,0.0,5,none,none,1,0.9715527340703056,0.7992912158751134,0.18885622390310974,-0.23627961893255423,-1.0386024019949174,9.613793103448277
12,4,1.5,0.0,5,none,none,2,1.0651908446124778,0.8786781833562722,0.2112033155984756,-0.24036481114364971,-0.7940698619494811,6.662068965517242
12,4,1.5,0.0,5,none,none,4,0.7045913432398533,0.4542411956273306,0.13763476355011584,-0.3029992983354033,-1.0249727572313834,4.565517241379311
12,4,1.5,0.0,5,none,0.15,1,0.9916844316659423,0.7207553531813187,0.15015284881080881,-0.208327067080465,-1.0925822474032576,7.381485103466348
12,4,1.5,0.0,5,none,0.15,2,1.0752620016963423,0.7840963069742518,0.16255263970932998,-0.2073120843236772,-0.7737407626570337,5.194519722532091
12,4,1.5,0.0,5,none,0.15,4,0.6858621873752753,0.374536407161132,0.10239524451091553,-0.27339196551555356,-1.0016208883446724,3.690832323998931
12,4,1.5,0.0,5,none,0.2,1,0.9507236700470189,0.721992357821428,0.17236089894841933,-0.23872953374258532,-1.0674734973153392,8.639151489869459
12,4,1.5,0.0,5,none,0.2,2,1.051880063946493,0.7922820456676412,0.19191535050492647,-0.2422310988294617,-0.7998312824277322,6.047247027023796
12,4,1.5,0.0,5,none,0.2,4,0.690865001842706,0.4091612390423488,0.12395070259661134,-0.30293852586506187,-1.0249727572313834,4.226128585440765
12,4,1.5,0.0,5,br30,none,1,0.6751623077586938,0.3946453976698916,0.11898837118374983,-0.3015070538926691,-3.059921484138868,9.310344827586206
12,4,1.5,0.0,5,br30,none,2,0.9420720872845298,0.6815278681676072,0.17698822917261348,-0.2596933118061241,-2.25955707386292,5.889655172413794
12,4,1.5,0.0,5,br30,none,4,0.6121295694681765,0.38303668786489503,0.11498737319652474,-0.300199372121459,-1.8451346399653181,3.862068965517241
12,4,1.5,0.0,5,br30,0.15,1,0.7062762309194299,0.3690816703618728,0.1012503924496726,-0.27433059016558536,-2.970423789023396,7.039155861338191
12,4,1.5,0.0,5,br30,0.15,2,0.9121981479381484,0.5626096582799632,0.13260597146794462,-0.23569800041000688,-2.238107751805879,4.5143067399741765
12,4,1.5,0.0,5,br30,0.15,4,0.6050350785957646,0.31946431019201593,0.08758391815518984,-0.27415869429216366,-1.7895672542424061,3.094335751190314
12,4,1.5,0.0,5,br30,0.2,1,0.6670635523234094,0.3681662704639484,0.11101402725098186,-0.30153231340580555,-3.0554884801610656,8.366132996700973
12,4,1.5,0.0,5,br30,0.2,2,0.9176210014474534,0.6054342809911387,0.1580792693454658,-0.26110062530102995,-2.269172111561855,5.318121443442643
12,4,1.5,0.0,5,br30,0.2,4,0.5999128383359064,0.3451504692842369,0.10359289425848561,-0.30013835552161805,-1.8451346399653181,3.5605752285092223
12,4,1.5,0.0,5,br40,none,1,0.9238804283065071,0.7514076762918858,0.1564391532519378,-0.2081947765345542,-2.0453646467456834,8.124137931034483
12,4,1.5,0.0,5,br40,none,2,0.9905069146276845,0.9241157338860665,0.17460472578799457,-0.1889424878134598,-1.369962867901951,5.50344827586207
12,4,1.5,0.0,5,br40,none,4,0.6490525967218935,0.43745625388213333,0.11467899348486843,-0.2621496263161599,-1.7013343420672984,3.6965517241379313
12,4,1.5,0.0,5,br40,0.15,1,0.9527426495674609,0.7239252980832107,0.1320804869249439,-0.18245043690925422,-1.9933103962271963,6.232862925469908
12,4,1.5,0.0,5,br40,0.15,2,1.0017652521557439,0.8638823612569311,0.14185528678258574,-0.1642067174241053,-1.3777320827152926,4.305938341995588
12,4,1.5,0.0,5,br40,0.15,4,0.6916777839616705,0.423974057109031,0.09913882768345972,-0.23383229709728381,-1.6581537018834254,2.9887012121794605
12,4,1.5,0.0,5,br40,0.2,1,0.9110090798282724,0.7078381533741593,0.14661608188907693,-0.2071322112126619,-2.0401828571857807,7.365763008001982
12,4,1.5,0.0,5,br40,0.2,2,0.9763490130842147,0.855939612534006,0.16102964945619136,-0.18813202134606632,-1.3657907987798756,5.049573174493277
12,4,1.5,0.0,5,br40,0.2,4,0.6360658033106301,0.4019295122778773,0.10533981363118006,-0.26208529210552844,-1.7013343420672984,3.4221526174660593
12,4,1.5,0.0,5,mkt_ma20,none,1,0.7191363305208763,0.5704464680793498,0.12052541686645601,-0.21128260688904954,-1.870854079899921,8.151724137931033
12,4,1.5,0.0,5,mkt_ma20,none,2,0.7351969943649497,0.5583255961498338,0.1277772679520881,-0.2288579797043685,-1.780216111855993,5.310344827586207
12,4,1.5,0.0,5,mkt_ma20,none,4,0.7688826660784004,0.5523524351673639,0.13324475217208565,-0.24123140170770174,-1.1628891870110902,3.4206896551724144
12,4,1.5,0.0,5,mkt_ma20,0.15,1,0.756917663856752,0.5500333151709397,0.1051960221573014,-0.19125391000108516,-1.821888118026282,6.339985716921673
12,4,1.5,0.0,5,mkt_ma20,0.15,2,0.722708398947244,0.47988853559914113,0.1007557843338438,-0.2099566396351814,-1.780216111855993,4.221328799221944
12,4,1.5,0.0,5,mkt_ma20,0.15,4,0.7383464818153666,0.45899544276779086,0.10190458162168858,-0.22201654336085175,-1.1628891870110902,2.7923172034399677
12,4,1.5,0.0,5,mkt_ma20,0.2,1,0.714237975031942,0.5436617686814887,0.11424872653156282,-0.210146699865697,-1.8655417189031902,7.4186859867402895
12,4,1.5,0.0,5,mkt_ma20,0.2,2,0.7251849809403228,0.5195172859475453,0.11841377335757852,-0.22793038183821768,-1.780216111855993,4.895464060215218
12,4,1.5,0.0,5,mkt_ma20,0.2,4,0.7380351648871359,0.4984224387859958,0.120200761799097,-0.24116242056009596,-1.1628891870110902,3.200337816644176
12,4,1.5,0.0,5,mkt_ma50,none,1,1.0547014897454916,1.4356419860362597,0.16497367075014302,-0.1149128211314212,-1.4537266631251458,6.358620689655171
12,4,1.5,0.0,5,mkt_ma50,none,2,0.9301763846400134,0.9136409801745426,0.15157824850095225,-0.1659057023383459,-1.7992844895841202,4.510344827586207
12,4,1.5,0.0,5,mkt_ma50,none,4,0.3398058783107387,0.18038736988632556,0.05247792972641285,-0.2909179825587722,-1.864946668102163,3.158620689655172
12,4,1.5,0.0,5,mkt_ma50,0.15,1,1.0278958415680282,1.2375584546851321,0.12920240468177369,-0.10440105208173478,-1.4581335041613024,4.648846215021176
12,4,1.5,0.0,5,mkt_ma50,0.15,2,0.8852922942656378,0.7977822164802069,0.11436363481241507,-0.1433519480002754,-1.8027572649412673,3.367419866214134
12,4,1.5,0.0,5,mkt_ma50,0.15,4,0.23346977993704499,0.10578032231014092,0.02845525300282503,-0.2690032737789937,-1.864946668102163,2.4665236375588084
12,4,1.5,0.0,5,mkt_ma50,0.2,1,1.0184742514139256,1.3724645464976057,0.14991800547799627,-0.10923269811272884,-1.4569138029545856,5.610456272561648
12,4,1.5,0.0,5,mkt_ma50,0.2,2,0.8738767821306402,0.7969457927060084,0.13284588201200065,-0.16669374909543844,-1.8021859642078715,4.061446971999574
12,4,1.5,0.0,5,mkt_ma50,0.2,4,0.2630208507931903,0.12996389082950965,0.037800797796649244,-0.29085615670153653,-1.864946668102163,2.8934712264205102
12,4,1.5,0.3,3,none,none,1,1.1289917311303346,1.0780363824698707,0.25863539170069827,-0.2399134165659077,-0.8095757193539566,12.25287356321839
12,4,1.5,0.3,3,none,none,2,1.189222333699362,1.2062816346496381,0.26343700430906236,-0.21838764409737288,-0.1851200083599215,8.022988505747126
12,4,1.5,0.3,3,none,none,4,0.5036116144023727,0.34088958885430326,0.11247381107018306,-0.32994205381336694,-0.9251387401007647,5.448275862068965
12,4,1.5,0.3,3,none,0.15,1,1.1875783613218558,1.0326559108754068,0.18589824788241094,-0.18001954564402833,-0.7890925518050633,8.358926224311524
12,4,1.5,0.3,3,none,0.15,2,1.2558402075885646,1.2264870549279554,0.1946297834451851,-0.15868881996199935,-0.13827439055546953,5.752839184589192
12,4,1.5,0.3,3,none,0.15,4,0.6124533011406309,0.38699119512860364,0.09427664852806017,-0.24361445354520395,-0.8623796758109907,4.0403878096963455
12,4,1.5,0.3,3,none,0.2,1,1.1353481345326797,1.0069612254894478,0.21964015423986738,-0.2181217594879169,-0.7797288696651041,10.204619096270093
12,4,1.5,0.3,3,none,0.2,2,1.1954793520337068,1.1404830356716624,0.22779969670961453,-0.1997396625680249,-0.1491865554526062,6.8815846296140775
12,4,1.5,0.3,3,none,0.2,4,0.5409859972381578,0.3363455734921837,0.1026672091061791,-0.30524322957550376,-0.906961536977948,4.804783541774695
12,4,1.5,0.3,3,br30,none,1,0.8561612153861411,0.5575772394484722,0.1813774978222289,-0.3252957348144959,-2.6603221290159413,10.873563218390803
12,4,1.5,0.3,3,br30,none,2,1.0119840003652385,0.7708912031651666,0.21292395015343968,-0.2762049291510982,-1.7556654254112383,6.873563218390803
12,4,1.5,0.3,3,br30,none,4,0.45497199226757185,0.2841805553428181,0.09720804842169906,-0.34206439038178804,-1.7291474236489024,4.459770114942528
12,4,1.5,0.3,3,br30,0.15,1,0.898477136720612,0.5096877848445925,0.1373547672490043,-0.2694880500047392,-2.426998059339937,7.517690354102203
12,4,1.5,0.3,3,br30,0.15,2,1.0085514502356177,0.6731148118041205,0.15421800182024348,-0.22911099134321478,-1.7235906906233003,4.918551837534142
12,4,1.5,0.3,3,br30,0.15,4,0.552194545930038,0.30579771530165345,0.08397903953971841,-0.2746228481690175,-1.6239707009467843,3.291878988204793
12,4,1.5,0.3,3,br30,0.2,1,0.8690822189854724,0.5266709584468656,0.15680849056492807,-0.2977352140838577,-2.5589128404036834,8.95103844476054
12,4,1.5,0.3,3,br30,0.2,2,0.9843648388792275,0.6876329965931612,0.17735315561055431,-0.25791833214700355,-1.7566451725436685,5.771946640225568
12,4,1.5,0.3,3,br30,0.2,4,0.491626848847831,0.28328866574056527,0.08967356738715404,-0.31654484711815745,-1.7112264548586624,3.8736585524766345
12,4,1.5,0.3,3,br40,none,1,1.0321205306497638,0.7860873050948269,0.21008049975371157,-0.26724830485383455,-1.7081861730420937,9.54022988505747
12,4,1.5,0.3,3,br40,none,2,1.0078067829041761,0.8960013771768675,0.19936199241276764,-0.22250188168339646,-0.8409923112982823,6.413793103448276
12,4,1.5,0.3,3,br40,none,4,0.5458965957042664,0.37447379063709324,0.1092988085395874,-0.29187305299427513,-1.2766914043009878,4.275862068965518
12,4,1.5,0.3,3,br40,0.15,1,1.0913849869454681,0.8115660702655275,0.16380397387328172,-0.20183689273713534,-1.5514544630619826,6.701766090986434
12,4,1.5,0.3,3,br40,0.15,2,1.059516888558716,0.9133811041243117,0.1550926188980437,-0.16980055553780704,-0.8694428124847579,4.619282025391285
12,4,1.5,0.3,3,br40,0.15,4,0.6727519643542044,0.44122681315332946,0.09937593827641455,-0.22522642621422173,-1.163527845689006,3.1963423672460496
12,4,1.5,0.3,3,br40,0.2,1,1.0493075337402729,0.7870067110975806,0.18344077614944898,-0.23308667329357025,-1.641302643581064,7.924878034117092
12,4,1.5,0.3,3,br40,0.2,2,0.9997041441631104,0.8483857000166724,0.17098094850641954,-0.20153681103189203,-0.8632070446371684,5.434043900799093
12,4,1.5,0.3,3,br40,0.2,4,0.554501339934796,0.35855723857204114,0.09586699151746658,-0.2673687244448282,-1.2726076538483653,3.758339536202965
12,4,1.5,0.3,3,mkt_ma20,none,1,0.853173689080433,0.6554288517406587,0.17205080139111817,-0.2625011104320375,-1.6205786641199706,9.310344827586206
12,4,1.5,0.3,3,mkt_ma20,none,2,0.7443592250116414,0.5213736120310711,0.14463942478381497,-0.27741991816646683,-1.4338459294762997,6.183908045977011
12,4,1.5,0.3,3,mkt_ma20,none,4,0.6177272251512176,0.4184004290296692,0.12065416442871224,-0.2883700781773255,-1.1683773568626987,4.045977011494252
12,4,1.5,0.3,3,mkt_ma20,0.15,1,0.9048426915466864,0.6465800170918028,0.1357486545253852,-0.2099487316913342,-1.535242043072647,6.649742924060579
12,4,1.5,0.3,3,mkt_ma20,0.15,2,0.7736803043389681,0.4924076677795699,0.11221790929233033,-0.2278963481587487,-1.4338459294762997,4.567417112729743
12,4,1.5,0.3,3,mkt_ma20,0.15,4,0.6883355778347136,0.42309423680041147,0.09821637609926226,-0.23213829817680642,-1.1600639784099698,3.0464199706763324
12,4,1.5,0.3,3,mkt_ma20,0.2,1,0.8712193736229867,0.650535329736571,0.15193542453495512,-0.23355445521533802,-1.5743543088130854,7.806363059600952
12,4,1.5,0.3,3,mkt_ma20,0.2,2,0.7448485758261507,0.49129600589487327,0.12574425713689186,-0.25594398413203956,-1.4338459294762997,5.300202959464901
12,4,1.5,0.3,3,mkt_ma20,0.2,4,0.6500033233860304,0.41304392166691567,0.10946152379594132,-0.26501182575012594,-1.1683773568626987,3.5617055329367697
12,4,1.5,0.3,3,mkt_ma50,none,1,1.1812633923435967,1.390303246921098,0.22499685179920514,-0.16183293270548915,-1.4444611899826434,7.885057471264368
12,4,1.5,0.3,3,mkt_ma50,none,2,1.0500462782912923,1.1431206461921113,0.198308561709712,-0.1734799930088784,-1.4720946087619209,5.310344827586207
12,4,1.5,0.3,3,mkt_ma50,none,4,0.34149931673760914,0.22499846932787507,0.06272523726455814,-0.278780728828661,-1.4720946087619209,3.655172413793103
12,4,1.5,0.3,3,mkt_ma50,0.15,1,1.2143077938178808,1.6654533076509523,0.1641366211796731,-0.0985537213355927,-1.4529845390762046,5.080930186259924
12,4,1.5,0.3,3,mkt_ma50,0.15,2,1.0711121359315128,1.3971148177349688,0.14601378441594903,-0.10451094109263659,-1.4717747106515966,3.5888814603937162
12,4,1.5,0.3,3,mkt_ma50,0.15,4,0.35588592817557735,0.20560236531517925,0.04582372071437546,-0.2228754549789821,-1.4719594817809238,2.5697292709441495
12,4,1.5,0.3,3,mkt_ma50,0.2,1,1.170749555533116,1.4347781452208894,0.18715945455996463,-0.13044487413149908,-1.4529845390762053,6.235389706120502
12,4,1.5,0.3,3,mkt_ma50,0.2,2,1.0260601983235156,1.195126597058908,0.1646307111570835,-0.13775169221589068,-1.4717747106515962,4.345697107032085
12,4,1.5,0.3,3,mkt_ma50,0.2,4,0.320935909880929,0.1934764332158883,0.04900888420714988,-0.2533067381517413,-1.4719594817809243,3.0891409436343453
12,4,1.5,0.3,4,none,none,1,1.2291822049526466,1.357523601874825,0.2569496493978016,-0.18927821884123275,-0.529396140173288,10.89655172413793
12,4,1.5,0.3,4,none,none,2,1.2282143647568455,1.2992544008933102,0.2587911382003121,-0.19918434605445912,-0.4343899808135309,7.310344827586206
12,4,1.5,0.3,4,none,none,4,0.6990567053442048,0.5013940034858281,0.14531153358022308,-0.2898150607505826,-0.8962545932100251,5.241379310344828
12,4,1.5,0.3,4,none,0.15,1,1.3056119032334417,1.3243736534724455,0.20095432922942846,-0.15173537219087352,-0.5323074085562393,7.950096123032093
12,4,1.5,0.3,4,none,0.15,2,1.310445867132745,1.3767170444273196,0.1992523077446149,-0.1447300362490238,-0.34519540788016084,5.4374472552595465
12,4,1.5,0.3,4,none,0.15,4,0.7608864857239117,0.49358050908090817,0.11408392481432306,-0.23113539273817296,-0.8382787760677858,3.993891359099319
12,4,1.5,0.3,4,none,0.2,1,1.2539420887949972,1.2990380441069769,0.23448757679108723,-0.18050862933139544,-0.5287357826977767,9.4240994283828
12,4,1.5,0.3,4,none,0.2,2,1.2627236679740403,1.2932032877524666,0.23645715593436223,-0.18284608319030404,-0.3894437873738802,6.400362943297039
12,4,1.5,0.3,4,none,0.2,4,0.712853528292208,0.46923277925215284,0.13177011857330756,-0.2808203612358844,-0.8927577351591991,4.703870839358196
12,4,1.5,0.3,4,br30,none,1,0.8893940768297517,0.5738236478781776,0.1697171410562237,-0.29576533083602463,-2.771382434876452,10.310344827586206
12,4,1.5,0.3,4,br30,none,2,1.0563060774342536,0.8161603542526488,0.21120483473026308,-0.2587786010797616,-1.9510044068762633,6.517241379310344
12,4,1.5,0.3,4,br30,none,4,0.6848608043757457,0.48119431638937554,0.13614138496632577,-0.2829239255938387,-1.4488737072122468,4.344827586206897
12,4,1.5,0.3,4,br30,0.15,1,0.9421167163773572,0.5496101494512329,0.13926713067929364,-0.25339257438813156,-2.6025435217759045,7.537300270492693
12,4,1.5,0.3,4,br30,0.15,2,1.060581941125118,0.7380591438370505,0.15839807128786165,-0.2146143335673285,-1.8441721273150455,4.836891459809866
12,4,1.5,0.3,4,br30,0.15,4,0.734858784645621,0.4502340238615058,0.10761109482557907,-0.23901146764217174,-1.3624297887270505,3.3031208558411054
12,4,1.5,0.3,4,br30,0.2,1,0.912030856065917,0.5646163614064664,0.15799780009901299,-0.27983213186638534,-2.7156002876996146,8.933563137525203
12,4,1.5,0.3,4,br30,0.2,2,1.0631882708986022,0.7803400465407518,0.18842928772111622,-0.24147073901489924,-1.9238509239403698,5.666571806708425
12,4,1.5,0.3,4,br30,0.2,4,0.6982436565702538,0.45088786549323095,0.12347201134466479,-0.273841947841283,-1.444570205551558,3.8770966210079054
12,4,1.5,0.3,4,br40,none,1,1.1446843848309922,0.9758017543302112,0.21112042953690735,-0.21635586183365707,-1.6991624791208302,8.827586206896552
12,4,1.5,0.3,4,br40,none,2,1.0844449514997312,1.0692370664199475,0.20340124121380443,-0.19023025632177037,-0.9899876211683722,6.0
12,4,1.5,0.3,4,br40,none,4,0.7485753704922388,0.5688758098888583,0.14003248437926108,-0.24615651069188427,-1.1447391562228193,4.1034482758620685
12,4,1.5,0.3,4,br40,0.15,1,1.184111263226838,0.9832509286470372,0.1705301258505727,-0.17343500105840104,-1.5816258470546312,6.567742116417785
12,4,1.5,0.3,4,br40,0.15,2,1.128059566067645,1.123619257810325,0.16311122691202895,-0.14516592322375743,-0.9436870924150166,4.501514677240852
12,4,1.5,0.3,4,br40,0.15,4,0.8383286524024949,0.6092766104568452,0.12161012914001756,-0.19959756710311327,-1.0565101429296067,3.1568292663747894
12,4,1.5,0.3,4,br40,0.2,1,1.1572549327428865,0.9823629543822693,0.19567981226580033,-0.1991929880833586,-1.6595949870377946,7.736572019108238
12,4,1.5,0.3,4,br40,0.2,2,1.1046392508451681,1.090879133467259,0.18751571529056799,-0.17189412606561327,-0.9818284870730667,5.277117724997748
12,4,1.5,0.3,4,br40,0.2,4,0.760400376577676,0.5489707646441149,0.12902363871705025,-0.23502825109583625,-1.1436296402066772,3.6860604967094535
12,4,1.5,0.3,4,mkt_ma20,none,1,0.9190263211514675,0.7691203268271715,0.16696844263556843,-0.21709014417075445,-1.552239045683782,8.793103448275863
12,4,1.5,0.3,4,mkt_ma20,none,2,0.8379379091495067,0.6670482017718622,0.15451285366343592,-0.2316367141879816,-1.37680628836689,5.827586206896552
12,4,1.5,0.3,4,mkt_ma20,none,4,0.8172885280224367,0.6366542027815724,0.14989930299149368,-0.23544854072521082,-0.8683689896003297,3.8965517241379306
12,4,1.5,0.3,4,mkt_ma20,0.15,1,0.9717114349476268,0.7720208604615395,0.14001804265886042,-0.18136562083976981,-1.492892953341756,6.654241946785364
12,4,1.5,0.3,4,mkt_ma20,0.15,2,0.8480508156676293,0.6245979529943587,0.12144549864404297,-0.19443787489508446,-1.37680628836689,4.473407040982838
12,4,1.5,0.3,4,mkt_ma20,0.15,4,0.842288774617418,0.5924580174503145,0.11775117797593171,-0.19875024813181252,-0.869515033316094,3.0238589944193395
12,4,1.5,0.3,4,mkt_ma20,0.2,1,0.9440927222234897,0.7885073888275714,0.15888963660356525,-0.20150684553484988,-1.52530491562356,7.7656033820323085
12,4,1.5,0.3,4,mkt_ma20,0.2,2,0.8525443334058922,0.6665456922411648,0.14328306183070993,-0.21496360039315698,-1.37680628836689,5.172121587405845
12,4,1.5,0.3,4,mkt_ma20,0.2,4,0.8185917430959784,0.6085675777891297,0.1365797554590178,-0.22442824830596386,-0.8683689896003297,3.530494471447098
12,4,1.5,0.3,4,mkt_ma50,none,1,1.242096585790289,1.7211340158431856,0.21240937347452005,-0.12341245453246152,-1.4659481936227456,7.241379310344827
12,4,1.5,0.3,4,mkt_ma50,none,2,1.0501090205741719,1.109748656293211,0.1834401010270743,-0.16529878183389923,-1.6555317915957128,4.96551724137931
12,4,1.5,0.3,4,mkt_ma50,none,4,0.42784881499719835,0.2509167173044169,0.07075608490301222,-0.2819903179953116,-1.7873525384818645,3.5517241379310347
12,4,1.5,0.3,4,mkt_ma50,0.15,1,1.225527814685616,1.377019188389752,0.15985983887362365,-0.11609122096588886,-1.4631696365834903,5.055254626122213
12,4,1.5,0.3,4,mkt_ma50,0.15,2,1.0421165579462972,0.9861742833582515,0.1369056409057987,-0.13882499596277187,-1.6496932822072656,3.5346213205741854
12,4,1.5,0.3,4,mkt_ma50,0.15,4,0.3679023306482789,0.18350095909101607,0.0449406071314169,-0.24490666072827694,-1.7828225211438142,2.599600590422217
12,4,1.5,0.3,4,mkt_ma50,0.2,1,1.2188484196012244,1.5890576853803282,0.18893634145498184,-0.11889835290010975,-1.4631696365834903,6.149617592387483
12,4,1.5,0.3,4,mkt_ma50,0.2,2,1.0328881441152538,1.0856301639944566,0.16185779707638814,-0.14909110159656047,-1.6496932822072656,4.26805703886996
12,4,1.5,0.3,4,mkt_ma50,0.2,4,0.3737514112663211,0.20141142940878484,0.05495841036512861,-0.2728663935629242,-1.7828225211438136,3.1317384965644965
12,4,1.5,0.3,5,none,none,1,0.9715527340703056,0.7992912158751134,0.18885622390310974,-0.23627961893255423,-1.0386024019949174,9.613793103448277
12,4,1.5,0.3,5,none,none,2,1.0651908446124778,0.8786781833562722,0.2112033155984756,-0.24036481114364971,-0.7940698619494811,6.662068965517242
12,4,1.5,0.3,5,none,none,4,0.7045913432398533,0.4542411956273306,0.13763476355011584,-0.3029992983354033,-1.0249727572313834,4.565517241379311
12,4,1.5,0.3,5,none,0.15,1,0.9916844316659423,0.7207553531813187,0.15015284881080881,-0.208327067080465,-1.0925822474032576,7.381485103466348
12,4,1.5,0.3,5,none,0.15,2,1.0752620016963423,0.7840963069742518,0.16255263970932998,-0.2073120843236772,-0.7737407626570337,5.194519722532091
12,4,1.5,0.3,5,none,0.15,4,0.6858621873752753,0.374536407161132,0.10239524451091553,-0.27339196551555356,-1.0016208883446724,3.690832323998931
12,4,1.5,0.3,5,none,0.2,1,0.9507236700470189,0.721992357821428,0.17236089894841933,-0.23872953374258532,-1.0674734973153392,8.639151489869459
12,4,1.5,0.3,5,none,0.2,2,1.051880063946493,0.7922820456676412,0.19191535050492647,-0.2422310988294617,-0.7998312824277322,6.047247027023796
12,4,1.5,0.3,5,none,0.2,4,0.690865001842706,0.4091612390423488,0.12395070259661134,-0.30293852586506187,-1.0249727572313834,4.226128585440765
12,4,1.5,0.3,5,br30,none,1,0.6751623077586938,0.3946453976698916,0.11898837118374983,-0.3015070538926691,-3.059921484138868,9.310344827586206
12,4,1.5,0.3,5,br30,none,2,0.9420720872845298,0.6815278681676072,0.17698822917261348,-0.2596933118061241,-2.25955707386292,5.889655172413794
12,4,1.5,0.3,5,br30,none,4,0.6121295694681765,0.38303668786489503,0.11498737319652474,-0.300199372121459,-1.8451346399653181,3.862068965517241
12,4,1.5,0.3,5,br30,0.15,1,0.7062762309194299,0.3690816703618728,0.1012503924496726,-0.27433059016558536,-2.970423789023396,7.039155861338191
12,4,1.5,0.3,5,br30,0.15,2,0.9121981479381484,0.5626096582799632,0.13260597146794462,-0.23569800041000688,-2.238107751805879,4.5143067399741765
12,4,1.5,0.3,5,br30,0.15,4,0.6050350785957646,0.31946431019201593,0.08758391815518984,-0.27415869429216366,-1.7895672542424061,3.094335751190314
12,4,1.5,0.3,5,br30,0.2,1,0.6670635523234094,0.3681662704639484,0.11101402725098186,-0.30153231340580555,-3.0554884801610656,8.366132996700973
12,4,1.5,0.3,5,br30,0.2,2,0.9176210014474534,0.6054342809911387,0.1580792693454658,-0.26110062530102995,-2.269172111561855,5.318121443442643
12,4,1.5,0.3,5,br30,0.2,4,0.5999128383359064,0.3451504692842369,0.10359289425848561,-0.30013835552161805,-1.8451346399653181,3.5605752285092223
12,4,1.5,0.3,5,br40,none,1,0.9238804283065071,0.7514076762918858,0.1564391532519378,-0.2081947765345542,-2.0453646467456834,8.124137931034483
12,4,1.5,0.3,5,br40,none,2,0.9905069146276845,0.9241157338860665,0.17460472578799457,-0.1889424878134598,-1.369962867901951,5.50344827586207
12,4,1.5,0.3,5,br40,none,4,0.6490525967218935,0.43745625388213333,0.11467899348486843,-0.2621496263161599,-1.7013343420672984,3.6965517241379313
12,4,1.5,0.3,5,br40,0.15,1,0.9527426495674609,0.7239252980832107,0.1320804869249439,-0.18245043690925422,-1.9933103962271963,6.232862925469908
12,4,1.5,0.3,5,br40,0.15,2,1.0017652521557439,0.8638823612569311,0.14185528678258574,-0.1642067174241053,-1.3777320827152926,4.305938341995588
12,4,1.5,0.3,5,br40,0.15,4,0.6916777839616705,0.423974057109031,0.09913882768345972,-0.23383229709728381,-1.6581537018834254,2.9887012121794605
12,4,1.5,0.3,5,br40,0.2,1,0.9110090798282724,0.7078381533741593,0.14661608188907693,-0.2071322112126619,-2.0401828571857807,7.365763008001982
12,4,1.5,0.3,5,br40,0.2,2,0.9763490130842147,0.855939612534006,0.16102964945619136,-0.18813202134606632,-1.3657907987798756,5.049573174493277
12,4,1.5,0.3,5,br40,0.2,4,0.6360658033106301,0.4019295122778773,0.10533981363118006,-0.26208529210552844,-1.7013343420672984,3.4221526174660593
12,4,1.5,0.3,5,mkt_ma20,none,1,0.7191363305208763,0.5704464680793498,0.12052541686645601,-0.21128260688904954,-1.870854079899921,8.151724137931033
12,4,1.5,0.3,5,mkt_ma20,none,2,0.7351969943649497,0.5583255961498338,0.1277772679520881,-0.2288579797043685,-1.780216111855993,5.310344827586207
12,4,1.5,0.3,5,mkt_ma20,none,4,0.7688826660784004,0.5523524351673639,0.13324475217208565,-0.24123140170770174,-1.1628891870110902,3.4206896551724144
12,4,1.5,0.3,5,mkt_ma20,0.15,1,0.756917663856752,0.5500333151709397,0.1051960221573014,-0.19125391000108516,-1.821888118026282,6.339985716921673
12,4,1.5,0.3,5,mkt_ma20,0.15,2,0.722708398947244,0.47988853559914113,0.1007557843338438,-0.2099566396351814,-1.780216111855993,4.221328799221944
12,4,1.5,0.3,5,mkt_ma20,0.15,4,0.7383464818153666,0.45899544276779086,0.10190458162168858,-0.22201654336085175,-1.1628891870110902,2.7923172034399677
12,4,1.5,0.3,5,mkt_ma20,0.2,1,0.714237975031942,0.5436617686814887,0.11424872653156282,-0.210146699865697,-1.8655417189031902,7.4186859867402895
12,4,1.5,0.3,5,mkt_ma20,0.2,2,0.7251849809403228,0.5195172859475453,0.11841377335757852,-0.22793038183821768,-1.780216111855993,4.895464060215218
12,4,1.5,0.3,5,mkt_ma20,0.2,4,0.7380351648871359,0.4984224387859958,0.120200761799097,-0.24116242056009596,-1.1628891870110902,3.200337816644176
12,4,1.5,0.3,5,mkt_ma50,none,1,1.0547014897454916,1.4356419860362597,0.16497367075014302,-0.1149128211314212,-1.4537266631251458,6.358620689655171
12,4,1.5,0.3,5,mkt_ma50,none,2,0.9301763846400134,0.9136409801745426,0.15157824850095225,-0.1659057023383459,-1.7992844895841202,4.510344827586207
12,4,1.5,0.3,5,mkt_ma50,none,4,0.3398058783107387,0.18038736988632556,0.05247792972641285,-0.2909179825587722,-1.864946668102163,3.158620689655172
12,4,1.5,0.3,5,mkt_ma50,0.15,1,1.0278958415680282,1.2375584546851321,0.12920240468177369,-0.10440105208173478,-1.4581335041613024,4.648846215021176
12,4,1.5,0.3,5,mkt_ma50,0.15,2,0.8852922942656378,0.7977822164802069,0.11436363481241507,-0.1433519480002754,-1.8027572649412673,3.367419866214134
12,4,1.5,0.3,5,mkt_ma50,0.15,4,0.23346977993704499,0.10578032231014092,0.02845525300282503,-0.2690032737789937,-1.864946668102163,2.4665236375588084
12,4,1.5,0.3,5,mkt_ma50,0.2,1,1.0184742514139256,1.3724645464976057,0.14991800547799627,-0.10923269811272884,-1.4569138029545856,5.610456272561648
12,4,1.5,0.3,5,mkt_ma50,0.2,2,0.8738767821306402,0.7969457927060084,0.13284588201200065,-0.16669374909543844,-1.8021859642078715,4.061446971999574
12,4,1.5,0.3,5,mkt_ma50,0.2,4,0.2630208507931903,0.12996389082950965,0.037800797796649244,-0.29085615670153653,-1.864946668102163,2.8934712264205102
12,8,0.5,0.0,3,none,none,1,0.8044866833481682,0.6312432642979702,0.19617234005093098,-0.3107713795078697,-0.8838635431344565,12.57471264367816
12,8,0.5,0.0,3,none,none,2,0.9061079276491906,0.814838555811506,0.21736497231387553,-0.2667583299337125,-0.7134616392378915,8.298850574712644
12,8,0.5,0.0,3,none,none,4,0.3798882176327784,0.26380221954464245,0.08865058739235021,-0.33604943713276125,-0.9696889088020061,5.770114942528736
12,8,0.5,0.0,3,none,0.15,1,0.9443768364931713,0.7602561049340621,0.14845049544518707,-0.19526379924047088,-0.8132915184553087,7.978826587671975
12,8,0.5,0.0,3,none,0.15,2,1.0119098714029373,0.9182821760087261,0.15740998444060872,-0.17141788063967922,-0.6564303252022515,5.537791551325119
12,8,0.5,0.0,3,none,0.15,4,0.48523324302706994,0.3235143143170796,0.07455494449577826,-0.2304533097806183,-0.9174100608834667,4.080609986661099
12,8,0.5,0.0,3,none,0.2,1,0.8513835309128225,0.6749971835782699,0.16771234903632326,-0.24846377602237213,-0.7987046730388921,9.833448809269784
12,8,0.5,0.0,3,none,0.2,2,0.9309998264877308,0.8172993939090197,0.18224509722853965,-0.22298450064533737,-0.65575442287877,6.696316525220394
12,8,0.5,0.0,3,none,0.2,4,0.4039844722556171,0.2630125903375667,0.07709918704950613,-0.29313876932869354,-0.9452939060061434,4.928686737100437
12,8,0.5,0.0,3,br30,none,1,0.6138380074428114,0.3324167355645005,0.13845845412726088,-0.4165207082373116,-2.8190591286520537,11.47126436781609
12,8,0.5,0.0,3,br30,none,2,0.8937296671835759,0.6902184919019919,0.20357017460038906,-0.29493584566160125,-1.7409381465883293,7.057471264367815
12,8,0.5,0.0,3,br30,none,4,0.3666440713868084,0.22611973863435536,0.0820388943890411,-0.36281173366161223,-1.7401304195289122,4.781609195402298
12,8,0.5,0.0,3,br30,0.15,1,0.6870873086000343,0.3312194239951095,0.10532860895018281,-0.31800251229148324,-2.521074672394843,7.478143477605449
12,8,0.5,0.0,3,br30,0.15,2,0.9226764346444268,0.6301298988033673,0.1430311352630418,-0.2269867459624778,-1.6376149703692118,4.875573332457642
12,8,0.5,0.0,3,br30,0.15,4,0.4423158159841901,0.2400276066060239,0.0676632686893992,-0.2818978601926412,-1.634662831758057,3.3871458370136462
12,8,0.5,0.0,3,br30,0.2,1,0.6490205672274137,0.3349095192529159,0.11873259671718794,-0.3545214151632514,-2.6643753385725133,8.91718826398831
12,8,0.5,0.0,3,br30,0.2,2,0.8922171155287714,0.6509777538991566,0.16502997047709744,-0.2535109218227791,-1.6953402938928133,5.67103785592749
12,8,0.5,0.0,3,br30,0.2,4,0.40543183721207604,0.23275801464048085,0.07452254788174884,-0.32017178010757963,-1.6846057481626904,4.009800297288395
12,8,0.5,0.0,3,br40,none,1,0.9281429409335793,0.618099418201963,0.19965342905510197,-0.3230118378624093,-1.9133147896431306,9.724137931034482
12,8,0.5,0.0,3,br40,none,2,0.9470144011254378,0.7980135962480471,0.20278915306975476,-0.2541174160730987,-1.1516164078573379,6.5057471264367805
12,8,0.5,0.0,3,br40,none,4,0.42281668425351293,0.27565287497693325,0.08954445665620381,-0.3248449945014973,-1.5448122288510353,4.459770114942528
12,8,0.5,0.0,3,br40,0.15,1,1.0263170815600702,0.6913092183295088,0.15354325408907288,-0.22210502915048258,-1.7283322501426999,6.46479114242869
12,8,0.5,0.0,3,br40,0.15,2,1.0098354993534508,0.8276769038254528,0.14946265391343183,-0.18058091656614805,-1.1822010467444415,4.530420968468384
12,8,0.5,0.0,3,br40,0.15,4,0.5597751274090781,0.34306789573638286,0.08353342382094464,-0.24348948082607136,-1.414184551516852,3.2531009419046057
12,8,0.5,0.0,3,br40,0.2,1,0.9785427251207318,0.670753337701154,0.17206355836719145,-0.2565228507947467,-1.812093870575094,7.635199938595706
12,8,0.5,0.0,3,br40,0.2,2,0.9513067135834005,0.7994987788517375,0.16624479084339816,-0.20793626612183647,-1.1810888488561302,5.267842699608413
12,8,0.5,0.0,3,br40,0.2,4,0.44758551917466805,0.2770575019859121,0.0781330788808865,-0.28201033475303416,-1.4975006574087348,3.793330948002132
12,8,0.5,0.0,3,mkt_ma20,none,1,0.6997473695552514,0.41960119732230344,0.14892911456904478,-0.3549301468142608,-1.8434814404447344,9.448275862068963
12,8,0.5,0.0,3,mkt_ma20,none,2,0.7499779964028469,0.5547034977757301,0.15894936778462943,-0.28654834235224813,-1.3594985396989565,6.32183908045977
12,8,0.5,0.0,3,mkt_ma20,none,4,0.5055846617232582,0.33719039881906254,0.10522259921897925,-0.3120569256642507,-1.200600728322145,4.091954022988506
12,8,0.5,0.0,3,mkt_ma20,0.15,1,0.763118661614238,0.4404640113075545,0.11563807801060233,-0.26253694976649955,-1.7278662505428761,6.432760225237834
12,8,0.5,0.0,3,mkt_ma20,0.15,2,0.7545471204032913,0.5077259291518271,0.11143970275430215,-0.21948790943268515,-1.3511300680815337,4.504441835263798
12,8,0.5,0.0,3,mkt_ma20,0.15,4,0.5660234622898759,0.33028297912391863,0.0819991750775988,-0.24826945456015637,-1.2244287713143756,2.9789708098685668
12,8,0.5,0.0,3,mkt_ma20,0.2,1,0.7274807334470469,0.44112808204116655,0.12914535709788377,-0.29276158638622285,-1.7715171716093234,7.525475677518751
12,8,0.5,0.0,3,mkt_ma20,0.2,2,0.7305500334361923,0.5244498919342663,0.12769695706902295,-0.24348743136937911,-1.3594985396989565,5.191521530167114
12,8,0.5,0.0,3,mkt_ma20,0.2,4,0.5494555021484743,0.3365081892863655,0.09437663573581245,-0.2804586596717228,-1.200600728322145,3.4808925982597057
12,8,0.5,0.0,3,mkt_ma50,none,1,1.0244582818731833,1.0938175612980054,0.20729685787704644,-0.1895168492550554,-1.4082563950891394,8.206896551724137
12,8,0.5,0.0,3,mkt_ma50,none,2,0.9320366288026235,0.9197961059806813,0.19103919521567891,-0.20769732984680778,-1.4720946087619209,5.494252873563218
12,8,0.5,0.0,3,mkt_ma50,none,4,0.25936530288137266,0.17178552899153882,0.05075062024029697,-0.2954301246340526,-1.5152689129201118,3.793103448275862
12,8,0.5,0.0,3,mkt_ma50,0.15,1,1.1035606790282595,1.3586524438580208,0.14953703961424325,-0.1100627612972298,-1.4172288810597242,5.009934181737331
12,8,0.5,0.0,3,mkt_ma50,0.15,2,0.9600311029199137,1.1155827262053648,0.1319939257586633,-0.11831836640895144,-1.470571855583129,3.4909841383769504
12,8,0.5,0.0,3,mkt_ma50,0.15,4,0.2867327830763503,0.16422261888787806,0.037193916395170445,-0.2264847354587881,-1.5152689129201118,2.5524167130691953
12,8,0.5,0.0,3,mkt_ma50,0.2,1,1.0527529962123277,1.1686181563633946,0.16963328104436481,-0.1451571500243023,-1.4172288810597244,6.072443834289238
12,8,0.5,0.0,3,mkt_ma50,0.2,2,0.9099898380486153,0.9561638049290159,0.1490361569187031,-0.15586885442684928,-1.4705718555831295,4.212624685343035
12,8,0.5,0.0,3,mkt_ma50,0.2,4,0.2503641501753694,0.15165837542133728,0.03855528124291974,-0.25422454339106204,-1.5152689129201118,3.0507318626363227
12,8,0.5,0.0,4,none,none,1,0.7619954094227614,0.6661816711492813,0.16782351505948823,-0.25191854163439076,-0.9620542262029739,11.413793103448276
12,8,0.5,0.0,4,none,none,2,0.9345713643749913,1.0023408327511378,0.20165007859111928,-0.20117915184363755,-0.60958880616978,7.689655172413794
12,8,0.5,0.0,4,none,none,4,0.4591919814822424,0.32537408808702395,0.0998019651034543,-0.30672991107012015,-1.0561173439408134,5.379310344827586
12,8,0.5,0.0,4,none,0.15,1,0.8509367263422216,0.7095568521832153,0.13109797222830633,-0.1847603498224768,-0.9631007658827658,7.904525733071285
12,8,0.5,0.0,4,none,0.15,2,0.9906655864175623,0.9597876867903619,0.15210222711442345,-0.1584748681482573,-0.5260820766275438,5.571804539708663
12,8,0.5,0.0,4,none,0.15,4,0.5290381819617663,0.3492545366604804,0.08042749825106488,-0.23028333152118963,-0.9659452029104241,4.057881459649852
12,8,0.5,0.0,4,none,0.2,1,0.7758726533667974,0.6501785183089385,0.14934497066326657,-0.22969840814135278,-0.9297649263280057,9.570078755849826
12,8,0.5,0.0,4,none,0.2,2,0.9259999015068615,0.9101688356896255,0.1760117789983402,-0.1933836581703854,-0.6014197208461461,6.591730627429124
12,8,0.5,0.0,4,none,0.2,4,0.4646908020640036,0.3036352957841836,0.0880784115585429,-0.29007962111607355,-1.0450374271559917,4.81930826384082
12,8,0.5,0.0,4,br30,none,1,0.5976733424613356,0.3349601769156771,0.11990585471548298,-0.35797047822096206,-2.800944823455617,10.379310344827587
12,8,0.5,0.0,4,br30,none,2,0.9119927946717924,0.758801438099575,0.1865439363901651,-0.24584025151212952,-1.672240576565465,6.655172413793104
12,8,0.5,0.0,4,br30,none,4,0.4601775766524342,0.2904639610786503,0.09590762645311157,-0.330187697285937,-1.7348835894392725,4.517241379310345
12,8,0.5,0.0,4,br30,0.15,1,0.6192239003896668,0.30541444463365597,0.09218150776529588,-0.3018243222774464,-2.570029012377263,7.378538062684975
12,8,0.5,0.0,4,br30,0.15,2,0.8844325556880863,0.6296906352243401,0.13276697180866925,-0.210844761509544,-1.617382540529562,4.872023178839563
12,8,0.5,0.0,4,br30,0.15,4,0.5023199092388807,0.27379126779365676,0.07493779409014767,-0.2737041056642634,-1.6409012722634946,3.4086657959368485
12,8,0.5,0.0,4,br30,0.2,1,0.5983969572076552,0.3166173317362667,0.10598580163594296,-0.33474415647032907,-2.719911519404488,8.732398031597045
12,8,0.5,0.0,4,br30,0.2,2,0.8851575105104776,0.6773533695207895,0.1586718705700274,-0.2342527220057734,-1.6588172495483955,5.6799641745481955
12,8,0.5,0.0,4,br30,0.2,4,0.46754019765693594,0.2703815351996598,0.08468908969948274,-0.3132206851216566,-1.7125568536673799,4.008665401329365
12,8,0.5,0.0,4,br40,none,1,0.8959812628464432,0.6738930475101721,0.17245191935935655,-0.2559039895077022,-1.7271466506835498,8.827586206896552
12,8,0.5,0.0,4,br40,none,2,0.9297188300478745,0.9278942987851928,0.17893910368139254,-0.1928442753831564,-1.0311586302774527,6.241379310344827
12,8,0.5,0.0,4,br40,none,4,0.5309461676765951,0.36906132378002704,0.10462480372055194,-0.2834889406696862,-1.376333698714106,4.241379310344827
12,8,0.5,0.0,4,br40,0.15,1,0.9357937790452607,0.6878322593339349,0.13541570772830713,-0.19687315605033917,-1.5701620251153725,6.3674900026698475
12,8,0.5,0.0,4,br40,0.15,2,0.9347396625932515,0.8700444100259389,0.1364592426840867,-0.15684169809219095,-1.0483285736326293,4.608996792002337
12,8,0.5,0.0,4,br40,0.15,4,0.6291024281552509,0.41523136413662454,0.09312167771303326,-0.22426455647602095,-1.2621675672085468,3.2414603508529085
12,8,0.5,0.0,4,br40,0.2,1,0.9019510796914435,0.6711161036560132,0.15437804460801186,-0.23003179891975856,-1.6692999304116887,7.508111070773856
12,8,0.5,0.0,4,br40,0.2,2,0.9087134641520673,0.8639597850301536,0.15576157534562918,-0.18028799261784256,-1.0411664272506238,5.3741702634307895
12,8,0.5,0.0,4,br40,0.2,4,0.5364317571436604,0.3524592617140412,0.09328653561910927,-0.2646732424208359,-1.3537634310952547,3.783314618474212
12,8,0.5,0.0,4,mkt_ma20,none,1,0.672695210857022,0.5012113006880158,0.12851495734883978,-0.25640873853487844,-1.6326915563279323,8.689655172413794
12,8,0.5,0.0,4,mkt_ma20,none,2,0.7154103596632787,0.6069171199032712,0.13628187082270782,-0.22454774524143928,-1.3486323733617838,6.068965517241379
12,8,0.5,0.0,4,mkt_ma20,none,4,0.6029010395372921,0.4256381689082244,0.11661167194050903,-0.27396901983584254,-1.1637463885871155,4.0344827586206895
12,8,0.5,0.0,4,mkt_ma20,0.15,1,0.7019218319085017,0.48609719102005966,0.10314561984559911,-0.21219135134097622,-1.5440980407479186,6.398435291331364
12,8,0.5,0.0,4,mkt_ma20,0.15,2,0.6913334519790888,0.5125488319885976,0.09986013689152085,-0.19483048376889556,-1.3435766032498928,4.603869906815313
12,8,0.5,0.0,4,mkt_ma20,0.15,4,0.6256809261077215,0.3980729236565919,0.0892788789375829,-0.22427769795918517,-1.1666620005691066,3.10743531130724
12,8,0.5,0.0,4,mkt_ma20,0.2,1,0.6789516167893702,0.49604154439736337,0.11718864238913529,-0.23624763633761114,-1.5929933648260164,7.478407308093676
12,8,0.5,0.0,4,mkt_ma20,0.2,2,0.6950764944847092,0.556367443483533,0.11855323012713126,-0.21308441303618464,-1.3486323733617838,5.300552738194886
12,8,0.5,0.0,4,mkt_ma20,0.2,4,0.6106082974859156,0.41464055710732634,0.10459779667317393,-0.25226137405101845,-1.1637463885871155,3.623057946002381
12,8,0.5,0.0,4,mkt_ma50,none,1,0.976083190314953,1.0644984053975295,0.17527113889282053,-0.16465138698574822,-1.3956605451492252,7.275862068965518
12,8,0.5,0.0,4,mkt_ma50,none,2,0.8842107026562639,0.9393851709523541,0.15735400323307536,-0.16750743794853495,-1.7415713047851953,5.172413793103448
12,8,0.5,0.0,4,mkt_ma50,none,4,0.24480495425955012,0.14445457441883905,0.042853661828054834,-0.29665839244247616,-1.7590966792905744,3.6206896551724137
12,8,0.5,0.0,4,mkt_ma50,0.15,1,0.970117133569098,1.0953101498730675,0.12730217091747154,-0.11622477061152425,-1.3982413601402184,4.909300738245093
12,8,0.5,0.0,4,mkt_ma50,0.15,2,0.8471466920437567,0.7989543334328081,0.1110270456004796,-0.13896544640222164,-1.732958721487104,3.6085487385869097
12,8,0.5,0.0,4,mkt_ma50,0.15,4,0.19015276190133698,0.09468262847930962,0.02364144874848617,-0.24969151288034197,-1.7590966792905744,2.630589239847056
12,8,0.5,0.0,4,mkt_ma50,0.2,1,0.9500909138735916,1.1654751525827014,0.14936681223962767,-0.1281595853061558,-1.3982413601402184,5.969404088780782
12,8,0.5,0.0,4,mkt_ma50,0.2,2,0.8306788879246647,0.888598825389322,0.12989972095380242,-0.14618488933618545,-1.7329587214871036,4.334233630673154
12,8,0.5,0.0,4,mkt_ma50,0.2,4,0.1864997321507048,0.10030938462418348,0.027975991972508885,-0.27889705511924934,-1.7590966792905744,3.1570839882401085
12,8,0.5,0.0,5,none,none,1,0.8137643519609671,0.6670997231505503,0.165203426402742,-0.2476442736665011,-0.8480187038575068,10.358620689655174
12,8,0.5,0.0,5,none,none,2,0.9278175443164384,0.8742267701093751,0.1906617834076405,-0.21809190695886227,-0.5926505624552769,7.241379310344827
12,8,0.5,0.0,5,none,none,4,0.5882757885312658,0.36987202884485665,0.11799533076189217,-0.31901663699848326,-1.1339222409973395,5.0344827586206895
12,8,0.5,0.0,5,none,0.15,1,0.8821953578547447,0.6922198358191908,0.1335816181376157,-0.19297571555361714,-0.8494013334688963,7.527173205406021
12,8,0.5,0.0,5,none,0.15,2,0.9924029793470359,0.9564961521175487,0.15025433755448514,-0.15708828229140603,-0.5073153524965451,5.380215735656469
12,8,0.5,0.0,5,none,0.15,4,0.6276628266605199,0.3677695965509692,0.09393861226673206,-0.2554278905807079,-1.0489791745165937,4.00011449128441
12,8,0.5,0.0,5,none,0.2,1,0.8163991669899469,0.6212622874906831,0.15241252995965282,-0.24532718793419195,-0.8661315895337592,9.08294073452656
12,8,0.5,0.0,5,none,0.2,2,0.9390700159870101,0.8477438204858669,0.17513706166819754,-0.20659196497335874,-0.5854215090893345,6.369038331180477
12,8,0.5,0.0,5,none,0.2,4,0.5972523781636037,0.3549181841145103,0.10988537162783185,-0.30960761253184643,-1.1243453297781296,4.6598546523875495
12,8,0.5,0.0,5,br30,none,1,0.6417605611887369,0.3581717704079055,0.11789059802571678,-0.32914542062166585,-2.396697710344597,9.779310344827588
12,8,0.5,0.0,5,br30,none,2,0.9266913235854688,0.6907946040920192,0.17916789423452517,-0.25936493014450157,-1.7175472848996403,6.275862068965518
12,8,0.5,0.0,5,br30,none,4,0.5998603957697083,0.35701567842045384,0.11518006123722091,-0.3226190562465284,-1.6383451548830301,4.248275862068965
12,8,0.5,0.0,5,br30,0.15,1,0.6675945136579217,0.33859013160752793,0.09701158859621462,-0.2865162907602524,-2.22429533280769,7.199726471071457
12,8,0.5,0.0,5,br30,0.15,2,0.9094350934110246,0.5936416339719938,0.13311124400172125,-0.2242282824927354,-1.6335491530447785,4.677527365632143
12,8,0.5,0.0,5,br30,0.15,4,0.635681727271576,0.3399546330330558,0.0925965943521665,-0.27237926874543517,-1.549739180219511,3.388389448843597
12,8,0.5,0.0,5,br30,0.2,1,0.6448561659063724,0.33955633393206414,0.1102175716884155,-0.324592889822126,-2.3737824973760824,8.576554097854483
12,8,0.5,0.0,5,br30,0.2,2,0.9210031959305803,0.6295217301672189,0.1607168919209503,-0.2552999908013649,-1.7063477264042204,5.486966647876135
12,8,0.5,0.0,5,br30,0.2,4,0.6144867559170866,0.34529501287259995,0.10816704866159643,-0.31325980575776735,-1.6270870874998946,3.9457194930407034
12,8,0.5,0.0,5,br40,none,1,0.9248141956483849,0.6903264148167871,0.16321685569362065,-0.23643431888223265,-1.5550090675666617,8.4
12,8,0.5,0.0,5,br40,none,2,1.0153218136843452,1.0083432015975897,0.18412105027140346,-0.18259760166943895,-0.9469867894456662,5.806896551724138
12,8,0.5,0.0,5,br40,none,4,0.7175771736539879,0.49067314323106276,0.130319987388672,-0.26559429466736284,-1.176406501272327,3.9724137931034487
12,8,0.5,0.0,5,br40,0.15,1,0.9377349011171403,0.6717791260117596,0.13248362715068351,-0.1972130749837624,-1.4418601882972144,6.283692856464184
12,8,0.5,0.0,5,br40,0.15,2,1.0150586390912575,0.9554918290385391,0.14449481691794697,-0.15122559139343394,-0.9138223197448729,4.397394130698891
12,8,0.5,0.0,5,br40,0.15,4,0.7902188139818311,0.5330233733243153,0.113885198619609,-0.21365892063858172,-1.0648526383740926,3.215296034900424
12,8,0.5,0.0,5,br40,0.2,1,0.9150960298556294,0.6520362311041323,0.15121455583332288,-0.2319112782694025,-1.5405292670318056,7.45836164959077
12,8,0.5,0.0,5,br40,0.2,2,1.0086271050295266,0.9477152089472857,0.16803636953330936,-0.17730681954546534,-0.9332807506770419,5.141587538084115
12,8,0.5,0.0,5,br40,0.2,4,0.7247443521074094,0.4806406084859388,0.12283518301648844,-0.25556555323827157,-1.166484612792377,3.715144357510465
12,8,0.5,0.0,5,mkt_ma20,none,1,0.6891690730656661,0.4900368869981016,0.12025311492131507,-0.24539604693428096,-1.4436813787434561,8.4
12,8,0.5,0.0,5,mkt_ma20,none,2,0.8091531550924851,0.701438778153338,0.14564537802524735,-0.2076380470562016,-1.1827840595633958,5.668965517241379
12,8,0.5,0.0,5,mkt_ma20,none,4,0.7725845059802885,0.5303967688386693,0.1382771694322793,-0.26070515047639564,-1.087697615988706,3.724137931034483
12,8,0.5,0.0,5,mkt_ma20,0.15,1,0.7128024752627813,0.47925208293005334,0.10163802758764384,-0.212076339796478,-1.3817136965381738,6.388625291267889
12,8,0.5,0.0,5,mkt_ma20,0.15,2,0.7804791454634531,0.5984306186152273,0.10963711305966428,-0.18320772642510397,-1.1819728157765985,4.388254776823364
12,8,0.5,0.0,5,mkt_ma20,0.15,4,0.7761084992988665,0.48879810357538994,0.10869150164908215,-0.2223648186317443,-1.084893539309021,3.0495284686197617
12,8,0.5,0.0,5,mkt_ma20,0.2,1,0.6935760904161514,0.4780001520506091,0.11464632624604976,-0.2398457945132858,-1.4292867099302737,7.506403124361485
12,8,0.5,0.0,5,mkt_ma20,0.2,2,0.8029117711406648,0.6557070853606287,0.13308941648707173,-0.20297083783054537,-1.1827840595633958,5.070279311780837
12,8,0.5,0.0,5,mkt_ma20,0.2,4,0.7722302864972536,0.5148862895518203,0.12933664852952287,-0.25119458636605607,-1.087697615988706,3.521340246020884
12,8,0.5,0.0,5,mkt_ma50,none,1,0.9606913702152957,1.0450219263458123,0.15568109242589112,-0.14897399614405227,-1.4385301975766915,6.882758620689655
12,8,0.5,0.0,5,mkt_ma50,none,2,0.9017817357263959,0.7788454131345511,0.15024612521467517,-0.19290878867732264,-1.797531503745655,4.786206896551725
12,8,0.5,0.0,5,mkt_ma50,none,4,0.39091393328127083,0.1999278097897349,0.06181946344343925,-0.3092089265042972,-1.9581463215002388,3.3517241379310354
12,8,0.5,0.0,5,mkt_ma50,0.15,1,0.9287148403284667,1.0236902148859108,0.11779345582051581,-0.11506748243524412,-1.4417942300979965,4.8632005537943845
12,8,0.5,0.0,5,mkt_ma50,0.15,2,0.8563409700030249,0.7187652442378911,0.10911354231437609,-0.15180692609875635,-1.7924512652634468,3.4202461407239033
12,8,0.5,0.0,5,mkt_ma50,0.15,4,0.3212198983824934,0.1448189329955332,0.03859985884456485,-0.26653876013404565,-1.9581463215002388,2.6110989754511653
12,8,0.5,0.0,5,mkt_ma50,0.2,1,0.9294461219204673,0.9646156964541887,0.13941216312930527,-0.14452611920142666,-1.4417942300979965,5.925951102209105
12,8,0.5,0.0,5,mkt_ma50,0.2,2,0.8598976182741904,0.6928789184858015,0.1303994963387356,-0.1881995437582472,-1.7924512652634466,4.132930990859876
12,8,0.5,0.0,5,mkt_ma50,0.2,4,0.3436367324676816,0.166978839640285,0.05003653620984361,-0.2996579465855378,-1.9581463215002388,3.102939817281712
12,8,0.5,0.3,3,none,none,1,0.8044866833481682,0.6312432642979702,0.19617234005093098,-0.3107713795078697,-0.8838635431344565,12.57471264367816
12,8,0.5,0.3,3,none,none,2,0.9061079276491906,0.814838555811506,0.21736497231387553,-0.2667583299337125,-0.7134616392378915,8.298850574712644
12,8,0.5,0.3,3,none,none,4,0.3798882176327784,0.26380221954464245,0.08865058739235021,-0.33604943713276125,-0.9696889088020061,5.770114942528736
12,8,0.5,0.3,3,none,0.15,1,0.9443768364931713,0.7602561049340621,0.14845049544518707,-0.19526379924047088,-0.8132915184553087,7.978826587671975
12,8,0.5,0.3,3,none,0.15,2,1.0119098714029373,0.9182821760087261,0.15740998444060872,-0.17141788063967922,-0.6564303252022515,5.537791551325119
12,8,0.5,0.3,3,none,0.15,4,0.48523324302706994,0.3235143143170796,0.07455494449577826,-0.2304533097806183,-0.9174100608834667,4.080609986661099
12,8,0.5,0.3,3,none,0.2,1,0.8513835309128225,0.6749971835782699,0.16771234903632326,-0.24846377602237213,-0.7987046730388921,9.833448809269784
12,8,0.5,0.3,3,none,0.2,2,0.9309998264877308,0.8172993939090197,0.18224509722853965,-0.22298450064533737,-0.65575442287877,6.696316525220394
12,8,0.5,0.3,3,none,0.2,4,0.4039844722556171,0.2630125903375667,0.07709918704950613,-0.29313876932869354,-0.9452939060061434,4.928686737100437
12,8,0.5,0.3,3,br30,none,1,0.6138380074428114,0.3324167355645005,0.13845845412726088,-0.4165207082373116,-2.8190591286520537,11.47126436781609
12,8,0.5,0.3,3,br30,none,2,0.8937296671835759,0.6902184919019919,0.20357017460038906,-0.29493584566160125,-1.7409381465883293,7.057471264367815
12,8,0.5,0.3,3,br30,none,4,0.3666440713868084,0.22611973863435536,0.0820388943890411,-0.36281173366161223,-1.7401304195289122,4.781609195402298
12,8,0.5,0.3,3,br30,0.15,1,0.6870873086000343,0.3312194239951095,0.10532860895018281,-0.31800251229148324,-2.521074672394843,7.478143477605449
12,8,0.5,0.3,3,br30,0.15,2,0.9226764346444268,0.6301298988033673,0.1430311352630418,-0.2269867459624778,-1.6376149703692118,4.875573332457642
12,8,0.5,0.3,3,br30,0.15,4,0.4423158159841901,0.2400276066060239,0.0676632686893992,-0.2818978601926412,-1.634662831758057,3.3871458370136462
12,8,0.5,0.3,3,br30,0.2,1,0.6490205672274137,0.3349095192529159,0.11873259671718794,-0.3545214151632514,-2.6643753385725133,8.91718826398831
12,8,0.5,0.3,3,br30,0.2,2,0.8922171155287714,0.6509777538991566,0.16502997047709744,-0.2535109218227791,-1.6953402938928133,5.67103785592749
12,8,0.5,0.3,3,br30,0.2,4,0.40543183721207604,0.23275801464048085,0.07452254788174884,-0.32017178010757963,-1.6846057481626904,4.009800297288395
12,8,0.5,0.3,3,br40,none,1,0.9281429409335793,0.618099418201963,0.19965342905510197,-0.3230118378624093,-1.9133147896431306,9.724137931034482
12,8,0.5,0.3,3,br40,none,2,0.9470144011254378,0.7980135962480471,0.20278915306975476,-0.2541174160730987,-1.1516164078573379,6.5057471264367805
12,8,0.5,0.3,3,br40,none,4,0.42281668425351293,0.27565287497693325,0.08954445665620381,-0.3248449945014973,-1.5448122288510353,4.459770114942528
12,8,0.5,0.3,3,br40,0.15,1,1.0263170815600702,0.6913092183295088,0.15354325408907288,-0.22210502915048258,-1.7283322501426999,6.46479114242869
12,8,0.5,0.3,3,br40,0.15,2,1.0098354993534508,0.8276769038254528,0.14946265391343183,-0.18058091656614805,-1.1822010467444415,4.530420968468384
12,8,0.5,0.3,3,br40,0.15,4,0.5597751274090781,0.34306789573638286,0.08353342382094464,-0.24348948082607136,-1.414184551516852,3.2531009419046057
12,8,0.5,0.3,3,br40,0.2,1,0.9785427251207318,0.670753337701154,0.17206355836719145,-0.2565228507947467,-1.812093870575094,7.635199938595706
12,8,0.5,0.3,3,br40,0.2,2,0.9513067135834005,0.7994987788517375,0.16624479084339816,-0.20793626612183647,-1.1810888488561302,5.267842699608413
12,8,0.5,0.3,3,br40,0.2,4,0.44758551917466805,0.2770575019859121,0.0781330788808865,-0.28201033475303416,-1.4975006574087348,3.793330948002132
12,8,0.5,0.3,3,mkt_ma20,none,1,0.6997473695552514,0.41960119732230344,0.14892911456904478,-0.3549301468142608,-1.8434814404447344,9.448275862068963
12,8,0.5,0.3,3,mkt_ma20,none,2,0.7499779964028469,0.5547034977757301,0.15894936778462943,-0.28654834235224813,-1.3594985396989565,6.32183908045977
12,8,0.5,0.3,3,mkt_ma20,none,4,0.5055846617232582,0.33719039881906254,0.10522259921897925,-0.3120569256642507,-1.200600728322145,4.091954022988506
12,8,0.5,0.3,3,mkt_ma20,0.15,1,0.763118661614238,0.4404640113075545,0.11563807801060233,-0.26253694976649955,-1.7278662505428761,6.432760225237834
12,8,0.5,0.3,3,mkt_ma20,0.15,2,0.7545471204032913,0.5077259291518271,0.11143970275430215,-0.21948790943268515,-1.3511300680815337,4.504441835263798
12,8,0.5,0.3,3,mkt_ma20,0.15,4,0.5660234622898759,0.33028297912391863,0.0819991750775988,-0.24826945456015637,-1.2244287713143756,2.9789708098685668
12,8,0.5,0.3,3,mkt_ma20,0.2,1,0.7274807334470469,0.44112808204116655,0.12914535709788377,-0.29276158638622285,-1.7715171716093234,7.525475677518751
12,8,0.5,0.3,3,mkt_ma20,0.2,2,0.7305500334361923,0.5244498919342663,0.12769695706902295,-0.24348743136937911,-1.3594985396989565,5.191521530167114
12,8,0.5,0.3,3,mkt_ma20,0.2,4,0.5494555021484743,0.3365081892863655,0.09437663573581245,-0.2804586596717228,-1.200600728322145,3.4808925982597057
12,8,0.5,0.3,3,mkt_ma50,none,1,1.0244582818731833,1.0938175612980054,0.20729685787704644,-0.1895168492550554,-1.4082563950891394,8.206896551724137
12,8,0.5,0.3,3,mkt_ma50,none,2,0.9320366288026235,0.9197961059806813,0.19103919521567891,-0.20769732984680778,-1.4720946087619209,5.494252873563218
12,8,0.5,0.3,3,mkt_ma50,none,4,0.25936530288137266,0.17178552899153882,0.05075062024029697,-0.2954301246340526,-1.5152689129201118,3.793103448275862
12,8,0.5,0.3,3,mkt_ma50,0.15,1,1.1035606790282595,1.3586524438580208,0.14953703961424325,-0.1100627612972298,-1.4172288810597242,5.009934181737331
12,8,0.5,0.3,3,mkt_ma50,0.15,2,0.9600311029199137,1.1155827262053648,0.1319939257586633,-0.11831836640895144,-1.470571855583129,3.4909841383769504
12,8,0.5,0.3,3,mkt_ma50,0.15,4,0.2867327830763503,0.16422261888787806,0.037193916395170445,-0.2264847354587881,-1.5152689129201118,2.5524167130691953
12,8,0.5,0.3,3,mkt_ma50,0.2,1,1.0527529962123277,1.1686181563633946,0.16963328104436481,-0.1451571500243023,-1.4172288810597244,6.072443834289238
12,8,0.5,0.3,3,mkt_ma50,0.2,2,0.9099898380486153,0.9561638049290159,0.1490361569187031,-0.15586885442684928,-1.4705718555831295,4.212624685343035
12,8,0.5,0.3,3,mkt_ma50,0.2,4,0.2503641501753694,0.15165837542133728,0.03855528124291974,-0.25422454339106204,-1.5152689129201118,3.0507318626363227
12,8,0.5,0.3,4,none,none,1,0.7619954094227614,0.6661816711492813,0.16782351505948823,-0.25191854163439076,-0.9620542262029739,11.413793103448276
12,8,0.5,0.3,4,none,none,2,0.9345713643749913,1.0023408327511378,0.20165007859111928,-0.20117915184363755,-0.60958880616978,7.689655172413794
12,8,0.5,0.3,4,none,none,4,0.4591919814822424,0.32537408808702395,0.0998019651034543,-0.30672991107012015,-1.0561173439408134,5.379310344827586
12,8,0.5,0.3,4,none,0.15,1,0.8509367263422216,0.7095568521832153,0.13109797222830633,-0.1847603498224768,-0.9631007658827658,7.904525733071285
12,8,0.5,0.3,4,none,0.15,2,0.9906655864175623,0.9597876867903619,0.15210222711442345,-0.1584748681482573,-0.5260820766275438,5.571804539708663
12,8,0.5,0.3,4,none,0.15,4,0.5290381819617663,0.3492545366604804,0.08042749825106488,-0.23028333152118963,-0.9659452029104241,4.057881459649852
12,8,0.5,0.3,4,none,0.2,1,0.7758726533667974,0.6501785183089385,0.14934497066326657,-0.22969840814135278,-0.9297649263280057,9.570078755849826
12,8,0.5,0.3,4,none,0.2,2,0.9259999015068615,0.9101688356896255,0.1760117789983402,-0.1933836581703854,-0.6014197208461461,6.591730627429124
12,8,0.5,0.3,4,none,0.2,4,0.4646908020640036,0.3036352957841836,0.0880784115585429,-0.29007962111607355,-1.0450374271559917,4.81930826384082
12,8,0.5,0.3,4,br30,none,1,0.5976733424613356,0.3349601769156771,0.11990585471548298,-0.35797047822096206,-2.800944823455617,10.379310344827587
12,8,0.5,0.3,4,br30,none,2,0.9119927946717924,0.758801438099575,0.1865439363901651,-0.24584025151212952,-1.672240576565465,6.655172413793104
12,8,0.5,0.3,4,br30,none,4,0.4601775766524342,0.2904639610786503,0.09590762645311157,-0.330187697285937,-1.7348835894392725,4.517241379310345
12,8,0.5,0.3,4,br30,0.15,1,0.6192239003896668,0.30541444463365597,0.09218150776529588,-0.3018243222774464,-2.570029012377263,7.378538062684975
12,8,0.5,0.3,4,br30,0.15,2,0.8844325556880863,0.6296906352243401,0.13276697180866925,-0.210844761509544,-1.617382540529562,4.872023178839563
12,8,0.5,0.3,4,br30,0.15,4,0.5023199092388807,0.27379126779365676,0.07493779409014767,-0.2737041056642634,-1.6409012722634946,3.4086657959368485
12,8,0.5,0.3,4,br30,0.2,1,0.5983969572076552,0.3166173317362667,0.10598580163594296,-0.33474415647032907,-2.719911519404488,8.732398031597045
12,8,0.5,0.3,4,br30,0.2,2,0.8851575105104776,0.6773533695207895,0.1586718705700274,-0.2342527220057734,-1.6588172495483955,5.6799641745481955
12,8,0.5,0.3,4,br30,0.2,4,0.46754019765693594,0.2703815351996598,0.08468908969948274,-0.3132206851216566,-1.7125568536673799,4.008665401329365
12,8,0.5,0.3,4,br40,none,1,0.8959812628464432,0.6738930475101721,0.17245191935935655,-0.2559039895077022,-1.7271466506835498,8.827586206896552
12,8,0.5,0.3,4,br40,none,2,0.9297188300478745,0.9278942987851928,0.17893910368139254,-0.1928442753831564,-1.0311586302774527,6.241379310344827
12,8,0.5,0.3,4,br40,none,4,0.5309461676765951,0.36906132378002704,0.10462480372055194,-0.2834889406696862,-1.376333698714106,4.241379310344827
12,8,0.5,0.3,4,br40,0.15,1,0.9357937790452607,0.6878322593339349,0.13541570772830713,-0.19687315605033917,-1.5701620251153725,6.3674900026698475
12,8,0.5,0.3,4,br40,0.15,2,0.9347396625932515,0.8700444100259389,0.1364592426840867,-0.15684169809219095,-1.0483285736326293,4.608996792002337
12,8,0.5,0.3,4,br40,0.15,4,0.6291024281552509,0.41523136413662454,0.09312167771303326,-0.22426455647602095,-1.2621675672085468,3.2414603508529085
12,8,0.5,0.3,4,br40,0.2,1,0.9019510796914435,0.6711161036560132,0.15437804460801186,-0.23003179891975856,-1.6692999304116887,7.508111070773856
12,8,0.5,0.3,4,br40,0.2,2,0.9087134641520673,0.8639597850301536,0.15576157534562918,-0.18028799261784256,-1.0411664272506238,5.3741702634307895
12,8,0.5,0.3,4,br40,0.2,4,0.5364317571436604,0.3524592617140412,0.09328653561910927,-0.2646732424208359,-1.3537634310952547,3.783314618474212
12,8,0.5,0.3,4,mkt_ma20,none,1,0.672695210857022,0.5012113006880158,0.12851495734883978,-0.25640873853487844,-1.6326915563279323,8.689655172413794
12,8,0.5,0.3,4,mkt_ma20,none,2,0.7154103596632787,0.6069171199032712,0.13628187082270782,-0.22454774524143928,-1.3486323733617838,6.068965517241379
12,8,0.5,0.3,4,mkt_ma20,none,4,0.6029010395372921,0.4256381689082244,0.11661167194050903,-0.27396901983584254,-1.1637463885871155,4.0344827586206895
12,8,0.5,0.3,4,mkt_ma20,0.15,1,0.7019218319085017,0.48609719102005966,0.10314561984559911,-0.21219135134097622,-1.5440980407479186,6.398435291331364
12,8,0.5,0.3,4,mkt_ma20,0.15,2,0.6913334519790888,0.5125488319885976,0.09986013689152085,-0.19483048376889556,-1.3435766032498928,4.603869906815313
12,8,0.5,0.3,4,mkt_ma20,0.15,4,0.6256809261077215,0.3980729236565919,0.0892788789375829,-0.22427769795918517,-1.1666620005691066,3.10743531130724
12,8,0.5,0.3,4,mkt_ma20,0.2,1,0.6789516167893702,0.49604154439736337,0.11718864238913529,-0.23624763633761114,-1.5929933648260164,7.478407308093676
12,8,0.5,0.3,4,mkt_ma20,0.2,2,0.6950764944847092,0.556367443483533,0.11855323012713126,-0.21308441303618464,-1.3486323733617838,5.300552738194886
12,8,0.5,0.3,4,mkt_ma20,0.2,4,0.6106082974859156,0.41464055710732634,0.10459779667317393,-0.25226137405101845,-1.1637463885871155,3.623057946002381
12,8,0.5,0.3,4,mkt_ma50,none,1,0.976083190314953,1.0644984053975295,0.17527113889282053,-0.16465138698574822,-1.3956605451492252,7.275862068965518
12,8,0.5,0.3,4,mkt_ma50,none,2,0.8842107026562639,0.9393851709523541,0.15735400323307536,-0.16750743794853495,-1.7415713047851953,5.172413793103448
12,8,0.5,0.3,4,mkt_ma50,none,4,0.24480495425955012,0.14445457441883905,0.042853661828054834,-0.29665839244247616,-1.7590966792905744,3.6206896551724137
12,8,0.5,0.3,4,mkt_ma50,0.15,1,0.970117133569098,1.0953101498730675,0.12730217091747154,-0.11622477061152425,-1.3982413601402184,4.909300738245093
12,8,0.5,0.3,4,mkt_ma50,0.15,2,0.8471466920437567,0.7989543334328081,0.1110270456004796,-0.13896544640222164,-1.732958721487104,3.6085487385869097
12,8,0.5,0.3,4,mkt_ma50,0.15,4,0.19015276190133698,0.09468262847930962,0.02364144874848617,-0.24969151288034197,-1.7590966792905744,2.630589239847056
12,8,0.5,0.3,4,mkt_ma50,0.2,1,0.9500909138735916,1.1654751525827014,0.14936681223962767,-0.1281595853061558,-1.3982413601402184,5.969404088780782
12,8,0.5,0.3,4,mkt_ma50,0.2,2,0.8306788879246647,0.888598825389322,0.12989972095380242,-0.14618488933618545,-1.7329587214871036,4.334233630673154
12,8,0.5,0.3,4,mkt_ma50,0.2,4,0.1864997321507048,0.10030938462418348,0.027975991972508885,-0.27889705511924934,-1.7590966792905744,3.1570839882401085
12,8,0.5,0.3,5,none,none,1,0.8137643519609671,0.6670997231505503,0.165203426402742,-0.2476442736665011,-0.8480187038575068,10.358620689655174
12,8,0.5,0.3,5,none,none,2,0.9278175443164384,0.8742267701093751,0.1906617834076405,-0.21809190695886227,-0.5926505624552769,7.241379310344827
12,8,0.5,0.3,5,none,none,4,0.5882757885312658,0.36987202884485665,0.11799533076189217,-0.31901663699848326,-1.1339222409973395,5.0344827586206895
12,8,0.5,0.3,5,none,0.15,1,0.8821953578547447,0.6922198358191908,0.1335816181376157,-0.19297571555361714,-0.8494013334688963,7.527173205406021
12,8,0.5,0.3,5,none,0.15,2,0.9924029793470359,0.9564961521175487,0.15025433755448514,-0.15708828229140603,-0.5073153524965451,5.380215735656469
12,8,0.5,0.3,5,none,0.15,4,0.6276628266605199,0.3677695965509692,0.09393861226673206,-0.2554278905807079,-1.0489791745165937,4.00011449128441
12,8,0.5,0.3,5,none,0.2,1,0.8163991669899469,0.6212622874906831,0.15241252995965282,-0.24532718793419195,-0.8661315895337592,9.08294073452656
12,8,0.5,0.3,5,none,0.2,2,0.9390700159870101,0.8477438204858669,0.17513706166819754,-0.20659196497335874,-0.5854215090893345,6.369038331180477
12,8,0.5,0.3,5,none,0.2,4,0.5972523781636037,0.3549181841145103,0.10988537162783185,-0.30960761253184643,-1.1243453297781296,4.6598546523875495
12,8,0.5,0.3,5,br30,none,1,0.6417605611887369,0.3581717704079055,0.11789059802571678,-0.32914542062166585,-2.396697710344597,9.779310344827588
12,8,0.5,0.3,5,br30,none,2,0.9266913235854688,0.6907946040920192,0.17916789423452517,-0.25936493014450157,-1.7175472848996403,6.275862068965518
12,8,0.5,0.3,5,br30,none,4,0.5998603957697083,0.35701567842045384,0.11518006123722091,-0.3226190562465284,-1.6383451548830301,4.248275862068965
12,8,0.5,0.3,5,br30,0.15,1,0.6675945136579217,0.33859013160752793,0.09701158859621462,-0.2865162907602524,-2.22429533280769,7.199726471071457
12,8,0.5,0.3,5,br30,0.15,2,0.9094350934110246,0.5936416339719938,0.13311124400172125,-0.2242282824927354,-1.6335491530447785,4.677527365632143
12,8,0.5,0.3,5,br30,0.15,4,0.635681727271576,0.3399546330330558,0.0925965943521665,-0.27237926874543517,-1.549739180219511,3.388389448843597
12,8,0.5,0.3,5,br30,0.2,1,0.6448561659063724,0.33955633393206414,0.1102175716884155,-0.324592889822126,-2.3737824973760824,8.576554097854483
12,8,0.5,0.3,5,br30,0.2,2,0.9210031959305803,0.6295217301672189,0.1607168919209503,-0.2552999908013649,-1.7063477264042204,5.486966647876135
12,8,0.5,0.3,5,br30,0.2,4,0.6144867559170866,0.34529501287259995,0.10816704866159643,-0.31325980575776735,-1.6270870874998946,3.9457194930407034
12,8,0.5,0.3,5,br40,none,1,0.9248141956483849,0.6903264148167871,0.16321685569362065,-0.23643431888223265,-1.5550090675666617,8.4
12,8,0.5,0.3,5,br40,none,2,1.0153218136843452,1.0083432015975897,0.18412105027140346,-0.18259760166943895,-0.9469867894456662,5.806896551724138
12,8,0.5,0.3,5,br40,none,4,0.7175771736539879,0.49067314323106276,0.130319987388672,-0.26559429466736284,-1.176406501272327,3.9724137931034487
12,8,0.5,0.3,5,br40,0.15,1,0.9377349011171403,0.6717791260117596,0.13248362715068351,-0.1972130749837624,-1.4418601882972144,6.283692856464184
12,8,0.5,0.3,5,br40,0.15,2,1.0150586390912575,0.9554918290385391,0.14449481691794697,-0.15122559139343394,-0.9138223197448729,4.397394130698891
12,8,0.5,0.3,5,br40,0.15,4,0.7902188139818311,0.5330233733243153,0.113885198619609,-0.21365892063858172,-1.0648526383740926,3.215296034900424
12,8,0.5,0.3,5,br40,0.2,1,0.9150960298556294,0.6520362311041323,0.15121455583332288,-0.2319112782694025,-1.5405292670318056,7.45836164959077
12,8,0.5,0.3,5,br40,0.2,2,1.0086271050295266,0.9477152089472857,0.16803636953330936,-0.17730681954546534,-0.9332807506770419,5.141587538084115
12,8,0.5,0.3,5,br40,0.2,4,0.7247443521074094,0.4806406084859388,0.12283518301648844,-0.25556555323827157,-1.166484612792377,3.715144357510465
12,8,0.5,0.3,5,mkt_ma20,none,1,0.6891690730656661,0.4900368869981016,0.12025311492131507,-0.24539604693428096,-1.4436813787434561,8.4
12,8,0.5,0.3,5,mkt_ma20,none,2,0.8091531550924851,0.701438778153338,0.14564537802524735,-0.2076380470562016,-1.1827840595633958,5.668965517241379
12,8,0.5,0.3,5,mkt_ma20,none,4,0.7725845059802885,0.5303967688386693,0.1382771694322793,-0.26070515047639564,-1.087697615988706,3.724137931034483
12,8,0.5,0.3,5,mkt_ma20,0.15,1,0.7128024752627813,0.47925208293005334,0.10163802758764384,-0.212076339796478,-1.3817136965381738,6.388625291267889
12,8,0.5,0.3,5,mkt_ma20,0.15,2,0.7804791454634531,0.5984306186152273,0.10963711305966428,-0.18320772642510397,-1.1819728157765985,4.388254776823364
12,8,0.5,0.3,5,mkt_ma20,0.15,4,0.7761084992988665,0.48879810357538994,0.10869150164908215,-0.2223648186317443,-1.084893539309021,3.0495284686197617
12,8,0.5,0.3,5,mkt_ma20,0.2,1,0.6935760904161514,0.4780001520506091,0.11464632624604976,-0.2398457945132858,-1.4292867099302737,7.506403124361485
12,8,0.5,0.3,5,mkt_ma20,0.2,2,0.8029117711406648,0.6557070853606287,0.13308941648707173,-0.20297083783054537,-1.1827840595633958,5.070279311780837
12,8,0.5,0.3,5,mkt_ma20,0.2,4,0.7722302864972536,0.5148862895518203,0.12933664852952287,-0.25119458636605607,-1.087697615988706,3.521340246020884
12,8,0.5,0.3,5,mkt_ma50,none,1,0.9606913702152957,1.0450219263458123,0.15568109242589112,-0.14897399614405227,-1.4385301975766915,6.882758620689655
12,8,0.5,0.3,5,mkt_ma50,none,2,0.9017817357263959,0.7788454131345511,0.15024612521467517,-0.19290878867732264,-1.797531503745655,4.786206896551725
12,8,0.5,0.3,5,mkt_ma50,none,4,0.39091393328127083,0.1999278097897349,0.06181946344343925,-0.3092089265042972,-1.9581463215002388,3.3517241379310354
12,8,0.5,0.3,5,mkt_ma50,0.15,1,0.9287148403284667,1.0236902148859108,0.11779345582051581,-0.11506748243524412,-1.4417942300979965,4.8632005537943845
12,8,0.5,0.3,5,mkt_ma50,0.15,2,0.8563409700030249,0.7187652442378911,0.10911354231437609,-0.15180692609875635,-1.7924512652634468,3.4202461407239033
12,8,0.5,0.3,5,mkt_ma50,0.15,4,0.3212198983824934,0.1448189329955332,0.03859985884456485,-0.26653876013404565,-1.9581463215002388,2.6110989754511653
12,8,0.5,0.3,5,mkt_ma50,0.2,1,0.9294461219204673,0.9646156964541887,0.13941216312930527,-0.14452611920142666,-1.4417942300979965,5.925951102209105
12,8,0.5,0.3,5,mkt_ma50,0.2,2,0.8598976182741904,0.6928789184858015,0.1303994963387356,-0.1881995437582472,-1.7924512652634466,4.132930990859876
12,8,0.5,0.3,5,mkt_ma50,0.2,4,0.3436367324676816,0.166978839640285,0.05003653620984361,-0.2996579465855378,-1.9581463215002388,3.102939817281712
12,8,1.0,0.0,3,none,none,1,0.8780997727989625,0.7379895558091448,0.21045477034523175,-0.2851731012839137,-0.6615820314439357,12.666666666666668
12,8,1.0,0.0,3,none,none,2,1.1176407152860741,0.9920650461551241,0.2588199262623412,-0.2608900769817777,-0.6832803033927841,8.114942528735632
12,8,1.0,0.0,3,none,none,4,0.5841027595710241,0.42021974714346205,0.13348682272141477,-0.31765956652161487,-0.9653718262686027,5.494252873563218
12,8,1.0,0.0,3,none,0.15,1,1.0162777452883571,0.8710901889098601,0.16035934024408594,-0.18409039877348432,-0.5971153587997983,8.208587950310942
12,8,1.0,0.0,3,none,0.15,2,1.1934144483185976,1.0739613399414984,0.18507686360854003,-0.1723310297357833,-0.6076019379408204,5.599189428781755
12,8,1.0,0.0,3,none,0.15,4,0.7079119959972456,0.4983447231109474,0.10854827150871893,-0.2178176400285724,-0.8878077600937857,3.9267186894327772
12,8,1.0,0.0,3,none,0.2,1,0.9388396269548887,0.7895141049758597,0.18527838972023436,-0.23467394509170858,-0.5838130078070798,10.21235381727219
12,8,1.0,0.0,3,none,0.2,2,1.1344449013748554,0.9888494420730065,0.21879881970223103,-0.22126605971839863,-0.6255398197676993,6.7420181555696646
12,8,1.0,0.0,3,none,0.2,4,0.6426173360734768,0.4381194675212876,0.1221744851199309,-0.2788611193452494,-0.9352399297752123,4.7237493690236425
12,8,1.0,0.0,3,br30,none,1,0.6761783255318157,0.38415094749967327,0.1484434977970892,-0.3864197101771185,-2.708330514330382,11.10344827586207
12,8,1.0,0.0,3,br30,none,2,1.0798446236823371,0.8381909774202441,0.23846226392161274,-0.28449633835900245,-1.7509922290274786,6.735632183908045
12,8,1.0,0.0,3,br30,none,4,0.574064903172078,0.37255066908606776,0.12550521869341313,-0.33688093756830306,-1.5897440434058818,4.643678160919539
12,8,1.0,0.0,3,br30,0.15,1,0.7739017105364435,0.3975848811479884,0.1187700446496689,-0.2987287753667386,-2.4501331717825816,7.493547751617597
12,8,1.0,0.0,3,br30,0.15,2,1.0925050175926763,0.7720512790124429,0.16863713241554268,-0.21842737263676604,-1.6691551390282051,4.763000184752516
12,8,1.0,0.0,3,br30,0.15,4,0.6800810840826327,0.4022216922001198,0.10362703105612558,-0.2576366045533104,-1.4593263597873505,3.3199355985977674
12,8,1.0,0.0,3,br30,0.2,1,0.7382792981194423,0.4029995750506804,0.1343216547365067,-0.3333047056429642,-2.574281869376046,8.874878729399155
12,8,1.0,0.0,3,br30,0.2,2,1.081964087206685,0.8110501590771858,0.19821483333031287,-0.24439281727759232,-1.716070024229742,5.539316164693617
12,8,1.0,0.0,3,br30,0.2,4,0.6452552305931403,0.3966565407293894,0.11811306720680759,-0.2977716363623202,-1.5354303884448146,3.9101649330286907
12,8,1.0,0.0,3,br40,none,1,0.9682882155525586,0.6805953645277498,0.20282000926286514,-0.29800380642262747,-1.7538100978969902,9.2183908045977
12,8,1.0,0.0,3,br40,none,2,1.1057214398232562,0.9839976298920111,0.22907152485107596,-0.23279682581777705,-0.9259561030034285,6.275862068965518
12,8,1.0,0.0,3,br40,none,4,0.6146957825413646,0.4277914978019154,0.12618676932363537,-0.2949725975668289,-1.2850093194471042,4.32183908045977
12,8,1.0,0.0,3,br40,0.15,1,1.072372909854031,0.7733499934592856,0.16083005031365505,-0.20796541239270372,-1.5745676347806554,6.368844620961413
12,8,1.0,0.0,3,br40,0.15,2,1.1646319382819323,1.0818578306952464,0.17193467077945157,-0.15892538363285613,-0.928870949707731,4.490484647988221
12,8,1.0,0.0,3,br40,0.15,4,0.7690367882807647,0.5278543546591539,0.11406962924224873,-0.21610057440163732,-1.1359104028636942,3.166365175653574
12,8,1.0,0.0,3,br40,0.2,1,1.0302739060289092,0.7461626933954526,0.18109757564307172,-0.24270521328127204,-1.6598792334019181,7.490789066112541
12,8,1.0,0.0,3,br40,0.2,2,1.1211776994021532,1.0397789268301414,0.1947487905406844,-0.1872982665020856,-0.9394049099655775,5.230549165684424
12,8,1.0,0.0,3,br40,0.2,4,0.6658200048716154,0.45176718745615446,0.11554632538341081,-0.25576520073101805,-1.2374140504048996,3.703044276914913
12,8,1.0,0.0,3,mkt_ma20,none,1,0.7103359843981586,0.45534796438825764,0.14651912173926407,-0.32177396891651167,-1.6801475339353698,9.03448275862069
12,8,1.0,0.0,3,mkt_ma20,none,2,0.8264855558503605,0.6120773978929359,0.1689239638477169,-0.2759846457804752,-1.3644246591151548,6.0459770114942515
12,8,1.0,0.0,3,mkt_ma20,none,4,0.7049845087675909,0.5148407413956981,0.14153267885591458,-0.2749057474982053,-1.0167329343907006,4.091954022988506
12,8,1.0,0.0,3,mkt_ma20,0.15,1,0.8046928027344008,0.505925632520419,0.12130571607099316,-0.23976985602937861,-1.5829528187524924,6.375945591250849
12,8,1.0,0.0,3,mkt_ma20,0.15,2,0.8528007782395997,0.595069864192347,0.12527234747881622,-0.2105170418079244,-1.3644246591151548,4.4354614945168755
12,8,1.0,0.0,3,mkt_ma20,0.15,4,0.7918546620913404,0.5329691966865955,0.11352424018001095,-0.21300337971833516,-1.01995545880684,3.00101385250252
12,8,1.0,0.0,3,mkt_ma20,0.2,1,0.7676317767594565,0.5003371138864682,0.13507005630980262,-0.26995809937147985,-1.6187901295068214,7.438076921166198
12,8,1.0,0.0,3,mkt_ma20,0.2,2,0.8377219729398113,0.6190292655083407,0.1447346791968409,-0.2338091060654236,-1.3644246591151548,5.102597911046095
12,8,1.0,0.0,3,mkt_ma20,0.2,4,0.7790250803266626,0.5500553667695047,0.13215266407546156,-0.24025338549389852,-1.0167329343907006,3.5002616087331133
12,8,1.0,0.0,3,mkt_ma50,none,1,1.058294247541754,1.1037559107746346,0.20824947087671308,-0.1886734819209802,-1.4444611899826434,7.977011494252873
12,8,1.0,0.0,3,mkt_ma50,none,2,1.067987288083885,1.2210100469629368,0.21182081441090084,-0.17347999300887862,-1.4720946087619209,5.35632183908046
12,8,1.0,0.0,3,mkt_ma50,none,4,0.40995201900728334,0.2783228525716457,0.07759104768959535,-0.278780728828661,-1.4720946087619209,3.7471264367816093
12,8,1.0,0.0,3,mkt_ma50,0.15,1,1.1333882985645496,1.5102189464970401,0.15471655237642934,-0.10244643846860424,-1.4518992421197408,4.998590615624078
12,8,1.0,0.0,3,mkt_ma50,0.15,2,1.0809949283328397,1.3148754430374547,0.14869369182075576,-0.11308576231164746,-1.4705456201140141,3.4963517157053343
12,8,1.0,0.0,3,mkt_ma50,0.15,4,0.4529153430889962,0.27382252094074466,0.05854560589496205,-0.21380858555323634,-1.4710131874096444,2.5526376946185767
12,8,1.0,0.0,3,mkt_ma50,0.2,1,1.0865214401701735,1.3028647922648544,0.17552181960448698,-0.13471990389683186,-1.4518992421197408,6.114296203381826
12,8,1.0,0.0,3,mkt_ma50,0.2,2,1.0509162274907118,1.24527509592604,0.17131289309259223,-0.13757031972537492,-1.4705456201140141,4.2327426100628065
12,8,1.0,0.0,3,mkt_ma50,0.2,4,0.43228713083111003,0.2740050503648354,0.06617996537893922,-0.24152826851483633,-1.4710131874096446,3.0510265047021643
12,8,1.0,0.0,4,none,none,1,0.8962062002409239,0.8406397499381658,0.19369866758835785,-0.23041816378847846,-0.9167101437159684,11.827586206896552
12,8,1.0,0.0,4,none,none,2,0.9789324541887031,0.9214094084403381,0.20956158741661457,-0.22743591013612252,-0.8034231218173262,7.724137931034482
12,8,1.0,0.0,4,none,none,4,0.5711357006747709,0.4320221722123757,0.12228758345122848,-0.28305858198202316,-0.9453358659573968,5.275862068965518
12,8,1.0,0.0,4,none,0.15,1,0.9589859531718931,0.7995610328122112,0.14816682759644384,-0.1853102158759693,-0.9770364705753636,8.34822175796588
12,8,1.0,0.0,4,none,0.15,2,1.02238022670466,0.8917831553782478,0.15649314095596978,-0.17548340088302472,-0.7604712350914449,5.594716926412465
12,8,1.0,0.0,4,none,0.15,4,0.6247585047854141,0.43222099491732807,0.09445529486728899,-0.218534721769718,-0.8840815161563742,3.8774100559211417
12,8,1.0,0.0,4,none,0.2,1,0.9165468214781779,0.8054113848725987,0.1742581400508154,-0.21635917162802443,-0.902845900931376,9.94642209682708
12,8,1.0,0.0,4,none,0.2,2,0.9771069949427413,0.8509945755783163,0.1848189802583411,-0.21717997454066307,-0.7945363759095647,6.6115315608831375
12,8,1.0,0.0,4,none,0.2,4,0.5809548776650467,0.4061711581516039,0.10900992113523489,-0.2683841994870222,-0.9330992444189223,4.633100010594317
12,8,1.0,0.0,4,br30,none,1,0.7163672316057569,0.4378237690695494,0.14121497013006756,-0.3225383821215865,-2.7238838855379184,10.827586206896552
12,8,1.0,0.0,4,br30,none,2,0.9609459461243618,0.7875336826333601,0.19510921700805106,-0.24774713934221027,-1.7629495580607195,6.655172413793104
12,8,1.0,0.0,4,br30,none,4,0.551309814229461,0.3698691720417893,0.11359579760205296,-0.30712426497988443,-1.6041237018634709,4.482758620689656
12,8,1.0,0.0,4,br30,0.15,1,0.7518552838291858,0.4001024506839258,0.1115766928757731,-0.2788703060554778,-2.5297641106159756,7.757975743446543
12,8,1.0,0.0,4,br30,0.15,2,0.9420592196585483,0.6655936838052803,0.14101699463036743,-0.21186648560748966,-1.7160492113341805,4.872716967064476
12,8,1.0,0.0,4,br30,0.15,4,0.586559398127864,0.34021128474370455,0.08703479957589777,-0.2558257279486327,-1.5138107241718182,3.269085641458268
12,8,1.0,0.0,4,br30,0.2,1,0.7259806181056875,0.4162915785456216,0.12756669671918064,-0.30643592927066754,-2.6542291721223834,9.162298810532405
12,8,1.0,0.0,4,br30,0.2,2,0.9445403522401022,0.7174700235030145,0.16871097676540492,-0.23514707407799607,-1.7502001403232808,5.670214939794794
12,8,1.0,0.0,4,br30,0.2,4,0.5590185585740106,0.34528626947948365,0.10090726005022899,-0.2922423188224249,-1.5821019810167047,3.8907170160512683
12,8,1.0,0.0,4,br40,none,1,1.0064249163495862,0.8663092820189,0.1904426027845636,-0.21983211623999288,-1.5822689212943992,9.172413793103448
12,8,1.0,0.0,4,br40,none,2,0.9978330747305696,1.0602922552658192,0.1906457367216463,-0.17980489414576617,-0.9105202768749722,6.172413793103448
12,8,1.0,0.0,4,br40,none,4,0.6225564125444419,0.465177378000609,0.12102577030267225,-0.2601712293552543,-1.2596809976982746,4.275862068965518
12,8,1.0,0.0,4,br40,0.15,1,1.0593767318484009,0.8830621664998111,0.15330889520123026,-0.17361053504183055,-1.4515353390070502,6.702064333929149
12,8,1.0,0.0,4,br40,0.15,2,1.0187164136491895,1.0452102747773162,0.14810694966442095,-0.14170062545163498,-0.9139532603951737,4.57078155348587
12,8,1.0,0.0,4,br40,0.15,4,0.7208430247643332,0.5174534897526384,0.10621591648563222,-0.20526659610781117,-1.1469650661250834,3.1883317141550807
12,8,1.0,0.0,4,br40,0.2,1,1.0186469981900215,0.857028117843383,0.17323889096632938,-0.20213909830901,-1.5361952405173216,7.877328265443372
12,8,1.0,0.0,4,br40,0.2,2,0.9907196677585611,1.020026140388307,0.16939243156143946,-0.1660667554038905,-0.9169818187546024,5.3233866004800205
12,8,1.0,0.0,4,br40,0.2,4,0.630251963778963,0.44828830586832624,0.10914029955218862,-0.24346006381046648,-1.240315891054987,3.7553348664748176
12,8,1.0,0.0,4,mkt_ma20,none,1,0.7564741935585149,0.6272986948709258,0.1415286671817777,-0.22561607148074636,-1.4678135526833285,8.965517241379311
12,8,1.0,0.0,4,mkt_ma20,none,2,0.7228297018453896,0.5792654433478764,0.1362210828657111,-0.2351617629362086,-1.4301542858129812,6.0
12,8,1.0,0.0,4,mkt_ma20,none,4,0.6770378888047103,0.5025800976429805,0.12927246835260298,-0.25721764343409137,-1.0470143307649242,3.9655172413793105
12,8,1.0,0.0,4,mkt_ma20,0.15,1,0.8117972795661078,0.6244202712873753,0.11891501542524141,-0.19044067096039785,-1.4117102300685724,6.657711395177681
12,8,1.0,0.0,4,mkt_ma20,0.15,2,0.7147967412008511,0.5095556362427098,0.10283715309255936,-0.20181732038300193,-1.4301542858129812,4.5672615185919865
12,8,1.0,0.0,4,mkt_ma20,0.15,4,0.6919556583206135,0.4572424239677563,0.09812533130224699,-0.21460242129493778,-1.052761750503393,2.9512478948013414
12,8,1.0,0.0,4,mkt_ma20,0.2,1,0.7758785895721616,0.6265696826753088,0.1326576798522392,-0.21172055322852734,-1.441845395683912,7.764195582098329
12,8,1.0,0.0,4,mkt_ma20,0.2,2,0.7151637693278221,0.5477910132904973,0.12146617083777711,-0.2217381590620633,-1.4301542858129812,5.243750650838529
12,8,1.0,0.0,4,mkt_ma20,0.2,4,0.6816552739029573,0.48071502059649707,0.1163150879713799,-0.24196266600334204,-1.0470143307649242,3.4852678410334046
12,8,1.0,0.0,4,mkt_ma50,none,1,1.0784402666675816,1.1973087324208718,0.19011764372888096,-0.15878748611853588,-1.4519494544290812,7.862068965517241
12,8,1.0,0.0,4,mkt_ma50,none,2,0.9349718031952815,1.014451017507239,0.16550787653641708,-0.16315019028036615,-1.767236157082966,5.241379310344828
12,8,1.0,0.0,4,mkt_ma50,none,4,0.32760369517150756,0.1996083895894875,0.05652068975670099,-0.283157886664688,-1.7873525384818645,3.655172413793103
12,8,1.0,0.0,4,mkt_ma50,0.15,1,1.070215626933331,1.2113770738404572,0.14088951649686665,-0.11630525254221735,-1.447353490248872,5.304700482483166
12,8,1.0,0.0,4,mkt_ma50,0.15,2,0.9040505713567075,0.856310971699867,0.11887736718911102,-0.13882499596277154,-1.760412550958223,3.6603699721140477
12,8,1.0,0.0,4,mkt_ma50,0.15,4,0.2702137156544177,0.13912034789729488,0.033550270400144244,-0.24116005248141426,-1.7832365286054337,2.568761675385285
12,8,1.0,0.0,4,mkt_ma50,0.2,1,1.0522405199347344,1.2531065245876,0.16452236398285636,-0.13129160271270712,-1.4473534902488723,6.433963305919624
12,8,1.0,0.0,4,mkt_ma50,0.2,2,0.8916728498709716,0.9564385845118798,0.1398168686337271,-0.14618488933618556,-1.7604125509582231,4.377094710747113
12,8,1.0,0.0,4,mkt_ma50,0.2,4,0.2707393879851787,0.15127899066874603,0.04053587296993211,-0.267954411850176,-1.7832365286054337,3.1092172255774417
12,8,1.0,0.0,5,none,none,1,0.8071378683952963,0.6297601471499009,0.16037292570889639,-0.2546571523058334,-0.9888981948429993,10.413793103448276
12,8,1.0,0.0,5,none,none,2,1.031560915253412,1.0019251890198033,0.20774186024978025,-0.20734268638661224,-0.5861745066270138,6.993103448275863
12,8,1.0,0.0,5,none,none,4,0.6995669019592727,0.46053924004588725,0.13748953409839992,-0.29854032434825906,-1.067965913656899,4.786206896551725
12,8,1.0,0.0,5,none,0.15,1,0.8595537328787582,0.6245875599551771,0.13072144289478937,-0.20929242155282513,-0.9916199981512005,7.725047904836499
12,8,1.0,0.0,5,none,0.15,2,1.0935605011760248,0.9795917602045292,0.16475032572102166,-0.16818263731273464,-0.5382830454230513,5.245019651865288
12,8,1.0,0.0,5,none,0.15,4,0.6998926975735502,0.4058303629777152,0.10402311737083059,-0.2563216724534302,-1.0279714045661752,3.8463612558270603
12,8,1.0,0.0,5,none,0.2,1,0.7975345060736754,0.5752937636990739,0.14698731840299306,-0.255499585912215,-1.01206029856404,9.180534780030465
12,8,1.0,0.0,5,none,0.2,2,1.044583942292637,0.929657549809359,0.19205757161051107,-0.20658958952131945,-0.5832128444527047,6.154771967223717
12,8,1.0,0.0,5,none,0.2,4,0.6790379409068584,0.415996147028758,0.12273067211007471,-0.29502838664895203,-1.0658877705131036,4.421009957744055
12,8,1.0,0.0,5,br30,none,1,0.6007764089345975,0.32164545343124334,0.1075394184679046,-0.3343414847643503,-2.8822175669884667,9.80689655172414
12,8,1.0,0.0,5,br30,none,2,0.9370817307695126,0.7132708407562733,0.17803274960272586,-0.24960048754265585,-1.995591356455118,6.193103448275863
12,8,1.0,0.0,5,br30,none,4,0.6332950719521043,0.3945909340369131,0.11955434839155621,-0.3029830086779748,-1.8724312835196972,4.055172413793104
12,8,1.0,0.0,5,br30,0.15,1,0.6250077399139625,0.2993491941027336,0.08978582487314357,-0.2999367515996385,-2.7581196941625166,7.3425160492898724
12,8,1.0,0.0,5,br30,0.15,2,0.9194456412965367,0.594840300746838,0.13294531983772617,-0.22349749953190756,-2.0013185333468457,4.6651166489261735
12,8,1.0,0.0,5,br30,0.15,4,0.6284883114122918,0.3381272126589234,0.09032704652427315,-0.26713923973752474,-1.8356024558359798,3.179940719085092
12,8,1.0,0.0,5,br30,0.2,1,0.5957544571545653,0.3009449342070017,0.10028244989930557,-0.33322524655067753,-2.8728346616420675,8.719024637577402
12,8,1.0,0.0,5,br30,0.2,2,0.9304156916474212,0.6468490334506366,0.1607337360633776,-0.2484872477986686,-1.991856084993517,5.4576559399164095
12,8,1.0,0.0,5,br30,0.2,4,0.6130036153526881,0.3551596939048657,0.1063679536498614,-0.2994933137833864,-1.8700315549613746,3.6938416735118316
12,8,1.0,0.0,5,br40,none,1,0.8697342289527982,0.6127110844399851,0.14947668953252857,-0.24395949955622154,-2.038809416743355,8.455172413793104
12,8,1.0,0.0,5,br40,none,2,1.012835312828383,1.0320391415684866,0.17968620766823595,-0.17410793876979314,-1.0651328167528362,5.613793103448277
12,8,1.0,0.0,5,br40,none,4,0.7011337470721777,0.49720240979898533,0.12484288956532197,-0.25109067676440844,-1.4426827660114732,3.8068965517241384
12,8,1.0,0.0,5,br40,0.15,1,0.8844429068091666,0.5843788655547107,0.12350402066817412,-0.21134238068472966,-1.9736009489484958,6.432792221561085
12,8,1.0,0.0,5,br40,0.15,2,1.0249265416518325,0.9695604567542082,0.14341746377448983,-0.1479200835547766,-1.1031711065334429,4.303860396204788
12,8,1.0,0.0,5,br40,0.15,4,0.7487375299905312,0.5031813020974272,0.10632669503903802,-0.21130891508852367,-1.393054099099959,3.02283446569088
12,8,1.0,0.0,5,br40,0.2,1,0.853163341663474,0.5733388893313003,0.13894609744310715,-0.2423454958814385,-2.0318584262801447,7.611286502522829
12,8,1.0,0.0,5,br40,0.2,2,1.0122281487884868,0.9787231002098593,0.16661812502378748,-0.1702403110625068,-1.0520937376263868,5.019141421345195
12,8,1.0,0.0,5,br40,0.2,4,0.6858277452504448,0.46393666826409113,0.11430528412371133,-0.2463812238670564,-1.4420915824271208,3.500705381795168
12,8,1.0,0.0,5,mkt_ma20,none,1,0.6632678818357393,0.4512535133006953,0.11279211311064441,-0.24995287523774856,-1.8756016131327884,8.372413793103448
12,8,1.0,0.0,5,mkt_ma20,none,2,0.7603499623332978,0.6095026706558894,0.13349522678959813,-0.21902320238555006,-1.6733687117126064,5.558620689655172
12,8,1.0,0.0,5,mkt_ma20,none,4,0.7573374678842124,0.5374160227524426,0.13258099888683827,-0.24670086724956264,-1.3987534831038921,3.5586206896551724
12,8,1.0,0.0,5,mkt_ma20,0.15,1,0.6849431935534864,0.43100963586159347,0.09620877261700911,-0.22321721978369835,-1.8267227528865022,6.442522298800456
12,8,1.0,0.0,5,mkt_ma20,0.15,2,0.7416311610102582,0.5186533819080158,0.10251764759906035,-0.19766119565618112,-1.6733687117126064,4.341190982125964
12,8,1.0,0.0,5,mkt_ma20,0.15,4,0.737658792853781,0.46172340284941327,0.10113728133599187,-0.21904300434382973,-1.3987534831038921,2.8490335438243033
12,8,1.0,0.0,5,mkt_ma20,0.2,1,0.658246767466379,0.4314877709190164,0.10689756092771563,-0.2477418089973601,-1.868697137091922,7.5520654896831285
12,8,1.0,0.0,5,mkt_ma20,0.2,2,0.7573296288823562,0.5730731593382211,0.12374384934680172,-0.21593028277523907,-1.6733687117126064,5.00268261040903
12,8,1.0,0.0,5,mkt_ma20,0.2,4,0.7309187016415342,0.4955882297024272,0.11992866252658008,-0.24199255619648286,-1.3987534831038921,3.294542411709232
12,8,1.0,0.0,5,mkt_ma50,none,1,0.9867974944487305,1.2238679050283574,0.15632409187962204,-0.12772954600521202,-1.463784785277123,6.717241379310345
12,8,1.0,0.0,5,mkt_ma50,none,2,0.9069986380098146,0.8967933868766789,0.14884519915769334,-0.16597490719248753,-1.797531503745655,4.675862068965518
12,8,1.0,0.0,5,mkt_ma50,none,4,0.3924516015799982,0.2232721841713068,0.061118378737546,-0.2737393328434168,-1.8238187428026325,3.2413793103448283
12,8,1.0,0.0,5,mkt_ma50,0.15,1,0.9545667827138449,1.1380723273823687,0.12101888591296928,-0.10633672658689419,-1.4653169598967921,4.801129212956906
12,8,1.0,0.0,5,mkt_ma50,0.15,2,0.8681122481492131,0.763785135450147,0.11024001420406071,-0.144333804217189,-1.7928102623142235,3.3896618183083325
12,8,1.0,0.0,5,mkt_ma50,0.15,4,0.29704993200938945,0.1459103437278971,0.035352086583358755,-0.2422863635307828,-1.8238187428026325,2.4577782774204158
12,8,1.0,0.0,5,mkt_ma50,0.2,1,0.9424701093628962,1.118980526206175,0.14028039274178306,-0.12536446297005177,-1.4653169598967914,5.855417741717675
12,8,1.0,0.0,5,mkt_ma50,0.2,2,0.8668933349751408,0.7977491871749774,0.131050350880749,-0.16427512931079247,-1.7928102623142232,4.078808349277616
12,8,1.0,0.0,5,mkt_ma50,0.2,4,0.3186308637180919,0.16975990838299507,0.04585269892645516,-0.2701032261575387,-1.8238187428026325,2.9229767427167936
12,8,1.0,0.3,3,none,none,1,0.8780997727989625,0.7379895558091448,0.21045477034523175,-0.2851731012839137,-0.6615820314439357,12.666666666666668
12,8,1.0,0.3,3,none,none,2,1.1176407152860741,0.9920650461551241,0.2588199262623412,-0.2608900769817777,-0.6832803033927841,8.114942528735632
12,8,1.0,0.3,3,none,none,4,0.5841027595710241,0.42021974714346205,0.13348682272141477,-0.31765956652161487,-0.9653718262686027,5.494252873563218
12,8,1.0,0.3,3,none,0.15,1,1.0162777452883571,0.8710901889098601,0.16035934024408594,-0.18409039877348432,-0.5971153587997983,8.208587950310942
12,8,1.0,0.3,3,none,0.15,2,1.1934144483185976,1.0739613399414984,0.18507686360854003,-0.1723310297357833,-0.6076019379408204,5.599189428781755
12,8,1.0,0.3,3,none,0.15,4,0.7079119959972456,0.4983447231109474,0.10854827150871893,-0.2178176400285724,-0.8878077600937857,3.9267186894327772
12,8,1.0,0.3,3,none,0.2,1,0.9388396269548887,0.7895141049758597,0.18527838972023436,-0.23467394509170858,-0.5838130078070798,10.21235381727219
12,8,1.0,0.3,3,none,0.2,2,1.1344449013748554,0.9888494420730065,0.21879881970223103,-0.22126605971839863,-0.6255398197676993,6.7420181555696646
12,8,1.0,0.3,3,none,0.2,4,0.6426173360734768,0.4381194675212876,0.1221744851199309,-0.2788611193452494,-0.9352399297752123,4.7237493690236425
12,8,1.0,0.3,3,br30,none,1,0.6761783255318157,0.38415094749967327,0.1484434977970892,-0.3864197101771185,-2.708330514330382,11.10344827586207
12,8,1.0,0.3,3,br30,none,2,1.0798446236823371,0.8381909774202441,0.23846226392161274,-0.28449633835900245,-1.7509922290274786,6.735632183908045
12,8,1.0,0.3,3,br30,none,4,0.574064903172078,0.37255066908606776,0.12550521869341313,-0.33688093756830306,-1.5897440434058818,4.643678160919539
12,8,1.0,0.3,3,br30,0.15,1,0.7739017105364435,0.3975848811479884,0.1187700446496689,-0.2987287753667386,-2.4501331717825816,7.493547751617597
12,8,1.0,0.3,3,br30,0.15,2,1.0925050175926763,0.7720512790124429,0.16863713241554268,-0.21842737263676604,-1.6691551390282051,4.763000184752516
12,8,1.0,0.3,3,br30,0.15,4,0.6800810840826327,0.4022216922001198,0.10362703105612558,-0.2576366045533104,-1.4593263597873505,3.3199355985977674
12,8,1.0,0.3,3,br30,0.2,1,0.7382792981194423,0.4029995750506804,0.1343216547365067,-0.3333047056429642,-2.574281869376046,8.874878729399155
12,8,1.0,0.3,3,br30,0.2,2,1.081964087206685,0.8110501590771858,0.19821483333031287,-0.24439281727759232,-1.716070024229742,5.539316164693617
12,8,1.0,0.3,3,br30,0.2,4,0.6452552305931403,0.3966565407293894,0.11811306720680759,-0.2977716363623202,-1.5354303884448146,3.9101649330286907
12,8,1.0,0.3,3,br40,none,1,0.9682882155525586,0.6805953645277498,0.20282000926286514,-0.29800380642262747,-1.7538100978969902,9.2183908045977
12,8,1.0,0.3,3,br40,none,2,1.1057214398232562,0.9839976298920111,0.22907152485107596,-0.23279682581777705,-0.9259561030034285,6.275862068965518
12,8,1.0,0.3,3,br40,none,4,0.6146957825413646,0.4277914978019154,0.12618676932363537,-0.2949725975668289,-1.2850093194471042,4.32183908045977
12,8,1.0,0.3,3,br40,0.15,1,1.072372909854031,0.7733499934592856,0.16083005031365505,-0.20796541239270372,-1.5745676347806554,6.368844620961413
12,8,1.0,0.3,3,br40,0.15,2,1.1646319382819323,1.0818578306952464,0.17193467077945157,-0.15892538363285613,-0.928870949707731,4.490484647988221
12,8,1.0,0.3,3,br40,0.15,4,0.7690367882807647,0.5278543546591539,0.11406962924224873,-0.21610057440163732,-1.1359104028636942,3.166365175653574
12,8,1.0,0.3,3,br40,0.2,1,1.0302739060289092,0.7461626933954526,0.18109757564307172,-0.24270521328127204,-1.6598792334019181,7.490789066112541
12,8,1.0,0.3,3,br40,0.2,2,1.1211776994021532,1.0397789268301414,0.1947487905406844,-0.1872982665020856,-0.9394049099655775,5.230549165684424
12,8,1.0,0.3,3,br40,0.2,4,0.6658200048716154,0.45176718745615446,0.11554632538341081,-0.25576520073101805,-1.2374140504048996,3.703044276914913
12,8,1.0,0.3,3,mkt_ma20,none,1,0.7103359843981586,0.45534796438825764,0.14651912173926407,-0.32177396891651167,-1.6801475339353698,9.03448275862069
12,8,1.0,0.3,3,mkt_ma20,none,2,0.8264855558503605,0.6120773978929359,0.1689239638477169,-0.2759846457804752,-1.3644246591151548,6.0459770114942515
12,8,1.0,0.3,3,mkt_ma20,none,4,0.7049845087675909,0.5148407413956981,0.14153267885591458,-0.2749057474982053,-1.0167329343907006,4.091954022988506
12,8,1.0,0.3,3,mkt_ma20,0.15,1,0.8046928027344008,0.505925632520419,0.12130571607099316,-0.23976985602937861,-1.5829528187524924,6.375945591250849
12,8,1.0,0.3,3,mkt_ma20,0.15,2,0.8528007782395997,0.595069864192347,0.12527234747881622,-0.2105170418079244,-1.3644246591151548,4.4354614945168755
12,8,1.0,0.3,3,mkt_ma20,0.15,4,0.7918546620913404,0.5329691966865955,0.11352424018001095,-0.21300337971833516,-1.01995545880684,3.00101385250252
12,8,1.0,0.3,3,mkt_ma20,0.2,1,0.7676317767594565,0.5003371138864682,0.13507005630980262,-0.26995809937147985,-1.6187901295068214,7.438076921166198
12,8,1.0,0.3,3,mkt_ma20,0.2,2,0.8377219729398113,0.6190292655083407,0.1447346791968409,-0.2338091060654236,-1.3644246591151548,5.102597911046095
12,8,1.0,0.3,3,mkt_ma20,0.2,4,0.7790250803266626,0.5500553667695047,0.13215266407546156,-0.24025338549389852,-1.0167329343907006,3.5002616087331133
12,8,1.0,0.3,3,mkt_ma50,none,1,1.058294247541754,1.1037559107746346,0.20824947087671308,-0.1886734819209802,-1.4444611899826434,7.977011494252873
12,8,1.0,0.3,3,mkt_ma50,none,2,1.067987288083885,1.2210100469629368,0.21182081441090084,-0.17347999300887862,-1.4720946087619209,5.35632183908046
12,8,1.0,0.3,3,mkt_ma50,none,4,0.40995201900728334,0.2783228525716457,0.07759104768959535,-0.278780728828661,-1.4720946087619209,3.7471264367816093
12,8,1.0,0.3,3,mkt_ma50,0.15,1,1.1333882985645496,1.5102189464970401,0.15471655237642934,-0.10244643846860424,-1.4518992421197408,4.998590615624078
12,8,1.0,0.3,3,mkt_ma50,0.15,2,1.0809949283328397,1.3148754430374547,0.14869369182075576,-0.11308576231164746,-1.4705456201140141,3.4963517157053343
12,8,1.0,0.3,3,mkt_ma50,0.15,4,0.4529153430889962,0.27382252094074466,0.05854560589496205,-0.21380858555323634,-1.4710131874096444,2.5526376946185767
12,8,1.0,0.3,3,mkt_ma50,0.2,1,1.0865214401701735,1.3028647922648544,0.17552181960448698,-0.13471990389683186,-1.4518992421197408,6.114296203381826
12,8,1.0,0.3,3,mkt_ma50,0.2,2,1.0509162274907118,1.24527509592604,0.17131289309259223,-0.13757031972537492,-1.4705456201140141,4.2327426100628065
12,8,1.0,0.3,3,mkt_ma50,0.2,4,0.43228713083111003,0.2740050503648354,0.06617996537893922,-0.24152826851483633,-1.4710131874096446,3.0510265047021643
12,8,1.0,0.3,4,none,none,1,0.8962062002409239,0.8406397499381658,0.19369866758835785,-0.23041816378847846,-0.9167101437159684,11.827586206896552
12,8,1.0,0.3,4,none,none,2,0.9789324541887031,0.9214094084403381,0.20956158741661457,-0.22743591013612252,-0.8034231218173262,7.724137931034482
12,8,1.0,0.3,4,none,none,4,0.5711357006747709,0.4320221722123757,0.12228758345122848,-0.28305858198202316,-0.9453358659573968,5.275862068965518
12,8,1.0,0.3,4,none,0.15,1,0.9589859531718931,0.7995610328122112,0.14816682759644384,-0.1853102158759693,-0.9770364705753636,8.34822175796588
12,8,1.0,0.3,4,none,0.15,2,1.02238022670466,0.8917831553782478,0.15649314095596978,-0.17548340088302472,-0.7604712350914449,5.594716926412465
12,8,1.0,0.3,4,none,0.15,4,0.6247585047854141,0.43222099491732807,0.09445529486728899,-0.218534721769718,-0.8840815161563742,3.8774100559211417
12,8,1.0,0.3,4,none,0.2,1,0.9165468214781779,0.8054113848725987,0.1742581400508154,-0.21635917162802443,-0.902845900931376,9.94642209682708
12,8,1.0,0.3,4,none,0.2,2,0.9771069949427413,0.8509945755783163,0.1848189802583411,-0.21717997454066307,-0.7945363759095647,6.6115315608831375
12,8,1.0,0.3,4,none,0.2,4,0.5809548776650467,0.4061711581516039,0.10900992113523489,-0.2683841994870222,-0.9330992444189223,4.633100010594317
12,8,1.0,0.3,4,br30,none,1,0.7163672316057569,0.4378237690695494,0.14121497013006756,-0.3225383821215865,-2.7238838855379184,10.827586206896552
12,8,1.0,0.3,4,br30,none,2,0.9609459461243618,0.7875336826333601,0.19510921700805106,-0.24774713934221027,-1.7629495580607195,6.655172413793104
12,8,1.0,0.3,4,br30,none,4,0.551309814229461,0.3698691720417893,0.11359579760205296,-0.30712426497988443,-1.6041237018634709,4.482758620689656
12,8,1.0,0.3,4,br30,0.15,1,0.7518552838291858,0.4001024506839258,0.1115766928757731,-0.2788703060554778,-2.5297641106159756,7.757975743446543
12,8,1.0,0.3,4,br30,0.15,2,0.9420592196585483,0.6655936838052803,0.14101699463036743,-0.21186648560748966,-1.7160492113341805,4.872716967064476
12,8,1.0,0.3,4,br30,0.15,4,0.586559398127864,0.34021128474370455,0.08703479957589777,-0.2558257279486327,-1.5138107241718182,3.269085641458268
12,8,1.0,0.3,4,br30,0.2,1,0.7259806181056875,0.4162915785456216,0.12756669671918064,-0.30643592927066754,-2.6542291721223834,9.162298810532405
12,8,1.0,0.3,4,br30,0.2,2,0.9445403522401022,0.7174700235030145,0.16871097676540492,-0.23514707407799607,-1.7502001403232808,5.670214939794794
12,8,1.0,0.3,4,br30,0.2,4,0.5590185585740106,0.34528626947948365,0.10090726005022899,-0.2922423188224249,-1.5821019810167047,3.8907170160512683
12,8,1.0,0.3,4,br40,none,1,1.0064249163495862,0.8663092820189,0.1904426027845636,-0.21983211623999288,-1.5822689212943992,9.172413793103448
12,8,1.0,0.3,4,br40,none,2,0.9978330747305696,1.0602922552658192,0.1906457367216463,-0.17980489414576617,-0.9105202768749722,6.172413793103448
12,8,1.0,0.3,4,br40,none,4,0.6225564125444419,0.465177378000609,0.12102577030267225,-0.2601712293552543,-1.2596809976982746,4.275862068965518
12,8,1.0,0.3,4,br40,0.15,1,1.0593767318484009,0.8830621664998111,0.15330889520123026,-0.17361053504183055,-1.4515353390070502,6.702064333929149
12,8,1.0,0.3,4,br40,0.15,2,1.0187164136491895,1.0452102747773162,0.14810694966442095,-0.14170062545163498,-0.9139532603951737,4.57078155348587
12,8,1.0,0.3,4,br40,0.15,4,0.7208430247643332,0.5174534897526384,0.10621591648563222,-0.20526659610781117,-1.1469650661250834,3.1883317141550807
12,8,1.0,0.3,4,br40,0.2,1,1.0186469981900215,0.857028117843383,0.17323889096632938,-0.20213909830901,-1.5361952405173216,7.877328265443372
12,8,1.0,0.3,4,br40,0.2,2,0.9907196677585611,1.020026140388307,0.16939243156143946,-0.1660667554038905,-0.9169818187546024,5.3233866004800205
12,8,1.0,0.3,4,br40,0.2,4,0.630251963778963,0.44828830586832624,0.10914029955218862,-0.24346006381046648,-1.240315891054987,3.7553348664748176
12,8,1.0,0.3,4,mkt_ma20,none,1,0.7564741935585149,0.6272986948709258,0.1415286671817777,-0.22561607148074636,-1.4678135526833285,8.965517241379311
12,8,1.0,0.3,4,mkt_ma20,none,2,0.7228297018453896,0.5792654433478764,0.1362210828657111,-0.2351617629362086,-1.4301542858129812,6.0
12,8,1.0,0.3,4,mkt_ma20,none,4,0.6770378888047103,0.5025800976429805,0.12927246835260298,-0.25721764343409137,-1.0470143307649242,3.9655172413793105
12,8,1.0,0.3,4,mkt_ma20,0.15,1,0.8117972795661078,0.6244202712873753,0.11891501542524141,-0.19044067096039785,-1.4117102300685724,6.657711395177681
12,8,1.0,0.3,4,mkt_ma20,0.15,2,0.7147967412008511,0.5095556362427098,0.10283715309255936,-0.20181732038300193,-1.4301542858129812,4.5672615185919865
12,8,1.0,0.3,4,mkt_ma20,0.15,4,0.6919556583206135,0.4572424239677563,0.09812533130224699,-0.21460242129493778,-1.052761750503393,2.9512478948013414
12,8,1.0,0.3,4,mkt_ma20,0.2,1,0.7758785895721616,0.6265696826753088,0.1326576798522392,-0.21172055322852734,-1.441845395683912,7.764195582098329
12,8,1.0,0.3,4,mkt_ma20,0.2,2,0.7151637693278221,0.5477910132904973,0.12146617083777711,-0.2217381590620633,-1.4301542858129812,5.243750650838529
12,8,1.0,0.3,4,mkt_ma20,0.2,4,0.6816552739029573,0.48071502059649707,0.1163150879713799,-0.24196266600334204,-1.0470143307649242,3.4852678410334046
12,8,1.0,0.3,4,mkt_ma50,none,1,1.0784402666675816,1.1973087324208718,0.19011764372888096,-0.15878748611853588,-1.4519494544290812,7.862068965517241
12,8,1.0,0.3,4,mkt_ma50,none,2,0.9349718031952815,1.014451017507239,0.16550787653641708,-0.16315019028036615,-1.767236157082966,5.241379310344828
12,8,1.0,0.3,4,mkt_ma50,none,4,0.32760369517150756,0.1996083895894875,0.05652068975670099,-0.283157886664688,-1.7873525384818645,3.655172413793103
12,8,1.0,0.3,4,mkt_ma50,0.15,1,1.070215626933331,1.2113770738404572,0.14088951649686665,-0.11630525254221735,-1.447353490248872,5.304700482483166
12,8,1.0,0.3,4,mkt_ma50,0.15,2,0.9040505713567075,0.856310971699867,0.11887736718911102,-0.13882499596277154,-1.760412550958223,3.6603699721140477
12,8,1.0,0.3,4,mkt_ma50,0.15,4,0.2702137156544177,0.13912034789729488,0.033550270400144244,-0.24116005248141426,-1.7832365286054337,2.568761675385285
12,8,1.0,0.3,4,mkt_ma50,0.2,1,1.0522405199347344,1.2531065245876,0.16452236398285636,-0.13129160271270712,-1.4473534902488723,6.433963305919624
12,8,1.0,0.3,4,mkt_ma50,0.2,2,0.8916728498709716,0.9564385845118798,0.1398168686337271,-0.14618488933618556,-1.7604125509582231,4.377094710747113
12,8,1.0,0.3,4,mkt_ma50,0.2,4,0.2707393879851787,0.15127899066874603,0.04053587296993211,-0.267954411850176,-1.7832365286054337,3.1092172255774417
12,8,1.0,0.3,5,none,none,1,0.8071378683952963,0.6297601471499009,0.16037292570889639,-0.2546571523058334,-0.9888981948429993,10.413793103448276
12,8,1.0,0.3,5,none,none,2,1.031560915253412,1.0019251890198033,0.20774186024978025,-0.20734268638661224,-0.5861745066270138,6.993103448275863
12,8,1.0,0.3,5,none,none,4,0.6995669019592727,0.46053924004588725,0.13748953409839992,-0.29854032434825906,-1.067965913656899,4.786206896551725
12,8,1.0,0.3,5,none,0.15,1,0.8595537328787582,0.6245875599551771,0.13072144289478937,-0.20929242155282513,-0.9916199981512005,7.725047904836499
12,8,1.0,0.3,5,none,0.15,2,1.0935605011760248,0.9795917602045292,0.16475032572102166,-0.16818263731273464,-0.5382830454230513,5.245019651865288
12,8,1.0,0.3,5,none,0.15,4,0.6998926975735502,0.4058303629777152,0.10402311737083059,-0.2563216724534302,-1.0279714045661752,3.8463612558270603
12,8,1.0,0.3,5,none,0.2,1,0.7975345060736754,0.5752937636990739,0.14698731840299306,-0.255499585912215,-1.01206029856404,9.180534780030465
12,8,1.0,0.3,5,none,0.2,2,1.044583942292637,0.929657549809359,0.19205757161051107,-0.20658958952131945,-0.5832128444527047,6.154771967223717
12,8,1.0,0.3,5,none,0.2,4,0.6790379409068584,0.415996147028758,0.12273067211007471,-0.29502838664895203,-1.0658877705131036,4.421009957744055
12,8,1.0,0.3,5,br30,none,1,0.6007764089345975,0.32164545343124334,0.1075394184679046,-0.3343414847643503,-2.8822175669884667,9.80689655172414
12,8,1.0,0.3,5,br30,none,2,0.9370817307695126,0.7132708407562733,0.17803274960272586,-0.24960048754265585,-1.995591356455118,6.193103448275863
12,8,1.0,0.3,5,br30,none,4,0.6332950719521043,0.3945909340369131,0.11955434839155621,-0.3029830086779748,-1.8724312835196972,4.055172413793104
12,8,1.0,0.3,5,br30,0.15,1,0.6250077399139625,0.2993491941027336,0.08978582487314357,-0.2999367515996385,-2.7581196941625166,7.3425160492898724
12,8,1.0,0.3,5,br30,0.15,2,0.9194456412965367,0.594840300746838,0.13294531983772617,-0.22349749953190756,-2.0013185333468457,4.6651166489261735
12,8,1.0,0.3,5,br30,0.15,4,0.6284883114122918,0.3381272126589234,0.09032704652427315,-0.26713923973752474,-1.8356024558359798,3.179940719085092
12,8,1.0,0.3,5,br30,0.2,1,0.5957544571545653,0.3009449342070017,0.10028244989930557,-0.33322524655067753,-2.8728346616420675,8.719024637577402
12,8,1.0,0.3,5,br30,0.2,2,0.9304156916474212,0.6468490334506366,0.1607337360633776,-0.2484872477986686,-1.991856084993517,5.4576559399164095
12,8,1.0,0.3,5,br30,0.2,4,0.6130036153526881,0.3551596939048657,0.1063679536498614,-0.2994933137833864,-1.8700315549613746,3.6938416735118316
12,8,1.0,0.3,5,br40,none,1,0.8697342289527982,0.6127110844399851,0.14947668953252857,-0.24395949955622154,-2.038809416743355,8.455172413793104
12,8,1.0,0.3,5,br40,none,2,1.012835312828383,1.0320391415684866,0.17968620766823595,-0.17410793876979314,-1.0651328167528362,5.613793103448277
12,8,1.0,0.3,5,br40,none,4,0.7011337470721777,0.49720240979898533,0.12484288956532197,-0.25109067676440844,-1.4426827660114732,3.8068965517241384
12,8,1.0,0.3,5,br40,0.15,1,0.8844429068091666,0.5843788655547107,0.12350402066817412,-0.21134238068472966,-1.9736009489484958,6.432792221561085
12,8,1.0,0.3,5,br40,0.15,2,1.0249265416518325,0.9695604567542082,0.14341746377448983,-0.1479200835547766,-1.1031711065334429,4.303860396204788
12,8,1.0,0.3,5,br40,0.15,4,0.7487375299905312,0.5031813020974272,0.10632669503903802,-0.21130891508852367,-1.393054099099959,3.02283446569088
12,8,1.0,0.3,5,br40,0.2,1,0.853163341663474,0.5733388893313003,0.13894609744310715,-0.2423454958814385,-2.0318584262801447,7.611286502522829
12,8,1.0,0.3,5,br40,0.2,2,1.0122281487884868,0.9787231002098593,0.16661812502378748,-0.1702403110625068,-1.0520937376263868,5.019141421345195
12,8,1.0,0.3,5,br40,0.2,4,0.6858277452504448,0.46393666826409113,0.11430528412371133,-0.2463812238670564,-1.4420915824271208,3.500705381795168
12,8,1.0,0.3,5,mkt_ma20,none,1,0.6632678818357393,0.4512535133006953,0.11279211311064441,-0.24995287523774856,-1.8756016131327884,8.372413793103448
12,8,1.0,0.3,5,mkt_ma20,none,2,0.7603499623332978,0.6095026706558894,0.13349522678959813,-0.21902320238555006,-1.6733687117126064,5.558620689655172
12,8,1.0,0.3,5,mkt_ma20,none,4,0.7573374678842124,0.5374160227524426,0.13258099888683827,-0.24670086724956264,-1.3987534831038921,3.5586206896551724
12,8,1.0,0.3,5,mkt_ma20,0.15,1,0.6849431935534864,0.43100963586159347,0.09620877261700911,-0.22321721978369835,-1.8267227528865022,6.442522298800456
12,8,1.0,0.3,5,mkt_ma20,0.15,2,0.7416311610102582,0.5186533819080158,0.10251764759906035,-0.19766119565618112,-1.6733687117126064,4.341190982125964
12,8,1.0,0.3,5,mkt_ma20,0.15,4,0.737658792853781,0.46172340284941327,0.10113728133599187,-0.21904300434382973,-1.3987534831038921,2.8490335438243033
12,8,1.0,0.3,5,mkt_ma20,0.2,1,0.658246767466379,0.4314877709190164,0.10689756092771563,-0.2477418089973601,-1.868697137091922,7.5520654896831285
12,8,1.0,0.3,5,mkt_ma20,0.2,2,0.7573296288823562,0.5730731593382211,0.12374384934680172,-0.21593028277523907,-1.6733687117126064,5.00268261040903
12,8,1.0,0.3,5,mkt_ma20,0.2,4,0.7309187016415342,0.4955882297024272,0.11992866252658008,-0.24199255619648286,-1.3987534831038921,3.294542411709232
12,8,1.0,0.3,5,mkt_ma50,none,1,0.9867974944487305,1.2238679050283574,0.15632409187962204,-0.12772954600521202,-1.463784785277123,6.717241379310345
12,8,1.0,0.3,5,mkt_ma50,none,2,0.9069986380098146,0.8967933868766789,0.14884519915769334,-0.16597490719248753,-1.797531503745655,4.675862068965518
12,8,1.0,0.3,5,mkt_ma50,none,4,0.3924516015799982,0.2232721841713068,0.061118378737546,-0.2737393328434168,-1.8238187428026325,3.2413793103448283
12,8,1.0,0.3,5,mkt_ma50,0.15,1,0.9545667827138449,1.1380723273823687,0.12101888591296928,-0.10633672658689419,-1.4653169598967921,4.801129212956906
12,8,1.0,0.3,5,mkt_ma50,0.15,2,0.8681122481492131,0.763785135450147,0.11024001420406071,-0.144333804217189,-1.7928102623142235,3.3896618183083325
12,8,1.0,0.3,5,mkt_ma50,0.15,4,0.29704993200938945,0.1459103437278971,0.035352086583358755,-0.2422863635307828,-1.8238187428026325,2.4577782774204158
12,8,1.0,0.3,5,mkt_ma50,0.2,1,0.9424701093628962,1.118980526206175,0.14028039274178306,-0.12536446297005177,-1.4653169598967914,5.855417741717675
12,8,1.0,0.3,5,mkt_ma50,0.2,2,0.8668933349751408,0.7977491871749774,0.131050350880749,-0.16427512931079247,-1.7928102623142232,4.078808349277616
12,8,1.0,0.3,5,mkt_ma50,0.2,4,0.3186308637180919,0.16975990838299507,0.04585269892645516,-0.2701032261575387,-1.8238187428026325,2.9229767427167936
12,8,1.5,0.0,3,none,none,1,0.9715137216192926,0.83960067205182,0.22289740517805878,-0.2654802605545099,-0.7790122169005297,12.114942528735634
12,8,1.5,0.0,3,none,none,2,1.1928697962940662,1.1677463031763173,0.2613806694906351,-0.22383343777639808,-0.4160122007040551,8.160919540229886
12,8,1.5,0.0,3,none,none,4,0.40377473719539764,0.2599841146356508,0.086236541282664,-0.331699270947836,-1.0988641233324723,5.494252873563219
12,8,1.5,0.0,3,none,0.15,1,1.0975854714057156,0.9038626334043238,0.1695217724710414,-0.1875525839944856,-0.7324884888944629,8.13300444246524
12,8,1.5,0.0,3,none,0.15,2,1.2901154968768291,1.3154436170297155,0.19606169373015003,-0.14904606415047972,-0.34316921682221835,5.793293333683232
12,8,1.5,0.0,3,none,0.15,4,0.554575145896238,0.3447862586904064,0.08305900880222117,-0.24089999734241807,-1.0158301568906152,4.116977638697053
12,8,1.5,0.0,3,none,0.2,1,1.0321684600912346,0.8859684752223403,0.19967840858505093,-0.2253786835191175,-0.7126618971242444,9.931815845354482
12,8,1.5,0.0,3,none,0.2,2,1.2340534535169256,1.272542081297396,0.2360380153242676,-0.18548543014280483,-0.33136379406086586,6.9675546290859804
12,8,1.5,0.0,3,none,0.2,4,0.4739071578771372,0.2904227326422045,0.08935520848311462,-0.3076729141351294,-1.082796999281399,4.92843240261964
12,8,1.5,0.0,3,br30,none,1,0.7285945601477744,0.4502825547532209,0.15349258844604186,-0.3408806022479909,-2.4790989049315617,10.919540229885056
12,8,1.5,0.0,3,br30,none,2,1.0391172718941735,0.752485863599154,0.21514679805026748,-0.2859147373496378,-1.8106559086698444,6.9655172413793105
12,8,1.5,0.0,3,br30,none,4,0.382474326117442,0.22417531048673178,0.07732798261859597,-0.3449442423017086,-1.7321946757634712,4.597701149425287
12,8,1.5,0.0,3,br30,0.15,1,0.841245365325581,0.48395154456064104,0.12650301565231614,-0.2613960365952811,-2.1993588146878493,7.568008008949411
12,8,1.5,0.0,3,br30,0.15,2,1.073113286372722,0.720577738092657,0.16146042171451191,-0.22407078817323967,-1.7540276835032367,5.056259287813636
12,8,1.5,0.0,3,br30,0.15,4,0.5118226596126494,0.2731660880897572,0.07586964598432222,-0.2777418182281576,-1.632278202498509,3.449232621152788
12,8,1.5,0.0,3,br30,0.2,1,0.7897591653584357,0.48574602798928795,0.14254693636186033,-0.29345980851747466,-2.328322607801572,8.99893194882316
12,8,1.5,0.0,3,br30,0.2,2,1.0520208508600457,0.7579498758804825,0.1904201002219199,-0.25123046560396345,-1.7998056346479632,5.945986204090895
12,8,1.5,0.0,3,br30,0.2,4,0.4532087601729651,0.25505600109697063,0.08175215613586984,-0.32052629926079723,-1.7167860043147989,4.068137725909208
12,8,1.5,0.0,3,br40,none,1,0.9836831236629181,0.6943929034765541,0.19724735696751883,-0.28405727647845813,-1.5234157281896024,9.448275862068966
12,8,1.5,0.0,3,br40,none,2,1.0923618008334945,0.9076129894708024,0.2112894230197866,-0.2327968258177774,-0.9259561030034285,6.5057471264367805
12,8,1.5,0.0,3,br40,none,4,0.48776457586757116,0.31016963076230974,0.09149154167230278,-0.29497259756682914,-1.2850093194471042,4.32183908045977
12,8,1.5,0.0,3,br40,0.15,1,1.103987496121101,0.8387471511253899,0.1629146037749365,-0.19423565678446197,-1.31628752859936,6.7217248961694915
12,8,1.5,0.0,3,br40,0.15,2,1.1579908907707614,1.0165565476432181,0.16647271973000688,-0.1637613963689052,-0.9326172827501219,4.745995505221817
12,8,1.5,0.0,3,br40,0.15,4,0.6438378082094479,0.4042894992057958,0.09257433201626664,-0.22898030297132066,-1.1749225261022271,3.290044170534257
12,8,1.5,0.0,3,br40,0.2,1,1.0450410889463477,0.7944336834526909,0.18291408927299702,-0.23024462970657722,-1.4124767270643317,7.925368906140191
12,8,1.5,0.0,3,br40,0.2,2,1.1044313089624878,0.9808485759960802,0.18987424173222744,-0.1935816051314594,-0.9444289641625279,5.592594988541299
12,8,1.5,0.0,3,br40,0.2,4,0.525706235323391,0.32990558691645805,0.08979038368236236,-0.2721699396533711,-1.2817420241859308,3.883275273920575
12,8,1.5,0.0,3,mkt_ma20,none,1,0.8004402984759075,0.5834468235373541,0.1584437312432918,-0.27156499076071794,-1.4041711626194384,9.2183908045977
12,8,1.5,0.0,3,mkt_ma20,none,2,0.7976801381746245,0.5462888990100396,0.15155142165861446,-0.27741991816646683,-1.4338459294762997,6.229885057471264
12,8,1.5,0.0,3,mkt_ma20,none,4,0.5694950642810733,0.34755395296974045,0.10363995771484436,-0.29819818427980216,-1.1683773568626987,4.091954022988506
12,8,1.5,0.0,3,mkt_ma20,0.15,1,0.9002813232675935,0.6645564055940548,0.1328172957813487,-0.19985857432616538,-1.2996776341529457,6.703535726196822
12,8,1.5,0.0,3,mkt_ma20,0.15,2,0.8287075536691076,0.5470041274721035,0.11855060347215618,-0.21672707301134964,-1.4338459294762997,4.698777412791767
12,8,1.5,0.0,3,mkt_ma20,0.15,4,0.6651425580882958,0.3878681203548505,0.0920651790131164,-0.2373620676246564,-1.1600639784099698,3.1548358195716073
12,8,1.5,0.0,3,mkt_ma20,0.2,1,0.8539414548604849,0.6552685653142742,0.14900497934859014,-0.22739528070772885,-1.337643502748707,7.8354527058311385
12,8,1.5,0.0,3,mkt_ma20,0.2,2,0.8094846244112646,0.5723940519585298,0.13817009218360599,-0.24138981128618797,-1.4338459294762997,5.466767808478431
12,8,1.5,0.0,3,mkt_ma20,0.2,4,0.6277181736450933,0.38340774422659973,0.10418156432560877,-0.27172524784485286,-1.1683773568626987,3.6908036494871124
12,8,1.5,0.0,3,mkt_ma50,none,1,1.0835270654554774,1.207141561066645,0.20286232137121396,-0.16805180760404137,-1.4444611899826434,8.022988505747126
12,8,1.5,0.0,3,mkt_ma50,none,2,1.0916582817568607,1.1997192374867445,0.2014486080387483,-0.16791312645845113,-1.4720946087619209,5.310344827586207
12,8,1.5,0.0,3,mkt_ma50,none,4,0.2615800693532078,0.15923963894483412,0.04439294260345372,-0.27878072882866123,-1.4720946087619209,3.655172413793103
12,8,1.5,0.0,3,mkt_ma50,0.15,1,1.1529259352101593,1.4769389089669596,0.15332911608549926,-0.10381547615449094,-1.4514122332851347,5.282393303107462
12,8,1.5,0.0,3,mkt_ma50,0.15,2,1.1186466533329096,1.3047707455423738,0.14995695406510956,-0.11492973350101798,-1.4712662675540173,3.636374291135192
12,8,1.5,0.0,3,mkt_ma50,0.15,4,0.31123563663184056,0.17209963184072793,0.03856907705288015,-0.22410900383897658,-1.4719594817809238,2.6282470085023784
12,8,1.5,0.0,3,mkt_ma50,0.2,1,1.0976652951593573,1.2820852488245114,0.17599015753511282,-0.13726868606940967,-1.4514122332851354,6.438360246092555
12,8,1.5,0.0,3,mkt_ma50,0.2,2,1.0782539908034396,1.1805458429988671,0.17447870322187975,-0.1477949410068332,-1.4712662675540171,4.43808470577233
12,8,1.5,0.0,3,mkt_ma50,0.2,4,0.28119561735332244,0.1653890280635997,0.04215902010756101,-0.2549082040154981,-1.4719594817809243,3.167164593711983
12,8,1.5,0.0,4,none,none,1,0.9891339689287991,0.7924312991046918,0.20690762246321226,-0.26110480832468574,-1.0117639197905655,11.03448275862069
12,8,1.5,0.0,4,none,none,2,1.1062315922488946,0.9345176038379224,0.23364406285751538,-0.25001568926896034,-0.7211633571935406,7.241379310344827
12,8,1.5,0.0,4,none,none,4,0.684640953027733,0.4752366590687789,0.1409259845720936,-0.2965385390265064,-0.9223840264080445,5.0344827586206895
12,8,1.5,0.0,4,none,0.15,1,1.1022268247151432,0.8393730092944494,0.16912860398841945,-0.20149397480696174,-0.9982435732219553,7.850503839637286
12,8,1.5,0.0,4,none,0.15,2,1.207792471122529,0.9897379655642735,0.18369829627014878,-0.1856029602394993,-0.6619048002359912,5.263011129620567
12,8,1.5,0.0,4,none,0.15,4,0.7524303855319621,0.47506142150892877,0.11274486965369812,-0.23732693194827037,-0.8842136459638228,3.8738287161283784
12,8,1.5,0.0,4,none,0.2,1,1.0374855242845635,0.8000715333577314,0.19522597869077152,-0.24401065473664496,-0.9906225793634502,9.404602074560922
12,8,1.5,0.0,4,none,0.2,2,1.15091901330185,0.9300468262331045,0.2163018881680463,-0.2325709653180763,-0.6889653532799904,6.254823611176854
12,8,1.5,0.0,4,none,0.2,4,0.7072499209300166,0.45513322525431094,0.1308846893787421,-0.28757445538195714,-0.9198744881734624,4.562563873778538
12,8,1.5,0.0,4,br30,none,1,0.7639613844342801,0.46007392692315385,0.1443667908637416,-0.3137904202249113,-2.7969081749441025,10.310344827586206
12,8,1.5,0.0,4,br30,none,2,1.0325447091969955,0.7784223923470102,0.2059090238154213,-0.26452094112373614,-1.8094452076701562,6.344827586206897
12,8,1.5,0.0,4,br30,none,4,0.6603261483930347,0.4476645624119427,0.12969408390035442,-0.2897126437741333,-1.4590544376857473,4.241379310344827
12,8,1.5,0.0,4,br30,0.15,1,0.838758002832011,0.46308138310901764,0.12385854563236731,-0.2674660440910206,-2.614346623238931,7.486395135961864
12,8,1.5,0.0,4,br30,0.15,2,1.0576116454257598,0.7223705592603453,0.1581505601320632,-0.21893273210635522,-1.7558122059826233,4.678914610551506
12,8,1.5,0.0,4,br30,0.15,4,0.7165673030787832,0.4285339707787024,0.10511712620172209,-0.2452947336023571,-1.3864373392281344,3.255878474938165
12,8,1.5,0.0,4,br30,0.2,1,0.8062820563433157,0.4728667802761219,0.1398369922762681,-0.2957217510492339,-2.730444599537787,8.89653910503166
12,8,1.5,0.0,4,br30,0.2,2,1.0580856609147251,0.7582992091732598,0.18734506336067458,-0.24705955260711487,-1.8059360231333397,5.505476346071022
12,8,1.5,0.0,4,br30,0.2,4,0.6846291943363135,0.4316154800278013,0.12113788213102916,-0.2806615789665987,-1.455944408138922,3.823722646595905
12,8,1.5,0.0,4,br40,none,1,1.0482855184984896,0.8123798090539671,0.1902104168971852,-0.2341397641562376,-1.6968672671075493,8.89655172413793
12,8,1.5,0.0,4,br40,none,2,1.1004520719898632,1.0838072571426773,0.2053086963424895,-0.18943284886628298,-0.8492280949379937,5.862068965517241
12,8,1.5,0.0,4,br40,none,4,0.7245969707580604,0.5313254694626378,0.13393498511657986,-0.25207710304577824,-1.160897693296682,4.0
12,8,1.5,0.0,4,br40,0.15,1,1.1050557018178957,0.8576107271356527,0.15876412853604038,-0.1851237671271897,-1.5716215934167546,6.581201286593691
12,8,1.5,0.0,4,br40,0.15,2,1.1518201818899156,1.1473392569197671,0.16663312427088295,-0.14523439624844592,-0.848340083173093,4.384041525835967
12,8,1.5,0.0,4,br40,0.15,4,0.8217535612050293,0.5841298511756087,0.11953162173679588,-0.20463193499909105,-1.080765912634279,3.1107424245027584
12,8,1.5,0.0,4,br40,0.2,1,1.0741633498305245,0.845405760725154,0.181174487067977,-0.2143047699516183,-1.650855430740827,7.790790772965287
12,8,1.5,0.0,4,br40,0.2,2,1.1309216039003542,1.1134616395663879,0.19156093259788975,-0.1720408910292489,-0.8583882144437068,5.158106896862245
12,8,1.5,0.0,4,br40,0.2,4,0.7470697465392474,0.527017046664096,0.12703020913931162,-0.2410362434068981,-1.159828452924425,3.6374353006800906
12,8,1.5,0.0,4,mkt_ma20,none,1,0.8327333731285946,0.6329830373473181,0.14920713216030013,-0.2357205854766533,-1.552239045683782,8.724137931034484
12,8,1.5,0.0,4,mkt_ma20,none,2,0.8386055426735171,0.6405875734257118,0.15358440256010808,-0.23975551342461232,-1.37680628836689,5.724137931034482
12,8,1.5,0.0,4,mkt_ma20,none,4,0.8065476143671406,0.6182587573964013,0.14556812221956483,-0.23544854072521082,-0.8683689896003297,3.7586206896551726
12,8,1.5,0.0,4,mkt_ma20,0.15,1,0.8988326812041598,0.6664245756344392,0.12918943419402695,-0.19385454696210447,-1.4907312654740585,6.572428949377609
12,8,1.5,0.0,4,mkt_ma20,0.15,2,0.859219875899358,0.6128411436064812,0.12299523554704894,-0.20069676592410202,-1.37680628836689,4.38109032412571
12,8,1.5,0.0,4,mkt_ma20,0.15,4,0.838375451481436,0.5891793923836947,0.11709955043040998,-0.19875024813181275,-0.8695150333160941,2.9512718994123968
12,8,1.5,0.0,4,mkt_ma20,0.2,1,0.8723212470591446,0.6723200352803272,0.14641365206453338,-0.21777374521270287,-1.5226129843092246,7.699445216278834
12,8,1.5,0.0,4,mkt_ma20,0.2,2,0.8638441487923888,0.6484201439888628,0.14466805252139503,-0.22310851052751968,-1.37680628836689,5.086504059603058
12,8,1.5,0.0,4,mkt_ma20,0.2,4,0.8190968786281496,0.6076662940992044,0.13637748193926136,-0.2244282483059643,-0.8683689896003297,3.4447531293860036
12,8,1.5,0.0,4,mkt_ma50,none,1,1.1442229539640123,1.4182272675918484,0.19204300498599736,-0.13541059982021542,-1.4659481936227456,7.413793103448276
12,8,1.5,0.0,4,mkt_ma50,none,2,1.0228837865176033,0.9747167607762302,0.17663362559424667,-0.18121533629275222,-1.6555317915957128,4.896551724137931
12,8,1.5,0.0,4,mkt_ma50,none,4,0.41037807838884155,0.23440336988962573,0.06637316284502748,-0.28315788666468755,-1.7873525384818645,3.413793103448276
12,8,1.5,0.0,4,mkt_ma50,0.15,1,1.139706070758218,1.2786906496301629,0.1484014686466757,-0.11605736593882032,-1.4632214101154144,5.128919355782235
12,8,1.5,0.0,4,mkt_ma50,0.15,2,1.023847369778903,0.9660115825524607,0.1341065540478359,-0.13882499596277154,-1.650213966867727,3.4583112847018307
12,8,1.5,0.0,4,mkt_ma50,0.15,4,0.3612766452987073,0.1788505629094293,0.04400865801401488,-0.2460638496077927,-1.7826731833720966,2.523979200116
12,8,1.5,0.0,4,mkt_ma50,0.2,1,1.130246233103987,1.4691157779194155,0.1746754462141824,-0.11889835290011008,-1.4632214101154144,6.254835207134714
12,8,1.5,0.0,4,mkt_ma50,0.2,2,1.015889447066497,0.967143629102178,0.1580090921631936,-0.16337706976354394,-1.6502139668677267,4.190829874495922
12,8,1.5,0.0,4,mkt_ma50,0.2,4,0.3719184240535759,0.19864080609222573,0.054432208357626743,-0.2740232957590534,-1.7842752983949197,3.0383317751632086
12,8,1.5,0.0,5,none,none,1,0.7978680509652686,0.5623482936967243,0.1548850213810682,-0.2754254313868302,-1.2192222111230542,10.193103448275863
12,8,1.5,0.0,5,none,none,2,1.045920764968623,0.8180624019173828,0.20860717281918406,-0.25500154062850033,-0.8411959176546191,6.524137931034484
12,8,1.5,0.0,5,none,none,4,0.7594270677130095,0.4828671480395734,0.14732891251265734,-0.30511272740506046,-1.00360232523828,4.593103448275862
12,8,1.5,0.0,5,none,0.15,1,0.8540211157759567,0.5470228174288709,0.1286462030778408,-0.23517520472456088,-1.2402671423514722,7.6499576780631795
12,8,1.5,0.0,5,none,0.15,2,1.0800145182307366,0.7575166734010683,0.16254675003551977,-0.2145784452581404,-0.8519585129754506,4.995661312380697
12,8,1.5,0.0,5,none,0.15,4,0.7389973456731599,0.40579857022595184,0.10995688230403844,-0.27096419349830037,-0.9858754873860897,3.695944350150934
12,8,1.5,0.0,5,none,0.2,1,0.797009148336443,0.5246417827872292,0.14429613089646431,-0.2750374362672221,-1.237067403004947,9.064613996954257
12,8,1.5,0.0,5,none,0.2,2,1.0472306827546367,0.7596200162958281,0.19300131691369726,-0.25407613382127414,-0.8377735511500612,5.888034138817263
12,8,1.5,0.0,5,none,0.2,4,0.7435310237421511,0.4380135405113402,0.13363844832533056,-0.3051011805920887,-1.00360232523828,4.26435311800881
12,8,1.5,0.0,5,br30,none,1,0.5353243624990074,0.2875110753937461,0.0942058479077974,-0.32765989198427437,-3.081593647059705,9.724137931034482
12,8,1.5,0.0,5,br30,none,2,0.9499564308591548,0.7005053140572031,0.17841779366480903,-0.25469870118678284,-2.111415076980207,5.889655172413794
12,8,1.5,0.0,5,br30,none,4,0.6582732213501742,0.4055947017620756,0.12264720781442495,-0.30238858466738694,-1.7828125033296716,4.027586206896553
12,8,1.5,0.0,5,br30,0.15,1,0.5930651543133176,0.2890747780447892,0.08487208778922106,-0.2935990762088244,-2.967403660703816,7.275346874715517
12,8,1.5,0.0,5,br30,0.15,2,0.9370510042324799,0.5957628412273743,0.13577892498173094,-0.2279076766553666,-2.121926499139538,4.514161890146426
12,8,1.5,0.0,5,br30,0.15,4,0.6526888401574515,0.34721397421841704,0.09437048339719234,-0.271793448433697,-1.722743412995703,3.2002333455780825
12,8,1.5,0.0,5,br30,0.2,1,0.5411061762228728,0.2768200203357237,0.09014144563537485,-0.32563195944445233,-3.0659314827070605,8.703635724760895
12,8,1.5,0.0,5,br30,0.2,2,0.939035546324575,0.6416530552854185,0.16246522645979145,-0.25319793168837024,-2.1170723032744485,5.312800612349788
12,8,1.5,0.0,5,br30,0.2,4,0.6469317885259073,0.36994508764945055,0.11186288302608549,-0.30237699258783934,-1.7828125033296716,3.7130557162801328
12,8,1.5,0.0,5,br40,none,1,0.8095584970915032,0.6086872800005709,0.1365917306581368,-0.22440378688052864,-2.0458771426438838,8.455172413793104
12,8,1.5,0.0,5,br40,none,2,1.0253260251342546,1.0072632131089094,0.18063633376205157,-0.17933379419716822,-1.1852153691315623,5.393103448275863
12,8,1.5,0.0,5,br40,none,4,0.7019071573052653,0.4677374186635239,0.12287594059506679,-0.26270282361877917,-1.6180688249264097,3.8068965517241384
12,8,1.5,0.0,5,br40,0.15,1,0.8640048602980835,0.6183314029935136,0.11967279059301994,-0.19354150543487003,-1.9818423693130596,6.440244694883066
12,8,1.5,0.0,5,br40,0.15,2,1.045653478599305,0.9638619839598005,0.14750915399908582,-0.15303970532490463,-1.2286598460158422,4.222725072682296
12,8,1.5,0.0,5,br40,0.15,4,0.7473948675791475,0.465602507997786,0.10691656957709972,-0.22963057058448688,-1.5626357768616488,3.056482114630463
12,8,1.5,0.0,5,br40,0.2,1,0.804408232320749,0.5798489249018368,0.12948007957600294,-0.22329968033987946,-2.034095139842264,7.6463587874842
12,8,1.5,0.0,5,br40,0.2,2,1.0213679758181413,0.9616284855857675,0.1692092618489336,-0.1759611579578586,-1.1807009809467293,4.948077364576194
12,8,1.5,0.0,5,br40,0.2,4,0.6940450634094902,0.43915951395781666,0.1150183622542349,-0.2619056597855761,-1.6180688249264097,3.533145387543814
12,8,1.5,0.0,5,mkt_ma20,none,1,0.588700468294332,0.4050193091803282,0.09817002730259294,-0.24238357302338975,-1.870854079899921,8.510344827586207
12,8,1.5,0.0,5,mkt_ma20,none,2,0.752853830304169,0.5716174319110812,0.13081921063096957,-0.22885797970436872,-1.780216111855993,5.255172413793103
12,8,1.5,0.0,5,mkt_ma20,none,4,0.7974299437087311,0.5686309593625981,0.13717164338143473,-0.24123140170770174,-1.1628891870110902,3.531034482758621
12,8,1.5,0.0,5,mkt_ma20,0.15,1,0.6519833841692584,0.42327931585551154,0.09053580049212218,-0.21389138826482845,-1.8167310237373733,6.570904863514719
12,8,1.5,0.0,5,mkt_ma20,0.15,2,0.7486695708672593,0.5030752703831174,0.10397464621105246,-0.20667811027934346,-1.780216111855993,4.194191000319525
12,8,1.5,0.0,5,mkt_ma20,0.15,4,0.7778475418012228,0.4901093734517733,0.10697547673843522,-0.21826857949078093,-1.1628891870110902,2.8591901173994
12,8,1.5,0.0,5,mkt_ma20,0.2,1,0.5914788080287464,0.3943083843297277,0.09453094464623923,-0.23973861171359412,-1.8598642249129258,7.730846757495294
12,8,1.5,0.0,5,mkt_ma20,0.2,2,0.7555526966225963,0.5508220630064904,0.12403168516900287,-0.22517559389690134,-1.780216111855993,4.850117297169314
12,8,1.5,0.0,5,mkt_ma20,0.2,4,0.778943290722774,0.5283537457751567,0.12701412216472763,-0.24039599071713413,-1.1628891870110902,3.3080378321411974
12,8,1.5,0.0,5,mkt_ma50,none,1,0.9150323027101117,1.0619135958465629,0.14261457031975877,-0.1342995992118038,-1.4639815903505757,6.937931034482759
12,8,1.5,0.0,5,mkt_ma50,none,2,0.9441674713430911,0.9039703392086301,0.15357177787689724,-0.16988585932071598,-1.8058196378826412,4.427586206896552
12,8,1.5,0.0,5,mkt_ma50,none,4,0.39419100284636766,0.21507626596060464,0.05986853717877083,-0.2783595712496557,-1.8238187428026325,3.213793103448276
12,8,1.5,0.0,5,mkt_ma50,0.15,1,0.911915099278534,1.048381508975922,0.11455716804078242,-0.10927049653201526,-1.4656668313186212,5.0111134455715
12,8,1.5,0.0,5,mkt_ma50,0.15,2,0.9151831452892305,0.8183652341950008,0.11738336619371381,-0.14343640380713385,-1.8061470948101765,3.2976914925495886
12,8,1.5,0.0,5,mkt_ma50,0.15,4,0.3098311986543703,0.14772823741256955,0.03715420303331807,-0.25150373201539855,-1.8238187428026325,2.4918069988933347
12,8,1.5,0.0,5,mkt_ma50,0.2,1,0.886000554137032,0.9951078159180099,0.13052025517164711,-0.13116192344569133,-1.465666831318621,6.095270416312408
12,8,1.5,0.0,5,mkt_ma50,0.2,2,0.9006518837900451,0.8218562129519759,0.13724221693057514,-0.1669905450220095,-1.8061470948101759,3.979403895422412
12,8,1.5,0.0,5,mkt_ma50,0.2,4,0.33134829731202897,0.16977002999054214,0.04725507698477749,-0.2783475798844476,-1.8238187428026325,2.95121463728647
12,8,1.5,0.3,3,none,none,1,0.9715137216192926,0.83960067205182,0.22289740517805878,-0.2654802605545099,-0.7790122169005297,12.114942528735634
12,8,1.5,0.3,3,none,none,2,1.1928697962940662,1.1677463031763173,0.2613806694906351,-0.22383343777639808,-0.4160122007040551,8.160919540229886
12,8,1.5,0.3,3,none,none,4,0.40377473719539764,0.2599841146356508,0.086236541282664,-0.331699270947836,-1.0988641233324723,5.494252873563219
12,8,1.5,0.3,3,none,0.15,1,1.0975854714057156,0.9038626334043238,0.1695217724710414,-0.1875525839944856,-0.7324884888944629,8.13300444246524
12,8,1.5,0.3,3,none,0.15,2,1.2901154968768291,1.3154436170297155,0.19606169373015003,-0.14904606415047972,-0.34316921682221835,5.793293333683232
12,8,1.5,0.3,3,none,0.15,4,0.554575145896238,0.3447862586904064,0.08305900880222117,-0.24089999734241807,-1.0158301568906152,4.116977638697053
12,8,1.5,0.3,3,none,0.2,1,1.0321684600912346,0.8859684752223403,0.19967840858505093,-0.2253786835191175,-0.7126618971242444,9.931815845354482
12,8,1.5,0.3,3,none,0.2,2,1.2340534535169256,1.272542081297396,0.2360380153242676,-0.18548543014280483,-0.33136379406086586,6.9675546290859804
12,8,1.5,0.3,3,none,0.2,4,0.4739071578771372,0.2904227326422045,0.08935520848311462,-0.3076729141351294,-1.082796999281399,4.92843240261964
12,8,1.5,0.3,3,br30,none,1,0.7285945601477744,0.4502825547532209,0.15349258844604186,-0.3408806022479909,-2.4790989049315617,10.919540229885056
12,8,1.5,0.3,3,br30,none,2,1.0391172718941735,0.752485863599154,0.21514679805026748,-0.2859147373496378,-1.8106559086698444,6.9655172413793105
12,8,1.5,0.3,3,br30,none,4,0.382474326117442,0.22417531048673178,0.07732798261859597,-0.3449442423017086,-1.7321946757634712,4.597701149425287
12,8,1.5,0.3,3,br30,0.15,1,0.841245365325581,0.48395154456064104,0.12650301565231614,-0.2613960365952811,-2.1993588146878493,7.568008008949411
12,8,1.5,0.3,3,br30,0.15,2,1.073113286372722,0.720577738092657,0.16146042171451191,-0.22407078817323967,-1.7540276835032367,5.056259287813636
12,8,1.5,0.3,3,br30,0.15,4,0.5118226596126494,0.2731660880897572,0.07586964598432222,-0.2777418182281576,-1.632278202498509,3.449232621152788
12,8,1.5,0.3,3,br30,0.2,1,0.7897591653584357,0.48574602798928795,0.14254693636186033,-0.29345980851747466,-2.328322607801572,8.99893194882316
12,8,1.5,0.3,3,br30,0.2,2,1.0520208508600457,0.7579498758804825,0.1904201002219199,-0.25123046560396345,-1.7998056346479632,5.945986204090895
12,8,1.5,0.3,3,br30,0.2,4,0.4532087601729651,0.25505600109697063,0.08175215613586984,-0.32052629926079723,-1.7167860043147989,4.068137725909208
12,8,1.5,0.3,3,br40,none,1,0.9836831236629181,0.6943929034765541,0.19724735696751883,-0.28405727647845813,-1.5234157281896024,9.448275862068966
12,8,1.5,0.3,3,br40,none,2,1.0923618008334945,0.9076129894708024,0.2112894230197866,-0.2327968258177774,-0.9259561030034285,6.5057471264367805
12,8,1.5,0.3,3,br40,none,4,0.48776457586757116,0.31016963076230974,0.09149154167230278,-0.29497259756682914,-1.2850093194471042,4.32183908045977
12,8,1.5,0.3,3,br40,0.15,1,1.103987496121101,0.8387471511253899,0.1629146037749365,-0.19423565678446197,-1.31628752859936,6.7217248961694915
12,8,1.5,0.3,3,br40,0.15,2,1.1579908907707614,1.0165565476432181,0.16647271973000688,-0.1637613963689052,-0.9326172827501219,4.745995505221817
12,8,1.5,0.3,3,br40,0.15,4,0.6438378082094479,0.4042894992057958,0.09257433201626664,-0.22898030297132066,-1.1749225261022271,3.290044170534257
12,8,1.5,0.3,3,br40,0.2,1,1.0450410889463477,0.7944336834526909,0.18291408927299702,-0.23024462970657722,-1.4124767270643317,7.925368906140191
12,8,1.5,0.3,3,br40,0.2,2,1.1044313089624878,0.9808485759960802,0.18987424173222744,-0.1935816051314594,-0.9444289641625279,5.592594988541299
12,8,1.5,0.3,3,br40,0.2,4,0.525706235323391,0.32990558691645805,0.08979038368236236,-0.2721699396533711,-1.2817420241859308,3.883275273920575
12,8,1.5,0.3,3,mkt_ma20,none,1,0.8004402984759075,0.5834468235373541,0.1584437312432918,-0.27156499076071794,-1.4041711626194384,9.2183908045977
12,8,1.5,0.3,3,mkt_ma20,none,2,0.7976801381746245,0.5462888990100396,0.15155142165861446,-0.27741991816646683,-1.4338459294762997,6.229885057471264
12,8,1.5,0.3,3,mkt_ma20,none,4,0.5694950642810733,0.34755395296974045,0.10363995771484436,-0.29819818427980216,-1.1683773568626987,4.091954022988506
12,8,1.5,0.3,3,mkt_ma20,0.15,1,0.9002813232675935,0.6645564055940548,0.1328172957813487,-0.19985857432616538,-1.2996776341529457,6.703535726196822
12,8,1.5,0.3,3,mkt_ma20,0.15,2,0.8287075536691076,0.5470041274721035,0.11855060347215618,-0.21672707301134964,-1.4338459294762997,4.698777412791767
12,8,1.5,0.3,3,mkt_ma20,0.15,4,0.6651425580882958,0.3878681203548505,0.0920651790131164,-0.2373620676246564,-1.1600639784099698,3.1548358195716073
12,8,1.5,0.3,3,mkt_ma20,0.2,1,0.8539414548604849,0.6552685653142742,0.14900497934859014,-0.22739528070772885,-1.337643502748707,7.8354527058311385
12,8,1.5,0.3,3,mkt_ma20,0.2,2,0.8094846244112646,0.5723940519585298,0.13817009218360599,-0.24138981128618797,-1.4338459294762997,5.466767808478431
12,8,1.5,0.3,3,mkt_ma20,0.2,4,0.6277181736450933,0.38340774422659973,0.10418156432560877,-0.27172524784485286,-1.1683773568626987,3.6908036494871124
12,8,1.5,0.3,3,mkt_ma50,none,1,1.0835270654554774,1.207141561066645,0.20286232137121396,-0.16805180760404137,-1.4444611899826434,8.022988505747126
12,8,1.5,0.3,3,mkt_ma50,none,2,1.0916582817568607,1.1997192374867445,0.2014486080387483,-0.16791312645845113,-1.4720946087619209,5.310344827586207
12,8,1.5,0.3,3,mkt_ma50,none,4,0.2615800693532078,0.15923963894483412,0.04439294260345372,-0.27878072882866123,-1.4720946087619209,3.655172413793103
12,8,1.5,0.3,3,mkt_ma50,0.15,1,1.1529259352101593,1.4769389089669596,0.15332911608549926,-0.10381547615449094,-1.4514122332851347,5.282393303107462
12,8,1.5,0.3,3,mkt_ma50,0.15,2,1.1186466533329096,1.3047707455423738,0.14995695406510956,-0.11492973350101798,-1.4712662675540173,3.636374291135192
12,8,1.5,0.3,3,mkt_ma50,0.15,4,0.31123563663184056,0.17209963184072793,0.03856907705288015,-0.22410900383897658,-1.4719594817809238,2.6282470085023784
12,8,1.5,0.3,3,mkt_ma50,0.2,1,1.0976652951593573,1.2820852488245114,0.17599015753511282,-0.13726868606940967,-1.4514122332851354,6.438360246092555
12,8,1.5,0.3,3,mkt_ma50,0.2,2,1.0782539908034396,1.1805458429988671,0.17447870322187975,-0.1477949410068332,-1.4712662675540171,4.43808470577233
12,8,1.5,0.3,3,mkt_ma50,0.2,4,0.28119561735332244,0.1653890280635997,0.04215902010756101,-0.2549082040154981,-1.4719594817809243,3.167164593711983
12,8,1.5,0.3,4,none,none,1,0.9891339689287991,0.7924312991046918,0.20690762246321226,-0.26110480832468574,-1.0117639197905655,11.03448275862069
12,8,1.5,0.3,4,none,none,2,1.1062315922488946,0.9345176038379224,0.23364406285751538,-0.25001568926896034,-0.7211633571935406,7.241379310344827
12,8,1.5,0.3,4,none,none,4,0.684640953027733,0.4752366590687789,0.1409259845720936,-0.2965385390265064,-0.9223840264080445,5.0344827586206895
12,8,1.5,0.3,4,none,0.15,1,1.1022268247151432,0.8393730092944494,0.16912860398841945,-0.20149397480696174,-0.9982435732219553,7.850503839637286
12,8,1.5,0.3,4,none,0.15,2,1.207792471122529,0.9897379655642735,0.18369829627014878,-0.1856029602394993,-0.6619048002359912,5.263011129620567
12,8,1.5,0.3,4,none,0.15,4,0.7524303855319621,0.47506142150892877,0.11274486965369812,-0.23732693194827037,-0.8842136459638228,3.8738287161283784
12,8,1.5,0.3,4,none,0.2,1,1.0374855242845635,0.8000715333577314,0.19522597869077152,-0.24401065473664496,-0.9906225793634502,9.404602074560922
12,8,1.5,0.3,4,none,0.2,2,1.15091901330185,0.9300468262331045,0.2163018881680463,-0.2325709653180763,-0.6889653532799904,6.254823611176854
12,8,1.5,0.3,4,none,0.2,4,0.7072499209300166,0.45513322525431094,0.1308846893787421,-0.28757445538195714,-0.9198744881734624,4.562563873778538
12,8,1.5,0.3,4,br30,none,1,0.7639613844342801,0.46007392692315385,0.1443667908637416,-0.3137904202249113,-2.7969081749441025,10.310344827586206
12,8,1.5,0.3,4,br30,none,2,1.0325447091969955,0.7784223923470102,0.2059090238154213,-0.26452094112373614,-1.8094452076701562,6.344827586206897
12,8,1.5,0.3,4,br30,none,4,0.6603261483930347,0.4476645624119427,0.12969408390035442,-0.2897126437741333,-1.4590544376857473,4.241379310344827
12,8,1.5,0.3,4,br30,0.15,1,0.838758002832011,0.46308138310901764,0.12385854563236731,-0.2674660440910206,-2.614346623238931,7.486395135961864
12,8,1.5,0.3,4,br30,0.15,2,1.0576116454257598,0.7223705592603453,0.1581505601320632,-0.21893273210635522,-1.7558122059826233,4.678914610551506
12,8,1.5,0.3,4,br30,0.15,4,0.7165673030787832,0.4285339707787024,0.10511712620172209,-0.2452947336023571,-1.3864373392281344,3.255878474938165
12,8,1.5,0.3,4,br30,0.2,1,0.8062820563433157,0.4728667802761219,0.1398369922762681,-0.2957217510492339,-2.730444599537787,8.89653910503166
12,8,1.5,0.3,4,br30,0.2,2,1.0580856609147251,0.7582992091732598,0.18734506336067458,-0.24705955260711487,-1.8059360231333397,5.505476346071022
12,8,1.5,0.3,4,br30,0.2,4,0.6846291943363135,0.4316154800278013,0.12113788213102916,-0.2806615789665987,-1.455944408138922,3.823722646595905
12,8,1.5,0.3,4,br40,none,1,1.0482855184984896,0.8123798090539671,0.1902104168971852,-0.2341397641562376,-1.6968672671075493,8.89655172413793
12,8,1.5,0.3,4,br40,none,2,1.1004520719898632,1.0838072571426773,0.2053086963424895,-0.18943284886628298,-0.8492280949379937,5.862068965517241
12,8,1.5,0.3,4,br40,none,4,0.7245969707580604,0.5313254694626378,0.13393498511657986,-0.25207710304577824,-1.160897693296682,4.0
12,8,1.5,0.3,4,br40,0.15,1,1.1050557018178957,0.8576107271356527,0.15876412853604038,-0.1851237671271897,-1.5716215934167546,6.581201286593691
12,8,1.5,0.3,4,br40,0.15,2,1.1518201818899156,1.1473392569197671,0.16663312427088295,-0.14523439624844592,-0.848340083173093,4.384041525835967
12,8,1.5,0.3,4,br40,0.15,4,0.8217535612050293,0.5841298511756087,0.11953162173679588,-0.20463193499909105,-1.080765912634279,3.1107424245027584
12,8,1.5,0.3,4,br40,0.2,1,1.0741633498305245,0.845405760725154,0.181174487067977,-0.2143047699516183,-1.650855430740827,7.790790772965287
12,8,1.5,0.3,4,br40,0.2,2,1.1309216039003542,1.1134616395663879,0.19156093259788975,-0.1720408910292489,-0.8583882144437068,5.158106896862245
12,8,1.5,0.3,4,br40,0.2,4,0.7470697465392474,0.527017046664096,0.12703020913931162,-0.2410362434068981,-1.159828452924425,3.6374353006800906
12,8,1.5,0.3,4,mkt_ma20,none,1,0.8327333731285946,0.6329830373473181,0.14920713216030013,-0.2357205854766533,-1.552239045683782,8.724137931034484
12,8,1.5,0.3,4,mkt_ma20,none,2,0.8386055426735171,0.6405875734257118,0.15358440256010808,-0.23975551342461232,-1.37680628836689,5.724137931034482
12,8,1.5,0.3,4,mkt_ma20,none,4,0.8065476143671406,0.6182587573964013,0.14556812221956483,-0.23544854072521082,-0.8683689896003297,3.7586206896551726
12,8,1.5,0.3,4,mkt_ma20,0.15,1,0.8988326812041598,0.6664245756344392,0.12918943419402695,-0.19385454696210447,-1.4907312654740585,6.572428949377609
12,8,1.5,0.3,4,mkt_ma20,0.15,2,0.859219875899358,0.6128411436064812,0.12299523554704894,-0.20069676592410202,-1.37680628836689,4.38109032412571
12,8,1.5,0.3,4,mkt_ma20,0.15,4,0.838375451481436,0.5891793923836947,0.11709955043040998,-0.19875024813181275,-0.8695150333160941,2.9512718994123968
12,8,1.5,0.3,4,mkt_ma20,0.2,1,0.8723212470591446,0.6723200352803272,0.14641365206453338,-0.21777374521270287,-1.5226129843092246,7.699445216278834
12,8,1.5,0.3,4,mkt_ma20,0.2,2,0.8638441487923888,0.6484201439888628,0.14466805252139503,-0.22310851052751968,-1.37680628836689,5.086504059603058
12,8,1.5,0.3,4,mkt_ma20,0.2,4,0.8190968786281496,0.6076662940992044,0.13637748193926136,-0.2244282483059643,-0.8683689896003297,3.4447531293860036
12,8,1.5,0.3,4,mkt_ma50,none,1,1.1442229539640123,1.4182272675918484,0.19204300498599736,-0.13541059982021542,-1.4659481936227456,7.413793103448276
12,8,1.5,0.3,4,mkt_ma50,none,2,1.0228837865176033,0.9747167607762302,0.17663362559424667,-0.18121533629275222,-1.6555317915957128,4.896551724137931
12,8,1.5,0.3,4,mkt_ma50,none,4,0.41037807838884155,0.23440336988962573,0.06637316284502748,-0.28315788666468755,-1.7873525384818645,3.413793103448276
12,8,1.5,0.3,4,mkt_ma50,0.15,1,1.139706070758218,1.2786906496301629,0.1484014686466757,-0.11605736593882032,-1.4632214101154144,5.128919355782235
12,8,1.5,0.3,4,mkt_ma50,0.15,2,1.023847369778903,0.9660115825524607,0.1341065540478359,-0.13882499596277154,-1.650213966867727,3.4583112847018307
12,8,1.5,0.3,4,mkt_ma50,0.15,4,0.3612766452987073,0.1788505629094293,0.04400865801401488,-0.2460638496077927,-1.7826731833720966,2.523979200116
12,8,1.5,0.3,4,mkt_ma50,0.2,1,1.130246233103987,1.4691157779194155,0.1746754462141824,-0.11889835290011008,-1.4632214101154144,6.254835207134714
12,8,1.5,0.3,4,mkt_ma50,0.2,2,1.015889447066497,0.967143629102178,0.1580090921631936,-0.16337706976354394,-1.6502139668677267,4.190829874495922
12,8,1.5,0.3,4,mkt_ma50,0.2,4,0.3719184240535759,0.19864080609222573,0.054432208357626743,-0.2740232957590534,-1.7842752983949197,3.0383317751632086
12,8,1.5,0.3,5,none,none,1,0.7978680509652686,0.5623482936967243,0.1548850213810682,-0.2754254313868302,-1.2192222111230542,10.193103448275863
12,8,1.5,0.3,5,none,none,2,1.045920764968623,0.8180624019173828,0.20860717281918406,-0.25500154062850033,-0.8411959176546191,6.524137931034484
12,8,1.5,0.3,5,none,none,4,0.7594270677130095,0.4828671480395734,0.14732891251265734,-0.30511272740506046,-1.00360232523828,4.593103448275862
12,8,1.5,0.3,5,none,0.15,1,0.8540211157759567,0.5470228174288709,0.1286462030778408,-0.23517520472456088,-1.2402671423514722,7.6499576780631795
12,8,1.5,0.3,5,none,0.15,2,1.0800145182307366,0.7575166734010683,0.16254675003551977,-0.2145784452581404,-0.8519585129754506,4.995661312380697
12,8,1.5,0.3,5,none,0.15,4,0.7389973456731599,0.40579857022595184,0.10995688230403844,-0.27096419349830037,-0.9858754873860897,3.695944350150934
12,8,1.5,0.3,5,none,0.2,1,0.797009148336443,0.5246417827872292,0.14429613089646431,-0.2750374362672221,-1.237067403004947,9.064613996954257
12,8,1.5,0.3,5,none,0.2,2,1.0472306827546367,0.7596200162958281,0.19300131691369726,-0.25407613382127414,-0.8377735511500612,5.888034138817263
12,8,1.5,0.3,5,none,0.2,4,0.7435310237421511,0.4380135405113402,0.13363844832533056,-0.3051011805920887,-1.00360232523828,4.26435311800881
12,8,1.5,0.3,5,br30,none,1,0.5353243624990074,0.2875110753937461,0.0942058479077974,-0.32765989198427437,-3.081593647059705,9.724137931034482
12,8,1.5,0.3,5,br30,none,2,0.9499564308591548,0.7005053140572031,0.17841779366480903,-0.25469870118678284,-2.111415076980207,5.889655172413794
12,8,1.5,0.3,5,br30,none,4,0.6582732213501742,0.4055947017620756,0.12264720781442495,-0.30238858466738694,-1.7828125033296716,4.027586206896553
12,8,1.5,0.3,5,br30,0.15,1,0.5930651543133176,0.2890747780447892,0.08487208778922106,-0.2935990762088244,-2.967403660703816,7.275346874715517
12,8,1.5,0.3,5,br30,0.15,2,0.9370510042324799,0.5957628412273743,0.13577892498173094,-0.2279076766553666,-2.121926499139538,4.514161890146426
12,8,1.5,0.3,5,br30,0.15,4,0.6526888401574515,0.34721397421841704,0.09437048339719234,-0.271793448433697,-1.722743412995703,3.2002333455780825
12,8,1.5,0.3,5,br30,0.2,1,0.5411061762228728,0.2768200203357237,0.09014144563537485,-0.32563195944445233,-3.0659314827070605,8.703635724760895
12,8,1.5,0.3,5,br30,0.2,2,0.939035546324575,0.6416530552854185,0.16246522645979145,-0.25319793168837024,-2.1170723032744485,5.312800612349788
12,8,1.5,0.3,5,br30,0.2,4,0.6469317885259073,0.36994508764945055,0.11186288302608549,-0.30237699258783934,-1.7828125033296716,3.7130557162801328
12,8,1.5,0.3,5,br40,none,1,0.8095584970915032,0.6086872800005709,0.1365917306581368,-0.22440378688052864,-2.0458771426438838,8.455172413793104
12,8,1.5,0.3,5,br40,none,2,1.0253260251342546,1.0072632131089094,0.18063633376205157,-0.17933379419716822,-1.1852153691315623,5.393103448275863
12,8,1.5,0.3,5,br40,none,4,0.7019071573052653,0.4677374186635239,0.12287594059506679,-0.26270282361877917,-1.6180688249264097,3.8068965517241384
12,8,1.5,0.3,5,br40,0.15,1,0.8640048602980835,0.6183314029935136,0.11967279059301994,-0.19354150543487003,-1.9818423693130596,6.440244694883066
12,8,1.5,0.3,5,br40,0.15,2,1.045653478599305,0.9638619839598005,0.14750915399908582,-0.15303970532490463,-1.2286598460158422,4.222725072682296
12,8,1.5,0.3,5,br40,0.15,4,0.7473948675791475,0.465602507997786,0.10691656957709972,-0.22963057058448688,-1.5626357768616488,3.056482114630463
12,8,1.5,0.3,5,br40,0.2,1,0.804408232320749,0.5798489249018368,0.12948007957600294,-0.22329968033987946,-2.034095139842264,7.6463587874842
12,8,1.5,0.3,5,br40,0.2,2,1.0213679758181413,0.9616284855857675,0.1692092618489336,-0.1759611579578586,-1.1807009809467293,4.948077364576194
12,8,1.5,0.3,5,br40,0.2,4,0.6940450634094902,0.43915951395781666,0.1150183622542349,-0.2619056597855761,-1.6180688249264097,3.533145387543814
12,8,1.5,0.3,5,mkt_ma20,none,1,0.588700468294332,0.4050193091803282,0.09817002730259294,-0.24238357302338975,-1.870854079899921,8.510344827586207
12,8,1.5,0.3,5,mkt_ma20,none,2,0.752853830304169,0.5716174319110812,0.13081921063096957,-0.22885797970436872,-1.780216111855993,5.255172413793103
12,8,1.5,0.3,5,mkt_ma20,none,4,0.7974299437087311,0.5686309593625981,0.13717164338143473,-0.24123140170770174,-1.1628891870110902,3.531034482758621
12,8,1.5,0.3,5,mkt_ma20,0.15,1,0.6519833841692584,0.42327931585551154,0.09053580049212218,-0.21389138826482845,-1.8167310237373733,6.570904863514719
12,8,1.5,0.3,5,mkt_ma20,0.15,2,0.7486695708672593,0.5030752703831174,0.10397464621105246,-0.20667811027934346,-1.780216111855993,4.194191000319525
12,8,1.5,0.3,5,mkt_ma20,0.15,4,0.7778475418012228,0.4901093734517733,0.10697547673843522,-0.21826857949078093,-1.1628891870110902,2.8591901173994
12,8,1.5,0.3,5,mkt_ma20,0.2,1,0.5914788080287464,0.3943083843297277,0.09453094464623923,-0.23973861171359412,-1.8598642249129258,7.730846757495294
12,8,1.5,0.3,5,mkt_ma20,0.2,2,0.7555526966225963,0.5508220630064904,0.12403168516900287,-0.22517559389690134,-1.780216111855993,4.850117297169314
12,8,1.5,0.3,5,mkt_ma20,0.2,4,0.778943290722774,0.5283537457751567,0.12701412216472763,-0.24039599071713413,-1.1628891870110902,3.3080378321411974
12,8,1.5,0.3,5,mkt_ma50,none,1,0.9150323027101117,1.0619135958465629,0.14261457031975877,-0.1342995992118038,-1.4639815903505757,6.937931034482759
12,8,1.5,0.3,5,mkt_ma50,none,2,0.9441674713430911,0.9039703392086301,0.15357177787689724,-0.16988585932071598,-1.8058196378826412,4.427586206896552
12,8,1.5,0.3,5,mkt_ma50,none,4,0.39419100284636766,0.21507626596060464,0.05986853717877083,-0.2783595712496557,-1.8238187428026325,3.213793103448276
12,8,1.5,0.3,5,mkt_ma50,0.15,1,0.911915099278534,1.048381508975922,0.11455716804078242,-0.10927049653201526,-1.4656668313186212,5.0111134455715
12,8,1.5,0.3,5,mkt_ma50,0.15,2,0.9151831452892305,0.8183652341950008,0.11738336619371381,-0.14343640380713385,-1.8061470948101765,3.2976914925495886
12,8,1.5,0.3,5,mkt_ma50,0.15,4,0.3098311986543703,0.14772823741256955,0.03715420303331807,-0.25150373201539855,-1.8238187428026325,2.4918069988933347
12,8,1.5,0.3,5,mkt_ma50,0.2,1,0.886000554137032,0.9951078159180099,0.13052025517164711,-0.13116192344569133,-1.465666831318621,6.095270416312408
12,8,1.5,0.3,5,mkt_ma50,0.2,2,0.9006518837900451,0.8218562129519759,0.13724221693057514,-0.1669905450220095,-1.8061470948101759,3.979403895422412
12,8,1.5,0.3,5,mkt_ma50,0.2,4,0.33134829731202897,0.16977002999054214,0.04725507698477749,-0.2783475798844476,-1.8238187428026325,2.95121463728647
