,baseline_k40_monthly,D1_regime_breadth,D1b_regime_mom200,D2_ensemble_k40_k80,D3_stoploss_20dlow,D4_disp_gt_Q75,D5_breadth_and_disp
2019-01-04,0.9995,0.9995,1.0,0.9995,0.9995,1.0,1.0
2019-01-07,1.0128495265726023,1.0128495265726023,1.0,1.0164094911469834,1.0128495265726023,1.0,1.0
2019-01-08,1.0069958087172188,1.0069958087172188,1.0,1.0089320525329257,1.0069958087172188,1.0,1.0
2019-01-09,1.0130125038435787,1.0130125038435787,1.0,1.0144376498484295,1.0130125038435787,1.0,1.0
2019-01-10,1.00700098384887,1.00700098384887,1.0,1.0078147042590726,1.00700098384887,1.0,1.0
2019-01-11,1.0165149613867726,1.0165149613867726,1.0,1.0168254799218983,1.0165149613867726,1.0,1.0
2019-01-14,1.003038208289345,1.003038208289345,1.0,1.002780494244309,1.003038208289345,1.0,1.0
2019-01-15,1.0203119732131445,1.0203119732131445,1.0,1.020062663389139,1.0203119732131445,1.0,1.0
2019-01-16,1.0233150748794886,1.0233150748794886,1.0,1.0245161918779586,1.0233150748794886,1.0,1.0
2019-01-17,1.016261748654755,1.016261748654755,1.0,1.0163853888033947,1.016261748654755,1.0,1.0
2019-01-18,1.0354391955814315,1.0354391955814315,1.0,1.034180130549735,1.0354391955814315,1.0,1.0
2019-01-21,1.0380349273901597,1.0380349273901597,1.0,1.0361660854491808,1.0380349273901597,1.0,1.0
2019-01-22,1.023360105794831,1.023360105794831,1.0,1.0222452345539712,1.023360105794831,1.0,1.0
2019-01-23,1.0251120487324583,1.0251120487324583,1.0,1.022787254761723,1.0251120487324583,1.0,1.0
2019-01-24,1.034447074631247,1.034447074631247,1.0,1.031280707627789,1.034447074631247,1.0,1.0
2019-01-25,1.0379037201743624,1.0379037201743624,1.0,1.0329048579725437,1.0379037201743624,1.0,1.0
2019-01-28,1.0293997762075393,1.0293997762075393,1.0,1.0263233012182158,1.0293997762075393,1.0,1.0
2019-01-29,1.028473759865446,1.028473759865446,1.0,1.0227487391516437,1.028473759865446,1.0,1.0
2019-01-30,1.0247451142367041,1.0247451142367041,1.0,1.020452253545161,1.0247451142367041,1.0,1.0
2019-01-31,1.0294841212263757,1.0294841212263757,1.0,1.0230510223285953,1.029313330374003,1.0,1.0
2019-02-01,1.050324803325042,1.050324803325042,1.0,1.0449003661008784,1.0424263892579453,1.0,1.0
2019-02-11,1.070033867467966,1.070033867467966,1.0,1.0614728555433637,1.0619872417724443,1.0,1.0
2019-02-12,1.0841093061280576,1.0841093061280576,1.0,1.074969509293382,1.0759568335151237,1.0,1.0
2019-02-13,1.1035786868102646,1.1035786868102646,1.0,1.093567247269057,1.0952798049820374,1.0,1.0
2019-02-14,1.1050944784910002,1.1050944784910002,1.0,1.0935362196165455,1.0967841979503974,1.0,1.0
2019-02-15,1.088740071918174,1.088740071918174,1.0,1.077749441963934,1.0805527760719484,1.0,1.0
2019-02-18,1.12735219792675,1.12735219792675,1.0,1.1148073126101856,1.1188745399389648,1.0,1.0
2019-02-19,1.1347947259596476,1.1347947259596476,1.0,1.1201192247711507,1.1262611003626775,1.0,1.0
2019-02-20,1.1279525004394635,1.1279525004394635,1.0,1.1127081011361952,1.1194703281930454,1.0,1.0
2019-02-21,1.1144828075772184,1.1144828075772184,1.0,1.1011346331214535,1.1061019270562227,1.0,1.0
2019-02-22,1.1351884401774863,1.1351884401774863,1.0,1.1205175146472515,1.1266518538602641,1.0,1.0
2019-02-25,1.2021394786997048,1.2021394786997048,1.0,1.1851127512364146,1.193099422386538,1.0,1.0
2019-02-26,1.189586809215799,1.189586809215799,1.0,1.1720688064850715,1.180641148637092,1.0,1.0
2019-02-27,1.1942669984530674,1.1942669984530674,1.0,1.1788338869211399,1.1852861429780852,1.0,1.0
2019-02-28,1.2017536959594068,1.2017536959594068,1.0,1.1848589003427858,1.192716540721996,1.0,1.0
2019-03-01,1.2076702343067642,1.2076702343067642,1.0,1.196938617135303,1.1985885868612638,1.0,1.0
2019-03-04,1.2360584622823532,1.2360584622823532,1.0,1.2179107220429302,1.2267633361315298,1.0,1.0
2019-03-05,1.2525705598246664,1.2525705598246664,1.0,1.2296842104463002,1.2431512631476471,1.0,1.0
2019-03-06,1.2589100364987944,1.2589100364987944,1.0,1.2361379138749446,1.2494430671289256,1.0,1.0
2019-03-07,1.2436337227994212,1.2436337227994212,1.0,1.2195343835064596,1.2342816308947275,1.0,1.0
2019-03-08,1.2048004774910615,1.2048004774910615,1.0,1.1831554997806633,1.1957404105390714,1.0,1.0
2019-03-11,1.2142492141634742,1.2142492141634742,1.0,1.195942396136053,1.2051180929676792,1.0,1.0
2019-03-12,1.2198283078114498,1.2198283078114498,1.0,1.1998778520575202,1.210655231982563,1.0,1.0
2019-03-13,1.2333549675463455,1.2333549675463455,1.0,1.2065913977047946,1.2240801716026974,1.0,1.0
2019-03-14,1.225491371379649,1.225491371379649,1.0,1.2010940851694316,1.216275709466145,1.0,1.0
2019-03-15,1.2395183670902263,1.2395183670902263,1.0,1.21088915984815,1.2301972225489781,1.0,1.0
2019-03-18,1.2557980707204484,1.2557980707204484,1.0,1.231308391068124,1.2463545032489276,1.0,1.0
2019-03-19,1.255162923172364,1.255162923172364,1.0,1.2275337520127405,1.2457241319931982,1.0,1.0
2019-03-20,1.25974975311666,1.25974975311666,1.0,1.2290855426923664,1.250276469100573,1.0,1.0
2019-03-21,1.2599497438614489,1.2599497438614489,1.0,1.2298392747800684,1.250474955920379,1.0,1.0
2019-03-22,1.2576317298710247,1.2576317298710247,1.0,1.2297177001384287,1.2481743733323662,1.0,1.0
2019-03-25,1.2440650175909822,1.2440650175909822,1.0,1.214834520488501,1.2345016532989175,1.0,1.0
2019-03-26,1.2373918183752373,1.2373918183752373,1.0,1.2071202553237428,1.2299148687084274,1.0,1.0
2019-03-27,1.2413986658459233,1.2413986658459233,1.0,1.2173676299042182,1.2302297665951087,1.0,1.0
2019-03-28,1.2283684520633191,1.2283684520633191,1.0,1.2094949950422462,1.2201449004240137,1.0,1.0
2019-03-29,1.2526626658420639,1.2526626658420639,1.0,1.2301692633748935,1.2317683726834052,1.0,1.0
2019-04-01,1.2782518250762973,1.2782518250762973,1.0,1.250934078173619,1.2498175115877355,1.0,1.0
2019-04-02,1.2832985733963753,1.2832985733963753,1.0,1.2520300282876078,1.2539637168344315,1.0,1.0
2019-04-03,1.2914114328876771,1.2914114328876771,1.0,1.258740896782037,1.2579441191661669,1.0,1.0
2019-04-04,1.2989983283637527,1.2989983283637527,1.0,1.2659256459989514,1.2586661566205932,1.0,1.0
2019-04-08,1.2980584583136094,1.2980584583136094,1.0,1.2653564313252639,1.2554374827309607,1.0,1.0
2019-04-09,1.306612174573272,1.306612174573272,1.0,1.271517279479464,1.2671593468903575,1.0,1.0
2019-04-10,1.3044845374777554,1.3044845374777554,1.0,1.2741257118630047,1.267046029206242,1.0,1.0
2019-04-11,1.2921852701745555,1.2921852701745555,1.0,1.2609177089864383,1.2590176402550162,1.0,1.0
2019-04-12,1.2909696883104431,1.2909696883104431,0.9995,1.2573930367355575,1.2560516162107813,1.0,1.0
2019-04-15,1.2848404092907864,1.2848404092907864,0.994754563731729,1.2514231732838352,1.2498787796330382,1.0,1.0
2019-04-16,1.3081596476718749,1.3081596476718749,1.0128088828787585,1.2741359048280838,1.273015353471036,1.0,1.0
2019-04-17,1.3030094721969814,1.3030094721969814,1.0088214922887495,1.269119679552824,1.2700000652313452,1.0,1.0
2019-04-18,1.2937187813733038,1.2937187813733038,1.0016284144323524,1.260070629018226,1.2638695860243163,1.0,1.0
2019-04-19,1.3023595488859814,1.3023595488859814,1.0083183059202185,1.2684866600070797,1.2701513205620802,1.0,1.0
2019-04-22,1.2863942835008018,1.2863942835008018,0.9959576107799855,1.2529366329950336,1.253192743417113,1.0,1.0
2019-04-23,1.284202849104773,1.284202849104773,0.9942609491939979,1.2508021953122745,1.2533330922836694,1.0,1.0
2019-04-24,1.2865747980835718,1.2865747980835718,0.9960973695420325,1.2531124525990562,1.2561056120284824,1.0,1.0
2019-04-25,1.2789533691778696,1.2789533691778696,0.9901966746920869,1.245689248380724,1.2466752308695512,1.0,1.0
2019-04-26,1.265033373009355,1.265033373009355,0.9794194765158547,1.232131295461951,1.2321429318189312,1.0,1.0
2019-04-29,1.2790630294150989,1.2790630294150989,0.9902815763037227,1.245796056480052,1.2383541123195938,1.0,1.0
2019-04-30,1.2839037341166106,1.2839037341166106,0.9940293671255918,1.2505108599643537,1.2402758288191587,1.0,1.0
2019-05-06,1.2501934914032204,1.2501934914032204,0.9679300807541744,1.2176773822783233,1.228191281552232,1.0,1.0
2019-05-07,1.2589282924141778,1.2589282924141778,0.9746927752539017,1.2261850010612418,1.228191281552232,1.0,1.0
2019-05-08,1.2497605350331382,1.2497605350331382,0.9675948754462453,1.2172556866104225,1.228191281552232,1.0,1.0
2019-05-09,1.2287967070255597,1.2287967070255597,0.9513641720584706,1.196837103897958,1.228191281552232,1.0,1.0
2019-05-10,1.2495154988674682,1.2495154988674682,0.9674051625120029,1.2170170235564004,1.228191281552232,1.0,1.0
2019-05-13,1.244078772323531,1.244078772323531,0.9631959171440679,1.211721700079109,1.228191281552232,1.0,1.0
2019-05-14,1.2441506558199082,1.2441506558199082,0.9632515710879829,1.2117917139675987,1.228191281552232,1.0,1.0
2019-05-15,1.2603725633148866,1.2603725633148866,0.9758109647654988,1.2275917081204042,1.228191281552232,1.0,1.0
2019-05-16,1.2649189171380233,1.2649189171380233,0.979330862008146,1.232019816457502,1.228191281552232,1.0,1.0
2019-05-17,1.2481347648251433,1.2487672242837125,0.9663361647750307,1.216082874106437,1.2277818844583812,1.0,1.0
2019-05-20,1.2545313119116352,1.2487672242837125,0.9712885264538832,1.2217946736676808,1.2303745942724074,1.0,1.0
2019-05-21,1.2711543468505904,1.2487672242837125,0.9841584827138401,1.2338147666427444,1.2407070804132263,1.0,1.0
2019-05-22,1.263227248191395,1.2487672242837125,0.9780211309374129,1.2282169377806618,1.237534634767925,1.0,1.0
2019-05-23,1.2537505373557196,1.2487672242837125,0.9706840318823189,1.2203782954363156,1.2291714542102647,1.0,1.0
2019-05-24,1.2400201877298749,1.2487672242837125,0.9600536626526646,1.2110147401784461,1.2157102804651192,1.0,1.0
2019-05-27,1.2714274050072085,1.2487672242837125,0.9843698909521675,1.2342415694620537,1.2347163675544224,1.0,1.0
2019-05-28,1.272881792391603,1.2487672242837125,0.9854959128904555,1.2338290079347438,1.2379182051485234,1.0,1.0
2019-05-29,1.273575193182717,1.2487672242837125,0.9860327605771162,1.2349761101032024,1.2381420798722855,1.0,1.0
2019-05-30,1.2611552388954828,1.2487672242837125,0.9764169311564137,1.2260808033314854,1.2319185783532884,1.0,1.0
2019-05-31,1.2598215744251196,1.2487672242837125,0.97538437582208,1.2269296498425752,1.2328870678016794,1.0,1.0
2019-06-03,1.2553497409929089,1.2487672242837125,0.9719221740709729,1.2256517310469324,1.228510840469288,1.0,1.0
2019-06-04,1.2375199935528796,1.2487672242837125,0.958117951766085,1.2150951514853845,1.212679574998268,1.0,1.0
2019-06-05,1.2448075482362984,1.2487672242837125,0.9637601531066989,1.2199807390570085,1.2102223625725916,1.0,1.0
2019-06-06,1.2280187972996113,1.2487672242837125,0.9507618955076533,1.2069418622730936,1.2102223625725916,1.0,1.0
2019-06-10,1.2299615690268357,1.2487672242837125,0.9522660364328381,1.2119532737431995,1.2102223625725916,1.0,1.0
2019-06-11,1.2796163862656986,1.2487672242837125,0.9907099985797703,1.2443578177629588,1.2102223625725916,1.0,1.0
2019-06-12,1.260144353157565,1.2487672242837125,0.9756342789344461,1.2342175017772605,1.2102223625725916,1.0,1.0
2019-06-13,1.2632946073967812,1.2487672242837125,0.9780732820656641,1.235381617329267,1.2102223625725916,1.0,1.0
2019-06-14,1.2508234284733584,1.2487672242837125,0.9684177932909628,1.2305423308054442,1.2102223625725916,1.0,1.0
2019-06-17,1.2524171395473485,1.2487672242837125,0.9696516830041579,1.228155902865658,1.2102223625725916,1.0,1.0
2019-06-18,1.242565916059679,1.2487672242837125,0.9620246271831866,1.2241631257303827,1.2102223625725916,1.0,1.0
2019-06-19,1.2618175007414871,1.2487672242837125,0.9769296703175844,1.238844672604543,1.2102223625725916,1.0,1.0
2019-06-20,1.3032153086633156,1.2487672242837125,1.008980855866348,1.27309843089208,1.2102223625725916,1.0,1.0
2019-06-21,1.3192640091395929,1.2481428406715707,1.0214061484749084,1.2851946648257395,1.2096172513913055,1.0,1.0
2019-06-24,1.3165194296415375,1.2455462207172479,1.019281228553747,1.2838174775317936,1.2071007795663613,1.0,1.0
2019-06-25,1.3110772547355956,1.2403974319990867,1.0150677649319884,1.2845923091264349,1.2021109150618263,1.0,1.0
2019-06-26,1.3212391820833442,1.2500115325723216,1.0229353752066863,1.2841290493293198,1.2114282636304714,1.0,1.0
2019-06-27,1.3270729010948812,1.2555307573584873,1.0274519817582022,1.2901858993500717,1.2167771302009518,1.0,1.0
2019-06-28,1.3195893889994492,1.248450679390557,1.0216580654431155,1.2846492082230183,1.2099155882586883,1.0,1.0
2019-07-01,1.3536408996209017,1.2806664822183296,1.0480215696944697,1.305867156084773,1.2411370074729564,1.0,1.0
2019-07-02,1.365357338752035,1.2917512912621432,1.0570927206421685,1.3134787273346182,1.2518796691386362,1.0,1.0
2019-07-03,1.3684073458617343,1.2946368733075833,1.059454110017727,1.3198583023122965,1.2546761838553264,1.0,1.0
2019-07-04,1.3671651110956475,1.2934616070841563,1.0584923417748733,1.3199411618525625,1.2535371937874351,1.0,1.0
2019-07-05,1.365194428317297,1.291597163285195,1.0569665914379005,1.3181489948944876,1.2517302985267458,1.0,1.0
2019-07-08,1.3293352192700723,1.2576711145683586,1.0292035232828236,1.2859158244025237,1.2188514224380549,1.0,1.0
2019-07-09,1.3291700063823007,1.2575148082630019,1.0290756114636517,1.2862360932316181,1.2186999407347596,1.0,1.0
2019-07-10,1.326680745170264,1.2551597424544596,1.0271483651433397,1.2832368518661774,1.216417567165528,1.0,1.0
2019-07-11,1.3251147555480747,1.253678174912284,1.0259359380495428,1.2863407843922616,1.214981730176588,1.0,1.0
2019-07-12,1.3302775996103195,1.2585626914375225,1.0299331369667126,1.287932077570665,1.219715479601017,1.0,1.0
2019-07-15,1.3430833708554197,1.2706781069935595,1.0398476752206889,1.3041993402467116,1.2314569367378234,1.0,1.0
2019-07-16,1.3446208774363064,1.2721327270075404,1.0410380500540495,1.3045721935250632,1.232866657969877,1.0,1.0
2019-07-17,1.3466436568574587,1.2740464589332796,1.042604134873661,1.3034041752079657,1.2347213200137395,1.0,1.0
2019-07-18,1.3277158034775876,1.2561390010463815,1.027949732354001,1.2902292448788892,1.2173665996382252,1.0,1.0
2019-07-19,1.3423289382103738,1.2699643456098186,1.0392635751945214,1.3053844766495075,1.2307652065487646,1.0,1.0
2019-07-22,1.3285842611179264,1.2569606403685385,1.0286221132932118,1.2884547978758212,1.218162877969612,1.0,1.0
2019-07-23,1.3312295674665446,1.2594633389622523,1.0306701735376813,1.2904933083718937,1.2205883274416933,1.0,1.0
2019-07-24,1.3417285730897182,1.2693963460116002,1.0387987579772553,1.3012166193429402,1.2302147390137999,1.0,1.0
2019-07-25,1.3465275370711007,1.2739365991334222,1.0425142321226393,1.3053450183810187,1.2346148511827597,1.0,1.0
2019-07-26,1.3556100160712985,1.2825294441296562,1.0495461073424042,1.3119407948570965,1.242942466586445,1.0,1.0
2019-07-29,1.3497938075653901,1.2770267858624629,1.0450430578484509,1.3045748425052872,1.2376096551872893,1.0,1.0
2019-07-30,1.356117135692244,1.2830092250680143,1.0499387316353868,1.3118925286127059,1.2434074384478504,1.0,1.0
2019-07-31,1.3440472854683023,1.2715900572285037,1.0405939612600126,1.3000162741869645,1.232133503842452,1.0,1.0
2019-08-01,1.3256371139441203,1.254172373107469,1.0263403605712915,1.2811745346500678,1.2234034076749405,1.0,1.0
2019-08-02,1.3066674565978391,1.2362253648947645,1.011653592408344,1.258521664207391,1.2115185284338243,1.0,1.0
2019-08-05,1.2877125434792955,1.2182923060524398,0.9969782395836165,1.240238681601516,1.2109850548413832,1.0,1.0
2019-08-06,1.2703429562944633,1.2018591086484505,0.9835302844933921,1.2225629871052976,1.2017061755278764,1.0,1.0
2019-08-07,1.2671673346622354,1.19885468392566,0.9810716413121059,1.2152916241322433,1.2017061755278764,1.0,1.0
2019-08-08,1.2828319167870033,1.2136747926345244,0.9931995401895739,1.2295114183586653,1.2017061755278764,1.0,1.0
2019-08-09,1.271550507541791,1.2030015611323013,0.9844651999159871,1.2158973323820081,1.2017061755278764,1.0,1.0
2019-08-12,1.2853791593561008,1.216084714040738,0.995171677080832,1.2319466712425733,1.2017061755278764,1.0,1.0
2019-08-13,1.2806913604797585,1.211649633142995,0.991542269652191,1.224829126421086,1.2017061755278764,1.0,1.0
2019-08-14,1.2927364394304672,1.223045365121961,1.0008678615078679,1.2337744157490125,1.2017061755278764,1.0,1.0
2019-08-15,1.2959256867740614,1.2260626809976773,1.003337054044909,1.2353837768116578,1.2017061755278764,1.0,1.0
2019-08-16,1.2982654788572243,1.228276335517946,1.0051485777455018,1.238186619428083,1.2011053224401125,1.0,1.0
2019-08-19,1.343755020693518,1.271313548369246,1.0403676827927164,1.2866776695123752,1.2431904981647481,1.0,1.0
2019-08-20,1.34142055955657,1.2691049374053132,1.0385602864397987,1.2856896089972323,1.241030744445435,1.0,1.0
2019-08-21,1.3393821266837649,1.2671763959012963,1.0369820823387905,1.283997158419977,1.2391448646983139,1.0,1.0
2019-08-22,1.3344710075287352,1.2625300338611214,1.0331797749415685,1.2832478033734702,1.2346012860140558,1.0,1.0
2019-08-23,1.3389060748499044,1.2667260078939642,1.0366135114790316,1.2838816784296212,1.2387044398385922,1.0,1.0
2019-08-26,1.3191885899278535,1.248071487289284,1.0213477570945253,1.2680835661243928,1.2202561298867,1.0,1.0
2019-08-27,1.3390301098215558,1.2668433561736012,1.0367095423582133,1.2892826431168878,1.2342824869267124,1.0,1.0
2019-08-28,1.3276776464613465,1.2561029010646403,1.0279201902678639,1.2815697893524352,1.2289363236938697,1.0,1.0
2019-08-29,1.318001137084987,1.2469480497103071,1.0204284023434478,1.2740112220591127,1.2223611299734747,1.0,1.0
2019-08-30,1.313332738866045,1.2425313235857338,1.0168140153736507,1.2735758737468563,1.2176343630587472,1.0,1.0
2019-09-02,1.3306148416317478,1.2588817528321363,1.0301942379077107,1.299383104464126,1.2308907213856675,1.0,1.0
2019-09-03,1.3299027315030065,1.258208032369211,1.0296429049987186,1.298988428138021,1.2298351754684178,1.0,1.0
2019-09-04,1.3563441058875902,1.2832239593610788,1.0501144574578465,1.3207786101203196,1.2495340018371277,1.0,1.0
2019-09-05,1.3730828913901953,1.2990603614321392,1.063074030607662,1.3353872871041885,1.259783049650149,1.0,1.0
2019-09-06,1.3832989995766867,1.3087257219696495,1.0709835889999755,1.345006125136519,1.2655907526364722,1.0,1.0
2019-09-09,1.394991839885753,1.3197882043975568,1.0800364691680662,1.3591018518441826,1.2774725225187389,1.0,1.0
2019-09-10,1.3919794689916878,1.3169382296094723,1.0777042186622012,1.3536547452586696,1.2759123044651106,1.0,1.0
2019-09-11,1.3951968554081398,1.3199821675881847,1.0801951971509776,1.353601473423948,1.276860926490956,1.0,1.0
2019-09-12,1.4145978576929614,1.3383372670496227,1.0952159230125256,1.3723819714785273,1.2930223171244764,1.0,1.0
2019-09-16,1.4043070128959878,1.3286011989322322,1.0872485017262548,1.3618998739529324,1.2852241406208775,1.0,1.0
2019-09-17,1.375366633797857,1.3012209878998617,1.0648421592919575,1.330273978654877,1.264754823935314,1.0,1.0
2019-09-18,1.3791865622222088,1.30483498500863,1.0677996403968288,1.3317679237148061,1.2666660780492056,1.0,1.0
2019-09-19,1.382646312576769,1.3081082211506296,1.0704782629165477,1.3393603439865627,1.270642472191633,1.0,1.0
2019-09-20,1.3795172771998585,1.3051478712306421,1.068055687942448,1.3320717384960281,1.2655478023300852,1.0,1.0
2019-09-23,1.3610865990854664,1.2877107860241688,1.0537862105549163,1.3142749440351915,1.2486397834392549,1.0,1.0
2019-09-24,1.3624854547885348,1.2890342297919224,1.0548692385205432,1.3156256890958649,1.2499230720142183,1.0,1.0
2019-09-25,1.3581949781391673,1.2849750515865919,1.051547447583178,1.3114827741909496,1.245987055130416,1.0,1.0
2019-09-26,1.3570604487846867,1.2839016844049538,1.050669067478617,1.310387264540889,1.244946255457246,1.0,1.0
2019-09-27,1.358224116013942,1.285002618646362,1.0515700068315486,1.3115109099310007,1.246013785765831,1.0,1.0
2019-09-30,1.3419317742603363,1.2695885926616766,1.0389560812450842,1.2957789083369728,1.2308597745977345,1.0,1.0
2019-10-08,1.3558488811753868,1.2827554320801264,1.0497310424913069,1.3092173662015936,1.2466770381818795,1.0,1.0
2019-10-09,1.3693149522762493,1.2954955509040134,1.060156800886089,1.3222203006617166,1.2581689842583093,1.0,1.0
2019-10-10,1.3727954539995768,1.2987884197140627,1.0628514896181063,1.3255810979913754,1.2577824500081531,1.0,1.0
2019-10-11,1.391849437087004,1.3168152076898523,1.07760354481222,1.3439797601872283,1.2681339720679357,1.0,1.0
2019-10-14,1.4122968513538847,1.336160307344392,1.093434428174396,1.3637239294849979,1.2801590398496523,1.0,1.0
2019-10-15,1.4065068977121031,1.3306824885486506,1.088951705832143,1.3581331088835522,1.2797250811859375,1.0,1.0
2019-10-16,1.4022282645328679,1.3266345153351575,1.0856390843962032,1.3540016301180093,1.27892965832928,1.0,1.0
2019-10-17,1.3978682884272735,1.3225095843706223,1.082263485296549,1.349791606041639,1.275843986772676,1.0,1.0
2019-10-18,1.3718574805292578,1.2979010121416525,1.0621252878396503,1.324675384107308,1.2623461213289744,1.0,1.0
2019-10-21,1.3802994650056972,1.3058878915019105,1.068661276686332,1.3328270246295004,1.2741775528279515,1.0,1.0
2019-10-22,1.38167812536874,1.3071922286549962,1.0697286689305796,1.3341582689255644,1.273149427206526,1.0,1.0
2019-10-23,1.3716217109448436,1.2976779528322222,1.061942749317053,1.324447723312198,1.267998713501929,1.0,1.0
2019-10-24,1.381004232084579,1.3065546647768222,1.069206924428274,1.3335075527559088,1.2739128874280867,1.0,1.0
2019-10-25,1.3896308018876757,1.3147161785183448,1.075885823705514,1.3420596814470402,1.2761493700079827,1.0,1.0
2019-10-28,1.4130400153215594,1.3368634075421324,1.0940098037176151,1.3593439517683978,1.2976469166480347,1.0,1.0
2019-10-29,1.4014097434285901,1.325860120483812,1.085005365532675,1.3444405661415666,1.286966407746625,1.0,1.0
2019-10-30,1.3880719797829904,1.3132413920947295,1.0746789458773662,1.3308977174201144,1.2747178460059625,1.0,1.0
2019-10-31,1.386527043089126,1.3117797425231663,1.073482818470581,1.3274542601792467,1.2730866205160083,1.0,1.0
2019-11-01,1.403643504427937,1.3279734600275206,1.086734797400103,1.3444622565086872,1.2859275947271502,1.0,1.0
2019-11-04,1.4065988895154644,1.330769521098595,1.0890229281143489,1.3447338894268521,1.2897889435161622,1.0,1.0
2019-11-05,1.4152107753492884,1.338917142479685,1.0956904587069318,1.3536197017419958,1.2965252578654913,1.0,1.0
2019-11-06,1.4128705007772222,1.3367030314813604,1.0938785614517443,1.3534162994054038,1.2885646255844823,1.0,1.0
2019-11-07,1.4167286815800502,1.340353218793153,1.0968656584745051,1.3531610819407798,1.294935428137308,1.0,1.0
2019-11-08,1.40806200436399,1.3321537598185298,1.0901557070667467,1.342781671912179,1.2904762015447673,1.0,1.0
2019-11-11,1.3831888742872107,1.3086215335049567,1.0708983273336274,1.3174528367992948,1.277900239021284,1.0,1.0
2019-11-12,1.387841057869822,1.3130229191198899,1.0745001605392588,1.3193634259656133,1.2812631343871295,1.0,1.0
2019-11-13,1.386465708470986,1.3117217144378197,1.0734353317236918,1.3129313996997887,1.2860952842992366,1.0,1.0
2019-11-14,1.3943389459297204,1.3191705077793705,1.0795309828542028,1.31801621453162,1.2912603256016433,1.0,1.0
2019-11-15,1.3820731672639457,1.3075659739477128,1.0700345199337709,1.3061317951915064,1.2886983011460844,1.0,1.0
2019-11-18,1.3924178714989903,1.317352997955331,1.0780436405014728,1.3161993482598497,1.2912705532441804,1.0,1.0
2019-11-19,1.406903806781142,1.33105800035636,1.0892590024465387,1.3307931489495144,1.2941986043853235,1.0,1.0
2019-11-20,1.3964179528065042,1.321137435953707,1.0811406003317943,1.3192487846795995,1.2952916775309191,1.0,1.0
2019-11-21,1.3979226084734424,1.3225609760376889,1.0823055411919262,1.3215167946355084,1.293109214721263,1.0,1.0
2019-11-22,1.3825488312480265,1.308015995014143,1.0704027905108366,1.3122670860362822,1.2812978682897618,1.0,1.0
2019-11-25,1.3630599468794269,1.289577751168464,1.055314024211522,1.3088687691483416,1.2632362523580547,1.0,1.0
2019-11-26,1.3653706818954372,1.2917639150802678,1.0571030512269626,1.307819683988027,1.2653777606963346,1.0,1.0
2019-11-27,1.3802711167632118,1.3058610715055652,1.0686393287904055,1.3122646554125905,1.2789760659306428,1.0,1.0
2019-11-28,1.378423364264198,1.3041129308475925,1.0672087540530688,1.3098259366291027,1.2772639159093166,1.0,1.0
2019-11-29,1.3864891921621734,1.3117439321295215,1.0734535133661842,1.3153830160320499,1.2833106999795565,1.0,1.0
2019-12-02,1.3977177237584733,1.3223671366026855,1.0821469144832854,1.3261218738099332,1.2908454839132502,1.0,1.0
2019-12-03,1.4157532889404252,1.3394304093088059,1.0961104858688793,1.3374083247732016,1.3046461615503921,1.0,1.0
2019-12-04,1.4210516082279967,1.3444430976263528,1.1002125729867096,1.3388606070704938,1.3109623502970562,1.0,1.0
2019-12-05,1.4431054197903095,1.365307994129497,1.1172871680419816,1.3570582676586769,1.3245625265188508,1.0,1.0
2019-12-06,1.4554384211811555,1.376976126727169,1.1268356764242995,1.364887960086153,1.3334854776705496,1.0,1.0
2019-12-09,1.461274802255109,1.382497870064681,1.1313543440090135,1.370814686695717,1.3397928540651505,1.0,1.0
2019-12-10,1.4738454131199363,1.3943908026733978,1.1410868154009937,1.3750553533606182,1.3518017476934536,1.0,1.0
2019-12-11,1.4668802688048002,1.387801147417926,1.1356942319762893,1.3724575411739706,1.3449251697997542,1.0,1.0
2019-12-12,1.481846594473337,1.4019606424886104,1.147281523793559,1.3777845784676486,1.3610731198876393,1.0,1.0
2019-12-13,1.5069636639169524,1.425723657463259,1.1667277672926988,1.4034381475016198,1.3653832940985318,1.0,1.0
2019-12-16,1.5316480784317383,1.4490773418201097,1.1858390388670283,1.4243584570566203,1.3820416580823278,1.0,1.0
2019-12-17,1.5480693421868852,1.4646133396558525,1.1985527789895791,1.4455291287124938,1.3825963902029417,1.0,1.0
2019-12-18,1.545504628152322,1.4621868886661846,1.1965671152665982,1.4437281512705937,1.3807671449435108,1.0,1.0
2019-12-19,1.5334284023481177,1.4507616889522312,1.1872174087625678,1.4381452540422222,1.372284031163114,1.0,1.0
2019-12-20,1.522177402358807,1.44011722735109,1.1785066120714127,1.4321909772570842,1.3592195181611244,1.0,1.0
2019-12-23,1.5168896913066905,1.4351145753818733,1.1744127381064033,1.4244113472894013,1.35449788712305,1.0,1.0
2019-12-24,1.5225907767137181,1.4405083168055324,1.1788266565089196,1.4309021644073783,1.3595886384033722,1.0,1.0
2019-12-25,1.525106672377718,1.4428885812098848,1.1807745238670284,1.4322638295737167,1.3618351929027797,1.0,1.0
2019-12-26,1.5326844467194034,1.4500578397716855,1.186641420296198,1.4396427585642915,1.3686017227260963,1.0,1.0
2019-12-27,1.5316204751074565,1.4490512265836282,1.1858176677048162,1.44203177938656,1.367651655421532,1.0,1.0
2019-12-30,1.5336317360882286,1.450954061025015,1.1873748346689086,1.452659340292684,1.369447599295712,1.0,1.0
2019-12-31,1.5476780244259802,1.4642431177303572,1.1982498113013627,1.4611122256593223,1.381990151324671,1.0,1.0
2020-01-02,1.5540967174256508,1.4703157807140406,1.2032193188825724,1.465059164139001,1.3877216861593866,1.0,1.0
2020-01-03,1.5608848206932697,1.4767379391573257,1.2084748328403514,1.4735046788311736,1.3937830837588672,1.0,1.0
2020-01-06,1.5650525181828392,1.4806809571943929,1.2117015651784875,1.481822432923534,1.397504605156331,1.0,1.0
2020-01-07,1.5680575702285797,1.4835240076913003,1.2140281492547167,1.4844027179989587,1.4001879490210676,1.0,1.0
2020-01-08,1.5635883018285113,1.4792956763505376,1.2105679334136192,1.4894100112269306,1.396197141621181,1.0,1.0
2020-01-09,1.5609856771271335,1.476833358447923,1.2085529183341936,1.48154365740944,1.3938731429288609,1.0,1.0
2020-01-10,1.5659701355558027,1.4815491060611894,1.2124120067733457,1.4895347619322326,1.3983239862886498,1.0,1.0
2020-01-13,1.5712013459918144,1.4864983033473436,1.216462136592921,1.4991630905886986,1.4029951654279649,1.0,1.0
2020-01-14,1.55787089490705,1.4738864933009053,1.2061413784993211,1.482434605625409,1.3910918161388308,1.0,1.0
2020-01-15,1.5586025537376986,1.4745787086004674,1.2067078464867997,1.4835519165298814,1.3917451466650306,1.0,1.0
2020-01-16,1.5556805484253318,1.471814227809838,1.204445559202942,1.4858572170571553,1.3889040013766734,1.0,1.0
2020-01-17,1.5628473943522934,1.4785947109974051,1.2099943049007382,1.488521727707889,1.395716260134791,1.0,1.0
2020-01-20,1.5727055788524422,1.4879214434183896,1.2176267501061668,1.5018182868558978,1.4007749953311297,1.0,1.0
2020-01-21,1.5752742951187988,1.4903516808806097,1.2196155124539363,1.498787249817108,1.4101061298263027,1.0,1.0
2020-01-22,1.564042159613333,1.479725066784055,1.210919321103072,1.4939578111866114,1.4004751436963594,1.0,1.0
2020-01-23,1.5439172206117493,1.4606850578398551,1.195338105901646,1.47214505838529,1.3925574802179377,1.0,1.0
2020-02-03,1.4839450490880246,1.4039459699785233,1.1489061981808597,1.400993333378402,1.3741696253758273,1.0,1.0
2020-02-04,1.5169155705530264,1.435139059484989,1.1744327744457121,1.4171204630748193,1.3703677822985616,1.0,1.0
2020-02-05,1.531580146531309,1.4490130721101915,1.1857864443444037,1.4316731102463085,1.3672038739988825,1.0,1.0
2020-02-06,1.5477408021155652,1.4643025110915546,1.198298415309116,1.4532911531541617,1.3652172365766233,1.0,1.0
2020-02-07,1.5410897401436918,1.4580100060845613,1.193149002041646,1.456858579095908,1.367209672707062,1.0,1.0
2020-02-10,1.5364547749650275,1.453624910634042,1.1895604997413805,1.459415360440651,1.3687989893855939,1.0,1.0
2020-02-11,1.5429544171837675,1.459774158886132,1.1945926801685853,1.459450955362014,1.3676097635042859,1.0,1.0
2020-02-12,1.5491439573553054,1.4656300226091123,1.1993847720801691,1.471014202241784,1.366683198623863,1.0,1.0
2020-02-13,1.5444420754082906,1.461181617855255,1.1957444611971213,1.464369698338449,1.370129398135474,1.0,1.0
2020-02-14,1.5504036818159639,1.4668218356623732,1.200360081268161,1.4721439515340196,1.3705250462435121,1.0,1.0
2020-02-17,1.5707918076729965,1.4861108431293188,1.216145062107466,1.5131198270847008,1.3719749188640813,1.0,1.0
2020-02-18,1.56428348526067,1.4799533826305475,1.211106161264152,1.5168858694523344,1.3742109052144493,1.0,1.0
2020-02-19,1.5611121831818258,1.4769530445951775,1.208650862385715,1.5136153361883835,1.379586086202218,1.0,1.0
2020-02-20,1.5767485439609907,1.491746453363602,1.2207569116138959,1.5420570082515455,1.3810170571544313,1.0,1.0
2020-02-21,1.5867299193575026,1.5011897354928074,1.2284847341949747,1.5586217960123003,1.3903640423128372,1.0,1.0
2020-02-24,1.5902253404836715,1.5044967194046972,1.23119097389002,1.5682979830961938,1.4004836995214898,1.0,1.0
2020-02-25,1.579469326402159,1.4943205591539845,1.2228634072772504,1.5593635725897597,1.3910132931141224,1.0,1.0
2020-02-26,1.5685626601056957,1.484001868308774,1.2144192020708664,1.5455677165909392,1.3934455821412868,1.0,1.0
2020-02-27,1.5735635025774017,1.488733116705717,1.2182909754329598,1.5463178037190037,1.393700721861536,1.0,1.0
2020-02-28,1.5361636378384074,1.4533494686317388,1.1893350943266052,1.4922962684193812,1.386522952730719,0.9995,0.9995
2020-03-02,1.5870091247157463,1.501453888965164,1.2287009017456865,1.5416897890470327,1.4324154819259811,1.032582454812829,1.032582454812829
2020-03-03,1.5924428566433289,1.506594689863662,1.2329078286091102,1.5469683529183484,1.437319903467413,1.0361178952619083,1.0361178952619083
2020-03-04,1.6180598901831404,1.5308307160043373,1.252741156420665,1.5718538550991106,1.46044153198988,1.0527855369065644,1.0527855369065644
2020-03-05,1.6621315794948108,1.5725265123798775,1.2868625257029016,1.6146670137254198,1.500220112403509,1.0814606418120538,1.0814606418120538
2020-03-06,1.629463979133092,1.5416200135813607,1.2615704782929658,1.582932283832577,1.4707347264742516,1.060205571221083,1.060205571221083
2020-03-09,1.5744122697509024,1.4895361270688154,1.2189481115358412,1.5294526554534342,1.421045711082067,1.0243863510728146,1.0243863510728146
2020-03-10,1.6077538033451073,1.5210802275402278,1.2447619343770433,1.5618420734427991,1.451139381098015,1.0460799141845547,1.0460799141845547
2020-03-11,1.5934510376372097,1.5075485200908918,1.2336883867527355,1.547947743849107,1.4382298755915348,1.0367738650287763,1.0367738650287763
2020-03-12,1.5731763283673776,1.4883668149533866,1.2179912157821928,1.528252008159625,1.4199301651504512,1.023582189730621,1.023582189730621
2020-03-13,1.5552868568357914,1.4714417600281713,1.204140753639103,1.5108733963027876,1.403546686776899,1.0119424618036008,1.0119424618036008
2020-03-16,1.5029555519714948,1.4219316217564755,1.1636245899479796,1.4600364873648861,1.3728408338374087,0.9778932642288783,0.9778932642288783
2020-03-17,1.484854106100431,1.404806019971502,1.1496100121372435,1.4424519544017218,1.3728408338374087,0.966115615870018,0.966115615870018
2020-03-18,1.4451644668921062,1.3672560385549573,1.1188813321783526,1.403895710114598,1.3728408338374087,0.9402916779694039,0.9402916779694039
2020-03-19,1.4069592498941559,1.3311104545460404,1.0893019278474674,1.3667814982195554,1.3728408338374087,0.9154335746730752,0.9154335746730752
2020-03-20,1.445710449796273,1.367772587667374,1.1193040453664747,1.4044261016890627,1.3728408338374087,0.9406469200147648,0.9406469200147648
2020-03-23,1.3975507706791328,1.3222091839190206,1.0820176553656535,1.3576416917052982,1.3728408338374087,0.9093119775047891,0.9093119775047891
2020-03-24,1.4399073169354142,1.362282300140717,1.1148111193536112,1.3987886856611798,1.3728408338374087,0.9368711300197679,0.9368711300197679
2020-03-25,1.4847009723600584,1.4046611416299517,1.1494914522865451,1.4423031936162833,1.3728408338374087,0.9660159798874104,0.9660159798874104
2020-03-26,1.4824027015638004,1.4024867699951606,1.1477120753719205,1.4400705532591018,1.3728408338374087,0.9645206172813197,0.9645206172813197
2020-03-27,1.4994508755460985,1.4188496292910537,1.1609111845761093,1.4571119155499472,1.3723832202261297,0.9757737110617456,0.9757737110617456
2020-03-30,1.479574610417018,1.4188496292910537,1.1455224987096613,1.4395318854269483,1.3645310074929566,0.9757737110617456,0.9757737110617456
2020-03-31,1.4772486613194455,1.4188496292910537,1.1437216925837899,1.4380220501337264,1.3657972389529012,0.9757737110617456,0.9757737110617456
2020-04-01,1.4825847318405951,1.4188496292910537,1.1478530076209918,1.4385005854850998,1.3615566073665455,0.9757737110617456,0.9757737110617456
2020-04-02,1.5272901268665138,1.4188496292910537,1.1824650072155638,1.467565686841163,1.368713720940813,0.9757737110617456,0.9757737110617456
2020-04-03,1.521369776484262,1.4188496292910537,1.1778813285586271,1.4621496119464237,1.368649174035925,0.9757737110617456,0.9757737110617456
2020-04-07,1.5462466468252987,1.4188496292910537,1.1971416040949239,1.486634348842574,1.3809554713790644,0.9757737110617456,0.9757737110617456
2020-04-08,1.5495726817845672,1.4188496292910537,1.1997167009170187,1.4845963394821071,1.3792154796227931,0.9757737110617456,0.9757737110617456
2020-04-09,1.542833130262373,1.4188496292910537,1.1944987768964717,1.4831673751346939,1.3781324678602311,0.9757737110617456,0.9757737110617456
2020-04-10,1.528152124037833,1.4188496292910537,1.1831323863031868,1.477281178918534,1.3874910811436796,0.9757737110617456,0.9757737110617456
2020-04-13,1.5106581257385467,1.4188496292910537,1.1695881091149125,1.4652003653082741,1.3851613836944254,0.9757737110617456,0.9757737110617456
2020-04-14,1.532273030656898,1.4188496292910537,1.1863228920161024,1.4862328013398676,1.3899028996397647,0.9757737110617456,0.9757737110617456
2020-04-15,1.5323740969158395,1.4188496292910537,1.1864011399616017,1.4804442256015755,1.3880595474911401,0.9757737110617456,0.9757737110617456
2020-04-16,1.53813027075752,1.4188496292910537,1.190857709164469,1.4818904840966938,1.3850260900935998,0.9757737110617456,0.9757737110617456
2020-04-17,1.5674400236085053,1.4188496292910537,1.2135500297044655,1.5010401286959523,1.3968646858285987,0.9757737110617456,0.9757737110617456
2020-04-20,1.5749053270901572,1.4188496292910537,1.2193298484697506,1.5068802050022903,1.3995649391207314,0.9757737110617456,0.9757737110617456
2020-04-21,1.5475770567229015,1.4188496292910537,1.1981716396602005,1.4850922889919131,1.3875836752684119,0.9757737110617456,0.9757737110617456
2020-04-22,1.5458421938327882,1.4188496292910537,1.196828466792263,1.4921023287809643,1.3828291277844758,0.9757737110617456,0.9757737110617456
2020-04-23,1.5471640370367477,1.4188496292910537,1.1978518698158356,1.492270914903147,1.3906077875907743,0.9757737110617456,0.9757737110617456
2020-04-24,1.5276162574040215,1.4188496292910537,1.1827175053765897,1.4831527209746496,1.3856897091236324,0.9752858242062148,0.9757737110617456
2020-04-27,1.520290617488364,1.4188496292910537,1.1770458175267515,1.489489438469149,1.3800542838850098,0.9706088690295781,0.9757737110617456
2020-04-28,1.543070880594333,1.4188496292910537,1.1946828489617922,1.5002642252965275,1.394456975626978,0.9851526182016997,0.9757737110617456
2020-04-29,1.5333626094702717,1.4188496292910537,1.1871664703230353,1.506130011553843,1.388244984451417,0.9789545045334558,0.9757737110617456
2020-04-30,1.6076557223230346,1.4188496292910537,1.2446859976742306,1.548584143390164,1.4217656230630236,1.0263859320600148,0.9757737110617456
2020-05-06,1.653101585156158,1.4188496292910537,1.2798712853792846,1.566878080231063,1.4480512404764165,1.0554002251294574,0.9757737110617456
2020-05-07,1.6424064291760923,1.4188496292910537,1.2715908365826394,1.5583418833595049,1.4447864700764523,1.0485720482463714,0.9757737110617456
2020-05-08,1.665226481968878,1.4188496292910537,1.2892586741569207,1.5776751688332797,1.4463001279811947,1.063141200602908,0.9757737110617456
2020-05-11,1.663865133562042,1.4188496292910537,1.2882046852484643,1.5772668514237003,1.4427756368076983,1.0622720662266811,0.9757737110617456
2020-05-12,1.6710808702778688,1.4188496292910537,1.293791283379136,1.57455580638894,1.454665949788579,1.0668788552000514,0.9757737110617456
2020-05-13,1.665332744433616,1.4188496292910537,1.2893409451307998,1.569592090548182,1.4521767883413021,1.0632090424283676,0.9757737110617456
2020-05-14,1.6505248735838525,1.4188496292910537,1.2778763328720033,1.5573323172618574,1.450927926294225,1.0537551586689784,0.9757737110617456
2020-05-15,1.6800397412340586,1.4188496292910537,1.3007274582574408,1.571399828965758,1.4724453951097627,1.0725985245228387,0.9757737110617456
2020-05-18,1.6418513464143656,1.4188496292910537,1.271161078064396,1.5580153140422823,1.4551854276253986,1.0482176632061826,0.9757737110617456
2020-05-19,1.677992633288672,1.4188496292910537,1.2991425377051298,1.579692555182893,1.4798369261426667,1.0712915762954427,0.9757737110617456
2020-05-20,1.6551977897012213,1.4188496292910537,1.2814942177081863,1.569221666530178,1.467788099191497,1.056738518413211,0.9757737110617456
2020-05-21,1.6151700429740106,1.4188496292910537,1.2505037667192036,1.5489522178233803,1.4474531947960882,1.031183347886088,0.9757737110617456
2020-05-22,1.591050649353815,1.4188496292910537,1.2318299480062824,1.5231747509107345,1.4434198873915711,1.015784649049116,0.9757737110617456
2020-05-25,1.5617151870647776,1.4188496292910537,1.209117722596663,1.5122573443204914,1.4337869482063097,0.9970558221082102,0.9757737110617456
2020-05-26,1.5895955252801188,1.4188496292910537,1.2307033557052944,1.5307338361997218,1.4440649908457814,1.0148556448737163,0.9757737110617456
2020-05-27,1.5657493351860452,1.4188496292910537,1.2122410577792915,1.5192607466552221,1.4326644777601567,0.9996313691124734,0.9757737110617456
2020-05-28,1.5633445210431043,1.4188496292910537,1.210379192425183,1.5246627509686657,1.4272581967120053,0.9980960482279951,0.9757737110617456
2020-05-29,1.556841471169635,1.4181402044764082,1.2053443737091531,1.5198023964337308,1.4229343981618787,0.9937779151353311,0.9757737110617456
2020-06-01,1.613236198582243,1.4695106437570515,1.2490065375533497,1.5643558351537703,1.4744785013967925,0.9937779151353311,0.9757737110617456
2020-06-02,1.619694461857253,1.4753935309815962,1.25400668140012,1.5676569118021322,1.4803812764298172,0.9937779151353311,0.9757737110617456
2020-06-03,1.6132958747476407,1.4695650032862435,1.2490527402859584,1.5648601419721015,1.4745330446949172,0.9937779151353311,0.9757737110617456
2020-06-04,1.6048294910365317,1.4618529019903888,1.2424978609608455,1.5574341336634603,1.4667948717122026,0.9937779151353311,0.9757737110617456
2020-06-05,1.6145456252199146,1.470703411674712,1.2500203273705726,1.5677343872208647,1.475675301609991,0.9937779151353311,0.9757737110617456
2020-06-08,1.6190131795521794,1.4747729451060814,1.2534792161388615,1.5715992801726861,1.4797585925890402,0.9937779151353311,0.9757737110617456
2020-06-09,1.6279602319946325,1.4829228916582304,1.2604062408375867,1.5798378751793567,1.4879360910166484,0.9937779151353311,0.9757737110617456
2020-06-10,1.6180601946605144,1.4739048630218385,1.2527413921544226,1.5731665188101203,1.4788875758488067,0.9937779151353311,0.9757737110617456
2020-06-11,1.611718558310949,1.4681282122606463,1.2478315436980378,1.56335377155725,1.4730913964242884,0.9937779151353311,0.9757737110617456
2020-06-12,1.6051784305205679,1.4621707539492457,1.242768018360707,1.5596387402053318,1.4671137982078715,0.9937779151353311,0.9757737110617456
2020-06-15,1.5933566902899177,1.4514022297170603,1.2336153407513677,1.5479596122528185,1.4563088696831397,0.9937779151353311,0.9757737110617456
2020-06-16,1.6205145826063516,1.4761405859826093,1.254641638747412,1.5707419162842982,1.4811308569401964,0.9937779151353311,0.9757737110617456
2020-06-17,1.6199834393585326,1.4756567630577855,1.254230414780651,1.569361841673959,1.4806453983937296,0.9937779151353311,0.9757737110617456
2020-06-18,1.6576542080765073,1.5099713883049897,1.2833960363088315,1.5890984122040954,1.5150760283625826,0.9937779151353311,0.9757737110617456
2020-06-19,1.6757201064228462,1.526427769541853,1.2973830923649636,1.611428723452457,1.5315880423773354,0.9937779151353311,0.9757737110617456
2020-06-22,1.6908203253744774,1.540182688066484,1.3090740476049025,1.6241969494315316,1.5453894610599384,0.9937779151353311,0.9757737110617456
2020-06-23,1.6885472229122023,1.5381120996023774,1.307314156624025,1.6255744767401958,1.543311872722259,0.9937779151353311,0.9757737110617456
2020-06-24,1.6913512823847494,1.5406663413459343,1.309485127382044,1.629953041540187,1.545874749387525,0.9937779151353311,0.9757737110617456
2020-06-29,1.6574518435224432,1.5097870527028145,1.2832393607698018,1.6061757095857192,1.5148910695917128,0.9937779151353311,0.9757737110617456
2020-06-30,1.6949050327017703,1.5439034828883238,1.312236526949381,1.6355357107337292,1.549122834476605,0.9937779151353311,0.9757737110617456
2020-07-01,1.7150274022079675,1.5622331212840876,1.3278157527852457,1.656997506808879,1.5675144384215978,0.9937779151353311,0.9757737110617456
2020-07-02,1.7909716944378964,1.6314114262728763,1.3866136632018384,1.7233216827064732,1.636926608998501,0.9937779151353311,0.9757737110617456
2020-07-03,1.8957086458524888,1.7268172106420039,1.4677035477179428,1.8094878806591388,1.73265492410721,0.9937779151353311,0.9757737110617456
2020-07-06,1.9992966069907288,1.821176369946459,1.547903856133529,1.9055539817407516,1.8273330759092163,0.9937779151353311,0.9757737110617456
2020-07-07,1.996240340876593,1.8183923910171345,1.5455376208851426,1.9141117853364376,1.8245396854039693,0.9937779151353311,0.9757737110617456
2020-07-08,2.0698798257019098,1.8854712272388177,1.602551093586606,1.996267486153728,1.8918452897068532,0.9937779151353311,0.9757737110617456
2020-07-09,2.086610357894363,1.9007112120309617,1.6155042768238066,2.042242144778106,1.907136795102268,0.9937779151353311,0.9757737110617456
2020-07-10,2.039068782014753,1.857405184161349,1.5786964373199532,1.9976091602070047,1.8636843659920022,0.9937779151353311,0.9757737110617456
2020-07-13,2.0559233750191153,1.8727581770075739,1.5917456714424894,2.0321229956140217,1.879089261478829,0.9937779151353311,0.9757737110617456
2020-07-14,2.046021314476375,1.8637383054131527,1.5840792563422077,2.0100619067431107,1.8700388971226165,0.9937779151353311,0.9757737110617456
2020-07-15,2.0107087209881183,1.831571762141149,1.5567393911919232,1.9524146358698085,1.83776361097868,0.9937779151353311,0.9757737110617456
2020-07-16,1.9816480989726362,1.8051001931275839,1.5342399537787268,1.8937368531289953,1.8112025516392578,0.9937779151353311,0.9757737110617456
2020-07-17,2.002584958438431,1.8241717573900706,1.550449777468274,1.9176193598465183,1.8303385896206834,0.9937779151353311,0.9757737110617456
2020-07-20,2.090195582809005,1.90397702405338,1.6182800447869372,2.0126395040511347,1.9104136475953855,0.9937779151353311,0.9757737110617456
2020-07-21,2.0563398266446615,1.8731375263532484,1.5920680983774533,1.9783548327265086,1.8794698932606344,0.9937779151353311,0.9757737110617456
2020-07-22,2.0835585730294777,1.8979313151098869,1.6131415110671257,2.0021850220709294,1.9043475004049901,0.9937779151353311,0.9757737110617456
2020-07-23,2.1083223914413556,1.9204888889904526,1.6323142590617479,2.0197980959553803,1.9269813328796752,0.9937779151353311,0.9757737110617456
2020-07-24,2.0705912526559183,1.8861192721327338,1.6031018975651736,1.9568659746830444,1.892495525394548,0.9937779151353311,0.9757737110617456
2020-07-27,2.076426418129147,1.891434574243193,1.6076196240023646,1.9596512716734067,1.8978287965236795,0.9937779151353311,0.9757737110617456
2020-07-28,2.087213007588658,1.9012601707891414,1.6159708628133167,1.9752081205268055,1.9076876096816158,0.9937779151353311,0.9757737110617456
2020-07-29,2.114759159151114,1.9263521957208583,1.6372977605212773,2.019868231990816,1.932864461224343,0.9937779151353311,0.9757737110617456
2020-07-30,2.0928780250038583,1.9064204835790612,1.6203568565029927,2.001280231206988,1.9128653675301515,0.9937779151353311,0.9757737110617456
2020-07-31,2.0935160124458316,1.907001631793679,1.6208508018326362,2.003800459993312,1.9134484803862708,0.9932810261777635,0.9752858242062148
2020-08-03,2.112990665970599,1.9247412601650713,1.6359285502679846,2.0345224701288496,1.9312480797069755,1.0025208904647045,0.9843582905265672
2020-08-04,2.128605250023578,1.9389647182574803,1.6480177394273194,2.045848784581662,1.9455196219117712,1.0099293220120524,0.9916325040445022
2020-08-05,2.1448395081244787,1.9537526427373164,1.6605866952430721,2.0559191826356993,1.9603575387505707,1.017631761568203,0.9991953990489763
2020-08-06,2.162478804396763,1.9698204284981904,1.6742434656411613,2.071502793055623,1.976479643595546,1.0260008297760543,1.007412845441103
2020-08-07,2.149013191440851,1.9575544865482042,1.6638180619532956,2.0509065891839073,1.9641722351521502,1.019611990247029,1.0011397520651388
2020-08-10,2.1576458945673993,1.9654180896213354,1.670501709798101,2.058929512808698,1.972062422082138,1.0237078271879696,1.005161385018434
2020-08-11,2.1281039545433633,1.9385080839193154,1.6476296243251511,2.0341271191897556,1.9450614438662541,1.0096914794132636,0.991398970423223
2020-08-12,2.0885843819808816,1.902509367445972,1.6170326140824893,2.0177223355377363,1.908941029398131,0.9909411850015631,0.9729883737668124
2020-08-13,2.1085526431300496,1.9206986272219495,1.6324925254958345,2.0282075304013176,1.9271917801565135,1.0004152443387349,0.9822907922422646
2020-08-14,2.1253848249374125,1.9360312055172488,1.6455244083268536,2.0471429070877614,1.942576192078568,1.0084013723258312,0.9901322361144821
2020-08-17,2.1650371621829407,1.9721508584752947,1.6762242082026932,2.088160969087502,1.9788179518717395,1.0272146577248622,1.0086046825549693
2020-08-18,2.181678781396049,1.9873098516744965,1.689108552857811,2.093908192709697,1.994028191872382,1.0351103721645831,1.016357350895643
2020-08-19,2.162863070848904,1.9701704600942795,1.6745409740353487,2.0707742252588655,1.976830858515585,1.0261831472618714,1.007591859893948
2020-08-20,2.132403856744011,1.9424249015908492,1.6509587127526038,2.0490581946762525,1.9489915028114566,1.0117315933865656,0.9934021237962247
2020-08-21,2.139807173883059,1.9491686464587743,1.6566905401901346,2.054866699132133,1.9557580457207602,1.0152441408909918,0.9968510347263976
2020-08-24,2.128851119201714,1.9391886825936133,1.6482080972999877,2.053164415885876,1.945744343386305,1.01004597609452,0.9917470447132234
2020-08-25,2.12323439545179,1.9340723609162238,1.6438594937356423,2.0459049191653436,1.9406107253675515,1.0073810883664518,0.9891304365673019
2020-08-26,2.1076281150931124,1.9198564667299367,1.6317767334975513,2.0236543267305067,1.9263467726395729,0.9999765965558661,0.9818600914101975
2020-08-27,2.121475887258109,1.932470520770299,1.642498014100993,2.0375596062569294,1.9390034700081742,1.0065467537768058,0.988311217558299
2020-08-28,2.1478828099913305,1.956524812422967,1.6629428932572168,2.0649745968810516,1.9631390800895743,1.0192434318900923,1.0007778708538402
2020-08-31,2.1322930177844217,1.942323937435072,1.6508728985455685,2.056896301211496,1.948890197334196,1.0192434318900923,1.0007778708538402
2020-09-01,2.128465947683477,1.9388378265650796,1.6479098881817074,2.0585244616056846,1.9453923012467287,1.0192434318900923,1.0007778708538402
2020-09-02,2.1093279910031923,1.9214048982275214,1.6330928185981615,2.045174107050982,1.9279004387962446,1.0192434318900923,1.0007778708538402
2020-09-03,2.1033545882894247,1.9159636746329585,1.628468065541237,2.030131725232515,1.9224408204902732,1.0192434318900923,1.0007778708538402
2020-09-04,2.114597345873723,1.9262047986232493,1.6371724807627999,2.035623095818289,1.9323961590296863,1.0192434318900923,1.0007778708538402
2020-09-07,2.0775792258598513,1.8924846766596666,1.6085121556684998,2.0103597517142675,1.9009447764039515,1.0192434318900923,1.0007778708538402
2020-09-08,2.079852260660492,1.8945552034902122,1.6102719942641015,2.0150904040858983,1.9009447764039515,1.0192434318900923,1.0007778708538402
2020-09-09,2.0341209940642306,1.8528982018219153,1.5748657400531416,1.9818536973430683,1.9009447764039515,1.0192434318900923,1.0007778708538402
2020-09-10,2.0228773686742,1.8426562873399641,1.566160652955362,1.9633856108607548,1.9009447764039515,1.0192434318900923,1.0007778708538402
2020-09-11,2.0324920353310008,1.8514143693869465,1.573604560748464,1.9701948598542736,1.9009447764039515,1.0192434318900923,1.0007778708538402
2020-09-14,2.0426517448351316,1.8606689356227653,1.581470453914917,1.9802227422547984,1.9009447764039515,1.0192434318900923,1.0007778708538402
2020-09-15,2.0563795674752794,1.8731737266155752,1.592098866691041,1.9891216650788146,1.9009447764039515,1.0192434318900923,1.0007778708538402
2020-09-16,2.0565627703203333,1.8733406076532122,1.592240706770858,1.9861019654486136,1.9009447764039515,1.0192434318900923,1.0007778708538402
2020-09-17,2.0635451966320595,1.8797009594686178,1.5976466703358925,1.9872564542416964,1.9009447764039515,1.0192434318900923,1.0007778708538402
2020-09-18,2.1045307312828103,1.9170350333396866,1.6293786639329213,2.0201647688247193,1.9009447764039515,1.0192434318900923,1.0007778708538402
2020-09-21,2.0977605059945112,1.910867977250484,1.6241369915397366,2.014978737956904,1.9009447764039515,1.0192434318900923,1.0007778708538402
2020-09-22,2.066086206366669,1.8820155869572524,1.5996139816157302,1.9844810071924754,1.9009447764039515,1.0192434318900923,1.0007778708538402
2020-09-23,2.0685384268458327,1.8842493355541021,1.6015125501035248,1.9798896278958784,1.9009447764039515,1.0192434318900923,1.0007778708538402
2020-09-24,2.033389453697712,1.8522318354486078,1.5742993637834612,1.945483574643448,1.9009447764039515,1.0192434318900923,1.0007778708538402
2020-09-25,2.0146125310950027,1.8351277761385494,1.559761815527026,1.9381072227031966,1.8999943040157496,1.0192434318900923,1.0007778708538402
2020-09-28,1.979157826405152,1.8028317825582003,1.5323119244425314,1.9122842451391966,1.8665567392624605,1.0192434318900923,1.0007778708538402
2020-09-29,2.004605569240501,1.8260123490425146,1.5520141832904675,1.9385834538441624,1.8905566725950211,1.0192434318900923,1.0007778708538402
2020-09-30,2.0121410742757555,1.8328765049950795,1.5578483537988348,1.9398285471848102,1.897663456864393,1.0192434318900923,1.0007778708538402
2020-10-09,2.073062483889818,1.8883703377885819,1.6050151846397254,1.9859104014434665,1.9551188382207354,1.0192434318900923,1.0007778708538402
2020-10-12,2.1495289244001134,1.9580242721094498,1.6642173549014188,2.0508720051492157,2.0272348402685103,1.0192434318900923,1.0007778708538402
2020-10-13,2.1601299849580116,1.9676808687929577,1.6724249527432289,2.0537655040297618,2.0372327700766726,1.0192434318900923,1.0007778708538402
2020-10-14,2.139130587689411,1.9485523383113017,1.6561667107720828,2.0295510340615333,2.0174281006515207,1.0192434318900923,1.0007778708538402
2020-10-15,2.1254268978680027,1.9360695301093767,1.645556982208724,2.017679687055695,2.004504060816167,1.0192434318900923,1.0007778708538402
2020-10-16,2.131544039136374,1.9416416863820523,1.6502930211359734,2.016474162052278,2.0102731769054274,1.0192434318900923,1.0007778708538402
2020-10-19,2.08499681177091,1.8992414190739901,1.6142550303349115,1.993421612396166,1.9663741811943074,1.0192434318900923,1.0007778708538402
2020-10-20,2.105579776972212,1.917990618025747,1.6301908605135629,2.0065068460168103,1.985786110802912,1.0192434318900923,1.0007778708538402
2020-10-21,2.085765374029729,1.8999415090054688,1.6148500698502815,1.9813168081917867,1.9670990173062144,1.0192434318900923,1.0007778708538402
2020-10-22,2.0621558359869705,1.8784353789802988,1.5965709936741237,1.9694035495653257,1.9448327069813687,1.0192434318900923,1.0007778708538402
2020-10-23,2.002204678066158,1.823825356748206,1.550155355193662,1.9289185308539079,1.8882923763666375,1.0192434318900923,1.0007778708538402
2020-10-26,2.006470004380103,1.8277106789489772,1.5534576741322015,1.9284737358670976,1.892315033615205,1.0192434318900923,1.0007778708538402
2020-10-27,2.0452466445589215,1.8630326519632134,1.5834794881295948,1.9530265458997307,1.9288855375366607,1.0192434318900923,1.0007778708538402
2020-10-28,2.0574752979615587,1.874171836882188,1.5929472077721312,1.9589867611829126,1.9404184608418507,1.0192434318900923,1.0007778708538402
2020-10-29,2.0829814674400695,1.8974056246952078,1.612694701942297,1.9625069844277054,1.9644734967251478,1.0192434318900923,1.0007778708538402
2020-10-30,2.073660311883918,1.8898636072311834,1.6054780375521622,1.9577380898509684,1.9563374782256229,1.0192434318900923,1.0007778708538402
2020-11-02,2.05702538844256,1.8898636072311834,1.5925988769257053,1.9499189853893606,1.9528932221019861,1.0192434318900923,1.0007778708538402
2020-11-03,2.0953473985001945,1.8898636072311834,1.6222687052721279,1.9858836691273865,1.9644147160376912,1.0192434318900923,1.0007778708538402
2020-11-04,2.0875247136726647,1.8898636072311834,1.6162121932130813,1.9769209508384717,1.9621371337582274,1.0192434318900923,1.0007778708538402
2020-11-05,2.1563805156249036,1.8898636072311834,1.669522022773319,2.03716951990383,1.9792587492360478,1.0192434318900923,1.0007778708538402
2020-11-06,2.1549670500954,1.8898636072311834,1.6684276835262155,2.0439030053970564,1.9809417923901602,1.0192434318900923,1.0007778708538402
2020-11-09,2.2080744810763466,1.8898636072311834,1.7095447428546384,2.1170654180161894,1.9949433600491238,1.0192434318900923,1.0007778708538402
2020-11-10,2.1781877108286243,1.8898636072311834,1.6864056814707162,2.0823473728530426,1.9850017818428989,1.0192434318900923,1.0007778708538402
2020-11-11,2.1450110239636313,1.8898636072311834,1.6607194869598607,2.041295223295322,1.9688227341550282,1.0192434318900923,1.0007778708538402
2020-11-12,2.1508236071788844,1.8898636072311834,1.665219729665984,2.042168882840274,1.9790327051186671,1.0192434318900923,1.0007778708538402
2020-11-13,2.131293553754544,1.8898636072311834,1.6500990892865994,2.027528086808973,1.9745412833765537,1.0192434318900923,1.0007778708538402
2020-11-16,2.1352209992322355,1.8898636072311834,1.6531398126982315,2.028373106944046,1.9728493028423835,1.0192434318900923,1.0007778708538402
2020-11-17,2.1339764651960667,1.8898636072311834,1.652176264304792,2.036355166867194,1.965504789401103,1.0192434318900923,1.0007778708538402
2020-11-18,2.1369741216778304,1.8898636072311834,1.6544971225562697,2.037834155273615,1.9615202734654507,1.0192434318900923,1.0007778708538402
2020-11-19,2.1542320639753556,1.8898636072311834,1.6678586394706998,2.0512632052415434,1.9700933515837438,1.0192434318900923,1.0007778708538402
2020-11-20,2.151665039073264,1.8898636072311834,1.6658711866181093,2.04768539978134,1.969526744350041,1.0192434318900923,1.0007778708538402
2020-11-23,2.151142739211076,1.8898636072311834,1.6654668094146907,2.0495044354047147,1.967825944052675,1.0192434318900923,1.0007778708538402
2020-11-24,2.1464492033612124,1.8898636072311834,1.6618329602822,2.0503387505303423,1.9655542835112,1.0192434318900923,1.0007778708538402
2020-11-25,2.130278830493412,1.8898636072311834,1.6493134659612148,2.036227356317741,1.9575850509687278,1.0192434318900923,1.0007778708538402
2020-11-26,2.119796859448381,1.8898636072311834,1.6411980701046165,2.025644475349392,1.954141629594992,1.0192434318900923,1.0007778708538402
2020-11-27,2.1289294616101038,1.888918675427568,1.648268751890018,2.0336651593511457,1.9557185349241493,1.0187338101741472,1.0002774819184133
2020-11-30,2.121190953625707,1.8820525896716702,1.6422774115816896,2.0262729303661016,1.948283683315503,1.0150307848432631,0.996641544035068
2020-12-01,2.166324914496634,1.9220982478874353,1.6772212172333396,2.069387258662025,1.9850482710579525,1.0366282556638868,1.0178477350071402
2020-12-02,2.175816860030523,1.930520092532088,1.6845701113607754,2.0784544632241384,1.9842568294536977,1.0411703346825083,1.022307525502014
2020-12-03,2.218591999658109,1.9684728577803372,1.7176876604751365,2.11931552166485,2.016072778172369,1.061639064041247,1.0424054243412884
2020-12-04,2.237546036623217,1.9852900586523001,1.7323623349606538,2.137421412583303,2.0327543915771957,1.0707089363145361,1.0513109783812553
2020-12-07,2.2132281203525905,1.9637136903322667,1.713534815203547,2.1141916626271025,2.01193685774496,1.0590723443350465,1.0398852057141383
2020-12-08,2.224374297502993,1.9736032721895704,1.722164455514008,2.124839076052245,2.0119572490612794,1.0644060050889907,1.045122236914124
2020-12-09,2.198892836908471,1.9509945349523292,1.7024360915602759,2.100497847488821,1.9931785507167668,1.052212634708073,1.0331497729604264
2020-12-10,2.2064369153052077,1.9576881106810942,1.7082768997727498,2.1077043471270263,2.00586975378415,1.0558226217311035,1.0366943581043493
2020-12-11,2.1927178004973373,1.9455156584518305,1.6976552288112787,2.094599128609921,1.9946582532379045,1.0492577606812368,1.0302484321769645
2020-12-14,2.2089550074124458,1.9599223186685262,1.7102264676704115,2.1101097608708215,2.0092494093086035,1.0570275773733804,1.037877483650633
2020-12-15,2.253621364213395,1.9995530894601588,1.7448082429257055,2.152777409216736,2.0439154381830056,1.078401290627372,1.0588639708560532
2020-12-16,2.266526591611335,2.0110034101411323,1.75479978254204,2.1651051597627053,2.051429952708577,1.0845766908533259,1.0649274917936764
2020-12-17,2.321745647194105,2.0599971918566067,1.7975517127807823,2.2178532998471705,2.0981376917273526,1.111000074014884,1.0908721643947463
2020-12-18,2.329804401591252,2.0671474201548907,1.8037909956182363,2.2255514450139207,2.101350920720632,1.1148563434311822,1.0946585700512685
2020-12-21,2.3540590478650727,2.0886676513972446,1.822569530211416,2.248720756148424,2.115307335038929,1.1264626594968485,1.106054615311148
2020-12-22,2.3315557105898006,2.068701290460815,1.8051469014616497,2.2272243872874107,2.1051696836291076,1.1156943785662377,1.0954814225631617
2020-12-23,2.3291976725499155,2.066609092400134,1.8033212512994452,2.224971865589246,2.1041512174057746,1.1145660118823126,1.0943734984184978
2020-12-24,2.3291673042712,2.0665821477738127,1.8032977394425431,2.224942856215527,2.100973578925448,1.1145514800752037,1.0943592298831086
2020-12-25,2.369225039166352,2.102123862472783,1.83431140799746,2.2632081070318617,2.1350076364344215,1.133719878856167,1.1131803561415494
2020-12-28,2.3384567025199545,2.0748242798650685,1.8104898165561287,2.2338165769801135,2.1350076364344215,1.118996636311156,1.0987238535384993
2020-12-29,2.401778807738161,2.1310075913701847,1.8595153240786397,2.2943051753677937,2.1350076364344215,1.1492974850149005,1.1284757439132687
2020-12-30,2.4034191076424305,2.132462967500934,1.8607852839926196,2.2958720759280764,2.1350076364344215,1.1500824001571996,1.1292464388035506
2020-12-31,2.445850717901725,2.1701109321200285,1.8936368643497614,2.3364049770859343,2.1350076364344215,1.1703867440872158,1.149182930373267
2021-01-04,2.45200600532793,2.1755722860923625,1.8984024369563064,2.3422848306978987,2.1350076364344215,1.1733321678438453,1.1520749920963982
2021-01-05,2.4789880973870053,2.199512476930788,1.919292626135218,2.3680595411974408,2.1350076364344215,1.186243619324733,1.1647525277256578
2021-01-06,2.4524529020430323,2.175968800662885,1.8987484352169852,2.3427117298956976,2.1350076364344215,1.173546016541766,1.1522849665126111
2021-01-07,2.409725553565804,2.1380584386966888,1.865667887168734,2.3018963240701438,2.1350076364344215,1.1531001561702696,1.1322095223447575
2021-01-08,2.450192248601781,2.173963008277157,1.8969981825696998,2.3405522350774133,2.1350076364344215,1.1724642502666414,1.1512227985204433
2021-01-11,2.465037035622643,2.187134226930519,1.9084913762222715,2.354732754773676,2.1350076364344215,1.1795677671823919,1.1581976215235565
2021-01-12,2.481490911409265,2.20173312925066,1.9212303653694542,2.370450360512589,2.1350076364344215,1.187441264108664,1.1659284748638983
2021-01-13,2.491976727768073,2.2110367979275343,1.9293487383611123,2.3804669626503294,2.1350076364344215,1.1924589294867907,1.1708552355539001
2021-01-14,2.522554187767812,2.2381670228984283,1.9530225484795645,2.4096761573109604,2.1350076364344215,1.2070908338747466,1.1852220547668146
2021-01-15,2.4876894323205967,2.2072328426608863,1.9260294103872997,2.376371513018671,2.1350076364344215,1.190407375921814,1.1688408498394958
2021-01-18,2.547381525326309,2.260195381480079,1.9722444745359335,2.433392533218492,2.1350076364344215,1.2189711937662002,1.1968871790199074
2021-01-19,2.5570478128059313,2.2687719131461406,1.9797283484203212,2.442626278357569,2.1350076364344215,1.2235966987685627,1.2014288840758858
2021-01-20,2.551628451997541,2.263963519056791,1.975532548025445,2.4374494204763124,2.1350076364344215,1.221003430093111,1.198882597465279
2021-01-21,2.5686783856127087,2.279091280967762,1.9887330195800197,2.45373641193736,2.1350076364344215,1.2291621521871063,1.20689350856919
2021-01-22,2.5158265146855676,2.2321978127595385,1.9478138210349225,2.4032495308784823,2.1350076364344215,1.203871512541527,1.1820610576500814
2021-01-25,2.493213373698014,2.2121340271378385,1.9303061795916598,2.381648271748411,2.1350076364344215,1.1930506884166951,1.1714362736292012
2021-01-26,2.4551335939877172,2.1783472773426866,1.9008238918469693,2.345272467538332,2.1350076364344215,1.1748287793424865,1.1535444895905622
2021-01-27,2.461342205177907,2.183855943476109,1.9056307490030933,2.351203258808371,2.1350076364344215,1.1777997195486913,1.1564616054835595
2021-01-28,2.3806364743572543,2.112248797767361,1.8431464175074304,2.274108908859452,2.1350076364344215,1.1391804706987874,1.1185420188286719
2021-01-29,2.3466018409161333,2.0820511534219053,1.8167959799778544,2.241597240676633,2.1350076364344215,1.122894242137165,1.1025508467159268
2021-02-01,2.3434760226402207,2.0792777329663026,1.8143758957612655,2.2444126409298675,2.1350076364344215,1.1213984778013546,1.1010821810366047
2021-02-02,2.351683686512381,2.0865600830156232,1.8207304679208651,2.248367157340234,2.1350076364344215,1.125326003273613,1.10493855180817
2021-02-03,2.3122620578659747,2.051582761357605,1.7902092882302323,2.211988605474615,2.1350076364344215,1.1064619936018925,1.0864163000630476
2021-02-04,2.2811754011528924,2.0240007453815863,1.7661412456835555,2.1886523548941215,2.1350076364344215,1.0915864287652148,1.071810234780496
2021-02-05,2.282893498301425,2.0255251480678114,1.7674714381082948,2.1885848805175345,2.1350076364344215,1.0924085713894474,1.072617482705059
2021-02-08,2.2944058985229576,2.035739665819378,1.7763846171903546,2.2026900552067863,2.1350076364344215,1.0979174769466384,1.0780265838106082
2021-02-09,2.336606858983135,2.0731829835861966,1.8090576228866775,2.2366316794563184,2.1350076364344215,1.1181114504990035,1.0978547045749851
2021-02-10,2.3428880381931902,2.078756036581859,1.8139206639613805,2.2431730857132983,2.1350076364344215,1.1211171159024063,1.1008059165512432
2021-02-18,2.3774178397859895,2.1093930249197057,1.8406544726669678,2.2632131966583726,2.1350076364344215,1.1376402919754105,1.1170297434140954
2021-02-19,2.41974097864027,2.146944746959431,1.8734220718351684,2.294947253893786,2.1350076364344215,1.157892730245931,1.1369152696954714
2021-02-22,2.3856004102073434,2.116653110498214,1.8469896168691888,2.2783310734532236,2.1350076364344215,1.1415558097474554,1.1208743240281012
2021-02-23,2.378804312604515,2.1106231898674466,1.8417279135034677,2.276937601457007,2.1350076364344215,1.1383037459613643,1.117681177651195
2021-02-24,2.3726851436409087,2.1051938824423377,1.8369903046854568,2.272753208698779,2.1350076364344215,1.1353756055857414,1.1148060861872815
2021-02-25,2.4185831133312425,2.1459174168175497,1.8725256244693997,2.312871004378043,2.1350076364344215,1.1573386693626542,1.1363712466939584
2021-02-26,2.3819190310224716,2.113386761838463,1.8441394039411882,2.2780931424866764,2.1350076364344215,1.139794198801049,1.1191446280623902
2021-03-01,2.3983861771146415,2.127997438399334,1.8568886672803333,2.294912897819314,2.1350076364344215,1.1476740458244836,1.1268817164556342
2021-03-02,2.378552877618762,2.1104001011043816,1.8415332464477379,2.27373970234777,2.1350076364344215,1.1381834294710036,1.1175630409261652
2021-03-03,2.4052494541522287,2.134086964804369,1.862202382591532,2.2939534954675755,2.1350076364344215,1.150958256265864,1.1301064270891534
2021-03-04,2.3615300551234424,2.095296393865731,1.8283537649787815,2.2578419099950082,2.1350076364344215,1.130037680570775,1.1095648679815884
2021-03-05,2.374764297983954,2.107038637535682,1.8386000363349997,2.2595801878730253,2.133940132616204,1.1365588606550485,1.1159679043083384
2021-03-08,2.247497369781356,1.9941195005792256,1.740066898113161,2.191758726586961,2.0188679936708964,1.1365588606550485,1.1159679043083384
2021-03-09,2.1689055198298988,1.9243879214984265,1.6792191843846638,2.130364511454164,2.0009706881407974,1.1365588606550485,1.1159679043083384
2021-03-10,2.1817046102515505,1.9357440708504392,1.6891285501833166,2.1346068020647895,2.0009706881407974,1.1365588606550485,1.1159679043083384
2021-03-11,2.235744815045453,1.9836919028006492,1.7309677855895291,2.173617597882839,2.0009706881407974,1.1365588606550485,1.1159679043083384
2021-03-12,2.2328846744237207,1.9811542080896873,1.7287533954475245,2.1642534893430097,2.0009706881407974,1.1365588606550485,1.1159679043083384
2021-03-15,2.172630117916379,1.9276926166566652,1.6821028584330524,2.1198361896016658,2.0009706881407974,1.1365588606550485,1.1159679043083384
2021-03-16,2.196619560828166,1.9489775429758802,1.7006760661601146,2.1372060094662975,2.0009706881407974,1.1365588606550485,1.1159679043083384
2021-03-17,2.220638720090184,1.9702888354899035,1.7192722810052568,2.1584811191672357,2.0009706881407974,1.1365588606550485,1.1159679043083384
2021-03-18,2.2556270939709457,2.0013326976929418,1.7463611274828137,2.1780095641751727,2.0009706881407974,1.1365588606550485,1.1159679043083384
2021-03-19,2.23161524789427,1.980027893891964,1.7277705746828893,2.1575106290947823,2.0009706881407974,1.1365588606550485,1.1159679043083384
2021-03-22,2.2547315929685174,2.000538153487578,1.7456678089176827,2.177976132181293,2.0009706881407974,1.1365588606550485,1.1159679043083384
2021-03-23,2.256935849821863,2.00249390731165,1.747374397960685,2.1834310075710572,2.0009706881407974,1.1365588606550485,1.1159679043083384
2021-03-24,2.248096225892659,1.9946508429806218,1.7405305470188381,2.176502537623572,2.0009706881407974,1.1365588606550485,1.1159679043083384
2021-03-25,2.240892777391533,1.98825949528845,1.7349534627216086,2.1685955988874257,2.0009706881407974,1.1365588606550485,1.1159679043083384
2021-03-26,2.2837420835892366,2.0262780657321806,1.7681284333908702,2.196723878377662,2.0009706881407974,1.1365588606550485,1.1159679043083384
2021-03-29,2.313932995212611,2.053065320933414,1.791502968394132,2.2092895163029613,2.0009706881407974,1.1365588606550485,1.1159679043083384
2021-03-30,2.328356195949727,2.065862482005709,1.8026697597349994,2.210111403242052,2.0009706881407974,1.1365588606550485,1.1159679043083384
2021-03-31,2.2746206680065795,2.0181849783137804,1.7610664125259203,2.176606791586076,2.0009706881407974,1.1365588606550485,1.1159679043083384
2021-04-01,2.305453836516015,2.0455420837840714,1.7849381983658446,2.202497100366037,2.0009706881407974,1.1365588606550485,1.1159679043083384
2021-04-02,2.34528117857952,2.080879379628293,1.8157734912103816,2.2297879469697257,1.999970202796727,1.1365588606550485,1.1159679043083384
2021-04-06,2.35610693668295,2.0904846657713883,1.8241550553341213,2.231948597885997,2.009202014243173,1.1365588606550485,1.1159679043083384
2021-04-07,2.343060096809632,2.0789086976914573,1.814053875909492,2.226622158830685,1.9980761453172557,1.1365588606550485,1.1159679043083384
2021-04-08,2.340945160827695,2.077032194901838,1.8124164412484876,2.2205877841818236,1.9962726050921737,1.1365588606550485,1.1159679043083384
2021-04-09,2.3238308712556566,2.0618473323818516,1.799166143753401,2.2013791675713166,1.9816781634965426,1.1365588606550485,1.1159679043083384
2021-04-12,2.260826471551736,2.005945908975915,1.7503866115348836,2.1545722739720694,1.927620030953334,1.1365588606550485,1.1159679043083384
2021-04-13,2.2593868186875437,2.0046685593829183,1.7492719974190063,2.1505469214676514,1.927658646534309,1.1365588606550485,1.1159679043083384
2021-04-14,2.3141003450037294,2.053213804080212,1.7916325346556305,2.1857569209233283,1.9667273291390983,1.1365588606550485,1.1159679043083384
2021-04-15,2.3038319578593804,2.044103052130351,1.7836825006279464,2.175825156342595,1.9643962059668467,1.1365588606550485,1.1159679043083384
2021-04-16,2.312379249114831,2.0516867407249597,1.7903000205334705,2.1861875607419425,1.9671683262309883,1.1365588606550485,1.1159679043083384
2021-04-19,2.395647682058806,2.125567675202942,1.8547684580817032,2.246976069683245,2.0206823650365338,1.1365588606550485,1.1159679043083384
2021-04-20,2.3737374098331947,2.106127518477712,1.8378049946574306,2.222347809330583,2.0086224551532483,1.1365588606550485,1.1159679043083384
2021-04-21,2.364661310449611,2.0980746384106,1.8307780586913627,2.213553658720738,2.0022312081395253,1.1365588606550485,1.1159679043083384
2021-04-22,2.367441106989589,2.100541046853406,1.832930244499338,2.2259855393349572,2.002654155162791,1.1365588606550485,1.1159679043083384
2021-04-23,2.374877122618136,2.107138742570816,1.838687387899397,2.22837075855435,2.0102281456499713,1.1365588606550485,1.1159679043083384
2021-04-26,2.352754227203721,2.0875099333235547,1.8215593064526152,2.213029136586222,2.003121911822554,1.1365588606550485,1.1159679043083384
2021-04-27,2.3293467709767435,2.066741381800973,1.8034366869126603,2.1922099785747178,1.9867867696688752,1.1365588606550485,1.1159679043083384
2021-04-28,2.3575092749826867,2.0917289075611722,1.8252407796104366,2.214764200082099,2.0036489531585326,1.1365588606550485,1.1159679043083384
2021-04-29,2.3771711411315346,2.1091741385244505,1.8404634725936415,2.232166608842771,2.0019906465554635,1.1365588606550485,1.1159679043083384
2021-04-30,2.3543187989805716,2.088898118748028,1.8227706358162108,2.2122862068083737,2.013781254401896,1.1365588606550485,1.1159679043083384
2021-05-06,2.3556758470520833,2.0901021762294785,1.823821295300905,2.2121771348791426,2.0104416503315776,1.1365588606550485,1.1159679043083384
2021-05-07,2.297275009243873,2.0382853193604333,1.778605952200402,2.1692511801694647,1.9789447311430495,1.1365588606550485,1.1159679043083384
2021-05-10,2.262761636272588,2.0076629075177452,1.7518848629314927,2.1398792600197862,1.966847834468051,1.1365588606550485,1.1159679043083384
2021-05-11,2.2896341092816486,2.031505837514753,1.7726901823869075,2.1695097075928746,1.966847834468051,1.1365588606550485,1.1159679043083384
2021-05-12,2.310335817452514,2.0498736810165408,1.7887179462485514,2.180352988041737,1.966847834468051,1.1365588606550485,1.1159679043083384
2021-05-13,2.3063508408535314,2.046337961841859,1.7856326808494112,2.174774106869295,1.966847834468051,1.1365588606550485,1.1159679043083384
2021-05-14,2.366059572866001,2.099315263823088,1.831860627320074,2.2494150180342762,1.966847834468051,1.1365588606550485,1.1159679043083384
2021-05-17,2.3722617388807063,2.104818211395817,1.8366624944652357,2.250109260593052,1.966847834468051,1.1365588606550485,1.1159679043083384
2021-05-18,2.386559869201348,2.1175044022130227,1.8477324532604609,2.2644638636030407,1.966847834468051,1.1365588606550485,1.1159679043083384
2021-05-19,2.3951836958107826,2.12515599773554,1.8544092286907274,2.2684409914675947,1.966847834468051,1.1365588606550485,1.1159679043083384
2021-05-20,2.396147221178325,2.1260108973899525,1.8551552133668812,2.276592976909747,1.966847834468051,1.1365588606550485,1.1159679043083384
2021-05-21,2.368668917204969,2.1016304364680147,1.8338808449056716,2.2465007757683004,1.966847834468051,1.1365588606550485,1.1159679043083384
2021-05-24,2.4028887783914095,2.1319924263935617,1.8603746902418934,2.2791290503935184,1.966847834468051,1.1365588606550485,1.1159679043083384
2021-05-25,2.4642051419869992,2.1863961191384687,1.9078473040210748,2.344664932941357,1.966847834468051,1.1365588606550485,1.1159679043083384
2021-05-26,2.4561245388684383,2.179226505295169,1.901591105374326,2.3382347922788624,1.966847834468051,1.1365588606550485,1.1159679043083384
2021-05-27,2.5175212893684513,2.2337015223031687,1.9491259566418844,2.379736681832301,1.966847834468051,1.1365588606550485,1.1159679043083384
2021-05-28,2.511102058518769,2.228005981303574,1.9441560326441687,2.3823280624538943,1.965864410550817,1.1365588606550485,1.1159679043083384
2021-05-31,2.516698430741871,2.2329714309332984,1.9484888795635342,2.4067739289271435,1.9702456378865472,1.1365588606550485,1.1159679043083384
2021-06-01,2.509057015952501,2.226191492300943,1.9425727111583944,2.409011500545333,1.9642634097529998,1.1365588606550485,1.1159679043083384
2021-06-02,2.4941935531505055,2.2130037033325953,1.9310650582637416,2.3797313511938287,1.9526272628107189,1.1365588606550485,1.1159679043083384
2021-06-03,2.5066365007077795,2.2240438605769435,1.9406986896310063,2.3804456796617632,1.9623684629671252,1.1365588606550485,1.1159679043083384
2021-06-04,2.511405698555162,2.2282753896356455,1.9443911181145113,2.3987884840489895,1.9661021209772562,1.1365588606550485,1.1159679043083384
2021-06-07,2.5079680670263267,2.2252253090617478,1.941729620525387,2.424380034359582,1.9634109051996262,1.1365588606550485,1.1159679043083384
2021-06-08,2.5141072268376474,2.2306723536107333,1.946482706741877,2.4326895611063515,1.9682170642096979,1.1365588606550485,1.1159679043083384
2021-06-09,2.5076237514018636,2.224919810817199,1.9414630430295965,2.4356443568075834,1.9631413511088904,1.1365588606550485,1.1159679043083384
2021-06-10,2.518012083204017,2.234136985130145,1.9495059411164148,2.455684736467297,1.9709468656877842,1.1365588606550485,1.1159679043083384
2021-06-11,2.4860376282390195,2.2057672593082644,1.924750543660615,2.4103758268939153,1.950674203561366,1.1365588606550485,1.1159679043083384
2021-06-15,2.471669127280329,2.1930186312826825,1.913626102213034,2.413499853078455,1.9493456838776049,1.1365588606550485,1.1159679043083384
2021-06-16,2.4607999369877596,2.1833748093991323,1.9052109118365341,2.3846004646870087,1.938949173563591,1.1365588606550485,1.1159679043083384
2021-06-17,2.4808458152688293,2.201160759818468,1.9207309163132862,2.4417637392250033,1.9560266391844086,1.1365588606550485,1.1159679043083384
2021-06-18,2.4841420226999835,2.2040853601338215,1.9232829199406916,2.4615096964633776,1.9644188326858596,1.1365588606550485,1.1159679043083384
2021-06-21,2.4758872102076737,2.196761176895226,1.9168918441774319,2.47634992866633,1.9669791700370307,1.1365588606550485,1.1159679043083384
2021-06-22,2.4778390530723096,2.198492973323898,1.9184030081969037,2.470573492268001,1.9612333691508466,1.1365588606550485,1.1159679043083384
2021-06-23,2.488701195533536,2.208130541932981,1.9268127419716794,2.4988987945653727,1.9676552203923359,1.1365588606550485,1.1159679043083384
2021-06-24,2.4843331138001266,2.2042549080471168,1.9234308672986526,2.482198810043744,1.9663791793933785,1.1365588606550485,1.1159679043083384
2021-06-25,2.494548235054771,2.2133183991855514,1.9313396615844267,2.4915896130155986,1.9622017416240303,1.1365588606550485,1.1159679043083384
2021-06-28,2.5233689406101814,2.238889922312222,1.9536533498634543,2.503780442635635,1.9838172084574153,1.1365588606550485,1.1159679043083384
2021-06-29,2.5023186084527733,2.2202127579189925,1.9373556728677495,2.480350541201926,1.9735953996147888,1.1365588606550485,1.1159679043083384
2021-06-30,2.492436821941161,2.2114450221038964,1.9297049544134048,2.47824507476027,1.9712118302915824,1.1365588606550485,1.1159679043083384
2021-07-01,2.5184785827288105,2.2345508925330675,1.9498671163471375,2.4892896851692528,1.9680260333941415,1.1365588606550485,1.1159679043083384
2021-07-02,2.495014809933365,2.2137323734470544,1.9317008951558867,2.4541115375579623,1.963231816504022,1.1365588606550485,1.1159679043083384
2021-07-05,2.4884992324266393,2.2079513476988635,1.92665637724277,2.4516305046967566,1.9600199853113776,1.1365588606550485,1.1159679043083384
2021-07-06,2.5119299006281306,2.228740494329429,1.9447969680555879,2.4771432401474223,1.9616311813535572,1.1365588606550485,1.1159679043083384
2021-07-07,2.5025124303270014,2.2203847287449583,1.9375057344571462,2.480601091582635,1.9584140740450644,1.1365588606550485,1.1159679043083384
2021-07-08,2.4885960656221986,2.208037264134702,1.9267313478480739,2.4866790713389517,1.9535725064948912,1.1365588606550485,1.1159679043083384
2021-07-09,2.496644212532195,2.2151780808104125,1.932962418112062,2.4899347872548794,1.956005348968733,1.1365588606550485,1.1159679043083384
2021-07-12,2.486751367388241,2.20640053308866,1.925303137796718,2.488300219132792,1.952769608110224,1.1365588606550485,1.1159679043083384
2021-07-13,2.4962890717855233,2.214862977843926,1.9326874595444732,2.4953412632122878,1.952769608110224,1.1365588606550485,1.1159679043083384
2021-07-14,2.4763228410184097,2.197147695654457,1.9172291201020903,2.4721142511385943,1.9454649836409836,1.1365588606550485,1.1159679043083384
2021-07-15,2.4768472484072843,2.197612982517286,1.917635129003714,2.475910461326478,1.939416378449096,1.1365588606550485,1.1159679043083384
2021-07-16,2.46163245705643,2.1841134730015375,1.9058554690373506,2.4848951992676063,1.939416378449096,1.1365588606550485,1.1159679043083384
2021-07-19,2.4311935316325313,2.1571061645256315,1.882288915742824,2.4565417475793567,1.939416378449096,1.1365588606550485,1.1159679043083384
2021-07-20,2.4330488491837974,2.158752317690699,1.88372534752684,2.46523472738636,1.939416378449096,1.1365588606550485,1.1159679043083384
2021-07-21,2.419648402023184,2.1468626072248487,1.873350396776012,2.4603683239227934,1.939416378449096,1.1365588606550485,1.1159679043083384
2021-07-22,2.4189338062546675,2.1462285733985182,1.8727971394245033,2.45970328918391,1.939416378449096,1.1365588606550485,1.1159679043083384
2021-07-23,2.4028657750542055,2.1319720164015803,1.8603568805010888,2.4595032290321286,1.9387699063229464,1.135990581224721,1.1154099203561842
2021-07-26,2.3176370811424,2.0563518164300163,1.7943707614340043,2.3813904950801192,1.8771633789029336,1.0956974468603131,1.0758467738520545
2021-07-27,2.242159906774151,1.9893837713145794,1.7359345049795278,2.310444125597579,1.8771633789029336,1.0600144885902647,1.0408102812086404
2021-07-28,2.2177947333331174,1.9677654734927283,1.717070397576522,2.2872245051395335,1.8771633789029336,1.048495489973583,1.0294999714737094
2021-07-29,2.220723267003606,1.9703638507718049,1.7193377392733546,2.2900266040508885,1.8771633789029336,1.0498799978811875,1.0308593963496522
2021-07-30,2.2054981805784313,1.956855206825584,1.7075501086111058,2.2836947075082055,1.8771633789029336,1.0426821115252838,1.0237919135908464
2021-08-02,2.2717963425662044,2.0156790610600566,1.7588797513647663,2.3399230008049834,1.8771633789029336,1.0740255549887134,1.0545675101099135
2021-08-03,2.2861313717115737,2.0283979908103205,1.7699782781237856,2.3472753935885433,1.8771633789029336,1.0808026535098965,1.0612218284173849
2021-08-04,2.2656220588619114,2.0102008524078983,1.7540994713796354,2.32878461213,1.8771633789029336,1.0711065704134188,1.0517014085713425
2021-08-05,2.2656151129473225,2.010194689560316,1.7540940936843308,2.3315723101236316,1.8771633789029336,1.071103286628851,1.051698184278867
2021-08-06,2.2599155907683066,2.0051377188719526,1.7496813855708027,2.3296903677571974,1.8771633789029336,1.068408752635292,1.049052466966746
2021-08-09,2.336725570310541,2.073288311661817,1.809149532071545,2.4096466409006503,1.8771633789029336,1.1047218144009134,1.0847076475653505
2021-08-10,2.3741076896087123,2.1064560537325074,1.8380916742278197,2.4360081000935736,1.8771633789029336,1.1223947680339492,1.102060421549648
2021-08-11,2.381470277812795,2.112988600070448,1.843791968337445,2.4545990816688685,1.8771633789029336,1.125875541259031,1.105478133852844
2021-08-12,2.357837611208987,2.0920202278894715,1.8254949854691487,2.434627214352808,1.8771633789029336,1.1147028461589295,1.094507853678221
2021-08-13,2.3555529570669176,2.0899931405887098,1.8237261508979925,2.431841188410776,1.8771633789029336,1.1136227418877334,1.0934473175795745
2021-08-16,2.366591872174065,2.0997875528876406,1.832272746336677,2.440572479834465,1.8771633789029336,1.1188415534080631,1.0985715802613734
2021-08-17,2.3093685146945586,2.0490154298263348,1.787969037025252,2.3940204962002594,1.8771633789029336,1.0917883589276898,1.0720085065885254
2021-08-18,2.317166018247904,2.055933860121572,1.7940060531319342,2.4143536520591087,1.8771633789029336,1.0954747448613638,1.0756281065294409
2021-08-19,2.2884818691946203,2.030483498419819,1.771798090204254,2.383704822423499,1.8771633789029336,1.0819138862011495,1.0623129289847084
2021-08-20,2.240412070586508,1.9878329823025618,1.7345812878704299,2.350173312843556,1.8771633789029336,1.0591881730018955,1.039998935921237
2021-08-23,2.263931548455638,2.0087009263957896,1.7527906372789055,2.3740246049400424,1.8771633789029336,1.0703073564419494,1.050916673902766
2021-08-24,2.3178502216839605,2.056540927979603,1.7945357800035493,2.424932973077102,1.8771633789029336,1.0957982122256547,1.0759457136584125
2021-08-25,2.3677183543155444,2.1007870379306848,1.833144896094029,2.471599065688081,1.8771633789029336,1.119374114617234,1.099094493096853
2021-08-26,2.294431678703459,2.035762539599503,1.7764045768304952,2.3967766202121323,1.8771633789029336,1.0847267472574311,1.065074829636541
2021-08-27,2.2874092353116042,2.0295317909019976,1.7709676310728106,2.3910685180994657,1.8771633789029336,1.0814067825581333,1.0618150125024617
2021-08-30,2.2807774793446316,2.0236476843955193,1.7658331649819266,2.383744842870757,1.8771633789029336,1.0782715211574867,1.0587365524104593
2021-08-31,2.2483871927078356,1.9949090068423307,1.7407558205743694,2.3545739192928288,1.8771633789029336,1.06295853075887,1.0437009863738804
2021-09-01,2.300996845573873,2.0415875641164933,1.7814874880300344,2.4143023968775363,1.8771633789029336,1.0878305276709623,1.0681223790802414
2021-09-02,2.2554543030828116,2.0011793868663377,1.7462273485922215,2.375654345452993,1.8771633789029336,1.066299612439667,1.0469815379146015
2021-09-03,2.270216205684926,2.0142770653065094,1.7576563711203363,2.398644519057162,1.8771633789029336,1.0732785217449863,1.0538340108145323
2021-09-06,2.3521966481832473,2.087015214525309,1.821127615270391,2.471185110052896,1.8771633789029336,1.1120359968772071,1.0918893195159742
2021-09-07,2.356652087908716,2.0909683578569416,1.8245771246166826,2.4768465621230553,1.8771633789029336,1.1141423723626347,1.0939575339459813
2021-09-08,2.314450743322154,2.0535246992692953,1.7919038215204095,2.4426304067189175,1.8771633789029336,1.0941910582014134,1.0743676763297527
2021-09-09,2.306387720121185,2.046370683422665,1.7856612336716462,2.4338893535623383,1.8771633789029336,1.0903791438999204,1.0706248222095636
2021-09-10,2.327273741151933,2.0649020607612623,1.8018316970134727,2.458905409627686,1.8771633789029336,1.1002533213993508,1.0803201099348794
2021-09-13,2.3119916780599197,2.0513428635712647,1.7899999536357813,2.4379960385918507,1.8771633789029336,1.093028498475641,1.0732261786161579
2021-09-14,2.3090982695614546,2.048775651530215,1.7877598066978617,2.4257604109311304,1.8771633789029336,1.091660596516233,1.0718830588396244
2021-09-15,2.2466421279194675,1.99336067678818,1.7394047491497138,2.3698400027825133,1.8771633789029336,1.0621335253907833,1.0428909275695906
2021-09-16,2.2540106898625507,1.9998985233990338,1.7451096682727572,2.3930423135628627,1.8771633789029336,1.065617122789945,1.0463114128815045
2021-09-17,2.3321538936318613,2.069232035673301,1.805610029260818,2.455383098096316,1.8762247972134822,1.1023828833109313,1.0824110907241993
2021-09-22,2.312707337200695,2.0519778408876244,1.7905540342758475,2.427282342263923,1.8605799842805988,1.1023828833109313,1.0824110907241993
2021-09-23,2.315167783949056,2.054160902326099,1.792458971740495,2.434139949374952,1.8625594210639533,1.1023828833109313,1.0824110907241993
2021-09-24,2.353741158968627,2.088385600590002,1.822323412928513,2.4860309940239187,1.8935918168769195,1.1023828833109313,1.0824110907241993
2021-09-27,2.4212647594903745,2.148296740135779,1.8746018198753205,2.573714890346315,1.9479147558742025,1.1023828833109313,1.0824110907241993
2021-09-28,2.399096480737587,2.1286276639670674,1.8574386015487856,2.5481013745501535,1.9300803091761984,1.1023828833109313,1.0824110907241993
2021-09-29,2.3699409723059484,2.102759082897943,1.83486570077405,2.5228672841191275,1.906624615259868,1.1023828833109313,1.0824110907241993
2021-09-30,2.3992682523008613,2.1287800703852353,1.8575715912533832,2.5509652133977796,1.9302184999136758,1.1023828833109313,1.0824110907241993
2021-10-08,2.4253265574220375,2.151900619976462,1.8777465622108367,2.5869634714318472,1.9511824844839942,1.1023828833109313,1.0824110907241993
2021-10-11,2.3989161980498066,2.1284677059496953,1.8572990223254564,2.564613636431041,1.9299352712135476,1.1023828833109313,1.0824110907241993
2021-10-12,2.406147536048484,2.1348837989393146,1.8628976993471744,2.573718460573432,1.9357529043068002,1.1023828833109313,1.0824110907241993
2021-10-13,2.4605024835992326,2.1831108902459677,1.9049806162188128,2.63794678442918,1.9794816225206466,1.1023828833109313,1.0824110907241993
2021-10-14,2.431989460629816,2.157812362252892,1.8829051432499393,2.616405173477618,1.956542810084291,1.1023828833109313,1.0824110907241993
2021-10-15,2.399468816266385,2.1289580232140755,1.857726872733155,2.5825799910222056,1.9303798542250576,1.1023828833109313,1.0824110907241993
2021-10-18,2.3123415458665533,2.0516532880572798,1.7902708297654828,2.4741580212564642,1.8602857040559555,1.1023828833109313,1.0824110907241993
2021-10-19,2.3431152589481647,2.0789576409728254,1.8140965837731742,2.5068360416384783,1.8850432484631714,1.1023828833109313,1.0824110907241993
2021-10-20,2.3379574704891692,2.0743813301462874,1.8101032990264865,2.504075357519072,1.8808937921893065,1.1023828833109313,1.0824110907241993
2021-10-21,2.3401281272663845,2.076307271892297,1.8117838740767542,2.5107790963421035,1.8826400920723336,1.1023828833109313,1.0824110907241993
2021-10-22,2.350173234460162,2.0852199159780467,1.819561039358861,2.526412808786258,1.8910351842649769,1.1023828833109313,1.0824110907241993
2021-10-25,2.3704817894194132,2.103238929489403,1.8352844144818954,2.542746983929214,1.9026909484135124,1.1023828833109313,1.0824110907241993
2021-10-26,2.3766056994737936,2.108672443505226,1.8400256939672128,2.5355030013191557,1.9076063661490021,1.1023828833109313,1.0824110907241993
2021-10-27,2.337091043590264,2.0736125822944924,1.8094324903364778,2.488544705072091,1.888202362290027,1.1023828833109313,1.0824110907241993
2021-10-28,2.2965986095552147,2.037685175472626,1.778082267179031,2.462876724638538,1.8811663778776997,1.1023828833109313,1.0824110907241993
2021-10-29,2.3154391226981716,2.0544016509463856,1.79266904877189,2.4847249123726693,1.8901887585869452,1.1023828833109313,1.0824110907241993
2021-11-01,2.3253300041046554,2.0631774563180754,1.8003268087141229,2.4684976205356044,1.9029559909988798,1.1023828833109313,1.0824110907241993
2021-11-02,2.2877463240864118,2.0298308770358937,1.771228613366564,2.428202473156994,1.9086251746860663,1.1023828833109313,1.0824110907241993
2021-11-03,2.306843200052074,2.0467748135562625,1.786013877265874,2.4525217890722684,1.9079989853242927,1.1023828833109313,1.0824110907241993
2021-11-04,2.3257508774321582,2.0635508813200056,1.8006526590378358,2.4654408236235614,1.9255438035801482,1.1023828833109313,1.0824110907241993
2021-11-05,2.2952135297545455,2.036456246496998,1.7770099048506947,2.4458991277102844,1.9230822582895375,1.1023828833109313,1.0824110907241993
2021-11-08,2.292974293198311,2.0344694565041666,1.7752762336745065,2.4155547582895482,1.9224652925345522,1.1023828833109313,1.0824110907241993
2021-11-09,2.301084473748765,2.0416653132852813,1.7815553318853932,2.430069474854607,1.926786826589704,1.1023828833109313,1.0824110907241993
2021-11-10,2.3072196421212094,2.0471088163813578,1.7863053278332326,2.4601022843536295,1.9286306417347658,1.1023828833109313,1.0824110907241993
2021-11-11,2.3394049362559954,2.0756656118326013,1.8112239620808113,2.475625897396984,1.9384455559420672,1.1023828833109313,1.0824110907241993
2021-11-12,2.3420539793625155,2.0780160076940657,1.8132749154137526,2.47718968689626,1.9493766399041468,1.1023828833109313,1.0824110907241993
2021-11-15,2.3498753891982243,2.0849556491304098,1.8193304403432513,2.5031683310725708,1.9493766399041468,1.1023828833109313,1.0824110907241993
2021-11-16,2.358037679239628,2.0921977406940275,1.825649882984124,2.5390072890681252,1.9535804712286473,1.1023828833109313,1.0824110907241993
2021-11-17,2.384263706256822,2.1154671035866714,1.8459547082957017,2.5550429038819287,1.9631480523549587,1.1023828833109313,1.0824110907241993
2021-11-18,2.369956343221985,2.102772720930993,1.8348776013095296,2.5233426879145933,1.9513040218731792,1.1023828833109313,1.0824110907241993
2021-11-19,2.390117117109833,2.1206606138812027,1.8504865607478234,2.533197080323035,1.9565974211091672,1.1023828833109313,1.0824110907241993
2021-11-22,2.4135255415239034,2.1414300244396114,1.8686099298816747,2.5384563831612303,1.9757600230222407,1.1023828833109313,1.0824110907241993
2021-11-23,2.441832847267917,2.1665460273110573,1.8905261315921658,2.5556190330074893,1.9989329466504597,1.1023828833109313,1.0824110907241993
2021-11-24,2.4622900490885513,2.184696929566298,1.9063645927155126,2.5764529637495412,2.0156796190368587,1.1023828833109313,1.0824110907241993
2021-11-25,2.4352371848276366,2.1606939452271168,1.8854196099838327,2.5779924032146875,1.9935336061625908,1.1023828833109313,1.0824110907241993
2021-11-26,2.4414622421694148,2.1662172034094707,1.890239200148843,2.5795246687643685,1.9986295619439995,1.1023828833109313,1.0824110907241993
2021-11-29,2.4261736715904116,2.152652232372135,1.8784024185171126,2.5750608333971012,1.9861140339168646,1.1023828833109313,1.0824110907241993
2021-11-30,2.422787399096125,2.1496477207291296,1.8757806843364526,2.5742665306643984,1.9833419638864611,1.1023828833109313,1.0824110907241993
2021-12-01,2.460149679891937,2.1827978608462204,1.9047074670437116,2.5751927532350796,2.0139274702319576,1.1023828833109313,1.0824110907241993
2021-12-02,2.4791106574862676,2.1996212198762595,1.9193875151324753,2.566743587062296,2.0294493037007864,1.1023828833109313,1.0824110907241993
2021-12-03,2.509102563307986,2.2262319047485817,1.942607975024171,2.5904134661967713,2.0540012744660863,1.1023828833109313,1.0824110907241993
2021-12-06,2.4937048400358908,2.2125700866507056,1.9306866847337685,2.5555511084028413,2.0413963918729,1.1023828833109313,1.0824110907241993
2021-12-07,2.5013397218270423,2.2193442288005736,1.9365977951334583,2.5644610445027833,2.047646457995645,1.1023828833109313,1.0824110907241993
2021-12-08,2.51187037650363,2.2286876808227185,1.9447508830367262,2.5866769739485447,2.0562670614109777,1.1023828833109313,1.0824110907241993
2021-12-09,2.51492494061777,2.2313978801527266,1.9471158005554936,2.619788589086223,2.0587675883623793,1.1023828833109313,1.0824110907241993
2021-12-10,2.4985324403784763,2.2168534340368207,1.9344243298435693,2.6032618744435845,2.0453483615537293,1.1023828833109313,1.0824110907241993
2021-12-13,2.530394095356449,2.245123076692057,1.959092394817397,2.613877237889229,2.0714309461751705,1.1023828833109313,1.0824110907241993
2021-12-14,2.479538515867089,2.200000842452087,1.9197187734536454,2.594233326673115,2.0297995570831513,1.1023828833109313,1.0824110907241993
2021-12-15,2.4897470637907952,2.2090585013223354,1.927622478507401,2.5656716509747817,2.038156477502577,1.1023828833109313,1.0824110907241993
2021-12-16,2.583696801667193,2.2924165541025516,2.000360641035721,2.6198231561222594,2.1150656019663696,1.1023828833109313,1.0824110907241993
2021-12-17,2.5445978863160152,2.2577255637585387,1.9700893137943765,2.5863183282496367,2.0837634738925264,1.1023828833109313,1.0824110907241993
2021-12-20,2.4877422846006443,2.2072797364920906,1.9260703299025967,2.541317477697596,2.0636680947701187,1.1023828833109313,1.0824110907241993
2021-12-21,2.5045669870812124,2.222207659327083,1.939096422057662,2.5579323645139818,2.0636680947701187,1.1023828833109313,1.0824110907241993
2021-12-22,2.5122636657282937,2.2290366314923897,1.9450553770799337,2.5641281688303836,2.0636680947701187,1.1023828833109313,1.0824110907241993
2021-12-23,2.494744682675605,2.213492699737274,1.931491756090444,2.54315990128176,2.0636680947701187,1.1023828833109313,1.0824110907241993
2021-12-24,2.484130198779615,2.204074869216014,1.9232737655751697,2.5408081542768453,2.0636680947701187,1.1023828833109313,1.0824110907241993
2021-12-27,2.5003019863035343,2.218423485278603,1.935794355157185,2.5578045689748667,2.0636680947701187,1.1023828833109313,1.0824110907241993
2021-12-28,2.5225638867737357,2.2381756284599326,1.9530300576848618,2.576527061290725,2.0636680947701187,1.1023828833109313,1.0824110907241993
2021-12-29,2.5060160093775377,2.2234933220632125,1.9402182902148244,2.561200082792734,2.0636680947701187,1.1023828833109313,1.0824110907241993
2021-12-30,2.5166786268237096,2.2329538596649523,1.948473546890445,2.5752171082188138,2.0636680947701187,1.1023828833109313,1.0824110907241993
2021-12-31,2.52104964548366,2.2368320993747726,1.9518576954031326,2.579187953715056,2.0636680947701187,1.1023828833109313,1.0824110907241993
2022-01-04,2.465688084200238,2.1877118777353037,1.908995433799455,2.516819397594221,2.0636680947701187,1.1023828833109313,1.0824110907241993
2022-01-05,2.4306437314980167,2.156618347638993,1.8818632471625156,2.4812657969434815,2.0636680947701187,1.1023828833109313,1.0824110907241993
2022-01-06,2.4206124283356285,2.1477179513487465,1.874096769295844,2.465195296929621,2.0636680947701187,1.1023828833109313,1.0824110907241993
2022-01-07,2.4124750548998297,2.140497967347875,1.867796617694511,2.459517332130426,2.0636680947701187,1.1023828833109313,1.0824110907241993
2022-01-10,2.4330942150233645,2.1587925690861214,1.8837604708585964,2.4880799138319296,2.0636680947701187,1.1023828833109313,1.0824110907241993
2022-01-11,2.4334482395918147,2.159106681709843,1.884034565253972,2.486724444946579,2.0636680947701187,1.1023828833109313,1.0824110907241993
2022-01-12,2.463410158291709,2.1856907601419535,1.907231808389663,2.5181542652997955,2.0636680947701187,1.1023828833109313,1.0824110907241993
2022-01-13,2.4185021769401343,2.145845605015683,1.8724629615551234,2.4732633148707084,2.0636680947701187,1.1023828833109313,1.0824110907241993
2022-01-14,2.4181666385476337,2.1455478944774304,1.8722031796049032,2.4923141201271948,2.0626362607227335,1.1023828833109313,1.0824110907241993
2022-01-17,2.445631464123425,2.1699163965264545,1.8934671127642713,2.5141634111042017,2.0860630768172097,1.1023828833109313,1.0824110907241993
2022-01-18,2.4340631032447906,2.159652226998164,1.884510607586115,2.5265248367261206,2.0761955514593504,1.1023828833109313,1.0824110907241993
2022-01-19,2.3730889605179653,2.105552173900219,1.837302949492127,2.492777143798771,2.024186117638706,1.1023828833109313,1.0824110907241993
2022-01-20,2.3742687063975114,2.1065989178456235,1.838216337325539,2.483021183322943,2.0251924116594737,1.1023828833109313,1.0824110907241993
2022-01-21,2.368956253572349,2.101885379170562,1.8341033076805913,2.4788987934486415,2.020661020953852,1.1023828833109313,1.0824110907241993
2022-01-24,2.3971001975057487,2.1268564372796352,1.855893030720679,2.5025602506864293,2.0446671081901076,1.1023828833109313,1.0824110907241993
2022-01-25,2.325441611905579,2.063276481703036,1.8004132181767412,2.4199199905180415,1.983544109181327,1.1023828833109313,1.0824110907241993
2022-01-26,2.325602216497992,2.063418980089872,1.8005375621420332,2.4252886249199763,1.9833505102366806,1.1023828833109313,1.0824110907241993
2022-01-27,2.241545907216154,1.988838992705087,1.7354591316506476,2.3636441447208703,1.9402811564803366,1.1023828833109313,1.0824110907241993
2022-01-28,2.215274289057516,1.9655291785151785,1.7151190085731458,2.328963565594114,1.932035951793357,1.1023828833109313,1.0824110907241993
2022-02-07,2.275188156754903,2.0186884896391355,1.7615057760594615,2.404031024082508,1.932035951793357,1.1023828833109313,1.0824110907241993
2022-02-08,2.200767701982622,1.9526580318959008,1.7038876575099517,2.3955773315260536,1.932035951793357,1.1023828833109313,1.0824110907241993
2022-02-09,2.2139130557027156,1.9643214075899957,1.7140651087407617,2.40987446824718,1.932035951793357,1.1023828833109313,1.0824110907241993
2022-02-10,2.1674567238476343,1.9231024595622124,1.6780974914453293,2.3956963711047705,1.932035951793357,1.1023828833109313,1.0824110907241993
2022-02-11,2.1061878126868474,1.8687408695698433,1.6306616164904708,2.360584694609766,1.932035951793357,1.1023828833109313,1.0824110907241993
2022-02-14,2.1086503098054434,1.8709257502243601,1.6325681414014142,2.3476153203155756,1.932035951793357,1.1023828833109313,1.0824110907241993
2022-02-15,2.1861198564392907,1.939661551974649,1.6925469407192109,2.388904304941104,1.932035951793357,1.1023828833109313,1.0824110907241993
2022-02-16,2.192422568784206,1.9452537105073013,1.6974266532684552,2.4052127013380504,1.932035951793357,1.1023828833109313,1.0824110907241993
2022-02-17,2.24210572356379,1.9893356965991924,1.7358925550257491,2.4412044850786905,1.932035951793357,1.1023828833109313,1.0824110907241993
2022-02-18,2.223976652366468,1.972918900734446,1.7218565890183384,2.4562192042038604,1.9310699338174604,1.1023828833109313,1.0824110907241993
2022-02-21,2.2146469392697172,1.972918900734446,1.714633299173008,2.4509805225998735,1.9229689816635305,1.1023828833109313,1.0824110907241993
2022-02-22,2.22716237185769,1.972918900734446,1.7243230502066282,2.444009321631772,1.9338360811691104,1.1023828833109313,1.0824110907241993
2022-02-23,2.328652577618241,1.972918900734446,1.8028992256011334,2.53426295164128,2.0219596164196294,1.1023828833109313,1.0824110907241993
2022-02-24,2.3115860074435606,1.972918900734446,1.7896858736192462,2.5046373414299308,2.007140782551638,1.1023828833109313,1.0824110907241993
2022-02-25,2.345391907261964,1.972918900734446,1.8158592200381816,2.5540233796528082,2.0364943086579035,1.1023828833109313,1.0824110907241993
2022-02-28,2.38036613893634,1.972918900734446,1.8429371172770306,2.5776872730872435,2.066862292590149,1.1023828833109313,1.0824110907241993
2022-03-01,2.3797582498786216,1.972918900734446,1.8424664748454604,2.5936278356831037,2.0663344649795454,1.1023828833109313,1.0824110907241993
2022-03-02,2.3534696070634764,1.972918900734446,1.822113170866553,2.565564033233363,2.0435081427305346,1.1023828833109313,1.0824110907241993
2022-03-03,2.3033568359612553,1.972918900734446,1.7833146497469579,2.5219945588237884,1.9999954262311037,1.1023828833109313,1.0824110907241993
2022-03-04,2.2800239722559064,1.972918900734446,1.7652497815438803,2.4958841396518188,1.979735595030396,1.1023828833109313,1.0824110907241993
2022-03-07,2.199576504367563,1.972918900734446,1.7029654034655441,2.4092614725576786,1.9095534280480926,1.1023828833109313,1.0824110907241993
2022-03-08,2.1794268022783436,1.972918900734446,1.6873650160819083,2.369909029761384,1.9131126912853949,1.1023828833109313,1.0824110907241993
2022-03-09,2.18771732054181,1.972918900734446,1.693783736117992,2.355757818916105,1.9197485997207209,1.1023828833109313,1.0824110907241993
2022-03-10,2.2532448228951627,1.972918900734446,1.7445167155172931,2.4278982710930204,1.9463794520552595,1.1023828833109313,1.0824110907241993
2022-03-11,2.243366202170972,1.972918900734446,1.7368684480922456,2.421814096944147,1.9409564090024205,1.1023828833109313,1.0824110907241993
2022-03-14,2.1689464198464536,1.972918900734446,1.6792508501680805,2.3398305259772383,1.899307156742675,1.1023828833109313,1.0824110907241993
2022-03-15,2.118063962461099,1.972918900734446,1.639856419286267,2.2536725702375713,1.8833045687975023,1.1023828833109313,1.0824110907241993
2022-03-16,2.2310437812775064,1.972918900734446,1.7273281313872597,2.3764644266087775,1.9051797974464197,1.1023828833109313,1.0824110907241993
2022-03-17,2.2561797119357387,1.972918900734446,1.7467889776955752,2.4401972084157033,1.9012013483784032,1.1023828833109313,1.0824110907241993
2022-03-18,2.2376277668528406,1.972918900734446,1.7332990069727856,2.445332389739877,1.8954393149774078,1.1023828833109313,1.0824110907241993
2022-03-21,2.25162262599437,1.972918900734446,1.7332990069727856,2.4724315700426645,1.9072940151278865,1.1023828833109313,1.0824110907241993
2022-03-22,2.2283422750201405,1.972918900734446,1.7332990069727856,2.444138167469272,1.8875738037698153,1.1023828833109313,1.0824110907241993
2022-03-23,2.292462286100473,1.972918900734446,1.7332990069727856,2.5126694699861547,1.9418882843455483,1.1023828833109313,1.0824110907241993
2022-03-24,2.3092377836220326,1.972918900734446,1.7332990069727856,2.529274447050749,1.95609839471408,1.1023828833109313,1.0824110907241993
2022-03-25,2.2320286894794084,1.972918900734446,1.7332990069727856,2.4402014470972544,1.8906964745736485,1.1023828833109313,1.0824110907241993
2022-03-28,2.23057465470178,1.972918900734446,1.7332990069727856,2.4164007225002577,1.8894647975611947,1.1023828833109313,1.0824110907241993
2022-03-29,2.250766190594562,1.972918900734446,1.7332990069727856,2.4493129925748183,1.9065685498152096,1.1023828833109313,1.0824110907241993
2022-03-30,2.304549695445413,1.972918900734446,1.7332990069727856,2.5153798897329582,1.9521272307994741,1.1023828833109313,1.0824110907241993
2022-03-31,2.2662636302296804,1.972918900734446,1.7332990069727856,2.457189499967352,1.9196960488572894,1.1023828833109313,1.0824110907241993
2022-04-01,2.278441116979872,1.972918900734446,1.7332990069727856,2.459503882618467,1.930011297660442,1.1023828833109313,1.0824110907241993
2022-04-06,2.3204140286448554,1.972918900734446,1.7332990069727856,2.4866396255367036,1.965565516334524,1.1023828833109313,1.0824110907241993
2022-04-07,2.2601969624119533,1.972918900734446,1.7332990069727856,2.4267251817460886,1.9145571241161112,1.1023828833109313,1.0824110907241993
2022-04-08,2.221739065145057,1.972918900734446,1.7332990069727856,2.3966670336937472,1.8819803874797216,1.1023828833109313,1.0824110907241993
2022-04-11,2.154106792841618,1.972918900734446,1.7332990069727856,2.296694712142434,1.824377093615033,1.1023828833109313,1.0824110907241993
2022-04-12,2.2020820717678746,1.972918900734446,1.7332990069727856,2.3400108800778447,1.8456886028251434,1.1023828833109313,1.0824110907241993
2022-04-13,2.1397268444472575,1.972918900734446,1.7332990069727856,2.283117908641444,1.8015440511886214,1.1023828833109313,1.0824110907241993
2022-04-14,2.17745381754045,1.972918900734446,1.7332990069727856,2.312536393830657,1.820816161330587,1.1023828833109313,1.0824110907241993
2022-04-15,2.156309122835382,1.972918900734446,1.7332990069727856,2.2943793905021943,1.8063920094423198,1.1023828833109313,1.0824110907241993
2022-04-18,2.195600635017907,1.972918900734446,1.7332990069727856,2.335093844068595,1.8318737421491906,1.1023828833109313,1.0824110907241993
2022-04-19,2.1683538168209906,1.972918900734446,1.7332990069727856,2.311376214847966,1.814105105152935,1.1023828833109313,1.0824110907241993
2022-04-20,2.147524434425046,1.972918900734446,1.7332990069727856,2.268639638238171,1.7991569502373637,1.1023828833109313,1.0824110907241993
2022-04-21,2.103411420543353,1.972918900734446,1.7332990069727856,2.213176803398547,1.781343984610504,1.1023828833109313,1.0824110907241993
2022-04-22,2.056126662017846,1.972918900734446,1.7332990069727856,2.171847320914153,1.781343984610504,1.1023828833109313,1.0824110907241993
2022-04-25,1.9101156417398713,1.972918900734446,1.7332990069727856,2.020515160050451,1.781343984610504,1.1023828833109313,1.0824110907241993
2022-04-26,1.8377179793865495,1.972918900734446,1.7332990069727856,1.9578711220924128,1.781343984610504,1.1023828833109313,1.0824110907241993
2022-04-27,1.936318619059456,1.972918900734446,1.7332990069727856,2.0901064025239213,1.781343984610504,1.1023828833109313,1.0824110907241993
2022-04-28,1.9184002526831083,1.972918900734446,1.7332990069727856,2.0810816437084902,1.781343984610504,1.1023828833109313,1.0824110907241993
2022-04-29,2.024528493495264,1.972918900734446,1.7332990069727856,2.187317259866913,1.781343984610504,1.1023828833109313,1.0824110907241993
2022-05-05,2.022183499893969,1.972918900734446,1.7332990069727856,2.180797315053337,1.781343984610504,1.1023828833109313,1.0824110907241993
2022-05-06,2.0007663957815143,1.972918900734446,1.7332990069727856,2.14727567990749,1.781343984610504,1.1023828833109313,1.0824110907241993
2022-05-09,1.979740159969542,1.972918900734446,1.7332990069727856,2.125675331435193,1.781343984610504,1.1023828833109313,1.0824110907241993
2022-05-10,2.0197378325139903,1.972918900734446,1.7332990069727856,2.179090176729639,1.781343984610504,1.1023828833109313,1.0824110907241993
2022-05-11,2.0706882331087235,1.972918900734446,1.7332990069727856,2.2648318007840635,1.781343984610504,1.1023828833109313,1.0824110907241993
2022-05-12,2.0738317971770712,1.972918900734446,1.7332990069727856,2.262784154928799,1.781343984610504,1.1023828833109313,1.0824110907241993
2022-05-13,2.062727670263855,1.972918900734446,1.7332990069727856,2.26560321542079,1.7804533126181987,1.1023828833109313,1.0824110907241993
2022-05-16,2.045529963743939,1.972918900734446,1.7332990069727856,2.2560480095760815,1.765609029495307,1.1023828833109313,1.0824110907241993
2022-05-17,2.066234256801751,1.972918900734446,1.7332990069727856,2.274052045974441,1.783480039658992,1.1023828833109313,1.0824110907241993
2022-05-18,2.0699405177515926,1.972918900734446,1.7332990069727856,2.2751506664093153,1.7866791166291134,1.1023828833109313,1.0824110907241993
2022-05-19,2.0649464003796663,1.972918900734446,1.7332990069727856,2.269709285457505,1.782368420192238,1.1023828833109313,1.0824110907241993
2022-05-20,2.090540872955793,1.972918900734446,1.7332990069727856,2.2995082130274715,1.8044604123343957,1.1023828833109313,1.0824110907241993
2022-05-23,2.103737466445204,1.972918900734446,1.7332990069727856,2.3146719913834,1.8158511154951733,1.1023828833109313,1.0824110907241993
2022-05-24,2.0054216175362907,1.972918900734446,1.7332990069727856,2.211859525740015,1.7309893175001165,1.1023828833109313,1.0824110907241993
2022-05-25,2.030044278290133,1.972918900734446,1.7332990069727856,2.242209246861986,1.7522424855923664,1.1023828833109313,1.0824110907241993
2022-05-26,2.0502082629184013,1.972918900734446,1.7332990069727856,2.2641689389250845,1.769647125935602,1.1023828833109313,1.0824110907241993
2022-05-27,2.0409115569594842,1.972918900734446,1.7332990069727856,2.2520088660481856,1.7616226294595965,1.1023828833109313,1.0824110907241993
2022-05-30,2.094957721347418,1.972918900734446,1.7332990069727856,2.300789238886567,1.8082728362736136,1.1023828833109313,1.0824110907241993
2022-05-31,2.1425908139755756,1.972918900734446,1.7332990069727856,2.350332536703112,1.849387569344123,1.1023828833109313,1.0824110907241993
2022-06-01,2.144371455388081,1.972918900734446,1.7332990069727856,2.3511961955897243,1.8509245385462065,1.1023828833109313,1.0824110907241993
2022-06-02,2.1840419434071916,1.972918900734446,1.7332990069727856,2.388594906637769,1.8851663111393726,1.1023828833109313,1.0824110907241993
2022-06-06,2.2626481514118644,1.972918900734446,1.7332990069727856,2.4659921204696253,1.9530156377624903,1.1023828833109313,1.0824110907241993
2022-06-07,2.248562397836106,1.972918900734446,1.7332990069727856,2.455419158409641,1.9408574517953263,1.1023828833109313,1.0824110907241993
2022-06-08,2.269601376722409,1.972918900734446,1.7332990069727856,2.476098750365297,1.9590173476420867,1.1023828833109313,1.0824110907241993
2022-06-09,2.2021913088708556,1.972918900734446,1.7332990069727856,2.4113330725283837,1.9008320232581057,1.1023828833109313,1.0824110907241993
2022-06-10,2.2298851046547306,1.972918900734446,1.7332990069727856,2.437769868419259,1.924736056327127,1.1023828833109313,1.0824110907241993
2022-06-13,2.2282081491264725,1.972918900734446,1.7332990069727856,2.430282331221251,1.9232885840948772,1.1023828833109313,1.0824110907241993
2022-06-14,2.215226529304423,1.972918900734446,1.7332990069727856,2.411998618968882,1.912083436489347,1.1023828833109313,1.0824110907241993
2022-06-15,2.2506236458852307,1.972918900734446,1.7332990069727856,2.4472302627408546,1.94263662796584,1.1023828833109313,1.0824110907241993
2022-06-16,2.258741068748409,1.972918900734446,1.7332990069727856,2.475716171512236,1.9496432205640863,1.1023828833109313,1.0824110907241993
2022-06-17,2.2498972110754143,1.971932441284079,1.7332990069727856,2.461296713666294,1.9423345428015428,1.1023828833109313,1.0824110907241993
2022-06-20,2.2618485901389778,1.982407280746749,1.7332990069727856,2.486398256703238,1.9664453677158718,1.1023828833109313,1.0824110907241993
2022-06-21,2.2605393752300023,1.9812598135029509,1.7332990069727856,2.484218825837342,1.9627128845266704,1.1023828833109313,1.0824110907241993
2022-06-22,2.245189778072635,1.9678065906418114,1.7332990069727856,2.4421724529011355,1.9609916548658655,1.1023828833109313,1.0824110907241993
2022-06-23,2.250356233329251,1.972334753384897,1.7332990069727856,2.4793227377494302,1.972499869497137,1.1023828833109313,1.0824110907241993
2022-06-24,2.206784471579083,1.9341460885445205,1.7332990069727856,2.4691635377182815,1.9640933336055029,1.1023828833109313,1.0824110907241993
2022-06-27,2.2365421415403937,1.960227331049677,1.7332990069727856,2.489128510232885,1.9808413969895935,1.1023828833109313,1.0824110907241993
2022-06-28,2.2373111157384233,1.9609013019138306,1.7332990069727856,2.507632449618063,1.9718463285877634,1.1023828833109313,1.0824110907241993
2022-06-29,2.203561756061028,1.931321525161003,1.7332990069727856,2.47916232456828,1.9588273343167713,1.1023828833109313,1.0824110907241993
2022-06-30,2.2279070994953583,1.952659109952004,1.7332990069727856,2.4925407127337067,1.974478510536374,1.1023828833109313,1.0824110907241993
2022-07-01,2.2094043126691765,1.936442259947878,1.7332990069727856,2.4724641036833144,1.978331511877062,1.1023828833109313,1.0824110907241993
2022-07-04,2.265728148249287,1.9858075367486265,1.7332990069727856,2.507297149025259,2.0339983429834856,1.1023828833109313,1.0824110907241993
2022-07-05,2.24284446621326,1.9657510316066418,1.7332990069727856,2.472061575113879,2.0208514719732817,1.1023828833109313,1.0824110907241993
2022-07-06,2.1901450769314246,1.9195624169227568,1.7332990069727856,2.436727673421796,1.991694529239016,1.1023828833109313,1.0824110907241993
2022-07-07,2.211284627795667,1.9380902705234326,1.7332990069727856,2.4469543123506377,2.006904109454663,1.1023828833109313,1.0824110907241993
2022-07-08,2.214890500040706,1.9412506533285299,1.7332990069727856,2.4466124683014816,2.011684521582497,1.1023828833109313,1.0824110907241993
2022-07-11,2.2172601195824946,1.943327516940321,1.7332990069727856,2.420562014639148,2.0138367394705448,1.1023828833109313,1.0824110907241993
2022-07-12,2.196559600230687,1.9251844544660373,1.7332990069727856,2.3851153005567522,1.9990792460808922,1.1023828833109313,1.0824110907241993
2022-07-13,2.1952304850117903,1.9240195455068878,1.7332990069727856,2.3844867843008566,2.005946712019875,1.1023828833109313,1.0824110907241993
2022-07-14,2.1632669072895814,1.8960049253101716,1.7332990069727856,2.3738515169658148,1.9928134317518649,1.1023828833109313,1.0824110907241993
2022-07-15,2.0865809226981944,1.8287931522286418,1.7332990069727856,2.3178783545200017,1.9782362039288583,1.1023828833109313,1.0824110907241993
2022-07-18,2.141398833773789,1.8768385547835973,1.7332990069727856,2.3732916134120994,1.9782362039288583,1.1023828833109313,1.0824110907241993
2022-07-19,2.1390535970822797,1.8747830616296384,1.7332990069727856,2.3726394623859655,1.9782362039288583,1.1023828833109313,1.0824110907241993
2022-07-20,2.155153257980233,1.8888936812001975,1.7332990069727856,2.3966041318288203,1.9782362039288583,1.1023828833109313,1.0824110907241993
2022-07-21,2.1445347151688483,1.8795870120128861,1.7332990069727856,2.4043642510176833,1.9782362039288583,1.1023828833109313,1.0824110907241993
2022-07-22,2.1561308852820007,1.8897505270073531,1.7332990069727856,2.4018352564568954,1.9782362039288583,1.1023828833109313,1.0824110907241993
2022-07-25,2.1626207020311314,1.8954385558304487,1.7332990069727856,2.3944526760435374,1.9782362039288583,1.1023828833109313,1.0824110907241993
2022-07-26,2.219240559451328,1.9450632822926848,1.7332990069727856,2.445956578758562,1.9782362039288583,1.1023828833109313,1.0824110907241993
2022-07-27,2.2068479548438824,1.9342017287349789,1.7332990069727856,2.432606616439642,1.9782362039288583,1.1023828833109313,1.0824110907241993
2022-07-28,2.2339037972132365,1.9579149424017028,1.7332990069727856,2.4730656122066996,1.9782362039288583,1.1023828833109313,1.0824110907241993
2022-07-29,2.2310743448348473,1.9554350562502165,1.7332990069727856,2.456651257954869,1.9782362039288583,1.1023828833109313,1.0824110907241993
2022-08-01,2.23490551474444,1.958792902197848,1.7332990069727856,2.4731140555364823,1.9782362039288583,1.1023828833109313,1.0824110907241993
2022-08-02,2.2062245398333475,1.933655333869647,1.7332990069727856,2.44048453870178,1.9782362039288583,1.1023828833109313,1.0824110907241993
2022-08-03,2.1833976843453615,1.9136486346090402,1.7332990069727856,2.445081616086859,1.9782362039288583,1.1023828833109313,1.0824110907241993
2022-08-04,2.1794478962027237,1.910186825182225,1.7332990069727856,2.4490222166332543,1.9782362039288583,1.1023828833109313,1.0824110907241993
2022-08-05,2.219588690176993,1.9453684030192528,1.7332990069727856,2.5365015401191755,1.9782362039288583,1.1023828833109313,1.0824110907241993
2022-08-08,2.216298522121583,1.942484720558649,1.7332990069727856,2.5255386261595256,1.9782362039288583,1.1023828833109313,1.0824110907241993
2022-08-09,2.2153034365281408,1.9416125733539218,1.7332990069727856,2.529250687247716,1.9782362039288583,1.1023828833109313,1.0824110907241993
2022-08-10,2.213269239181652,1.939829692020602,1.7332990069727856,2.516817607577717,1.9782362039288583,1.1023828833109313,1.0824110907241993
2022-08-11,2.239279617882268,1.9626266043939067,1.7332990069727856,2.5554066420251775,1.9782362039288583,1.1023828833109313,1.0824110907241993
2022-08-12,2.2513227849805233,1.973181891888798,1.7332990069727856,2.5500386421410703,1.977247085826894,1.1023828833109313,1.0824110907241993
2022-08-15,2.242214102158527,1.9651985462205417,1.7332990069727856,2.5286796072072355,1.9692472926894258,1.1023828833109313,1.0824110907241993
2022-08-16,2.2503991287081586,1.9723723492309801,1.7332990069727856,2.543519487697918,1.9764358753309925,1.1023828833109313,1.0824110907241993
2022-08-17,2.264286664506462,1.9845441418957122,1.7332990069727856,2.560794160072421,1.9886327445981198,1.1023828833109313,1.0824110907241993
2022-08-18,2.2467666020016854,1.9691886050043266,1.7332990069727856,2.5370879990910926,1.9732455718825135,1.1023828833109313,1.0824110907241993
2022-08-19,2.229152174149593,1.9537503611835803,1.7332990069727856,2.5352888030545673,1.9577755218428612,1.1023828833109313,1.0824110907241993
2022-08-22,2.2672115583508368,1.9871076781455648,1.7332990069727856,2.5676953091854684,1.991201562303304,1.1023828833109313,1.0824110907241993
2022-08-23,2.2634782987620006,1.9838356461350706,1.7332990069727856,2.5603935877517636,1.9879227891784963,1.1023828833109313,1.0824110907241993
2022-08-24,2.2291520008350068,1.9537502092812387,1.7332990069727856,2.5329653768474527,1.9571127286978407,1.1023828833109313,1.0824110907241993
2022-08-25,2.229405329332848,1.953972240172577,1.7332990069727856,2.5451021060967483,1.9603039211275834,1.1023828833109313,1.0824110907241993
2022-08-26,2.2326309229933656,1.956799326116888,1.7332990069727856,2.546079477369383,1.9630303521722672,1.1023828833109313,1.0824110907241993
2022-08-29,2.2009834417118443,1.9290617500548537,1.7332990069727856,2.5157517787404897,1.9494359591516834,1.1023828833109313,1.0824110907241993
2022-08-30,2.193621762773416,1.9226095737289555,1.7332990069727856,2.5137279358738893,1.9443808446890083,1.1023828833109313,1.0824110907241993
2022-08-31,2.172463733230453,1.904065524407932,1.7332990069727856,2.506986865448156,1.9457667184200766,1.1023828833109313,1.0824110907241993
2022-09-01,2.1434217663010298,1.8786115630158668,1.7332990069727856,2.483414051638955,1.9279129940713304,1.1023828833109313,1.0824110907241993
2022-09-02,2.1269219766738563,1.8641502488367032,1.7332990069727856,2.4663053289444714,1.9279129940713304,1.1023828833109313,1.0824110907241993
2022-09-05,2.139633674799527,1.8752914733310606,1.7332990069727856,2.4890545559914754,1.9279129940713304,1.1023828833109313,1.0824110907241993
2022-09-06,2.155437966675698,1.8891432154056456,1.7332990069727856,2.512104161981784,1.9279129940713304,1.1023828833109313,1.0824110907241993
2022-09-07,2.1576662349493994,1.8910961910683401,1.7332990069727856,2.5040264843023774,1.9279129940713304,1.1023828833109313,1.0824110907241993
2022-09-08,2.1469077500574656,1.8816668690206328,1.7332990069727856,2.503838234108811,1.9279129940713304,1.1023828833109313,1.0824110907241993
2022-09-09,2.191087428962561,1.920388345561701,1.7332990069727856,2.5638743209306663,1.9269490375742948,1.1023828833109313,1.0824110907241993
2022-09-13,2.1823512997161716,1.9127315261357274,1.7332990069727856,2.5507486571540414,1.9189449017068492,1.1023828833109313,1.0824110907241993
2022-09-14,2.141838325837455,1.87722374956217,1.7332990069727856,2.521167481498101,1.8865714223989345,1.1023828833109313,1.0824110907241993
2022-09-15,2.0808273417018848,1.82375040051344,1.7332990069727856,2.4884899687704665,1.86153377962371,1.1023828833109313,1.0824110907241993
2022-09-16,2.0274698528112194,1.7769849914934137,1.7332990069727856,2.4228748142494227,1.86153377962371,1.1023828833109313,1.0824110907241993
2022-09-19,2.0349150957804487,1.7835104078866577,1.7332990069727856,2.4155663811178614,1.86153377962371,1.1023828833109313,1.0824110907241993
2022-09-20,2.069000644655593,1.8133848391606728,1.7332990069727856,2.4389125147563635,1.86153377962371,1.1023828833109313,1.0824110907241993
2022-09-21,2.049551703018647,1.796338727554444,1.7332990069727856,2.4198373341017,1.86153377962371,1.1023828833109313,1.0824110907241993
2022-09-22,2.0318284685226904,1.7808051196655945,1.7332990069727856,2.3969599668091934,1.86153377962371,1.1023828833109313,1.0824110907241993
2022-09-23,2.016289468256763,1.7671858936055485,1.7332990069727856,2.377937208450653,1.86153377962371,1.1023828833109313,1.0824110907241993
2022-09-26,2.030091605612924,1.7792828384249355,1.7332990069727856,2.368890502648453,1.86153377962371,1.1023828833109313,1.0824110907241993
2022-09-27,2.058088920293107,1.8038212096958184,1.7332990069727856,2.4128958515474976,1.86153377962371,1.1023828833109313,1.0824110907241993
2022-09-28,1.9879323968310119,1.7423322119311218,1.7332990069727856,2.350591188016476,1.86153377962371,1.1023828833109313,1.0824110907241993
2022-09-29,2.0140146222195905,1.765192094654403,1.7332990069727856,2.374414061313556,1.86153377962371,1.1023828833109313,1.0824110907241993
2022-09-30,1.9641417865717443,1.721480825504552,1.7332990069727856,2.346367707305673,1.86153377962371,1.1023828833109313,1.0824110907241993
2022-10-10,1.910887925034512,1.6748062411404405,1.7332990069727856,2.2982210397442357,1.86153377962371,1.1023828833109313,1.0824110907241993
2022-10-11,1.942970706349575,1.7029253378575548,1.7332990069727856,2.311122626336282,1.86153377962371,1.1023828833109313,1.0824110907241993
2022-10-12,1.9944702757494315,1.748062365056765,1.7332990069727856,2.3497745558227954,1.86153377962371,1.1023828833109313,1.0824110907241993
2022-10-13,2.003414368783146,1.7559014552712973,1.7332990069727856,2.3658128229504265,1.86153377962371,1.1023828833109313,1.0824110907241993
2022-10-14,2.0830404829629297,1.8265680687660883,1.7332990069727856,2.463522007614695,1.8606030127338982,1.1023828833109313,1.0824110907241993
2022-10-17,2.1206506205160127,1.8265680687660883,1.7332990069727856,2.495291000053893,1.8941969518881994,1.1023828833109313,1.0824110907241993
2022-10-18,2.1034368183280248,1.8265680687660883,1.7332990069727856,2.484148843441377,1.8788213255028599,1.1023828833109313,1.0824110907241993
2022-10-19,2.0928938862293807,1.8265680687660883,1.7332990069727856,2.470539236756968,1.8694042203691739,1.1023828833109313,1.0824110907241993
2022-10-20,2.14313319207126,1.8265680687660883,1.7332990069727856,2.513545909527484,1.9142787221235038,1.1023828833109313,1.0824110907241993
2022-10-21,2.1232693667511526,1.8265680687660883,1.7332990069727856,2.4856169906702155,1.896536055316356,1.1023828833109313,1.0824110907241993
2022-10-24,2.1184089314374384,1.8265680687660883,1.7332990069727856,2.4658613698493754,1.892194641569547,1.1023828833109313,1.0824110907241993
2022-10-25,2.1014907287743467,1.8265680687660883,1.7332990069727856,2.452591622817741,1.8770830491149364,1.1023828833109313,1.0824110907241993
2022-10-26,2.155908880769185,1.8265680687660883,1.7332990069727856,2.5052334413440187,1.9256901589513173,1.1023828833109313,1.0824110907241993
2022-10-27,2.171280238206237,1.8265680687660883,1.7332990069727856,2.5234069082491475,1.9394200860416002,1.1023828833109313,1.0824110907241993
2022-10-28,2.1182961864451357,1.8265680687660883,1.7332990069727856,2.443789774790491,1.8920939360508282,1.1023828833109313,1.0824110907241993
2022-10-31,2.162985193799492,1.8265680687660883,1.7332990069727856,2.4870727361717107,1.9320108279209909,1.1023828833109313,1.0824110907241993
2022-11-01,2.199555262441231,1.8265680687660883,1.7332990069727856,2.542548797830894,1.9646757619187796,1.1023828833109313,1.0824110907241993
2022-11-02,2.226556502125559,1.8265680687660883,1.7332990069727856,2.583532673978415,1.9887936743237995,1.1023828833109313,1.0824110907241993
2022-11-03,2.250081652263229,1.8265680687660883,1.7332990069727856,2.6010882964825037,2.0098066913914785,1.1023828833109313,1.0824110907241993
2022-11-04,2.2838733902302963,1.8265680687660883,1.7332990069727856,2.6574121064920346,2.0399899787453606,1.1023828833109313,1.0824110907241993
2022-11-07,2.27364050187714,1.8265680687660883,1.7332990069727856,2.660944647127416,2.030849809336953,1.1023828833109313,1.0824110907241993
2022-11-08,2.2540226453719403,1.8265680687660883,1.7332990069727856,2.642648363944784,2.0133268455657274,1.1023828833109313,1.0824110907241993
2022-11-09,2.2269658411782,1.8265680687660883,1.7332990069727856,2.6095474326606403,1.9891593021072258,1.1023828833109313,1.0824110907241993
2022-11-10,2.182907192475708,1.8265680687660883,1.7332990069727856,2.5683047047956933,1.9498054560426317,1.1023828833109313,1.0824110907241993
2022-11-11,2.20832659452552,1.8265680687660883,1.7332990069727856,2.598772275473315,1.9725104473390567,1.1023828833109313,1.0824110907241993
2022-11-14,2.2024089087675485,1.8265680687660883,1.7332990069727856,2.5698695250452785,1.9672246816327499,1.1023828833109313,1.0824110907241993
2022-11-15,2.2702068515221034,1.8265680687660883,1.7332990069727856,2.6399097554118343,2.0277828213223135,1.1023828833109313,1.0824110907241993
2022-11-16,2.2548993010915144,1.8265680687660883,1.7332990069727856,2.6120488908843678,2.0141098876075456,1.1023828833109313,1.0824110907241993
2022-11-17,2.2449497290822413,1.8265680687660883,1.7332990069727856,2.5823500494184706,2.005222780608293,1.1023828833109313,1.0824110907241993
2022-11-18,2.2166948594399876,1.8265680687660883,1.7332990069727856,2.5601440687810113,1.9799851071157435,1.1023828833109313,1.0824110907241993
2022-11-21,2.196883227887848,1.8265680687660883,1.7332990069727856,2.5492661242952503,1.9622890605652448,1.1023828833109313,1.0824110907241993
2022-11-22,2.186178771024652,1.8265680687660883,1.7332990069727856,2.5191240865916784,1.9527276790883894,1.1023828833109313,1.0824110907241993
2022-11-23,2.1902052791745663,1.8265680687660883,1.7332990069727856,2.5278096597406647,1.9563242165804844,1.1023828833109313,1.0824110907241993
2022-11-24,2.19091797360259,1.8265680687660883,1.7332990069727856,2.526564700463501,1.956960805936661,1.1023828833109313,1.0824110907241993
2022-11-25,2.203085735883147,1.8265680687660883,1.7332990069727856,2.5131573436520176,1.9678292337673253,1.1023828833109313,1.0824110907241993
2022-11-28,2.178524502030034,1.8265680687660883,1.7332990069727856,2.4947787214429247,1.945890771179905,1.1023828833109313,1.0824110907241993
2022-11-29,2.2199357941590416,1.8265680687660883,1.7332990069727856,2.541008460967656,1.9828799586328723,1.1023828833109313,1.0824110907241993
2022-11-30,2.222717536515127,1.8265680687660883,1.7332990069727856,2.5559045532622515,1.9853646526418045,1.1023828833109313,1.0824110907241993
2022-12-01,2.234138492122404,1.8265680687660883,1.7332990069727856,2.594208455966851,1.9955660215470186,1.1023828833109313,1.0824110907241993
2022-12-02,2.217222722253852,1.8265680687660883,1.7332990069727856,2.5811170368799705,1.9804566021009915,1.1023828833109313,1.0824110907241993
2022-12-05,2.246968226511118,1.8265680687660883,1.7332990069727856,2.6071464904043706,2.007025732796731,1.1023828833109313,1.0824110907241993
2022-12-06,2.262268822368737,1.8265680687660883,1.7332990069727856,2.6381400402616624,2.0206924545825773,1.1023828833109313,1.0824110907241993
2022-12-07,2.2426727312541646,1.8265680687660883,1.7332990069727856,2.6510737888498537,2.003188931984822,1.1023828833109313,1.0824110907241993
2022-12-08,2.2292015783672774,1.8265680687660883,1.7332990069727856,2.641000791543308,1.991156296108879,1.1023828833109313,1.0824110907241993
2022-12-09,2.260023180846687,1.8256547847317055,1.7332990069727856,2.6703822636659886,2.0186866138821107,1.1023828833109313,1.0824110907241993
2022-12-12,2.22617537530681,1.7983124067153022,1.7332990069727856,2.6294763974696487,1.9881167983619927,1.1023828833109313,1.0824110907241993
2022-12-13,2.2288125900077183,1.8004427581550049,1.7332990069727856,2.6070139423529537,2.007823244111939,1.1023828833109313,1.0824110907241993
2022-12-14,2.228440901974515,1.8001425072363437,1.7332990069727856,2.5960165111451943,2.0138735078694863,1.1023828833109313,1.0824110907241993
2022-12-15,2.2181443566558263,1.7918249212104211,1.7332990069727856,2.6218418378325925,1.9951632442638834,1.1023828833109313,1.0824110907241993
2022-12-16,2.197824766443287,1.7754106837770631,1.7332990069727856,2.576539754530331,1.9941156895446879,1.1023828833109313,1.0824110907241993
2022-12-19,2.158704764165319,1.7438094064349738,1.7332990069727856,2.5564005349348204,1.9612356261448523,1.1023828833109313,1.0824110907241993
2022-12-20,2.1397635208839993,1.728508602567841,1.7332990069727856,2.527121952992927,1.9466054478157147,1.1023828833109313,1.0824110907241993
2022-12-21,2.1263238004956753,1.7176519485121033,1.7332990069727856,2.5050410057543204,1.9466054478157147,1.1023828833109313,1.0824110907241993
2022-12-22,2.099003640773589,1.6955826260648994,1.7332990069727856,2.462342600276361,1.9466054478157147,1.1023828833109313,1.0824110907241993
2022-12-23,2.078763376950721,1.6792324687719964,1.7332990069727856,2.430359346855678,1.9466054478157147,1.1023828833109313,1.0824110907241993
2022-12-26,2.131817069587694,1.7220894308736368,1.7332990069727856,2.5148054182773336,1.9466054478157147,1.1023828833109313,1.0824110907241993
2022-12-27,2.1755513439246177,1.757418133639447,1.7332990069727856,2.551249857857465,1.9466054478157147,1.1023828833109313,1.0824110907241993
2022-12-28,2.166758781611183,1.7503154704483732,1.7332990069727856,2.5304099006244303,1.9466054478157147,1.1023828833109313,1.0824110907241993
2022-12-29,2.1423960964706046,1.730635206514467,1.7332990069727856,2.513983784448633,1.9466054478157147,1.1023828833109313,1.0824110907241993
2022-12-30,2.1567231123781307,1.7422086210547123,1.7332990069727856,2.516686036746566,1.9466054478157147,1.1023828833109313,1.0824110907241993
2023-01-03,2.171507767943552,1.7541517185425484,1.7332990069727856,2.538907788149408,1.9466054478157147,1.1023828833109313,1.0824110907241993
2023-01-04,2.138347087740871,1.727364402823821,1.7332990069727856,2.491869544344177,1.9466054478157147,1.1023828833109313,1.0824110907241993
2023-01-05,2.1556062259207125,1.7413063961915922,1.7332990069727856,2.5401110523830566,1.9466054478157147,1.1023828833109313,1.0824110907241993
2023-01-06,2.196274370396967,1.7741582683221337,1.7324323574692992,2.5984141750154155,1.9456321450918068,1.1023828833109313,1.0824110907241993
2023-01-09,2.207876361141255,1.783530397818074,1.7415840665851465,2.6142377762001274,1.9559100987224654,1.1023828833109313,1.0824110907241993
2023-01-10,2.211916075611049,1.7867936935723974,1.7447706138384131,2.6235630480791987,1.959488794733931,1.1023828833109313,1.0824110907241993
2023-01-11,2.2272776586357073,1.7992028351191287,1.7568879084044189,2.640857842553428,1.9730972901637938,1.1023828833109313,1.0824110907241993
2023-01-12,2.2372828566512544,1.8072850697546288,1.7647800593208314,2.661440908500967,1.9819606795196232,1.1023828833109313,1.0824110907241993
2023-01-13,2.2347721731656303,1.805256930681843,1.7627996194593611,2.6620407345262005,1.9797365191134264,1.1023828833109313,1.0824110907241993
2023-01-16,2.247368046995103,1.8154319224781834,1.7727353085913322,2.671080163695349,1.990894932355627,1.1023828833109313,1.0824110907241993
2023-01-17,2.24670806771634,1.8148987888633121,1.7722147135904527,2.668218513738409,1.9903102709320983,1.1023828833109313,1.0824110907241993
2023-01-18,2.2556808305017935,1.8221470186382778,1.7792924743633955,2.680015388828644,1.998259048161833,1.1023828833109313,1.0824110907241993
2023-01-19,2.2615022096508914,1.82684954947396,1.783884407747917,2.688534124029132,2.0034160825259892,1.1023828833109313,1.0824110907241993
2023-01-20,2.305678796951401,1.8625355542290434,1.8187311237655235,2.7347789330126786,2.042551169412602,1.1023828833109313,1.0824110907241993
2023-01-30,2.321942177242705,1.8756731708235805,1.8315597605871565,2.7656713083432303,2.05695854761139,1.1023828833109313,1.0824110907241993
2023-01-31,2.330888073858427,1.8828996980108321,1.8386163291892161,2.770394378885081,2.064883524680202,1.1023828833109313,1.0824110907241993
2023-02-01,2.3440291623231038,1.893515116133726,1.8489820863894233,2.801110514503644,2.0765249318208543,1.1023828833109313,1.0824110907241993
2023-02-02,2.334627426715588,1.885920360583381,1.8415659496797427,2.791268765010199,2.068196136810452,1.1023828833109313,1.0824110907241993
2023-02-03,2.297865678127551,1.8562240889815516,1.8125680960283543,2.7477647389582844,2.0356296957834408,1.1023828833109313,1.0824110907241993
2023-02-06,2.282475609490146,1.843791936655264,1.8004283318666052,2.7233956005821485,2.0219959655629807,1.1023828833109313,1.0824110907241993
2023-02-07,2.2832425686148894,1.844411488971208,1.8010333131123324,2.7260729730569224,2.022675398127138,1.1023828833109313,1.0824110907241993
2023-02-08,2.2757899301896707,1.838391221075204,1.7951546341410733,2.717638433095177,2.0160732663164245,1.1023828833109313,1.0824110907241993
2023-02-09,2.2953110434176938,1.8541604459531003,1.810552987218397,2.738348346054648,2.0333665999346433,1.1023828833109313,1.0824110907241993
2023-02-10,2.2584050439840326,1.824347648003777,1.7814413477686948,2.693542122487181,2.000672370191438,1.1023828833109313,1.0824110907241993
2023-02-13,2.2606593461337057,1.8261686813191256,1.783219552732631,2.693097029808479,2.002669407895958,1.1023828833109313,1.0824110907241993
2023-02-14,2.2682663238283247,1.8323136250273249,1.7892199753020221,2.697902830830464,2.009408265540129,1.1023828833109313,1.0824110907241993
2023-02-15,2.2414882934694593,1.8106822366129645,1.7680973292026605,2.6699186636689616,1.9853512840113987,1.1023828833109313,1.0824110907241993
2023-02-16,2.2171720571054276,1.791039494166389,1.748916558686586,2.637151500502761,1.9735101525829954,1.1023828833109313,1.0824110907241993
2023-02-17,2.230066455368552,1.8014556350647712,1.7590877254052026,2.6444237919311155,1.9712316080103405,1.1023828833109313,1.0824110907241993
2023-02-20,2.2749739680148964,1.8377320839206999,1.7945109990410584,2.6964865471369786,1.9950756837859043,1.1023828833109313,1.0824110907241993
2023-02-21,2.310784590748657,1.8666600326657297,1.8227585997968234,2.7388752420446925,2.0087463898679636,1.1023828833109313,1.0824110907241993
2023-02-22,2.310100895241486,1.8661077409969784,1.8222192973147453,2.7398636920618906,2.004673710155982,1.1023828833109313,1.0824110907241993
2023-02-23,2.3197990691984804,1.8739419605031313,1.8298692660973004,2.7585207633694,2.0087729556291967,1.1023828833109313,1.0824110907241993
2023-02-24,2.303906166365013,1.861103616920157,1.8173328637725588,2.7422270175280294,1.9978760604935708,1.1023828833109313,1.0824110907241993
2023-02-27,2.307141592330732,1.8637172055527953,1.8198849841764384,2.745256457082973,1.996961282077594,1.1023828833109313,1.0824110907241993
2023-02-28,2.3104406992447,1.8663822358825157,1.8224873364351302,2.746852211489948,2.00607512856036,1.1023828833109313,1.0824110907241993
2023-03-01,2.3216648623261054,1.875449154845046,1.8313410131750834,2.749056642339306,2.0138013330341336,1.1023828833109313,1.0824110907241993
2023-03-02,2.3205379427326394,1.8745388251788484,1.8304520932867938,2.736089692590216,2.011957697094755,1.1023828833109313,1.0824110907241993
2023-03-03,2.3274790827964424,1.8801459028744973,1.835927299757507,2.740400025555118,2.0173996569816675,1.1023828833109313,1.0824110907241993
2023-03-06,2.294932973287551,1.853855039553773,1.8102547635830986,2.7301357378102367,2.0041973544645493,1.1023828833109313,1.0824110907241993
2023-03-07,2.2763109043384366,1.8388120658503715,1.7955655811907187,2.7061322031340382,1.9855475260057334,1.1023828833109313,1.0824110907241993
2023-03-08,2.273669706340428,1.8366784966890668,1.7934821908202312,2.6948660172119885,1.9842086537697212,1.1023828833109313,1.0824110907241993
2023-03-09,2.2670660512917844,1.8313440405921355,1.7882731942403696,2.684059613633373,1.982867972246904,1.1023828833109313,1.0824110907241993
2023-03-10,2.2251398588773186,1.7974759128509077,1.7552016011173408,2.640376093954714,1.9717975187755816,1.1023828833109313,1.0824110907241993
2023-03-13,2.198743969123999,1.7761532189804208,1.7343803894649108,2.609854299525883,1.9717975187755816,1.1023828833109313,1.0824110907241993
2023-03-14,2.188564910011129,1.7679305387305146,1.7263510960335344,2.590851954453348,1.9717975187755816,1.1023828833109313,1.0824110907241993
2023-03-15,2.216438834208548,1.7904471940956168,1.7483381887484246,2.6048681101666435,1.9717975187755816,1.1023828833109313,1.0824110907241993
2023-03-16,2.1854181662668037,1.765388587912559,1.7238689286154683,2.547797386447295,1.9717975187755816,1.1023828833109313,1.0824110907241993
2023-03-17,2.192121293527266,1.7708033980169153,1.7291563893802908,2.5467509289468464,1.9717975187755816,1.1023828833109313,1.0824110907241993
2023-03-20,2.157138283753525,1.7425439979722577,1.7015616139230063,2.5344537788563346,1.9717975187755816,1.1023828833109313,1.0824110907241993
2023-03-21,2.2058810257981505,1.7819185588125477,1.740010135951074,2.58610018600022,1.9717975187755816,1.1023828833109313,1.0824110907241993
2023-03-22,2.224923849877221,1.7973014200103408,1.755031212122998,2.6041797166258807,1.9717975187755816,1.1023828833109313,1.0824110907241993
2023-03-23,2.209635412673621,1.7849513659186982,1.7429716153514585,2.589581111921845,1.9717975187755816,1.1023828833109313,1.0824110907241993
2023-03-24,2.207231166924475,1.7830092076289963,1.7410751341161126,2.591733079154983,1.9717975187755816,1.1023828833109313,1.0824110907241993
2023-03-27,2.2134169008701163,1.7880060655686156,1.7459544724112583,2.606584177686589,1.9717975187755816,1.1023828833109313,1.0824110907241993
2023-03-28,2.1860148186521142,1.765870565837075,1.7243395710417537,2.5766491804591727,1.9717975187755816,1.1023828833109313,1.0824110907241993
2023-03-29,2.18676142942981,1.7664736806857122,1.7249285014081734,2.5834692789713936,1.9717975187755816,1.1023828833109313,1.0824110907241993
2023-03-30,2.1893955091868578,1.768601499706585,1.7270062768741048,2.596960474668488,1.9717975187755816,1.1023828833109313,1.0824110907241993
2023-03-31,2.185507106453693,1.7654604341126883,1.723939085085772,2.5993985690162025,1.9717975187755816,1.1023828833109313,1.0824110907241993
2023-04-03,2.1869046173285565,1.7665893483809276,1.7250414487486014,2.6063291688296037,1.9717975187755816,1.1023828833109313,1.0824110907241993
2023-04-04,2.1711980562202613,1.7539015323080422,1.7126520337213427,2.563796459534276,1.9717975187755816,1.1023828833109313,1.0824110907241993
2023-04-06,2.184548630380206,1.7646861737225996,1.7231830342999732,2.574102675789287,1.9717975187755816,1.1023828833109313,1.0824110907241993
2023-04-07,2.236175198024396,1.8063902991659413,1.7639063325806457,2.6051974542348937,1.970811620016194,1.1018316918692759,1.0818698851788373
2023-04-10,2.2797039241641333,1.8415529593650797,1.7982420124302771,2.6581687876290854,2.009174857099088,1.1232796222505064,1.1029292449250612
2023-04-11,2.2769939750830077,1.8393638528336667,1.7961043908568908,2.6543888319185998,2.006786493636577,1.1219443477230122,1.1016181614715697
2023-04-12,2.2619030783560174,1.8271733726434591,1.7842006150147405,2.623183564772643,1.9934864111330717,1.1145086028461286,1.094317129457755
2023-04-13,2.2634864463721134,1.8284524229731525,1.785449583732784,2.6117784687716474,1.9948818832265107,1.1152887765380504,1.09508316879818
2023-04-14,2.3088947283978816,1.8651333951195235,1.8212678667937994,2.6623377455054524,2.0349016320996847,1.1376628214042717,1.1170518646788905
2023-04-17,2.3167735778929615,1.87149795783763,1.827482743217659,2.676810998967604,2.04184551026763,1.1415449707442773,1.120863681394376
2023-04-18,2.31808088923194,1.8725540085991297,1.828513957029312,2.6848471646579277,2.042997684918397,1.1421891228955483,1.1214961634867644
2023-04-19,2.300925884554057,1.8586961346455808,1.8149820023714203,2.6621292341099125,2.027878439078235,1.1337363291050813,1.1131965083624697
2023-04-20,2.245316214984104,1.8137744452628644,1.7711168130992123,2.5955083113214585,1.9785299063769974,1.1063357495974089,1.0862923432122482
2023-04-21,2.213110714440946,1.7877587270792705,1.7457129510037046,2.561164109079877,1.958132682157701,1.0904671176662815,1.0707112021614327
2023-04-24,2.2036744112458915,1.7801360477084438,1.7382695472057317,2.5369277193930593,1.9621005295379597,1.0858175634079281,1.0661458835481301
2023-04-25,2.111274884769863,1.705495380724352,1.6653843322983704,2.4329062189469206,1.9403652769448907,1.0402894998309116,1.0214426486730113
2023-04-26,2.182092839230757,1.7627023768747219,1.721245893791557,2.537932253054844,1.9474395253504189,1.0751836649425295,1.0557046386677555
2023-04-27,2.2050123619400535,1.7812168490503206,1.7393249294960809,2.5562710221944167,1.9524561135146394,1.0864768125035664,1.066793189074614
2023-04-28,2.1998203999041417,1.7770227636031721,1.7352294835212958,2.5469458960636597,1.9514579253175461,1.0839185745268625,1.064281298514068
2023-05-04,2.1855960616510015,1.7655322924382884,1.724009253396371,2.529680578730627,1.9514579253175461,1.0769098094278555,1.0573995107157481
2023-05-05,2.1690534087284625,1.7521690784163533,1.7118223295341342,2.4980062412073925,1.956477458798259,1.068758740015338,1.0493961136502266
2023-05-08,2.173051588721794,1.7553988224724781,1.7118223295341342,2.5102352029676887,1.9572727702548105,1.0707287651861486,1.051330448014605
2023-05-09,2.149837602090576,1.7366464812906925,1.7118223295341342,2.473952926127105,1.9438308211836222,1.0592905262737846,1.040099434866151
2023-05-10,2.164787539336462,1.7487230939094032,1.7118223295341342,2.5129375781273398,1.9507843623325718,1.0666568161170524,1.0473322701582726
2023-05-11,2.1602846232018,1.745085622198422,1.7118223295341342,2.5250063849975315,1.9482646710391238,1.064438092062075,1.0451537425697899
2023-05-12,2.1247177182776324,1.7163545495690793,1.7118223295341342,2.4847586342922217,1.9353907514294475,1.0469131937170029,1.0279463415662948
2023-05-15,2.163601442083009,1.7477649603184406,1.7118223295341342,2.5513096449639003,1.9353907514294475,1.0660723898410396,1.0467584318916925
2023-05-16,2.1562970780196804,1.7418644689807177,1.7118223295341342,2.545509958532336,1.9353907514294475,1.0624733069869603,1.0432245533666646
2023-05-17,2.1491549609759772,1.7360950413640215,1.7118223295341342,2.537073014427606,1.9353907514294475,1.0589541681856962,1.0397691705537118
2023-05-18,2.123775447904987,1.7155933802019199,1.7118223295341342,2.5052299764014467,1.9353907514294475,1.0464489083784445,1.027490467652318
2023-05-19,2.123446210465255,1.7153274210240435,1.7118223295341342,2.5011555353841612,1.9353907514294475,1.0462866830547906,1.027331181353358
2023-05-22,2.134906766126615,1.7245852987556372,1.7118223295341342,2.5149940038285585,1.9353907514294475,1.051933648214441,1.0328758408453313
2023-05-23,2.12470821864018,1.7163468757280698,1.7118223295341342,2.495675127387824,1.9353907514294475,1.046908512956025,1.027941745606332
2023-05-24,2.1270090990559694,1.718205535132885,1.7118223295341342,2.501742774301641,1.9353907514294475,1.0480422268812835,1.029054920116737
2023-05-25,2.1262125047481453,1.7175620434103689,1.7118223295341342,2.5044416221640526,1.9353907514294475,1.0476497205809279,1.0286695248252136
2023-05-26,2.1059961073471736,1.701231165498181,1.7118223295341342,2.468473382178142,1.9353907514294475,1.0376884852664974,1.0188887565051634
2023-05-29,2.0630723771621526,1.6665572231886785,1.7118223295341342,2.4171402404567677,1.9353907514294475,1.016538654835999,0.9981220960539864
2023-05-30,2.0527372745660037,1.6582084904565286,1.7118223295341342,2.413805829598544,1.9353907514294475,1.011446234712022,0.9931219349445682
2023-05-31,2.031799745262098,1.6412950796215942,1.7118223295341342,2.389158664294735,1.9353907514294475,1.0011296757246644,0.9829922803253967
2023-06-01,2.0232106848261626,1.6343568059728517,1.7118223295341342,2.3824542183716355,1.9353907514294475,0.9968975838026829,0.9788368609128975
2023-06-02,2.082889116890201,1.683382434610486,1.7118223295341342,2.442468240092425,1.9344230560537328,1.0268014154229594,1.008198926934569
2023-06-05,2.0626222683087345,1.683382434610486,1.7118223295341342,2.4130118263072324,1.9156008062989924,1.0268014154229594,1.008198926934569
2023-06-06,2.031467156615836,1.683382434610486,1.7118223295341342,2.3824875093706566,1.8863471301316619,1.0268014154229594,1.008198926934569
2023-06-07,2.0265890450983837,1.683382434610486,1.7118223295341342,2.3778604891617747,1.8824373982698022,1.0268014154229594,1.008198926934569
2023-06-08,2.0461861541367017,1.683382434610486,1.7118223295341342,2.398979560247464,1.8762062251540466,1.0268014154229594,1.008198926934569
2023-06-09,2.055576021195781,1.683382434610486,1.7118223295341342,2.415084085429571,1.8900064715443472,1.0268014154229594,1.008198926934569
2023-06-12,2.08619428978475,1.683382434610486,1.7118223295341342,2.432104903290748,1.893716003382511,1.0268014154229594,1.008198926934569
2023-06-13,2.1119123535912454,1.683382434610486,1.7118223295341342,2.444401502312861,1.9140388092724696,1.0268014154229594,1.008198926934569
2023-06-14,2.125231843636684,1.683382434610486,1.7118223295341342,2.4379916091705938,1.9146418460743828,1.0268014154229594,1.008198926934569
2023-06-15,2.1304435305966125,1.683382434610486,1.7118223295341342,2.470805214838309,1.9043966740935,1.0268014154229594,1.008198926934569
2023-06-16,2.172403593329335,1.683382434610486,1.7118223295341342,2.5252209296036994,1.9257190936690831,1.0268014154229594,1.008198926934569
2023-06-19,2.167506671083531,1.683382434610486,1.7118223295341342,2.510023846070431,1.9388313870954899,1.0268014154229594,1.008198926934569
2023-06-20,2.1802275925837242,1.683382434610486,1.7118223295341342,2.501527174021487,1.9617656983168195,1.0268014154229594,1.008198926934569
2023-06-21,2.1249778622939015,1.683382434610486,1.7118223295341342,2.4484394488635006,1.931310636216412,1.0268014154229594,1.008198926934569
2023-06-26,2.0596521875257077,1.683382434610486,1.7118223295341342,2.412825348407847,1.8927437571521828,1.0268014154229594,1.008198926934569
2023-06-27,2.083205163132797,1.683382434610486,1.7118223295341342,2.4339615807511072,1.8989291942670592,1.0268014154229594,1.008198926934569
2023-06-28,2.0597061809760184,1.683382434610486,1.7118223295341342,2.416742654831759,1.8768057473435595,1.0268014154229594,1.008198926934569
2023-06-29,2.0536598166648043,1.683382434610486,1.7118223295341342,2.412269934219815,1.8780645037133408,1.0268014154229594,1.008198926934569
2023-06-30,2.052520732783177,1.683382434610486,1.7118223295341342,2.4249467482443094,1.8746088147436568,1.0268014154229594,1.008198926934569
2023-07-03,2.0713216650573267,1.683382434610486,1.7118223295341342,2.4407327062352304,1.8746088147436568,1.0268014154229594,1.008198926934569
2023-07-04,2.0853961007065136,1.683382434610486,1.7118223295341342,2.463535530855512,1.8746088147436568,1.0268014154229594,1.008198926934569
2023-07-05,2.0474945040880144,1.683382434610486,1.7118223295341342,2.419386530127754,1.8746088147436568,1.0268014154229594,1.008198926934569
2023-07-06,2.0461144481710893,1.683382434610486,1.7118223295341342,2.4126216479800022,1.8746088147436568,1.0268014154229594,1.008198926934569
2023-07-07,2.0382575878708025,1.683382434610486,1.7118223295341342,2.401124226629167,1.873671510336285,1.0268014154229594,1.008198926934569
2023-07-10,2.050868989625704,1.683382434610486,1.7118223295341342,2.430750531459004,1.8852645613393468,1.0268014154229594,1.008198926934569
2023-07-11,2.062158339236121,1.683382434610486,1.7118223295341342,2.4374627791650614,1.8956423138182965,1.0268014154229594,1.008198926934569
2023-07-12,2.032036144137887,1.683382434610486,1.7118223295341342,2.422012675309582,1.8676364979624507,1.0268014154229594,1.008198926934569
2023-07-13,2.077121034896239,1.683382434610486,1.7118223295341342,2.4562411711746606,1.90253793453606,1.0268014154229594,1.008198926934569
2023-07-14,2.0693752215813843,1.683382434610486,1.7118223295341342,2.442798753959537,1.8954431608479774,1.0268014154229594,1.008198926934569
2023-07-17,2.050795957421349,1.683382434610486,1.7118223295341342,2.426479418554602,1.8808871079720364,1.0268014154229594,1.008198926934569
2023-07-18,2.060907478901009,1.683382434610486,1.7118223295341342,2.434470714175988,1.8860737798894658,1.0268014154229594,1.008198926934569
2023-07-19,2.062858090624886,1.683382434610486,1.7118223295341342,2.4351164347402743,1.8756434109176847,1.0268014154229594,1.008198926934569
2023-07-20,2.0606486195355744,1.683382434610486,1.7118223295341342,2.439337090667873,1.8677608603878544,1.0268014154229594,1.008198926934569
2023-07-21,2.084617146081832,1.683382434610486,1.7118223295341342,2.447415765533196,1.8810309197867026,1.0268014154229594,1.008198926934569
2023-07-24,2.084178383480841,1.683382434610486,1.7118223295341342,2.4312468172626875,1.883211825200948,1.0268014154229594,1.008198926934569
2023-07-25,2.139969629821234,1.683382434610486,1.7118223295341342,2.5037401679175453,1.89300322117253,1.0268014154229594,1.008198926934569
2023-07-26,2.1581803139546016,1.683382434610486,1.7118223295341342,2.5203389132955265,1.8962336020960324,1.0268014154229594,1.008198926934569
2023-07-27,2.1587477502883883,1.683382434610486,1.7118223295341342,2.511062342699221,1.9005261512801774,1.0268014154229594,1.008198926934569
2023-07-28,2.211642315432582,1.683382434610486,1.7118223295341342,2.5646913790149464,1.919755758207127,1.0268014154229594,1.008198926934569
2023-07-31,2.203133511731769,1.683382434610486,1.7118223295341342,2.5736209062617244,1.9145191085666273,1.0268014154229594,1.008198926934569
2023-08-01,2.1940483633090286,1.683382434610486,1.7118223295341342,2.557158149982412,1.9155721993854211,1.0268014154229594,1.008198926934569
2023-08-02,2.157297737707708,1.683382434610486,1.7118223295341342,2.5315124444434143,1.893481580941108,1.0268014154229594,1.008198926934569
2023-08-03,2.1796578808005957,1.683382434610486,1.7118223295341342,2.5547918934192793,1.8977898439239094,1.0268014154229594,1.008198926934569
2023-08-04,2.16385248055289,1.682540743393181,1.7109664183693671,2.5434900664135123,1.894380255390758,1.0268014154229594,1.008198926934569
2023-08-07,2.151922721496231,1.6732645538876176,1.701533512333201,2.5171323214353447,1.8836204215048808,1.0268014154229594,1.008198926934569
2023-08-08,2.141456343558273,1.665126241560584,1.6932577073350559,2.507920924408364,1.8744589943652399,1.0268014154229594,1.008198926934569
2023-08-09,2.111910845891115,1.6421526312726404,1.6698959695193607,2.4930952469883363,1.843805833397684,1.0268014154229594,1.008198926934569
2023-08-10,2.1232054156538163,1.6509349184089548,1.6788266289555227,2.503588250651207,1.8515399182693184,1.0268014154229594,1.008198926934569
2023-08-11,2.0904977708806256,1.6255025262075868,1.6529645693494148,2.4583641575147297,1.844892578049075,1.0268014154229594,1.008198926934569
2023-08-14,2.1148478772770076,1.644436370582876,1.6722182914503252,2.479749220454753,1.8696147566493975,1.0268014154229594,1.008198926934569
2023-08-15,2.073770976095552,1.6124963189983637,1.6397386288468054,2.4395320414703763,1.8510490706601255,1.0268014154229594,1.008198926934569
2023-08-16,2.044139032705696,1.5894554913507164,1.616308538068107,2.396635202328514,1.8336394805073055,1.0268014154229594,1.008198926934569
2023-08-17,2.0601058559112415,1.6018707695766248,1.6289335661410693,2.413148279372445,1.8440786463513552,1.0268014154229594,1.008198926934569
2023-08-18,2.008318134731706,1.5616023355335653,1.58798481726914,2.3565787584876454,1.8189977832506647,1.0268014154229594,1.008198926934569
2023-08-21,1.991712188280146,1.5486900960262697,1.5748544320052615,2.3372513616088306,1.8189977832506647,1.0268014154229594,1.008198926934569
2023-08-22,2.015077896668969,1.5668585047859989,1.593329786842978,2.361252912496046,1.8189977832506647,1.0268014154229594,1.008198926934569
2023-08-23,1.9675502230740103,1.529902544071996,1.5557494738618376,2.2998526432636757,1.8189977832506647,1.0268014154229594,1.008198926934569
2023-08-24,1.9996247578722612,1.5548426507144093,1.5811109309934277,2.333761111864822,1.8189977832506647,1.0268014154229594,1.008198926934569
2023-08-25,1.9552514073486154,1.520339388200957,1.5460247533085738,2.281126081373283,1.8189977832506647,1.0268014154229594,1.008198926934569
2023-08-28,1.9769155872591377,1.5371847442033866,1.5631547030817419,2.3023409317330468,1.8189977832506647,1.0268014154229594,1.008198926934569
2023-08-29,2.0432711867131514,1.588780682760681,1.615622328928203,2.3792805447874863,1.8189977832506647,1.0268014154229594,1.008198926934569
2023-08-30,2.0842394395683335,1.6206362529688985,1.6480160828852988,2.4263039124896824,1.8189977832506647,1.0268014154229594,1.008198926934569
2023-08-31,2.078034843132917,1.6158117622086812,1.6431100847934974,2.422742812611492,1.8189977832506647,1.0268014154229594,1.008198926934569
2023-09-01,2.0633817363598403,1.6044179868082933,1.632345372362102,2.402853536049824,1.8180882843590396,1.0268014154229594,1.008198926934569
2023-09-04,2.091019862539741,1.6259084875640764,1.632345372362102,2.4252225818463526,1.8424408084334076,1.0268014154229594,1.008198926934569
2023-09-05,2.0564388342995343,1.5990194138007339,1.632345372362102,2.396021176888977,1.8119707498898416,1.0268014154229594,1.008198926934569
2023-09-06,2.0581426619457224,1.6003442543156006,1.632345372362102,2.38261444757557,1.8134720276357457,1.0268014154229594,1.008198926934569
2023-09-07,2.0108982606502614,1.5636085568541358,1.632345372362102,2.33301348114957,1.7718440094250352,1.0268014154229594,1.008198926934569
2023-09-08,2.00756023217749,1.5610130153564965,1.632345372362102,2.3126639875414874,1.7689028035627066,1.0268014154229594,1.008198926934569
2023-09-11,2.0509589483226125,1.59475843413221,1.632345372362102,2.358374198889788,1.8071423091225787,1.0268014154229594,1.008198926934569
2023-09-12,2.0502234968564186,1.594186571185091,1.632345372362102,2.347851318761165,1.806494287638798,1.0268014154229594,1.008198926934569
2023-09-13,1.9972813355701247,1.5530204823652458,1.632345372362102,2.2929509001920456,1.759845855365153,1.0268014154229594,1.008198926934569
2023-09-14,1.9832746740928,1.5421293616320557,1.632345372362102,2.2727267675970886,1.7472109888698748,1.0268014154229594,1.008198926934569
2023-09-15,1.9524361127605738,1.5181503074333875,1.632345372362102,2.2440386348644012,1.7270515236486415,1.0268014154229594,1.008198926934569
2023-09-18,1.9427767847939594,1.5106395307036018,1.632345372362102,2.2428009715751633,1.7189206019923313,1.0268014154229594,1.008198926934569
2023-09-19,1.914384519206306,1.488562635870059,1.632345372362102,2.2055127075281526,1.712116880715409,1.0268014154229594,1.008198926934569
2023-09-20,1.9072476697278586,1.4830132557090399,1.632345372362102,2.1948586083425803,1.712116880715409,1.0268014154229594,1.008198926934569
2023-09-21,1.909330044173834,1.4846324418041377,1.632345372362102,2.1856444198667795,1.712116880715409,1.0268014154229594,1.008198926934569
2023-09-22,2.0127867846235485,1.5650770111773795,1.632345372362102,2.2895522863573845,1.712116880715409,1.0268014154229594,1.008198926934569
2023-09-25,1.9753089981721246,1.5359355132040067,1.632345372362102,2.2584764302645954,1.712116880715409,1.0268014154229594,1.008198926934569
2023-09-26,1.9942726073078745,1.5506809939146555,1.632345372362102,2.279614792429805,1.712116880715409,1.0268014154229594,1.008198926934569
2023-09-27,1.9995694263520796,1.554799626738451,1.632345372362102,2.2958597610353277,1.712116880715409,1.0268014154229594,1.008198926934569
2023-09-28,2.0188823052362834,1.569816688154111,1.632345372362102,2.307848460989419,1.712116880715409,1.0268014154229594,1.008198926934569
2023-10-09,2.014394290145626,1.5663269547666179,1.632345372362102,2.2989221486614886,1.712116880715409,1.0268014154229594,1.008198926934569
2023-10-10,2.0182809822889616,1.5693491191456412,1.632345372362102,2.298192365045959,1.712116880715409,1.0268014154229594,1.008198926934569
2023-10-11,2.05165872797149,1.595302559843743,1.632345372362102,2.329559408116415,1.712116880715409,1.0268014154229594,1.008198926934569
2023-10-12,2.032709527689958,1.580568282985716,1.632345372362102,2.3148476066531245,1.712116880715409,1.0268014154229594,1.008198926934569
2023-10-13,1.9928133761805817,1.5503366277748731,1.632345372362102,2.268866224492335,1.7112608222750514,1.0268014154229594,1.008198926934569
2023-10-16,1.9451186634486752,1.5503366277748731,1.632345372362102,2.224312391588792,1.6697341868815068,1.0268014154229594,1.008198926934569
2023-10-17,1.9593275294281796,1.5503366277748731,1.632345372362102,2.2332524055461547,1.672479331455089,1.0268014154229594,1.008198926934569
2023-10-18,1.9387466589127218,1.5503366277748731,1.632345372362102,2.2009759426128497,1.6619399755044166,1.0268014154229594,1.008198926934569
2023-10-19,1.907931544852176,1.5503366277748731,1.632345372362102,2.1773741984313357,1.6619399755044166,1.0268014154229594,1.008198926934569
2023-10-20,1.9201715122250356,1.5503366277748731,1.632345372362102,2.1492327723108913,1.6619399755044166,1.0268014154229594,1.008198926934569
2023-10-23,1.8660564637203583,1.5503366277748731,1.632345372362102,2.08957620123131,1.6619399755044166,1.0268014154229594,1.008198926934569
2023-10-24,1.8788405296548985,1.5503366277748731,1.632345372362102,2.1027748981555683,1.6619399755044166,1.0268014154229594,1.008198926934569
2023-10-25,1.8744111907124463,1.5503366277748731,1.632345372362102,2.106165674938273,1.6619399755044166,1.0268014154229594,1.008198926934569
2023-10-26,1.8675779043948688,1.5503366277748731,1.632345372362102,2.10377712117933,1.6619399755044166,1.0268014154229594,1.008198926934569
2023-10-27,1.9343815036639371,1.5503366277748731,1.632345372362102,2.147212002778551,1.6619399755044166,1.0268014154229594,1.008198926934569
2023-10-30,1.9565124219846517,1.5503366277748731,1.632345372362102,2.1759818820734784,1.6619399755044166,1.0268014154229594,1.008198926934569
2023-10-31,1.9243105382987544,1.5503366277748731,1.632345372362102,2.153044384373187,1.6619399755044166,1.0268014154229594,1.008198926934569
2023-11-01,1.9087187742601428,1.5503366277748731,1.632345372362102,2.1417406924176423,1.6619399755044166,1.0268014154229594,1.008198926934569
2023-11-02,1.8740511252539194,1.5503366277748731,1.632345372362102,2.120703650828255,1.6619399755044166,1.0268014154229594,1.008198926934569
2023-11-03,1.9020203051443951,1.5503366277748731,1.632345372362102,2.1566234650643996,1.6619399755044166,1.0268014154229594,1.008198926934569
2023-11-06,1.9732215361218244,1.5503366277748731,1.632345372362102,2.2434527651209595,1.6619399755044166,1.0268014154229594,1.008198926934569
2023-11-07,1.9616810824760755,1.5503366277748731,1.632345372362102,2.252822168830258,1.6619399755044166,1.0268014154229594,1.008198926934569
2023-11-08,1.9591985527909437,1.5503366277748731,1.632345372362102,2.270700442518683,1.6619399755044166,1.0268014154229594,1.008198926934569
2023-11-09,1.9782792393566795,1.5503366277748731,1.632345372362102,2.278038139578029,1.6619399755044166,1.0268014154229594,1.008198926934569
2023-11-10,1.9515766910782673,1.5503366277748731,1.632345372362102,2.244349800961504,1.6611090055166646,1.0268014154229594,1.008198926934569
2023-11-13,1.942878505251313,1.5503366277748731,1.632345372362102,2.249462977684279,1.653705435431582,1.0268014154229594,1.008198926934569
2023-11-14,1.9600812798833107,1.5503366277748731,1.632345372362102,2.2601929608089635,1.6683477930656534,1.0268014154229594,1.008198926934569
2023-11-15,1.9652728742190542,1.5503366277748731,1.632345372362102,2.2738140647397613,1.6727666837725967,1.0268014154229594,1.008198926934569
2023-11-16,1.9437197573658456,1.5503366277748731,1.632345372362102,2.2383892799214355,1.65442147773202,1.0268014154229594,1.008198926934569
2023-11-17,1.9341846784405146,1.5503366277748731,1.632345372362102,2.239969836489677,1.646305575577835,1.0268014154229594,1.008198926934569
2023-11-20,1.9379346119206766,1.5503366277748731,1.632345372362102,2.2433437349666265,1.6494973785453853,1.0268014154229594,1.008198926934569
2023-11-21,1.970977792618069,1.5503366277748731,1.632345372362102,2.2509764627223006,1.6776224967015292,1.0268014154229594,1.008198926934569
2023-11-22,1.9505930703059213,1.5503366277748731,1.632345372362102,2.216860673180866,1.659992180596032,1.0268014154229594,1.008198926934569
2023-11-23,1.9782848221040676,1.5503366277748731,1.632345372362102,2.2399213227731223,1.6759157038347892,1.0268014154229594,1.008198926934569
2023-11-24,1.9709764614770116,1.5503366277748731,1.632345372362102,2.2099100138879137,1.6720076467460268,1.0268014154229594,1.008198926934569
2023-11-27,1.9389498679149066,1.5503366277748731,1.632345372362102,2.181541118101689,1.650659794501281,1.0268014154229594,1.008198926934569
2023-11-28,1.9341234488460572,1.5503366277748731,1.632345372362102,2.179911984226678,1.6450165131525587,1.0268014154229594,1.008198926934569
2023-11-29,1.9067551674993835,1.5503366277748731,1.632345372362102,2.1497782041259406,1.6308108437816387,1.0268014154229594,1.008198926934569
2023-11-30,1.9052860151517528,1.5503366277748731,1.632345372362102,2.1427931515494434,1.628611369582165,1.0268014154229594,1.008198926934569
2023-12-01,1.8985638844964348,1.5503366277748731,1.632345372362102,2.1467121599175414,1.628611369582165,1.0268014154229594,1.008198926934569
2023-12-04,1.8726814238667355,1.5503366277748731,1.632345372362102,2.1232841343805506,1.628611369582165,1.0268014154229594,1.008198926934569
2023-12-05,1.8319461142538398,1.5503366277748731,1.632345372362102,2.078539147330947,1.628611369582165,1.0268014154229594,1.008198926934569
2023-12-06,1.8432927996338266,1.5503366277748731,1.632345372362102,2.0989334995828552,1.628611369582165,1.0268014154229594,1.008198926934569
2023-12-07,1.835986067971191,1.5503366277748731,1.632345372362102,2.093426118312791,1.628611369582165,1.0268014154229594,1.008198926934569
2023-12-08,1.8218243383930102,1.5503366277748731,1.632345372362102,2.094877727851411,1.6283399343539013,1.0268014154229594,1.008198926934569
2023-12-11,1.828998702552467,1.5503366277748731,1.632345372362102,2.102458666542833,1.6292400669875964,1.0268014154229594,1.008198926934569
2023-12-12,1.8260238054403337,1.5503366277748731,1.632345372362102,2.0917079238799943,1.6247443714385137,1.0268014154229594,1.008198926934569
2023-12-13,1.7853509728065586,1.5503366277748731,1.632345372362102,2.0421889402090816,1.6109114407146277,1.0268014154229594,1.008198926934569
2023-12-14,1.7776237941972721,1.5503366277748731,1.632345372362102,2.031480437021452,1.6109114407146277,1.0268014154229594,1.008198926934569
2023-12-15,1.7899006529424173,1.5503366277748731,1.632345372362102,2.042086280894007,1.6109114407146277,1.0268014154229594,1.008198926934569
2023-12-18,1.7489616365765628,1.5503366277748731,1.632345372362102,1.99251660539334,1.6109114407146277,1.0268014154229594,1.008198926934569
2023-12-19,1.7555799467427367,1.5503366277748731,1.632345372362102,2.002734778601515,1.6109114407146277,1.0268014154229594,1.008198926934569
2023-12-20,1.7424071736375475,1.5503366277748731,1.632345372362102,1.98382768744977,1.6109114407146277,1.0268014154229594,1.008198926934569
2023-12-21,1.7772771354677683,1.5503366277748731,1.632345372362102,2.0275573520439254,1.6109114407146277,1.0268014154229594,1.008198926934569
2023-12-22,1.7953278928673457,1.5503366277748731,1.632345372362102,2.0537890007684694,1.6109114407146277,1.0268014154229594,1.008198926934569
2023-12-25,1.7946569299195605,1.5503366277748731,1.632345372362102,2.057481683954726,1.6109114407146277,1.0268014154229594,1.008198926934569
2023-12-26,1.7879496761559956,1.5503366277748731,1.632345372362102,2.0479106020327187,1.6109114407146277,1.0268014154229594,1.008198926934569
2023-12-27,1.7776861024546882,1.5503366277748731,1.632345372362102,2.0361107864800805,1.6109114407146277,1.0268014154229594,1.008198926934569
2023-12-28,1.8767547956461237,1.5503366277748731,1.632345372362102,2.158046201384086,1.6109114407146277,1.0268014154229594,1.008198926934569
2023-12-29,1.8686004408966683,1.5503366277748731,1.632345372362102,2.1490466490279436,1.6109114407146277,1.0268014154229594,1.008198926934569
2024-01-02,1.8385593476651643,1.5503366277748731,1.632345372362102,2.1076611663927025,1.6109114407146277,1.0268014154229594,1.008198926934569
2024-01-03,1.8410063741528857,1.5503366277748731,1.632345372362102,2.1082173580898047,1.6109114407146277,1.0268014154229594,1.008198926934569
2024-01-04,1.8135484465756522,1.5503366277748731,1.632345372362102,2.072699471048676,1.6109114407146277,1.0268014154229594,1.008198926934569
2024-01-05,1.794503531374531,1.5503366277748731,1.632345372362102,2.051470211057736,1.6103744702343896,1.0268014154229594,1.008198926934569
2024-01-08,1.754577856808659,1.5503366277748731,1.632345372362102,2.010324723259937,1.5833892645634713,1.0268014154229594,1.008198926934569
2024-01-09,1.7712556599178628,1.5503366277748731,1.632345372362102,2.024795904635742,1.5871391503291634,1.0268014154229594,1.008198926934569
2024-01-10,1.7870473918545975,1.5503366277748731,1.632345372362102,2.0369104359305688,1.5899383375431477,1.0268014154229594,1.008198926934569
2024-01-11,1.8150638513591013,1.5503366277748731,1.632345372362102,2.0689481750223866,1.6066745305699177,1.0268014154229594,1.008198926934569
2024-01-12,1.7937265235188402,1.5503366277748731,1.632345372362102,2.0505115300596177,1.6021204644401843,1.0268014154229594,1.008198926934569
2024-01-15,1.7777561391545031,1.5503366277748731,1.632345372362102,2.0349527025348957,1.5938762768015555,1.0268014154229594,1.008198926934569
2024-01-16,1.7821112702606954,1.5503366277748731,1.632345372362102,2.0398923602618035,1.601281044638032,1.0268014154229594,1.008198926934569
2024-01-17,1.7098455108711261,1.5503366277748731,1.632345372362102,1.9637131146813043,1.5790034284551555,1.0268014154229594,1.008198926934569
2024-01-18,1.7384865344673124,1.5503366277748731,1.632345372362102,1.9905248634498807,1.5790034284551555,1.0268014154229594,1.008198926934569
2024-01-19,1.7113393553772347,1.5503366277748731,1.632345372362102,1.973593915846068,1.5790034284551555,1.0268014154229594,1.008198926934569
2024-01-22,1.651167927170211,1.5503366277748731,1.632345372362102,1.9039778391130424,1.5790034284551555,1.0268014154229594,1.008198926934569
2024-01-23,1.670702570666155,1.5503366277748731,1.632345372362102,1.9235054742364002,1.5790034284551555,1.0268014154229594,1.008198926934569
2024-01-24,1.672166437798008,1.5503366277748731,1.632345372362102,1.934675596633684,1.5790034284551555,1.0268014154229594,1.008198926934569
2024-01-25,1.7064808403629186,1.5503366277748731,1.632345372362102,1.9851995570924235,1.5790034284551555,1.0268014154229594,1.008198926934569
2024-01-26,1.6552788284952404,1.5503366277748731,1.632345372362102,1.956087292132924,1.5790034284551555,1.0268014154229594,1.008198926934569
2024-01-29,1.6384309156588257,1.5503366277748731,1.632345372362102,1.9274801673796438,1.5790034284551555,1.0268014154229594,1.008198926934569
2024-01-30,1.5898908546424042,1.5503366277748731,1.632345372362102,1.8638463827756158,1.5790034284551555,1.0268014154229594,1.008198926934569
2024-01-31,1.559064044397361,1.5503366277748731,1.632345372362102,1.8311171896010754,1.5790034284551555,1.0268014154229594,1.008198926934569
2024-02-01,1.5681237782576918,1.5503366277748731,1.632345372362102,1.8281729336205026,1.5790034284551555,1.0268014154229594,1.008198926934569
2024-02-02,1.5269543592595454,1.5503366277748731,1.632345372362102,1.792380769271445,1.5790034284551555,1.026288014715248,1.008198926934569
2024-02-05,1.489416441465534,1.5503366277748731,1.632345372362102,1.7490804949009064,1.5790034284551555,1.0010582395777372,1.008198926934569
2024-02-06,1.610707757315823,1.5503366277748731,1.632345372362102,1.8799518134701316,1.5790034284551555,1.0825798796918245,1.008198926934569
2024-02-07,1.6571385621972323,1.5503366277748731,1.632345372362102,1.9247875296761143,1.5790034284551555,1.1137866923083324,1.008198926934569
2024-02-08,1.7086948254200305,1.5503366277748731,1.632345372362102,1.9743981735710514,1.5790034284551555,1.1484383992884417,1.008198926934569
2024-02-19,1.7355018989473945,1.5503366277748731,1.632345372362102,2.0061680164631572,1.5790034284551555,1.166455819458135,1.008198926934569
2024-02-20,1.7316875088748689,1.5503366277748731,1.632345372362102,2.0039326565745785,1.5790034284551555,1.1638921129588915,1.008198926934569
2024-02-21,1.736850253432659,1.5503366277748731,1.632345372362102,2.0205577311838314,1.5790034284551555,1.1673620679254995,1.008198926934569
2024-02-22,1.771691266872207,1.5503366277748731,1.632345372362102,2.054046822650833,1.5790034284551555,1.190779214807925,1.008198926934569
2024-02-23,1.7787959457656661,1.5503366277748731,1.632345372362102,2.0649937746747478,1.5790034284551555,1.1955543718075705,1.008198926934569
2024-02-26,1.7890478008719521,1.5503366277748731,1.632345372362102,2.0749921479874245,1.5790034284551555,1.2024447912627274,1.008198926934569
2024-02-27,1.8610892701787607,1.5503366277748731,1.632345372362102,2.145051921648238,1.5790034284551555,1.250864900261864,1.008198926934569
2024-02-28,1.7824309712787534,1.5503366277748731,1.632345372362102,2.0707350383281367,1.5790034284551555,1.1979975248033643,1.008198926934569
2024-02-29,1.8653455688704288,1.5503366277748731,1.632345372362102,2.1538246208839156,1.5790034284551555,1.2537256199080131,1.008198926934569
2024-03-01,1.8995690760589947,1.5503366277748731,1.632345372362102,2.1825472358077254,1.5790034284551555,1.2767277319463706,1.008198926934569
2024-03-04,1.9203402115724266,1.5503366277748731,1.632345372362102,2.1994185760123415,1.5790034284551555,1.2906883112526168,1.008198926934569
2024-03-05,1.8985888847019814,1.5503366277748731,1.632345372362102,2.164395284489349,1.5790034284551555,1.276068931219466,1.008198926934569
2024-03-06,1.8777657888242143,1.5503366277748731,1.632345372362102,2.1516916912385953,1.5790034284551555,1.2620734286040625,1.008198926934569
2024-03-07,1.812416893265048,1.5503366277748731,1.632345372362102,2.078892885243204,1.5790034284551555,1.218151494801291,1.008198926934569
2024-03-08,1.8408553760053663,1.5503366277748731,1.632345372362102,2.108227855807114,1.5790034284551555,1.237265408597135,1.008198926934569
2024-03-11,1.8749944842950041,1.5503366277748731,1.632345372362102,2.1702922570900616,1.5790034284551555,1.260210794920084,1.008198926934569
2024-03-12,1.895823909167976,1.5503366277748731,1.632345372362102,2.1990552104559282,1.5790034284551555,1.2742105513443094,1.008198926934569
2024-03-13,1.9050675271019486,1.5503366277748731,1.632345372362102,2.2084473320131752,1.5790034284551555,1.2804233200762074,1.008198926934569
2024-03-14,1.8918587054692315,1.5503366277748731,1.632345372362102,2.1971851546964607,1.5790034284551555,1.2715454808349989,1.008198926934569
2024-03-15,1.89419964648271,1.549561459460986,1.632345372362102,2.196682122414218,1.578213926740928,1.273330785249142,1.008198926934569
2024-03-18,1.9124144723760579,1.5644622077783739,1.632345372362102,2.2233651642672214,1.5933902002406208,1.273330785249142,1.008198926934569
2024-03-19,1.8973529798995605,1.5521410629049288,1.632345372362102,2.1940125224004032,1.5808412288436247,1.273330785249142,1.008198926934569
2024-03-20,1.8976661070851113,1.5523972184899748,1.632345372362102,2.2035761748382443,1.5811021209232927,1.273330785249142,1.008198926934569
2024-03-21,1.9133676486284201,1.565241959367641,1.632345372362102,2.208395291998452,1.5941843699781721,1.273330785249142,1.008198926934569
2024-03-22,1.8598200433279883,1.5214370174893903,1.632345372362102,2.150027288579939,1.5495694443098609,1.273330785249142,1.008198926934569
2024-03-25,1.8478274747459993,1.5116264243404054,1.632345372362102,2.131349210983569,1.5395774464818412,1.273330785249142,1.008198926934569
2024-03-26,1.8520671607270855,1.515094725059766,1.632345372362102,2.1236306245995262,1.54310987848962,1.273330785249142,1.008198926934569
2024-03-27,1.826653867266814,1.494305226879291,1.632345372362102,2.0816905156458185,1.5216787830734353,1.273330785249142,1.008198926934569
2024-03-28,1.8308337165920627,1.4977245778610029,1.632345372362102,2.101693601293667,1.520037274138081,1.273330785249142,1.008198926934569
2024-03-29,1.8400796940389916,1.505288305545891,1.632345372362102,2.1017546986125732,1.5281841719230254,1.273330785249142,1.008198926934569
2024-04-01,1.8706750959810592,1.5303170588635147,1.632345372362102,2.140117661290117,1.5379023542563992,1.273330785249142,1.008198926934569
2024-04-02,1.8478710667547062,1.5116620850463707,1.632345372362102,2.1078374913376257,1.5347033894009519,1.273330785249142,1.008198926934569
2024-04-03,1.8432496501470699,1.5078815072827734,1.632345372362102,2.088050269804198,1.5419311918628087,1.273330785249142,1.008198926934569
2024-04-08,1.8184721893276143,1.4876121558337716,1.632345372362102,2.0588879772539004,1.5355661508231273,1.273330785249142,1.008198926934569
2024-04-09,1.8412075513803472,1.5062109560548698,1.632345372362102,2.0889522826850246,1.5339615884920688,1.273330785249142,1.008198926934569
2024-04-10,1.8144067663471206,1.484286412014382,1.632345372362102,2.0575017845915236,1.5235100682350473,1.273330785249142,1.008198926934569
2024-04-11,1.7984264037284876,1.4712135798723078,1.632345372362102,2.045429795484083,1.516988890842923,1.273330785249142,1.008198926934569
2024-04-12,1.7732431607230832,1.450612275855661,1.632345372362102,2.0180111619185994,1.5068694649491294,1.273330785249142,1.008198926934569
2024-04-15,1.758723661002936,1.4387345114295234,1.632345372362102,2.0026165540232057,1.5068694649491294,1.273330785249142,1.008198926934569
2024-04-16,1.7190567848744764,1.4062847838730808,1.632345372362102,1.9505696828885206,1.5068694649491294,1.273330785249142,1.008198926934569
2024-04-17,1.7419415475747801,1.425005802196122,1.632345372362102,1.9836179148345736,1.5068694649491294,1.273330785249142,1.008198926934569
2024-04-18,1.7381921574028432,1.421938590924225,1.632345372362102,1.973905245518849,1.5068694649491294,1.273330785249142,1.008198926934569
2024-04-19,1.7088492154334096,1.3979344200505455,1.632345372362102,1.9350080724168104,1.5063671751274799,1.273330785249142,1.008198926934569
2024-04-22,1.7367124981698552,1.420728146753342,1.632345372362102,1.9606058827088904,1.5156358616247259,1.273330785249142,1.008198926934569
2024-04-23,1.7510356662220712,1.4324453008729245,1.632345372362102,1.9781648370187976,1.516683861254534,1.273330785249142,1.008198926934569
2024-04-24,1.7685897459923472,1.4468055218342328,1.632345372362102,2.0137260966521735,1.5197294111767319,1.273330785249142,1.008198926934569
2024-04-25,1.7804622697080532,1.4565179115554303,1.632345372362102,2.017247735815664,1.522762803215009,1.273330785249142,1.008198926934569
2024-04-26,1.8248622866120963,1.4928396135057371,1.632345372362102,2.0719176784921145,1.5298126310076707,1.273330785249142,1.008198926934569
2024-04-29,1.8998009680671593,1.5541436544082965,1.632345372362102,2.1420259887136943,1.5417876809568503,1.273330785249142,1.008198926934569
2024-04-30,1.8712952953575133,1.5308244167086713,1.632345372362102,2.115087371862588,1.5427703372225972,1.273330785249142,1.008198926934569
2024-05-06,1.9231319456817229,1.5732297015365417,1.632345372362102,2.1685840150517963,1.5565100221596941,1.273330785249142,1.008198926934569
2024-05-07,1.9280075708665825,1.5772182361618463,1.632345372362102,2.164792815669206,1.5594031634648235,1.273330785249142,1.008198926934569
2024-05-08,1.9049386963389048,1.558346604046611,1.632345372362102,2.1260729604487576,1.5584423482069893,1.273330785249142,1.008198926934569
2024-05-09,1.9417130958578777,1.588430123645632,1.632345372362102,2.1682109774258236,1.5622903540050312,1.273330785249142,1.008198926934569
2024-05-10,1.9674658595180803,1.6094973274731466,1.632345372362102,2.1774513010005405,1.5584612109805092,1.273330785249142,1.008198926934569
2024-05-13,1.9477637773738563,1.5933799201985155,1.632345372362102,2.153129258467213,1.5536511455145199,1.273330785249142,1.008198926934569
2024-05-14,1.9606918990229638,1.6039558481836562,1.632345372362102,2.17182343793259,1.558491180235749,1.273330785249142,1.008198926934569
2024-05-15,1.9495816240866732,1.5948670206795126,1.632345372362102,2.146937754292161,1.550794927493844,1.273330785249142,1.008198926934569
2024-05-16,1.9743545617473546,1.6151326719311647,1.632345372362102,2.1638591803483247,1.5469082234149119,1.273330785249142,1.008198926934569
2024-05-17,2.0331532071059053,1.6632332588388374,1.632345372362102,2.203536869082903,1.54788480688929,1.273330785249142,1.008198926934569
2024-05-20,2.02265355769978,1.6546439572370792,1.632345372362102,2.203108351236188,1.548860159634652,1.273330785249142,1.008198926934569
2024-05-21,1.9922239081185484,1.6297507986391795,1.632345372362102,2.171022873722405,1.5439895302018387,1.273330785249142,1.008198926934569
2024-05-22,1.9996804345419779,1.635850655108192,1.632345372362102,2.1763928361373157,1.5430092193890121,1.273330785249142,1.008198926934569
2024-05-23,1.963060737899081,1.6058936911311616,1.632345372362102,2.1318945836918,1.536138313195804,1.273330785249142,1.008198926934569
2024-05-24,1.9076443885250767,1.5605600118785898,1.632345372362102,2.0758009322715707,1.530930200159092,1.2726941198565176,1.0076948274711017
2024-05-27,1.9233438488334074,1.5734030501894138,1.632345372362102,2.0870458093989788,1.530930200159092,1.2831680902356517,1.0159879166034134
2024-05-28,1.8834964008424202,1.5408056047303966,1.632345372362102,2.0610278013351233,1.530930200159092,1.2565836738452216,0.9949388848918546
2024-05-29,1.884570782744491,1.5416845093333422,1.632345372362102,2.0623174254506194,1.530930200159092,1.2573004528934923,0.9955064168134002
2024-05-30,1.8793925939950658,1.5374484607569299,1.632345372362102,2.0565815967514713,1.530930200159092,1.253845799388603,0.992771088337164
2024-05-31,1.901552352691769,1.5555763851766857,1.632345372362102,2.0681985229549054,1.530930200159092,1.2686297888786666,1.0044767680492726
2024-06-03,1.8906162585784632,1.5466300473466246,1.632345372362102,2.0531257655919304,1.530930200159092,1.2613337211440703,0.9986998813627367
2024-06-04,1.9027906728900645,1.5565894004928453,1.632345372362102,2.08202929262441,1.530930200159092,1.2694559401489718,1.005130898801357
2024-06-05,1.8869666568543861,1.5436444686170998,1.632345372362102,2.0671923327097925,1.530930200159092,1.2588988718178589,0.9967720143022908
2024-06-06,1.8488793628607694,1.512486927764815,1.632345372362102,2.0321012129585707,1.530930200159092,1.2334887506241492,0.976652767035554
2024-06-07,1.8373155723666397,1.5030270991199,1.632345372362102,2.0182136843387406,1.530930200159092,1.225773912233064,0.9705443057641618
2024-06-11,1.8681097758497112,1.5282184832386607,1.632345372362102,2.0361851101810458,1.530930200159092,1.2463184130500489,0.9868110480105907
2024-06-12,1.8837281135953947,1.54099515874723,1.632345372362102,2.047009685642929,1.530930200159092,1.256738262121727,0.9950612849282746
2024-06-13,1.889553563760241,1.5457607034331968,1.632345372362102,2.053069832672528,1.530930200159092,1.2606247391899446,0.9981385230309929
2024-06-14,1.9125117321791494,1.5645417717476235,1.632345372362102,2.0600973172816905,1.530930200159092,1.275941391562461,1.0102659550110338
2024-06-17,1.8904509634194675,1.5464948266436265,1.632345372362102,2.046056303975868,1.530930200159092,1.2612234436845184,0.9986125657824704
2024-06-18,1.9142299096846,1.5659473372316541,1.632345372362102,2.052302344192395,1.530930200159092,1.2770876819409036,1.011173565777136
2024-06-19,1.886143236143522,1.5429708643321198,1.632345372362102,2.028227533190394,1.530930200159092,1.2583495227341466,0.9963370502198016
2024-06-20,1.8380092691162584,1.5035945819350076,1.632345372362102,1.9824309222373095,1.530930200159092,1.2262367153527196,0.9709107444099752
2024-06-21,1.8390668040475016,1.5044597047717323,1.632345372362102,1.9805717632903599,1.530930200159092,1.2271466276493466,0.9716311955383787
2024-06-24,1.802447176922339,1.4745027976641043,1.632345372362102,1.936902297658748,1.530930200159092,1.2271466276493466,0.9716311955383787
2024-06-25,1.7979036560672799,1.4707859429912984,1.632345372362102,1.9206822037232478,1.530930200159092,1.2271466276493466,0.9716311955383787
2024-06-26,1.8482710954433565,1.5119893309308063,1.632345372362102,1.9772176262793912,1.530930200159092,1.2271466276493466,0.9716311955383787
2024-06-27,1.814942360925294,1.4847245583933946,1.632345372362102,1.9386640717365933,1.530930200159092,1.2271466276493466,0.9716311955383787
2024-06-28,1.8027655016161552,1.4747632051021737,1.632345372362102,1.9272633077289716,1.530930200159092,1.2271466276493466,0.9716311955383787
2024-07-01,1.8112121508831818,1.4816730375425253,1.632345372362102,1.9380843849766838,1.530930200159092,1.2271466276493466,0.9716311955383787
2024-07-02,1.8260435720436032,1.4938059711865044,1.632345372362102,1.9349345193485776,1.530930200159092,1.2271466276493466,0.9716311955383787
2024-07-03,1.8162084557712577,1.4857602949278041,1.632345372362102,1.9265165087073148,1.530930200159092,1.2271466276493466,0.9716311955383787
2024-07-04,1.7821433842658598,1.4578931574713254,1.632345372362102,1.8880194139278348,1.530930200159092,1.2271466276493466,0.9716311955383787
2024-07-05,1.788156589136177,1.4628122960279124,1.632345372362102,1.9050468339602138,1.530930200159092,1.2271466276493466,0.9716311955383787
2024-07-08,1.7410742382991193,1.4242962946056772,1.632345372362102,1.8493469718355398,1.530930200159092,1.2271466276493466,0.9716311955383787
2024-07-09,1.7604051546690616,1.4401100674772684,1.632345372362102,1.8668691448112558,1.530930200159092,1.2271466276493466,0.9716311955383787
2024-07-10,1.747789131066157,1.4297894531835156,1.632345372362102,1.8588428729974196,1.530930200159092,1.2271466276493466,0.9716311955383787
2024-07-11,1.7903056910939235,1.4645703818624016,1.632345372362102,1.9099358570942309,1.530930200159092,1.2271466276493466,0.9716311955383787
2024-07-12,1.7841505957000074,1.4595351689061389,1.632345372362102,1.9049005783284443,1.530930200159092,1.2271466276493466,0.9716311955383787
2024-07-15,1.773170404481224,1.4505527571726489,1.632345372362102,1.8877121577911824,1.530930200159092,1.2271466276493466,0.9716311955383787
2024-07-16,1.77636530611092,1.4531663657441312,1.632345372362102,1.8996706789003703,1.530930200159092,1.2271466276493466,0.9716311955383787
2024-07-17,1.7904841169565502,1.4647163442167979,1.632345372362102,1.9169589211612206,1.530930200159092,1.2271466276493466,0.9716311955383787
2024-07-18,1.7864038701526441,1.4613784736791477,1.632345372362102,1.9176149881872109,1.530930200159092,1.2271466276493466,0.9716311955383787
2024-07-19,1.7971184529868773,1.4703871659486525,1.632345372362102,1.9314895736918225,1.5301647350590126,1.2271466276493466,0.9716311955383787
2024-07-22,1.7949668268707664,1.4703871659486525,1.632345372362102,1.9376073390282513,1.5283327231510424,1.2271466276493466,0.9716311955383787
2024-07-23,1.7513070794778396,1.4703871659486525,1.632345372362102,1.88489751570822,1.4909037092128543,1.2271466276493466,0.9716311955383787
2024-07-24,1.711458295745815,1.4703871659486525,1.632345372362102,1.8429066203382267,1.468304816922149,1.2271466276493466,0.9716311955383787
2024-07-25,1.7378886876469024,1.4703871659486525,1.632345372362102,1.8722589778351548,1.4824146530006803,1.2271466276493466,0.9716311955383787
2024-07-26,1.7569870522995816,1.4703871659486525,1.632345372362102,1.8922140466252975,1.4850108257730108,1.2271466276493466,0.9716311955383787
2024-07-29,1.742299149430474,1.4703871659486525,1.632345372362102,1.8788239243685303,1.4746623182763348,1.2271466276493466,0.9716311955383787
2024-07-30,1.7503138544227204,1.4703871659486525,1.632345372362102,1.8830304003640201,1.4720383639733519,1.2271466276493466,0.9716311955383787
2024-07-31,1.8197377792011602,1.4703871659486525,1.632345372362102,1.9607356900890727,1.4904717603021773,1.2271466276493466,0.9716311955383787
2024-08-01,1.7982249210384054,1.4703871659486525,1.632345372362102,1.9398197602344849,1.4853322025080318,1.2271466276493466,0.9716311955383787
2024-08-02,1.77685672670591,1.4703871659486525,1.632345372362102,1.9117473519542822,1.4784317044708284,1.2271466276493466,0.9716311955383787
2024-08-05,1.7655198174158988,1.4703871659486525,1.632345372362102,1.8955152695782913,1.4714661840728505,1.2271466276493466,0.9716311955383787
2024-08-06,1.8193655538884295,1.4703871659486525,1.632345372362102,1.9491699556989317,1.4908044493354564,1.2271466276493466,0.9716311955383787
2024-08-07,1.8104504414803728,1.4703871659486525,1.632345372362102,1.9406400739894933,1.4882340968366023,1.2271466276493466,0.9716311955383787
2024-08-08,1.813061127695987,1.4703871659486525,1.632345372362102,1.935670120583388,1.4873743428811799,1.2271466276493466,0.9716311955383787
2024-08-09,1.7991163551702023,1.4703871659486525,1.632345372362102,1.9138413008636084,1.4787668524709878,1.2271466276493466,0.9716311955383787
2024-08-12,1.7696878599510377,1.4703871659486525,1.632345372362102,1.888768264269426,1.4787668524709878,1.2271466276493466,0.9716311955383787
2024-08-13,1.7708342109831146,1.4703871659486525,1.632345372362102,1.8914055826824525,1.479637739898827,1.2271466276493466,0.9716311955383787
2024-08-14,1.7665608489503901,1.4703871659486525,1.632345372362102,1.887277935061074,1.4726788322449818,1.2271466276493466,0.9716311955383787
2024-08-15,1.8065248876268523,1.4703871659486525,1.632345372362102,1.9293535694726942,1.4797041337703005,1.2271466276493466,0.9716311955383787
2024-08-16,1.78001296537788,1.4703871659486525,1.632345372362102,1.9015653981694478,1.472628346924864,1.2271466276493466,0.9716311955383787
2024-08-19,1.7866468712704928,1.4703871659486525,1.632345372362102,1.901728229676892,1.478116665301365,1.2271466276493466,0.9716311955383787
2024-08-20,1.7533026312648194,1.4703871659486525,1.632345372362102,1.8705260804670558,1.44979147473591,1.2271466276493466,0.9716311955383787
2024-08-21,1.7537676744688293,1.4703871659486525,1.632345372362102,1.8685099337044901,1.44979147473591,1.2271466276493466,0.9716311955383787
2024-08-22,1.7191794366649606,1.4703871659486525,1.632345372362102,1.8368766917074606,1.44979147473591,1.2271466276493466,0.9716311955383787
2024-08-23,1.7338938223638103,1.4703871659486525,1.632345372362102,1.8482364064072825,1.44979147473591,1.2271466276493466,0.9716311955383787
2024-08-26,1.729743270270248,1.4703871659486525,1.632345372362102,1.8466643729999492,1.44979147473591,1.2271466276493466,0.9716311955383787
2024-08-27,1.7051217959269385,1.4703871659486525,1.632345372362102,1.8278242820267963,1.44979147473591,1.2271466276493466,0.9716311955383787
2024-08-28,1.711219795524502,1.4703871659486525,1.632345372362102,1.8270970335070211,1.44979147473591,1.2271466276493466,0.9716311955383787
2024-08-29,1.72873173961682,1.4703871659486525,1.632345372362102,1.853802394498227,1.44979147473591,1.2271466276493466,0.9716311955383787
2024-08-30,1.7688115017796917,1.4703871659486525,1.632345372362102,1.897452750209171,1.44979147473591,1.2271466276493466,0.9716311955383787
2024-09-02,1.7118295530992604,1.4703871659486525,1.632345372362102,1.8403344904351122,1.44979147473591,1.2271466276493466,0.9716311955383787
2024-09-03,1.7376102068371828,1.4703871659486525,1.632345372362102,1.8675087884604873,1.44979147473591,1.2271466276493466,0.9716311955383787
2024-09-04,1.730901044426116,1.4703871659486525,1.632345372362102,1.8591598823080344,1.44979147473591,1.2271466276493466,0.9716311955383787
2024-09-05,1.7439560739394162,1.4703871659486525,1.632345372362102,1.8683287618365867,1.44979147473591,1.2271466276493466,0.9716311955383787
2024-09-06,1.712099216857396,1.4703871659486525,1.632345372362102,1.834408012643032,1.44979147473591,1.2271466276493466,0.9716311955383787
2024-09-09,1.7021409679193686,1.4703871659486525,1.632345372362102,1.8203373025604912,1.44979147473591,1.2271466276493466,0.9716311955383787
2024-09-10,1.7353525699782548,1.4703871659486525,1.632345372362102,1.8401035866417705,1.44979147473591,1.2271466276493466,0.9716311955383787
2024-09-11,1.7445461922480627,1.4703871659486525,1.632345372362102,1.847928359073116,1.44979147473591,1.2271466276493466,0.9716311955383787
2024-09-12,1.737013768639102,1.4703871659486525,1.632345372362102,1.8351092850513,1.44979147473591,1.2271466276493466,0.9716311955383787
2024-09-13,1.7282708929725967,1.4703871659486525,1.632345372362102,1.8150164371862127,1.44979147473591,1.2271466276493466,0.9716311955383787
2024-09-18,1.7134943200317783,1.4703871659486525,1.632345372362102,1.799840251884336,1.44979147473591,1.2271466276493466,0.9716311955383787
2024-09-19,1.7481520348469937,1.4703871659486525,1.632345372362102,1.8382395266803557,1.44979147473591,1.2271466276493466,0.9716311955383787
2024-09-20,1.744392279205,1.4703871659486525,1.632345372362102,1.831349165829292,1.44979147473591,1.2271466276493466,0.9716311955383787
2024-09-23,1.7411996175478632,1.4703871659486525,1.632345372362102,1.8290314417660056,1.44979147473591,1.2271466276493466,0.9716311955383787
2024-09-24,1.8338874939594365,1.4703871659486525,1.632345372362102,1.9259504710126278,1.44979147473591,1.2271466276493466,0.9716311955383787
2024-09-25,1.8447818928716813,1.4703871659486525,1.632345372362102,1.9413426357601293,1.44979147473591,1.2271466276493466,0.9716311955383787
2024-09-26,1.9971266231171536,1.4703871659486525,1.632345372362102,2.0925107064056387,1.44979147473591,1.2271466276493466,0.9716311955383787
2024-09-27,2.174044241853148,1.4703871659486525,1.632345372362102,2.269579415332514,1.44979147473591,1.2271466276493466,0.9716311955383787
2024-09-30,2.392398863683723,1.4703871659486525,1.632345372362102,2.493709375357227,1.44979147473591,1.2271466276493466,0.9716311955383787
2024-10-08,2.48966006812265,1.4703871659486525,1.632345372362102,2.5541085964165955,1.44979147473591,1.2271466276493466,0.9716311955383787
2024-10-09,2.405552700862621,1.4703871659486525,1.632345372362102,2.3911453399858247,1.44979147473591,1.2271466276493466,0.9716311955383787
2024-10-10,2.384417079770974,1.4703871659486525,1.632345372362102,2.3999838001303924,1.44979147473591,1.2271466276493466,0.9716311955383787
2024-10-11,2.2995125628015125,1.4703871659486525,1.632345372362102,2.319938996557741,1.44979147473591,1.2271466276493466,0.9716311955383787
2024-10-14,2.341249119952408,1.4703871659486525,1.632345372362102,2.369864119152461,1.44979147473591,1.2271466276493466,0.9716311955383787
2024-10-15,2.2714756099177653,1.4703871659486525,1.632345372362102,2.3066521868898793,1.44979147473591,1.2271466276493466,0.9716311955383787
2024-10-16,2.2371611205706,1.4703871659486525,1.632345372362102,2.29399719657991,1.44979147473591,1.2271466276493466,0.9716311955383787
2024-10-17,2.2104143434695884,1.4703871659486525,1.632345372362102,2.254162148213091,1.44979147473591,1.2271466276493466,0.9716311955383787
2024-10-18,2.3315547428930197,1.4696519723656782,1.631529199675921,2.341409969266523,1.4490665789985422,1.226533054335522,0.9711453799406096
2024-10-21,2.3481118311575373,1.480088423621542,1.6431151909752946,2.3558429051531613,1.459356847036543,1.2352430432825467,0.9780417823615125
2024-10-22,2.363062089044687,1.4895120393690162,1.6535767863377542,2.3694385278672505,1.4686484663380899,1.2431077462346536,0.9842689035218808
2024-10-23,2.367356641531409,1.49221903029504,1.6565819432198672,2.3742179777663464,1.4713175404823848,1.2453669299808638,0.9860576819407043
2024-10-24,2.3620068884815186,1.4888469134080544,1.652838398986751,2.3674481557007443,1.4679926567865926,1.2425526495234893,0.9838293885780626
2024-10-25,2.3699720230416834,1.4938675871675644,1.6584120830934048,2.3748345508952693,1.4729430060432604,1.2467427723803732,0.987147047600347
2024-10-28,2.4009052502375976,1.5133657690132551,1.680057924163266,2.4109690890358357,1.4921680771451937,1.2630154444026402,1.0000314376278745
2024-10-29,2.3572054169589234,1.4858203955384013,1.6494785203416513,2.3618659936677817,1.465008531307826,1.2400267969567138,0.9818294668947745
2024-10-30,2.3595554138569113,1.4873016721786811,1.651122954627358,2.36428826465836,1.466469059728188,1.2412630316545068,0.9828082938501836
2024-10-31,2.352175530970881,1.4826499008778604,1.6459588063458523,2.3569828386470393,1.461882445718945,1.237380785130194,0.9797344054110992
2024-11-01,2.357790037960349,1.4861889004643314,1.6498876148471426,2.364245661882131,1.4653718745907274,1.240334341518853,0.9820729747885013
2024-11-04,2.3811529728594847,1.5009152899945046,1.6662360667092555,2.386784576015372,1.4798919918012927,1.2526246006206072,0.9918041665429769
2024-11-05,2.4034460292050004,1.5149673015666598,1.6818358601469163,2.411527623219641,1.49374717705589,1.2643520415367109,1.00108972963803
2024-11-06,2.411036669203649,1.5197519196759006,1.687147487866477,2.4155219497737543,1.4984647770902788,1.2683451585288308,1.0042514031899592
2024-11-07,2.4487965651667185,1.5435531646381313,1.713570359998585,2.458267627822614,1.5219326383675365,1.2882090543554878,1.0199792554410592
2024-11-08,2.4349255924196833,1.534809856114731,1.7038640054153698,2.445526355125078,1.513311797236872,1.2809121179992282,1.0142016809965275
2024-11-11,2.4313228712472172,1.5325389481323481,1.7013429645480747,2.437690958479813,1.511072697828898,1.2790168776592563,1.0127010659959492
2024-11-12,2.4110576936384165,1.5197651720355623,1.6871621999290327,2.41339148338341,1.4982259983746975,1.2683562186012012,1.0042601603434218
2024-11-13,2.3968953405486806,1.5108381973569223,1.6772519489806232,2.399337180750098,1.495683050170321,1.260905999280947,0.9983612193839148
2024-11-14,2.359747367088015,1.4874226663116965,1.651257275857633,2.3593182927284757,1.479129796421331,1.2413640101897754,0.98288824672031
2024-11-15,2.3454462552670674,1.4784082276592294,1.6412499270725236,2.34772912733183,1.4672017710226304,1.2338407957271478,0.976931509605189
2024-11-18,2.3685742998889108,1.492986558491504,1.6574340120685827,2.357730650833173,1.4816695969015037,1.2460074889164483,0.9865648642369118
2024-11-19,2.385648694551151,1.5037490841704746,1.6693819937932879,2.373905370303501,1.4923505417457188,1.254989611038969,0.9936767364938517
2024-11-20,2.3941385521502347,1.5091005072943062,1.6753228581955573,2.3877499021479816,1.4976614006396853,1.259455768654877,0.9972129545512812
2024-11-21,2.4025546844451853,1.5144054590500677,1.681212132564689,2.392803391628747,1.502926140422395,1.2638831424838135,1.0007184643490348
2024-11-22,2.3850093490480226,1.5033460846772995,1.6689346052598575,2.3614496888888796,1.491950597022032,1.2546532782142228,0.9934104346051907
2024-11-25,2.3775540453768147,1.4986467732936086,1.6637176805150693,2.360351798490717,1.4872869068072834,1.2507313559815503,0.9903051317001583
2024-11-26,2.3659982612027814,1.4913628006331479,1.6556314027373087,2.3531198851150648,1.4800581472620058,1.244652343124819,0.9854918857549747
2024-11-27,2.3832387066578278,1.5022299933270808,1.667695580197035,2.3684901927525703,1.4908429657365536,1.2537218175973956,0.9926729219295796
2024-11-28,2.3723095888401637,1.4953410280965167,1.6600478185905063,2.3551230500721365,1.4840062194321852,1.247972467598665,0.9881206967211414
2024-11-29,2.3892233767652407,1.506002318319289,1.671883414113624,2.3729812307087337,1.4945866961933327,1.256870101260222,0.9951656726329454
2024-12-02,2.3863450740364733,1.5041880339687745,1.669869292437174,2.3811334294265216,1.4927861642682447,1.2553559470470395,0.9939667943284006
2024-12-03,2.4024862839112915,1.5143623440514364,1.6811642685938077,2.395518379956104,1.5028833522390193,1.263847159834892,1.0006899739768145
2024-12-04,2.409971184831326,1.5190803115079679,1.6864019043151828,2.4011203969189503,1.5075655571120332,1.267784651937461,1.0038076048066125
2024-12-05,2.4062433941609513,1.5167305683042185,1.6837933447917426,2.391964538220622,1.5052336251561025,1.2658236177859812,1.0022548955262685
2024-12-06,2.4145210508333577,1.5219482345384125,1.6895857194323507,2.4014819166030184,1.5104117410487172,1.2701781454041274,1.0057027270895829
2024-12-09,2.420965249854126,1.5260102149958983,1.6940951133905904,2.4024207849490526,1.5144429313583914,1.2735681679338502,1.0083868819975959
2024-12-10,2.427719850359784,1.5302678512302357,1.6988217139521766,2.41124810014799,1.518668294357947,1.2771214796518249,1.0112003261572964
2024-12-11,2.4418080861908007,1.5391481074795552,1.7086801005932313,2.4290415461319075,1.52748123753046,1.284532708994257,1.017068395599161
2024-12-12,2.453834924077211,1.5467290000470413,1.7170960030082434,2.447002064229277,1.535004666305311,1.2908595234307532,1.0220778460889186
2024-12-13,2.4252754685575826,1.5287270808289526,1.6971112328675675,2.4155853241998066,1.5171392031237343,1.276481022780616,1.0106932246737066
2024-12-16,2.4149704477601754,1.522231503495269,1.6899001895131338,2.405504881403524,1.510692862803453,1.276481022780616,1.0106932246737066
2024-12-17,2.417081546483774,1.5235621951345935,1.6913774523659355,2.3962836539494368,1.5120134676900974,1.276481022780616,1.0106932246737066
2024-12-18,2.437482685851957,1.536421672186269,1.7056533576121269,2.4012173389696656,1.524775468842185,1.276481022780616,1.0106932246737066
2024-12-19,2.4548876007477967,1.5473925351194668,1.7178326242396826,2.4033923147516556,1.5356631717270102,1.276481022780616,1.0106932246737066
2024-12-20,2.4487033037178008,1.543494379026185,1.7135050993489793,2.3977533614792077,1.5317945639793102,1.276481022780616,1.0106932246737066
2024-12-23,2.4438870984186725,1.5404585739957617,1.7101349105935517,2.394034336388255,1.5285264715080955,1.276481022780616,1.0106932246737066
2024-12-24,2.471815815431999,1.5580629189803228,1.7296783150345678,2.4147435740241705,1.53965202305452,1.276481022780616,1.0106932246737066
2024-12-25,2.4820222341110294,1.5644963443108448,1.7368203605514978,2.4161669771224066,1.5470611025061172,1.276481022780616,1.0106932246737066
2024-12-26,2.5171847945289443,1.5866604073375163,1.7614257206581247,2.4297840462691633,1.5700370678225777,1.276481022780616,1.0106932246737066
2024-12-27,2.4936125432115266,1.5718020791136817,1.7449307974985053,2.4267660711487755,1.5585649382985003,1.276481022780616,1.0106932246737066
2024-12-30,2.4972009893142317,1.574063989072538,1.7474418492402124,2.4279185119381608,1.5575809567586467,1.276481022780616,1.0106932246737066
2024-12-31,2.455489264500188,1.5477717826250628,1.7182536445838994,2.396050090715647,1.5358372716306246,1.276481022780616,1.0106932246737066
2025-01-02,2.3950630405188527,1.509683241265494,1.675969778355917,2.3466242363186143,1.507345602487075,1.276481022780616,1.0106932246737066
2025-01-03,2.358688960896139,1.4867555197425684,1.6505166453352624,2.319533448819558,1.5042291057210784,1.276481022780616,1.0106932246737066
2025-01-06,2.3636174257949203,1.4898620855143165,1.653965388889944,2.3226261638955,1.508749442839519,1.276481022780616,1.0106932246737066
2025-01-07,2.3825704086802566,1.5018087441825516,1.6672279318744656,2.337369261535132,1.5118602664330025,1.276481022780616,1.0106932246737066
2025-01-08,2.3667667551496248,1.4918472064349722,1.6561691642107932,2.3276662184103287,1.5156468017086773,1.276481022780616,1.0106932246737066
2025-01-09,2.375019915936385,1.4970494321452992,1.6619443976057044,2.3262693523268982,1.5122216111963414,1.276481022780616,1.0106932246737066
2025-01-10,2.3312863552927707,1.4702313239721474,1.6321723649154523,2.2934521464086686,1.50887287471603,1.276481022780616,1.0106932246737066
2025-01-13,2.3461207401060458,1.4702313239721474,1.6321723649154523,2.29602234485191,1.50887287471603,1.276481022780616,1.0106932246737066
2025-01-14,2.4476375590732875,1.4702313239721474,1.6321723649154523,2.369075356243205,1.50887287471603,1.276481022780616,1.0106932246737066
2025-01-15,2.442716110314754,1.4702313239721474,1.6321723649154523,2.3562916037898494,1.50887287471603,1.276481022780616,1.0106932246737066
2025-01-16,2.4590901592491554,1.4702313239721474,1.6321723649154523,2.3753017339500535,1.50887287471603,1.276481022780616,1.0106932246737066
2025-01-17,2.4603923863931305,1.4702313239721474,1.6321723649154523,2.382197068610717,1.50887287471603,1.276481022780616,1.0106932246737066
2025-01-20,2.468343356379534,1.4702313239721474,1.6321723649154523,2.3814944157432,1.50887287471603,1.276481022780616,1.0106932246737066
2025-01-21,2.472920660033098,1.4702313239721474,1.6321723649154523,2.382220328368244,1.50887287471603,1.276481022780616,1.0106932246737066
2025-01-22,2.427521341310481,1.4702313239721474,1.6321723649154523,2.3552312051000195,1.50887287471603,1.276481022780616,1.0106932246737066
2025-01-23,2.4331410208571262,1.4702313239721474,1.6321723649154523,2.35347728011245,1.50887287471603,1.276481022780616,1.0106932246737066
2025-01-24,2.482884341487862,1.4702313239721474,1.6321723649154523,2.389730380153353,1.50887287471603,1.276481022780616,1.0106932246737066
2025-01-27,2.455930619723464,1.4702313239721474,1.6321723649154523,2.373379381562066,1.50887287471603,1.276481022780616,1.0106932246737066
2025-02-05,2.5131147064048682,1.4702313239721474,1.6321723649154523,2.3884041265636125,1.50887287471603,1.276481022780616,1.0106932246737066
2025-02-06,2.5581991822548944,1.4702313239721474,1.6321723649154523,2.420419794550445,1.50887287471603,1.276481022780616,1.0106932246737066
2025-02-07,2.634720359578217,1.4702313239721474,1.6321723649154523,2.4711837718178105,1.50887287471603,1.276481022780616,1.0106932246737066
2025-02-10,2.6658774520671997,1.4702313239721474,1.6321723649154523,2.4838796609932,1.50887287471603,1.276481022780616,1.0106932246737066
2025-02-11,2.624190113704577,1.4702313239721474,1.6321723649154523,2.459567669870945,1.50887287471603,1.276481022780616,1.0106932246737066
2025-02-12,2.6974957633395706,1.4702313239721474,1.6321723649154523,2.497189087585898,1.50887287471603,1.276481022780616,1.0106932246737066
2025-02-13,2.6668711646644327,1.4702313239721474,1.6321723649154523,2.4797337636520345,1.50887287471603,1.276481022780616,1.0106932246737066
2025-02-14,2.694130628179744,1.4694962083101615,1.6313562787329947,2.4968877288420197,1.508118438278672,1.276481022780616,1.0106932246737066
2025-02-17,2.6930933167995232,1.4689304134952674,1.6307281635200854,2.492586489956191,1.5072864198130926,1.276481022780616,1.0106932246737066
2025-02-18,2.6436110160696953,1.4419406110928228,1.6007655250580082,2.449440625297507,1.4864210020473594,1.276481022780616,1.0106932246737066
2025-02-19,2.660069374311343,1.45091771664893,1.6107314286316181,2.4613713164523237,1.4981133843258636,1.276481022780616,1.0106932246737066
2025-02-20,2.6466695641088083,1.4436088764320751,1.6026175442196717,2.4542149635239694,1.4900728632532276,1.276481022780616,1.0106932246737066
2025-02-21,2.6491882278177723,1.444982665338826,1.604142651359117,2.4512893663879756,1.4944356769518101,1.276481022780616,1.0106932246737066
2025-02-24,2.673768218444355,1.4583896629982034,1.6190263847684974,2.4746879146787517,1.507311166640909,1.276481022780616,1.0106932246737066
2025-02-25,2.664837974063969,1.4535187186872638,1.6136189223061423,2.4579242068472955,1.504270624935714,1.276481022780616,1.0106932246737066
2025-02-26,2.721109911792292,1.4842118848838508,1.6476928376424582,2.504122375854902,1.5310412332189032,1.276481022780616,1.0106932246737066
2025-02-27,2.710883778252946,1.4786341061731372,1.6415006853458765,2.501165400963775,1.5293138732573177,1.276481022780616,1.0106932246737066
2025-02-28,2.6674412328300656,1.4549386494233667,1.6151952536424248,2.466873262243865,1.5113937631819214,1.276481022780616,1.0106932246737066
2025-03-03,2.67921625280864,1.461361258271766,1.6223252912780655,2.4830066629394265,1.5155288378449538,1.276481022780616,1.0106932246737066
2025-03-04,2.665927037258129,1.4541127411959307,1.61427837439846,2.4687416457708435,1.5145920959854888,1.276481022780616,1.0106932246737066
2025-03-05,2.6324115549545657,1.4358319371214645,1.5939840011714188,2.445486852990433,1.4986262718950614,1.276481022780616,1.0106932246737066
2025-03-06,2.673972443981143,1.4585010565025904,1.619150047893155,2.4813918520707854,1.5192252521998748,1.276481022780616,1.0106932246737066
2025-03-07,2.66066349907041,1.4512417781742248,1.6110911844452067,2.473574227254973,1.5070366542995681,1.276481022780616,1.0106932246737066
2025-03-10,2.6751866390413843,1.4591633313821049,1.6198852701256679,2.4908388590046906,1.5076820946398426,1.276481022780616,1.0106932246737066
2025-03-11,2.673419089230323,1.4581992327158464,1.618814979230309,2.4879293677796137,1.5076820946398426,1.276481022780616,1.0106932246737066
2025-03-12,2.6672928175013397,1.4548576972377019,1.6151053848454764,2.4784077873341244,1.5067225028805935,1.276481022780616,1.0106932246737066
2025-03-13,2.6892042116172328,1.4668091261087843,1.628373223454663,2.5014057026086096,1.4970455053001868,1.276481022780616,1.0106932246737066
2025-03-14,2.7209875744647394,1.4841451567760549,1.6476187596577685,2.5289839657580555,1.515920598158731,1.276481022780616,1.0106932246737066
2025-03-17,2.7317431447179463,1.49001171333422,1.6541314977115198,2.5388322205968565,1.521912757272132,1.276481022780616,1.0106932246737066
2025-03-18,2.724717193232051,1.4861794533241437,1.6498771271362025,2.534190679827685,1.5179984488500406,1.276481022780616,1.0106932246737066
2025-03-19,2.7201832205430216,1.4837064271072926,1.6471317053899492,2.5254579122620706,1.5154724753192206,1.276481022780616,1.0106932246737066
2025-03-20,2.733086800264308,1.4907446016025172,1.654945111160357,2.5285113004152717,1.5226613366257,1.276481022780616,1.0106932246737066
2025-03-21,2.7324337179340934,1.4903883820495651,1.6545496552204033,2.51814293428522,1.5222974904376627,1.276481022780616,1.0106932246737066
2025-03-24,2.7372740614378492,1.4930285162551191,1.6574805913388988,2.510380239213914,1.524994149727241,1.276481022780616,1.0106932246737066
2025-03-25,2.7670909974525273,1.5092919720648323,1.6755354121673118,2.5382721672819635,1.5416058049596333,1.276481022780616,1.0106932246737066
2025-03-26,2.7612141136721924,1.5060864636379019,1.6719768277563878,2.5418798190667227,1.5383316668271403,1.276481022780616,1.0106932246737066
2025-03-27,2.749214185005554,1.4995411797933944,1.664710602885957,2.5256254768257334,1.531646248924866,1.276481022780616,1.0106932246737066
2025-03-28,2.714797083100042,1.4807685931110088,1.6438702788489281,2.4978235492636633,1.51247174250774,1.276481022780616,1.0106932246737066
2025-03-31,2.697661935075848,1.4714223369246862,1.633494563943384,2.464300940378856,1.5029253836466623,1.276481022780616,1.0106932246737066
2025-04-01,2.728390433018879,1.4881829983202546,1.6521013558825213,2.489974564236456,1.5200448896008496,1.276481022780616,1.0106932246737066
2025-04-02,2.723741666729174,1.4856473586728716,1.6492864240467193,2.484960287826467,1.5174549620904396,1.276481022780616,1.0106932246737066
2025-04-03,2.7199846987154257,1.483598144654368,1.6470114959886213,2.4797154424370644,1.5153618745467432,1.276481022780616,1.0106932246737066
2025-04-07,2.492771902531649,1.359666387604712,1.5094290722613353,2.2603228742389376,1.3880190665281802,1.276481022780616,1.0106932246737066
2025-04-08,2.5638033970364846,1.3984100590338822,1.5524402289351091,2.3088706957990204,1.3880190665281802,1.276481022780616,1.0106932246737066
2025-04-09,2.5622595283521283,1.3975679657982907,1.5515053819587152,2.330733103802182,1.3880190665281802,1.276481022780616,1.0106932246737066
2025-04-10,2.5907617482735663,1.413114318178121,1.5687641128236258,2.3651170234932044,1.3880190665281802,1.276481022780616,1.0106932246737066
2025-04-11,2.580410049100875,1.4074680505009984,1.5624959277310808,2.3552921866682737,1.3880190665281802,1.276481022780616,1.0106932246737066
2025-04-14,2.616815165407664,1.4273249868411868,1.5845400388977362,2.3837844204565397,1.3880190665281802,1.276481022780616,1.0106932246737066
2025-04-15,2.6158557608231034,1.426801685786479,1.5839590979899356,2.3769110968769875,1.3880190665281802,1.276481022780616,1.0106932246737066
2025-04-16,2.617610191246191,1.4277586285670198,1.5850214448028062,2.376425174842286,1.3880190665281802,1.276481022780616,1.0106932246737066
2025-04-17,2.6161457031052096,1.4269598329378186,1.584134664518684,2.3835635935224855,1.3880190665281802,1.276481022780616,1.0106932246737066
2025-04-18,2.6121026840442205,1.425468074133453,1.5816865261614739,2.3840736836833085,1.3873250569949163,1.2758427822692258,1.0106932246737066
2025-04-21,2.6671669028115335,1.425468074133453,1.6150291406880288,2.4166933050433896,1.4165704503350693,1.3027380825591819,1.0106932246737066
2025-04-22,2.637634982280329,1.425468074133453,1.597146903101734,2.3964338528030735,1.4008856253914,1.288313654344151,1.0106932246737066
2025-04-23,2.7000248862699907,1.425468074133453,1.6349253836766906,2.438169406502395,1.4340217948219045,1.3187870768393335,1.0106932246737066
2025-04-24,2.653241726885806,1.425468074133453,1.6065971355947035,2.407166622092851,1.4091745904391968,1.2959365370819722,1.0106932246737066
2025-04-25,2.683457818196616,1.425468074133453,1.624893653871534,2.4292884724052475,1.425222788259288,1.310695138358549,1.0106932246737066
2025-04-28,2.6574026981385996,1.425468074133453,1.6091166966389499,2.408061238509618,1.4113845417231556,1.29796890172542,1.0106932246737066
2025-04-29,2.6705208500908277,1.425468074133453,1.6170600306884573,2.4078375769436664,1.4183517796560134,1.3043762683221451,1.0106932246737066
2025-04-30,2.728695263476316,1.425468074133453,1.6522859375340158,2.434064730294696,1.4492490417960735,1.3327906970059775,1.0106932246737066
2025-05-06,2.8147288624093885,1.425468074133453,1.7043812035665655,2.501426787122489,1.4949427154301083,1.3748125313319774,1.0106932246737066
2025-05-07,2.805661138496538,1.425468074133453,1.6988904941761898,2.501425410781532,1.4901267177011321,1.3703835361869978,1.0106932246737066
2025-05-08,2.8650768182657846,1.425468074133453,1.7348680155453884,2.5505860069884636,1.5216832341527136,1.3994042430107612,1.0106932246737066
2025-05-09,2.8192664095029203,1.425468074133453,1.7071287896945928,2.5166538066689936,1.4973526715235665,1.3770288288549852,1.0106932246737066
2025-05-12,2.8828464655150987,1.425468074133453,1.7456279339056295,2.5678070817537817,1.5311209476980197,1.4080835634390862,1.0106932246737066
2025-05-13,2.864415716755319,1.425468074133453,1.7344677038126544,2.5659567232688065,1.5213321136947435,1.399081337791289,1.0106932246737066
2025-05-14,2.872873092641294,1.425468074133453,1.7395888338383771,2.5739203419124546,1.5258239468660462,1.4032122175024775,1.0106932246737066
2025-05-15,2.794426391315493,1.425468074133453,1.6920876037884438,2.5183048577782636,1.4841597829521755,1.3648960906937129,1.0106932246737066
2025-05-16,2.8047057135829947,1.425468074133453,1.6983119630480907,2.525376136355259,1.4896192778785204,1.3699168730701954,1.0106932246737066
2025-05-19,2.7950073833327598,1.425468074133453,1.6924394074335043,2.5194229169822946,1.4844683561137102,1.3651798676203684,1.0106932246737066
2025-05-20,2.802816457253658,1.425468074133453,1.6971679761371512,2.523791103469594,1.4886158668484772,1.368994093860035,1.0106932246737066
2025-05-21,2.786111674231359,1.425468074133453,1.6870528568540482,2.5237292343238433,1.4797437179088277,1.3608348905566732,1.0106932246737066
2025-05-22,2.7641486467244967,1.425468074133453,1.6737537530732067,2.503858160668975,1.4680788401940803,1.3501073757876034,1.0106932246737066
2025-05-23,2.7215133405467107,1.425468074133453,1.6479371227653334,2.46842671703092,1.4454346199134618,1.3295078112546157,1.0106932246737066
2025-05-26,2.7359408403140413,1.425468074133453,1.6566732961660107,2.478211185231571,1.45309727117877,1.3295078112546157,1.0106932246737066
2025-05-27,2.703195022664108,1.425468074133453,1.6368449720800486,2.448691790137299,1.4354633166769277,1.3295078112546157,1.0106932246737066
2025-05-28,2.6879248828809605,1.425468074133453,1.6275985613263135,2.44780453303186,1.428883648562136,1.3295078112546157,1.0106932246737066
2025-05-29,2.7433381506714576,1.425468074133453,1.6611525328337073,2.4911709702737914,1.428883648562136,1.3295078112546157,1.0106932246737066
2025-05-30,2.7023037226425615,1.425468074133453,1.6363052700065202,2.4599891665294202,1.428883648562136,1.3295078112546157,1.0106932246737066
2025-06-03,2.697713896638461,1.425468074133453,1.6335260278303008,2.4511534757247277,1.428883648562136,1.3295078112546157,1.0106932246737066
2025-06-04,2.731649867540243,1.425468074133453,1.6540750162967313,2.4839266351928573,1.428883648562136,1.3295078112546157,1.0106932246737066
2025-06-05,2.7889731361473293,1.425468074133453,1.688785535965501,2.5229406538086456,1.428883648562136,1.3295078112546157,1.0106932246737066
2025-06-06,2.7833584467743444,1.425468074133453,1.6853857161253092,2.523497577039393,1.428883648562136,1.3295078112546157,1.0106932246737066
2025-06-09,2.8090510305485346,1.425468074133453,1.700943149539448,2.549653660632768,1.428883648562136,1.3295078112546157,1.0106932246737066
2025-06-10,2.7622364678806783,1.425468074133453,1.6725958860676893,2.515573548471384,1.428883648562136,1.3295078112546157,1.0106932246737066
2025-06-11,2.774426335711033,1.425468074133453,1.6799771233447436,2.5281429477326784,1.428883648562136,1.3295078112546157,1.0106932246737066
2025-06-12,2.772299702715811,1.425468074133453,1.6786893995599248,2.5317272907114057,1.428883648562136,1.3295078112546157,1.0106932246737066
2025-06-13,2.7351143739335653,1.425468074133453,1.6561728523104495,2.503970946386031,1.428883648562136,1.3295078112546157,1.0106932246737066
2025-06-16,2.7630157169093166,1.425468074133453,1.6730677387619384,2.529258087199011,1.428883648562136,1.3295078112546157,1.0106932246737066
2025-06-17,2.7552612634135953,1.425468074133453,1.6683722439458852,2.525552997921511,1.428883648562136,1.3295078112546157,1.0106932246737066
2025-06-18,2.775189005920499,1.425468074133453,1.6804389371936348,2.542384745473791,1.428883648562136,1.3295078112546157,1.0106932246737066
2025-06-19,2.745338405653398,1.425468074133453,1.6623637319083642,2.5121831442467966,1.428883648562136,1.3295078112546157,1.0106932246737066
2025-06-20,2.721192123587397,1.4247553400963862,1.6477426187209008,2.495834259246132,1.4284073540126152,1.3295078112546157,1.0106932246737066
2025-06-23,2.724025845605887,1.426239013572873,1.6494585007047562,2.5123176120909605,1.4277140559390575,1.3295078112546157,1.0106932246737066
2025-06-24,2.757047154641593,1.4435282325066585,1.6694536409789225,2.560649035117128,1.439235080496606,1.3295078112546157,1.0106932246737066
2025-06-25,2.7937038847551223,1.4627208766154733,1.691650109926284,2.6142209726564123,1.450446927705562,1.3295078112546157,1.0106932246737066
2025-06-26,2.7777532671024923,1.4543694899267376,1.6819916546215876,2.6078063736492485,1.4439510041649741,1.3295078112546157,1.0106932246737066
2025-06-27,2.776968226172144,1.4539584600519952,1.6815162948014695,2.60624133680777,1.4428293279237407,1.3295078112546157,1.0106932246737066
2025-06-30,2.8018176390070373,1.466969056888539,1.6965631693765233,2.6371192340907568,1.4528924132057264,1.3295078112546157,1.0106932246737066
2025-07-01,2.7875071725052556,1.4594764166626055,1.6878978622325067,2.6173739464293684,1.4479662121499495,1.3295078112546157,1.0106932246737066
2025-07-02,2.7776815866306594,1.4543319596347235,1.6819482504946444,2.5910483215881417,1.4400063779002494,1.3295078112546157,1.0106932246737066
2025-07-03,2.7802579522797655,1.4556808870716313,1.6835082974478317,2.5983071459364155,1.4413420180198269,1.3295078112546157,1.0106932246737066
2025-07-04,2.7736778381004266,1.4522356864427624,1.6795238913210593,2.592173047485452,1.4404036443101784,1.3295078112546157,1.0106932246737066
2025-07-07,2.784331479254959,1.4578136946968727,1.6859749090285998,2.5888233849643307,1.4381291401040575,1.3295078112546157,1.0106932246737066
2025-07-08,2.8137624318239496,1.4732230832781952,1.7037960082582813,2.6271539080748503,1.44810089841235,1.3295078112546157,1.0106932246737066
2025-07-09,2.805855072512315,1.4690829667801142,1.6990079255549757,2.620957113861782,1.4450731805939045,1.3295078112546157,1.0106932246737066
2025-07-10,2.8404616295380074,1.4872021861095104,1.7199629688994547,2.6325270202880606,1.4462263564510727,1.3295078112546157,1.0106932246737066
2025-07-11,2.8700770799719453,1.5027081736468721,1.7378957857078041,2.669130394351446,1.4576097665860772,1.3295078112546157,1.0106932246737066
2025-07-14,2.848630808796847,1.491479385676696,1.7249095894295094,2.658920301318112,1.4547822015684515,1.3295078112546157,1.0106932246737066
2025-07-15,2.8225084462964585,1.4778023008631118,1.7090919153959605,2.678364392385998,1.4465569032557755,1.3295078112546157,1.0106932246737066
2025-07-16,2.8289598477541804,1.4811801103894298,1.7129983830945192,2.6834985742501622,1.4522622287488576,1.3295078112546157,1.0106932246737066
2025-07-17,2.8370628720754176,1.4854226727107531,1.7179049453320405,2.708097498669752,1.4564219612278138,1.3295078112546157,1.0106932246737066
2025-07-18,2.854738246221376,1.4946771033275286,1.7286077792222612,2.722241447778642,1.462617545373501,1.3295078112546157,1.0106932246737066
2025-07-21,2.8587982715143934,1.4968028417739294,1.7310662152328615,2.73583780589176,1.4646976885306144,1.3295078112546157,1.0106932246737066
2025-07-22,2.9051181234784695,1.521054880380924,1.7591139203222885,2.780705792332812,1.4884295414496813,1.3295078112546157,1.0106932246737066
2025-07-23,2.903021257730734,1.5199570083690013,1.757844221270784,2.7668270274669173,1.4873552178625749,1.3295078112546157,1.0106932246737066
2025-07-24,2.9007372486803162,1.5187611523090032,1.756461202768968,2.7845379567110617,1.4861850119022368,1.3295078112546157,1.0106932246737066
2025-07-25,2.86919819844274,1.5022480109331875,1.737363603308801,2.7611273644073138,1.470026063423176,1.3295078112546157,1.0106932246737066
2025-07-28,2.858598159712718,1.4966980677098043,1.73094504306671,2.7505692668520263,1.4645951617814266,1.3295078112546157,1.0106932246737066
2025-07-29,2.8507380224879415,1.4925826756403435,1.726185554391877,2.7531159005651995,1.4605680413863367,1.3295078112546157,1.0106932246737066
2025-07-30,2.866806363159349,1.5009956994689937,1.735915293614222,2.752361183528561,1.468800612979248,1.3295078112546157,1.0106932246737066
2025-07-31,2.8205677145323875,1.4767861771133086,1.7079167589593949,2.7054610845336162,1.445110364373909,1.3295078112546157,1.0106932246737066
2025-08-01,2.8189124517891173,1.4759195185586647,1.7069144603919304,2.711301876431122,1.4442622949112482,1.3295078112546157,1.0106932246737066
2025-08-04,2.8310468003932376,1.4822727921193422,1.7142620795372727,2.7246834344636706,1.4504792961349353,1.3295078112546157,1.0106932246737066
2025-08-05,2.854236797215593,1.4944145558423356,1.7283041406475417,2.750896999113224,1.4623606293095013,1.3295078112546157,1.0106932246737066
2025-08-06,2.857053783183308,1.4958894666969165,1.7300098885787916,2.7690049125840455,1.4638039045754228,1.3295078112546157,1.0106932246737066
2025-08-07,2.862435804790921,1.4987073728489642,1.7332688228895559,2.7650285735464744,1.4665613690271264,1.3295078112546157,1.0106932246737066
2025-08-08,2.8536384181921637,1.4941012579676127,1.7279418087818468,2.756522909584789,1.4620540514088447,1.3295078112546157,1.0106932246737066
2025-08-11,2.875929683151691,1.5057724657861626,1.741439667672674,2.793159816779519,1.4734749217045817,1.3295078112546157,1.0106932246737066
2025-08-12,2.8651552245068497,1.5001312001960478,1.734915492275846,2.7836253641409296,1.4679546564835215,1.3295078112546157,1.0106932246737066
2025-08-13,2.8709537347212177,1.503167170468383,1.7384266197418137,2.796756701772167,1.4709255077648211,1.3295078112546157,1.0106932246737066
2025-08-14,2.8649993880670066,1.5000496077212189,1.7348211298303378,2.7817703553555164,1.4678748140981732,1.3295078112546157,1.0106932246737066
2025-08-15,2.8650696500669586,1.5000863953330783,1.7348636750408704,2.80962819110986,1.468155458449265,1.3288430573489884,1.0101878780613698
2025-08-18,2.8662246679551635,1.5006911368689155,1.735563064173774,2.815872269921219,1.4675876469604034,1.3293787642215313,1.0105951229845713
2025-08-19,2.864188718936728,1.4996251594941332,1.7343302515626613,2.82486653981288,1.4659669380749911,1.3284344741871856,1.0098772727156515
2025-08-20,2.8632779472060705,1.4991482997841499,1.7337787589342937,2.842276031806437,1.4631930803983757,1.3280120507075033,1.009556145945847
2025-08-21,2.8692510966067046,1.5022757072288426,1.7373956343287573,2.841871245473184,1.4639529730761869,1.3307824469215552,1.0116622040370453
2025-08-22,2.8657630620296204,1.500449450329499,1.7352835514741822,2.8463471845342387,1.4638855293018855,1.3291646675661937,1.0104323664839001
2025-08-25,2.8886541322492505,1.5124347027683982,1.74914460584887,2.892945128537873,1.472142366362871,1.3397817357187716,1.018503472766144
2025-08-26,2.881686285274197,1.5087864939188171,1.7449254188528467,2.888718691584441,1.4714509877986242,1.33654999052289,1.016046696697813
2025-08-27,2.8659222267619104,1.5005327854238204,1.7353799292751169,2.8552805525614287,1.4720266728486238,1.3292384894886287,1.0104884859863248
2025-08-28,2.871003726670349,1.5031933451349453,1.7384568909837677,2.8549841970449763,1.4722945622692276,1.3315953312757352,1.0122801595708586
2025-08-29,2.8732573729770747,1.5043733039413683,1.739821524166014,2.881740002048875,1.476947403244615,1.332640591117269,1.0130747671925053
2025-09-01,2.8811834740024316,1.508523233181621,1.7446209553956438,2.8923431347402584,1.4869106210214946,1.33631678248635,1.01586941170522
2025-09-02,2.903723841130637,1.520324865324855,1.7582696512142237,2.901712341559188,1.4889424569225642,1.346771191637525,1.0238168644449586
2025-09-03,2.902476335965001,1.5196716995189088,1.7575142589687904,2.89208850419288,1.4953761345466126,1.3461925883989185,1.0233770096595385
2025-09-04,2.906530809310537,1.52179453108977,1.7599693331511674,2.8947641974525515,1.492660606292198,1.3480730867513042,1.024806566468214
2025-09-05,2.9039645163873473,1.520450877506889,1.758415385458534,2.9007134445511005,1.496092590642383,1.3468828188169717,1.0239017235431913
2025-09-08,2.905658449777567,1.5213377831474586,1.7594410999665784,2.9188404807498336,1.499368649258774,1.3476684791673763,1.0244989833609424
2025-09-09,2.926959651206913,1.5324906158430494,1.7723394532731507,2.938586548590049,1.5067299950350168,1.357548152993776,1.0320095217073892
2025-09-10,2.928312373176287,1.5331988708144,1.7731585566436538,2.9366071802247355,1.5068226866422685,1.3581755566582852,1.0324864746274751
2025-09-11,2.932623481128456,1.5354560705260059,1.7757690288132306,2.9435045963002264,1.5066291738658615,1.3601750842689275,1.0340065176024142
2025-09-12,2.9307911287063906,1.534496691775918,1.774659498489303,2.931421160255117,1.5134879576846565,1.359325224023952,1.0333604529578555
2025-09-15,2.907840334077009,1.522480168971729,1.760762279650345,2.912038679856845,1.50653397190395,1.3486804551949696,1.0252682885925195
2025-09-16,2.89635207329956,1.5164651725482086,1.753805881116813,2.9002264246712164,1.5055052891585605,1.3433521045998031,1.02121767091308
2025-09-17,2.8994992654449323,1.5181129719727922,1.7557115762650104,2.898797409467182,1.5090044286336204,1.344811798409489,1.0223273316695334
2025-09-18,2.860245144498029,1.497560392110787,1.7319423291457121,2.8548697714284588,1.497696360006382,1.3266054116672292,1.0084868174804316
2025-09-19,2.8797479968161572,1.507771649429411,1.7437517418926645,2.870826190990583,1.503074084817895,1.3356509962661383,1.0153632803262593
2025-09-22,2.86788457510241,1.5015602271296162,1.7365681750315969,2.8516326345294662,1.5048539238762937,1.3301486429183416,1.011180385572801
2025-09-23,2.8766390932961463,1.5061438970727932,1.7418692313624415,2.860026417062944,1.5017465558918883,1.3342090610383375,1.0142671196622755
2025-09-24,2.8852464782348366,1.5106505313340657,1.7470811952205902,2.8651613186010523,1.5062040998393262,1.3382012375347943,1.0173019763983655
2025-09-25,2.873721179625286,1.5046161427299583,1.7401023694523436,2.851271573294575,1.505317836762045,1.3328557084860266,1.0132382996405829
2025-09-26,2.883128620643962,1.5095416684625298,1.7457987851391348,2.857260914013218,1.5079797604344802,1.3372189576254658,1.0165552461868639
2025-09-29,2.8901442395836594,1.5132148896444424,1.7500468991269134,2.867487881969246,1.5106323193798357,1.3404728598546158,1.0190288660549933
2025-09-30,2.9157874866549287,1.5266411203341141,1.765574458065316,2.872475068395103,1.5304568905003058,1.3523664104486632,1.0280703556204995
2025-10-09,2.9250904131736903,1.5315119246118571,1.7712075878876914,2.877573890403848,1.53303341725199,1.3566811848965359,1.0313504516556968
2025-10-10,2.9331454748825254,1.5357293747819463,1.776085107691981,2.8907947532887537,1.5300375395521677,1.360417189299798,1.0341905660993758
2025-10-13,2.953236501433027,1.546248586974913,1.788250673075682,2.8991343470977236,1.5369121816843876,1.3697355739841022,1.0412744118546269
2025-10-14,2.9734950512330975,1.556855510594921,1.8005176775292482,2.9309186585392,1.530524350505317,1.379131657340454,1.0484173242214014
2025-10-15,2.9811199812631983,1.5608477534373433,1.8051347429934825,2.943446198332194,1.5296654703984116,1.3826681631049944,1.0511057795918648
2025-10-16,2.987230444778275,1.5640470554815122,1.8088347651516599,2.9577732999926947,1.5236465506160681,1.3855022467437654,1.0532602529297548
2025-10-17,2.942339257086653,1.540543033537413,1.781652148193703,2.925224204779885,1.5056254000319045,1.3646813417096528,1.0374321792084773
2025-10-20,2.9494274491789865,1.5442542523990448,1.7859442068465927,2.935685641099188,1.5079732952180547,1.3679689039686833,1.0399313874664262
2025-10-21,2.9794205384943324,1.5599579632093243,1.8041056924335956,2.9585016168326757,1.5164923620174418,1.381879947459097,1.050506577235815
2025-10-22,2.934973022564419,1.536686237877532,1.7771917286384031,2.9407160573115276,1.4997862583928778,1.3612648210664477,1.0348349366523868
2025-10-23,2.9075574902016275,1.522332078244004,1.7605910113654382,2.935514031635232,1.4872186227246758,1.3485492698605737,1.0251685613644967
2025-10-24,2.96072487222237,1.5501693304528388,1.7927850488690817,2.947533632183536,1.500043285245941,1.3732087424405977,1.0439147181374593
2025-10-27,2.988558327268841,1.564742305057261,1.8096388276628637,2.963323766569036,1.5030868513319473,1.3861181296520655,1.0537284477589555
2025-10-28,2.9993424466378933,1.5703886287865236,1.8161688528440092,2.9645941083330203,1.5091494315447527,1.3911198936241393,1.0575307939469194
2025-10-29,3.010011231861872,1.5759745661367193,1.8226290406238983,2.9612553691179295,1.5087198416126306,1.396068164663519,1.0612924747516606
2025-10-30,2.946591630243486,1.542769481023706,1.7842270551326453,2.933376351998369,1.5001231473584276,1.3666536276352617,1.0389315130260435
2025-10-31,2.963493259647636,1.5516187961974346,1.794461369297251,2.9462765543426155,1.4975142375369346,1.3744927434805136,1.0448908170671019
2025-11-03,2.985247926471127,1.563009053232254,1.8076343060298046,2.9717228547404595,1.5005686080680414,1.3845827383162974,1.0525612416642285
2025-11-04,2.932041288127955,1.53515124729091,1.7754164979459945,2.9439153558467885,1.4923117868826103,1.3599050583284653,1.0338012436008615
2025-11-05,2.9255211762803937,1.5317374625410876,1.7714684245714873,2.941904064704826,1.4909934902510886,1.3568809763967857,1.031502333362551
2025-11-06,2.953251622101762,1.546256503818909,1.7882598289783773,2.959038462373376,1.4980368607394317,1.3697425870756244,1.0412797432141159
2025-11-07,2.920253974969533,1.528979673728617,1.7682790165153424,2.949939896975004,1.4945479830433863,1.3544380047596274,1.029645183776182
2025-11-10,2.9267560000603456,1.5323839886570916,1.7722161379546035,2.976241852076623,1.4945479830433863,1.3574536979035736,1.0319377168493085
2025-11-11,2.902324837374664,1.519592378245071,1.7574225231880611,2.962431920317168,1.4888519631725086,1.3461223220966807,1.0233235931432951
2025-11-12,2.9088354097149,1.523001168322196,1.7613648201777827,2.972020611414272,1.4841884832095702,1.3491419795257729,1.025619139870124
2025-11-13,2.9590992820483346,1.5493182077918584,1.7918007177051358,3.002793108424524,1.4841884832095702,1.3724547802404778,1.0433415552866125
2025-11-14,2.9370117563618736,1.53775367330033,1.7784262274954203,2.99161038149368,1.4841884832095702,1.362896630094511,1.0360754395773513
2025-11-17,2.956053972981527,1.5477237520687328,1.7899567150369446,3.0106233059804524,1.4841884832095702,1.362896630094511,1.0360754395773513
2025-11-18,2.9771133056515064,1.5587499476909896,1.8027086114066873,3.004698719665064,1.4841884832095702,1.362896630094511,1.0360754395773513
2025-11-19,2.9377580018916207,1.5381443907709247,1.7788780958338355,2.9984603540939596,1.4841884832095702,1.362896630094511,1.0360754395773513
2025-11-20,2.898406351238247,1.5175407465357327,1.7550497922985826,2.970853376424465,1.4841884832095702,1.362896630094511,1.0360754395773513
2025-11-21,2.856312773028345,1.4955014903514763,1.7295611903767603,2.9236555895582645,1.4841884832095702,1.362896630094511,1.0360754395773513
2025-11-24,2.9283751818204196,1.5332317560158366,1.7731965886807404,3.001693845702077,1.4841884832095702,1.362896630094511,1.0360754395773513
2025-11-25,2.9759498882814612,1.5581408083743038,1.8020041361998955,3.0275350005157238,1.4841884832095702,1.362896630094511,1.0360754395773513
2025-11-26,2.9555222665488055,1.5474453624714612,1.789634754914302,2.990368238764964,1.4841884832095702,1.362896630094511,1.0360754395773513
2025-11-27,2.9287856122452376,1.533446648207545,1.7734451134714486,2.9764253280974327,1.4841884832095702,1.362896630094511,1.0360754395773513
2025-11-28,2.9420524810082376,1.5403928839961167,1.7814784988720183,2.992760415551625,1.4841884832095702,1.362896630094511,1.0360754395773513
2025-12-01,2.976395104448742,1.5583739136028292,1.8022737245347331,3.0286342645938475,1.4841884832095702,1.362896630094511,1.0360754395773513
2025-12-02,2.9279687074699017,1.5330189351361594,1.7729504593813938,3.0016790692472215,1.4841884832095702,1.362896630094511,1.0360754395773513
2025-12-03,2.875727710943531,1.5056667176548078,1.741317368988838,2.9591282840242474,1.4841884832095702,1.362896630094511,1.0360754395773513
2025-12-04,2.8954078278819377,1.515970786764324,1.7532341194232297,2.9747781527381463,1.4841884832095702,1.362896630094511,1.0360754395773513
2025-12-05,2.933179937886094,1.535747418839895,1.7761059758105002,3.014858349850219,1.4841884832095702,1.362896630094511,1.0360754395773513
2025-12-08,2.965385139622878,1.5526093422431106,1.7956069448843948,3.043712124272626,1.4841884832095702,1.362896630094511,1.0360754395773513
2025-12-09,2.9339077236282414,1.536128471178531,1.7765466663351563,3.0218300313844804,1.4841884832095702,1.362896630094511,1.0360754395773513
2025-12-10,2.9554927484175395,1.5474299074380637,1.789616881026424,3.033625462037601,1.4841884832095702,1.362896630094511,1.0360754395773513
2025-12-11,2.901078599933174,1.5189398761911364,1.756667898577917,3.0038302636979144,1.4841884832095702,1.362896630094511,1.0360754395773513
2025-12-12,2.9196660379524557,1.5286718430548984,1.7679230075177546,3.02239454200562,1.4839411184623685,1.362896630094511,1.0360754395773513
2025-12-15,2.9216122850324786,1.5296908545007915,1.769101503601334,2.9988040908616314,1.486634296535803,1.362896630094511,1.0360754395773513
2025-12-16,2.8980127092389845,1.5173346443881945,1.7548114332745797,2.963845656028975,1.4875287816721061,1.362896630094511,1.0360754395773513
2025-12-17,2.8938649433012027,1.5151629669023972,1.7522998683435627,2.9787092585486725,1.4857419603127402,1.362896630094511,1.0360754395773513
2025-12-18,2.906736173762915,1.521902055324335,1.7600936859146583,2.987251905517107,1.4848463955385913,1.362896630094511,1.0360754395773513
2025-12-19,2.924836651564709,1.5313790607084325,1.7710539295647496,3.0169259613791053,1.4866396882868262,1.362896630094511,1.0360754395773513
2025-12-22,2.9332276795946752,1.5357724153308296,1.7761348844815343,3.014032590506945,1.4857451999063889,1.362896630094511,1.0360754395773513
2025-12-23,2.912680183254944,1.5250142057645573,1.763692916443514,2.996429045387581,1.4830584997257263,1.362896630094511,1.0360754395773513
2025-12-24,2.9109352573899643,1.5241006016045817,1.7626363248528971,2.991731411513845,1.4810136766427713,1.362896630094511,1.0360754395773513
2025-12-25,2.9268867168544968,1.5324524290472035,1.7722952898935052,3.0103718716423113,1.4810136766427713,1.362896630094511,1.0360754395773513
2025-12-26,2.9272388648289693,1.53263680585132,1.7725085233585756,3.0070225839685354,1.4810136766427713,1.362896630094511,1.0360754395773513
2025-12-29,2.914676373150721,1.526059366151875,1.7649016540176898,2.9821883176191384,1.4810136766427713,1.362896630094511,1.0360754395773513
2025-12-30,2.8932479012027597,1.514839897458972,1.7519262355690384,2.958537692279182,1.4810136766427713,1.362896630094511,1.0360754395773513
2025-12-31,2.8908534697218773,1.5135862266838325,1.7504763538188828,2.9401933814041694,1.4810136766427713,1.362896630094511,1.0360754395773513
2026-01-05,2.924098249362467,1.5309924498287146,1.7706068105363486,3.0399627001070457,1.4810136766427713,1.362896630094511,1.0360754395773513
2026-01-06,2.96331264157844,1.5515242286156845,1.7943520010215805,3.0709729251357185,1.4810136766427713,1.362896630094511,1.0360754395773513
2026-01-07,2.9960900411160236,1.5686857419909621,1.8141994486460133,3.1120816803415767,1.4810136766427713,1.362896630094511,1.0360754395773513
2026-01-08,3.0095948026569577,1.575756533117907,1.8223768834378369,3.1297881331049213,1.4810136766427713,1.362896630094511,1.0360754395773513
2026-01-09,3.0228139099941664,1.5826777620920547,1.830381348228162,3.160985015001388,1.4810136766427713,1.362896630094511,1.0360754395773513
2026-01-12,3.0288267743351387,1.5858259633913374,1.8340222719061807,3.1751229458592687,1.4810136766427713,1.362896630094511,1.0360754395773513
2026-01-13,2.9877534632298075,1.5643208962461284,1.8091514645076148,3.1678199267733125,1.4810136766427713,1.362896630094511,1.0360754395773513
2026-01-14,2.9597638220256277,1.5496661460624241,1.7922031115063453,3.1633019211205635,1.4810136766427713,1.362896630094511,1.0360754395773513
2026-01-15,2.953920336881561,1.5466066279227026,1.7886647507157636,3.140256790524937,1.4810136766427713,1.362896630094511,1.0360754395773513
2026-01-16,2.92451415583,1.5312102091539244,1.770858651193249,3.1029197829947437,1.4805200054172238,1.3622151817794637,1.0355574018575626
2026-01-19,2.9310408527313725,1.5346274416906562,1.7748107119649403,3.0964633622075515,1.4854585781042906,1.3652552647239073,1.0378684760824637
2026-01-20,2.960444280133787,1.5500224187103233,1.792615144091384,3.106420461057673,1.4919432741109822,1.3789511448153313,1.0482800984115443
2026-01-21,2.917162354308836,1.5273609702906288,1.7664069711425112,3.0711312719741306,1.4859736642114922,1.3587907717366556,1.032954161771666
2026-01-22,2.9270170050870177,1.5325206450520308,1.7723741823287669,3.065841623203501,1.4947691469591613,1.3633809888414055,1.0364436496018834
2026-01-23,2.904297464518525,1.5206252017024364,1.7586169929895916,3.056797864458158,1.4901937899130666,1.352798409501258,1.028398761750818
2026-01-26,2.92357403565745,1.530717983256105,1.7702893874277097,3.0656841380502575,1.500321767478123,1.3617772813613065,1.0352245095029884
2026-01-27,2.882648269125712,1.5092901671499928,1.745507921564408,3.0202536087261147,1.48760332682133,1.3427143883387649,1.0207328783463567
2026-01-28,2.9220798057264585,1.5299356378806872,1.7693845978253433,3.031635822142967,1.5111720654568963,1.3610812810725033,1.034695409357574
2026-01-29,3.0411224698935913,1.5922637146089953,1.8414675902366522,3.1573959622814627,1.513412830678511,1.4165303969828071,1.0768478851010643
2026-01-30,2.9899246532774963,1.5654576827993438,1.810466168583049,3.091418375115582,1.5138596605665176,1.3926828656144346,1.0587189668839814
2026-02-02,2.9468555041024507,1.5429076394750751,1.7843868366488473,3.0505537304151478,1.48393972037243,1.3726216021886397,1.0434683735055854
2026-02-03,2.9458517182180133,1.5423820796343095,1.7837790218725509,3.0649737395891674,1.4867317047945794,1.372154046793734,1.0431129374067596
2026-02-04,3.0686207046948213,1.6066611753897606,1.8581183856835566,3.148689661442917,1.5316998916873372,1.4293388536776392,1.0865848872385524
2026-02-05,3.0622014090871046,1.6033001757685013,1.854231358794379,3.1549831014149543,1.517249892709155,1.4263487973923141,1.0843118433320866
2026-02-06,3.0352465427255444,1.5891872105510403,1.8379095850758382,3.128860064433485,1.5150179864239104,1.4137934373482,1.0747672455324315
2026-02-09,3.0431895750193276,1.5933460046247958,1.8427192685667226,3.1348321379329254,1.5177041885274989,1.4174932379316187,1.077579837794508
2026-02-10,3.0382171121109773,1.5907425342484507,1.8397083311973699,3.138103605502119,1.5221654001339875,1.4151771046856616,1.0758191108854114
2026-02-11,3.0549322743948193,1.5994942194080732,1.8498297353551967,3.1455024248778183,1.5292617423257544,1.422962892893787,1.0817378752011104
2026-02-12,3.024407671271239,1.583512219854396,1.8313464062839817,3.116958160704888,1.5310195144433703,1.40874477816528,1.0709292495562752
2026-02-13,2.9996481747882613,1.5705487012088566,1.8163539780686269,3.090709105839737,1.5214852789447775,1.3969772129642912,1.0619835342179638
2026-02-24,2.9841640660223963,1.562441568140385,1.8069780043160677,3.073129991313294,1.5144953994025425,1.3969772129642912,1.0619835342179638
2026-02-25,2.9919057534351414,1.5664949425372374,1.8116657689837012,3.0850767309493152,1.515409182137875,1.3969772129642912,1.0619835342179638
2026-02-26,2.965209808617129,1.5525175428495448,1.7955007780437486,3.053840743301681,1.5074573886371514,1.3969772129642912,1.0619835342179638
2026-02-27,2.9709158582129076,1.5555051028097444,1.7989559185397104,3.0570290585202096,1.5090653927765234,1.3969772129642912,1.0619835342179638
2026-03-02,2.9445061566966717,1.5416775737134145,1.7829642543132862,3.010603624796162,1.5018536886813676,1.3969772129642912,1.0619835342179638
2026-03-03,2.942941164677052,1.5408581788908902,1.7820166166855225,2.9870533047731027,1.5063637598185489,1.3969772129642912,1.0619835342179638
2026-03-04,2.882049788637375,1.508976816150513,1.745145528259445,2.9323039479766324,1.500599612778427,1.3969772129642912,1.0619835342179638
2026-03-05,2.8956034294497535,1.516073199370867,1.7533525605420275,2.946683298820416,1.5057629662847611,1.3969772129642912,1.0619835342179638
2026-03-06,2.9223657664293587,1.5300853605095976,1.7695577534189388,2.9944810226095933,1.5064039892589138,1.3969772129642912,1.0619835342179638
2026-03-09,2.888995977538178,1.5126136853167702,1.7493516008076964,2.958929600050894,1.5025611219393757,1.3969772129642912,1.0619835342179638
2026-03-10,2.902882597039545,1.5198844087320564,1.7577602591247719,2.9927345192007295,1.5032048927713977,1.3969772129642912,1.0619835342179638
2026-03-11,2.9103598835316737,1.5237993487198462,1.7622879231285997,2.989610385889637,1.5077074320308756,1.3969772129642912,1.0619835342179638
2026-03-12,2.9172718995056117,1.5274183257058287,1.7664733032062556,2.9861667915127628,1.5121832386569216,1.3969772129642912,1.0619835342179638
2026-03-13,2.923447987448222,1.530651987232652,1.770213062421269,2.9874720867267195,1.5134545150240144,1.3969772129642912,1.0619835342179638
2026-03-16,2.933964521332577,1.5361582091863177,1.7765810586139192,3.0066497623289754,1.514723659271414,1.3969772129642912,1.0619835342179638
2026-03-17,2.9512808418642034,1.545224647360382,1.7870664775198717,3.020393151031163,1.5191582329288378,1.3969772129642912,1.0619835342179638
2026-03-18,2.9358182066039724,1.5371287573392343,1.7777035064546642,3.0087569244403634,1.5178985660690294,1.3969772129642912,1.0619835342179638
2026-03-19,2.9035690588663963,1.5202438247927974,1.7581759270955937,2.968629438078813,1.516005924465452,1.3969772129642912,1.0619835342179638
2026-03-20,2.874738156336012,1.5059087309047705,1.7407181715686246,2.938715676789655,1.5142356697376345,1.3969772129642912,1.0619835342179638
2026-03-23,2.7316153616335024,1.5059087309047705,1.6540541221993839,2.802093566989359,1.4899478103047792,1.3969772129642912,1.0619835342179638
2026-03-24,2.805347083944874,1.5059087309047705,1.6987003271295886,2.880382613012204,1.4899478103047792,1.3969772129642912,1.0619835342179638
2026-03-25,2.8455489014649467,1.5059087309047705,1.7230434256942486,2.9113056103347787,1.4899478103047792,1.3969772129642912,1.0619835342179638
2026-03-26,2.7887481310853994,1.5059087309047705,1.6886492903741837,2.8639437996888337,1.4899478103047792,1.3969772129642912,1.0619835342179638
2026-03-27,2.853897339391962,1.5059087309047705,1.728098591352289,2.9303631962900396,1.4899478103047792,1.3969772129642912,1.0619835342179638
2026-03-30,2.8454785658916864,1.5059087309047705,1.7230008359334346,2.9243339973896614,1.4899478103047792,1.3969772129642912,1.0619835342179638
2026-03-31,2.824584298960984,1.5059087309047705,1.710348890556178,2.908330330134881,1.4899478103047792,1.3969772129642912,1.0619835342179638
2026-04-01,2.95966991369242,1.5059087309047705,1.792146247912798,3.0180934745225256,1.4899478103047792,1.3969772129642912,1.0619835342179638
2026-04-02,2.903602266497992,1.5059087309047705,1.7581960350583403,2.9763716158023157,1.4899478103047792,1.3969772129642912,1.0619835342179638
2026-04-03,2.859171984579888,1.5059087309047705,1.731292506842284,2.9320612268291995,1.4899478103047792,1.3969772129642912,1.0619835342179638
2026-04-07,2.866666102375396,1.5059087309047705,1.7358303625762972,2.9361277033168776,1.4899478103047792,1.3969772129642912,1.0619835342179638
2026-04-08,2.995834108092881,1.5059087309047705,1.8140444754832905,3.030462743693579,1.4899478103047792,1.3969772129642912,1.0619835342179638
2026-04-09,2.9312376270764746,1.5059087309047705,1.7749298632265826,2.975717199616773,1.4899478103047792,1.3969772129642912,1.0619835342179638
2026-04-10,2.9719867481074322,1.5059087309047705,1.7996043662931314,3.0032394766508617,1.4899478103047792,1.3969772129642912,1.0619835342179638
2026-04-13,2.925406468174406,1.5059087309047705,1.7713989662508833,2.9764832870683104,1.4899478103047792,1.3969772129642912,1.0619835342179638
2026-04-14,2.957439083390727,1.5059087309047705,1.7907954303312794,3.011809018877274,1.4899478103047792,1.3969772129642912,1.0619835342179638
2026-04-15,2.9829408765737977,1.5059087309047705,1.8062373357804822,3.036587162189604,1.4899478103047792,1.3969772129642912,1.0619835342179638
2026-04-16,3.0352712196570626,1.5059087309047705,1.8379245275091234,3.0694068766950235,1.4899478103047792,1.3969772129642912,1.0619835342179638
2026-04-17,3.003432420066228,1.5051557765393182,1.818645423119548,3.0451077984083477,1.4892028363996268,1.3969772129642912,1.0619835342179638
2026-04-20,3.0144224662157697,1.510663385545567,1.825300141566416,3.0501600213118247,1.494652071011571,1.3969772129642912,1.0619835342179638
2026-04-21,2.994304073498132,1.500581149364281,1.8131180053571898,3.0356739427331916,1.4846766950721162,1.3969772129642912,1.0619835342179638
2026-04-22,3.0006917947346334,1.503782325276816,1.8169859132592663,3.0381678087860404,1.48784394215914,1.3969772129642912,1.0619835342179638
