,gold_only,reversal_ensemble_only,winner_55gold
2019-01-04,1.0,0.9995,0.9995
2019-01-07,0.9936575052854122,1.0164094911469834,1.0036226431091657
2019-01-08,0.9901338971106413,1.0089320525329257,0.9983427068435106
2019-01-09,0.9866102889358702,1.0144376498484295,0.9988401710316501
2019-01-10,0.9880197322057785,1.0078147042590726,0.9966904724815693
2019-01-11,0.9809725158562366,1.0168254799218983,0.9967905801925281
2019-01-14,0.9823819591261449,1.002780494244309,0.9913825605093037
2019-01-15,0.9802677942212824,1.020062663389139,0.9978976967425203
2019-01-16,0.9820295983086679,1.0245161918779586,1.00084465705141
2019-01-17,0.9837914023960532,1.0163853888033947,0.9982578914946757
2019-01-18,0.9841437632135305,1.034180130549735,1.006319355276427
2019-01-21,0.9795630725863281,1.0361660854491808,1.0046128105568222
2019-01-22,0.9799154334038053,1.0222452345539712,0.9987379446442052
2019-01-23,0.9823819591261448,1.022787254761723,1.0003588917874233
2019-01-24,0.9799154334038052,1.031280707627789,1.0027157192042628
2019-01-25,0.9781536293164196,1.0329048579725437,1.002434804501822
2019-01-28,0.9887244538407325,1.0263233012182158,1.0055187483290475
2019-01-29,0.9918957011980264,1.0227487391516437,1.005716614777041
2019-01-30,0.9950669485553203,1.020452253545161,1.006468895316991
2019-01-31,0.9943622269203661,1.0230510223285953,1.007230278068465
2019-02-01,0.9982381959126142,1.0449003661008784,1.0190698051996727
2019-02-11,0.9968287526427059,1.0614728555433637,1.0255516977901604
2019-02-12,0.997885835095137,1.074969509293382,1.0320178075533035
2019-02-13,0.9957716701902745,1.093567247269057,1.0388498337578198
2019-02-14,0.9950669485553202,1.0935362196165455,1.0384322051730668
2019-02-15,1.001057082452431,1.077749441963934,1.0351242849657336
2019-02-18,1.0063424947145874,1.1148073126101856,1.0541466914609907
2019-02-19,1.0077519379844957,1.1201192247711507,1.0572190016987917
2019-02-20,1.016208597603946,1.1127081011361952,1.0589507454057148
2019-02-21,1.0091613812544042,1.1011346331214535,1.0499553037405032
2019-02-22,1.0021141649048624,1.1205175146472515,1.0542395496726016
2019-02-25,1.000704721634954,1.1851127512364146,1.0807725433603805
2019-02-26,1.0,1.1720688064850715,1.075000948412391
2019-02-27,0.9978858350951373,1.1788338869211399,1.0765431132046932
2019-02-28,0.9911909795630726,1.1848589003427858,1.0750466921592379
2019-03-01,0.9887244538407328,1.196938617135303,1.0785074125114573
2019-03-04,0.9756871035940803,1.2179107220429302,1.0791893935486139
2019-03-05,0.9711064129668778,1.2296842104463002,1.0810973682596776
2019-03-06,0.9739252995066945,1.2361379138749446,1.0853766046712874
2019-03-07,0.9746300211416487,1.2195343835064596,1.0792482142354447
2019-03-08,0.9809725158562362,1.1831554997806633,1.0686236758987815
2019-03-11,0.9830866807610988,1.195942396136053,1.075087458066871
2019-03-12,0.9823819591261446,1.1998778520575202,1.0762555812618062
2019-03-13,0.986962649753347,1.2065913977047946,1.0817255408182385
2019-03-14,0.9866102889358699,1.2010940851694316,1.0792953480383023
2019-03-15,0.983439041578576,1.21088915984815,1.0813481137827532
2019-03-18,0.9823819591261447,1.231308391068124,1.088914486865384
2019-03-19,0.9873150105708242,1.2275337520127405,1.0904197351214115
2019-03-20,0.9866102889358699,1.2290855426923664,1.0906119676089305
2019-03-21,0.9929527836504577,1.2298392747800684,1.0947690260827752
2019-03-22,0.9911909795630722,1.2297177001384287,1.093651974400349
2019-03-25,0.9968287526427059,1.214834520488501,1.0911169077376448
2019-03-26,0.99753347427766,1.2071202553237428,1.088423273474948
2019-03-27,0.9961240310077517,1.2173676299042182,1.0917353326245176
2019-03-28,0.9933051444679349,1.2094949950422462,1.0868590530157438
2019-03-29,0.9763918252290342,1.2301692633748935,1.085040699503059
2019-04-01,0.9756871035940802,1.250934078173619,1.092851765984817
2019-04-02,0.9774489076814656,1.2520300282876078,1.0943679729537508
2019-04-03,0.9788583509513741,1.258740896782037,1.0978755034101966
2019-04-04,0.9795630725863282,1.2659256459989514,1.1011301739009411
2019-04-08,0.9837914023960533,1.2653564313252639,1.1035215658485367
2019-04-09,0.9834390415785763,1.271517279479464,1.1057219848903492
2019-04-10,0.9880197322057785,1.2741257118630047,1.1095753713967569
2019-04-11,0.9897815362931641,1.2609177089864383,1.1054875791813645
2019-04-12,0.9802677942212825,1.2573930367355575,1.0982527442456596
2019-04-15,0.974630021141649,1.2514231732838352,1.0924323270095093
2019-04-16,0.9735729386892176,1.2741359048280838,1.1007028648421495
2019-04-17,0.9689922480620153,1.269119679552824,1.095904460724368
2019-04-18,0.9622973925299504,1.260070629018226,1.0882237260180276
2019-04-19,0.9672304439746298,1.2684866600070797,1.0945626694006991
2019-04-22,0.9704016913319236,1.2529366329950336,1.0904983975167972
2019-04-23,0.965116279069767,1.2508021953122745,1.0863956815923077
2019-04-24,0.9640591966173359,1.2531124525990562,1.0866441941515126
2019-04-25,0.968639887244538,1.245689248380724,1.0865872410719417
2019-04-26,0.9704016913319233,1.232131295461951,1.0823523871710747
2019-04-29,0.9686398872445379,1.245796056480052,1.0866732543985063
2019-04-30,0.9711064129668774,1.2505108599643537,1.0900458167535463
2019-05-06,0.9781536293164194,1.2176773822783233,1.081517372951169
2019-05-07,0.9756871035940798,1.2261850010612418,1.0834177656154733
2019-05-08,0.9806201550387591,1.2172556866104225,1.0828801747434669
2019-05-09,0.9813248766737134,1.196837103897958,1.075134151761046
2019-05-10,0.9820295983086674,1.2170170235564004,1.083716347326132
2019-05-13,0.9883720930232552,1.211721700079109,1.0854440363236817
2019-05-14,1.0007047216349536,1.2117917139675987,1.0929213849388995
2019-05-15,0.994714587737843,1.2275917081204042,1.0957357550625137
2019-05-16,0.9999999999999994,1.232019816457502,1.1007165762023243
2019-05-17,0.9989429175475681,1.216082874106437,1.0936693207200825
2019-05-20,0.9915433403805491,1.2217946736676808,1.0915252077090243
2019-05-21,0.9908386187455949,1.2338147666427444,1.0959308498277134
2019-05-22,0.9915433403805491,1.2282169377806618,1.0941220450520384
2019-05-23,0.9936575052854116,1.2203782954363156,1.0922628566250263
2019-05-24,0.9992952783650452,1.2110147401784461,1.0919000807420167
2019-05-27,0.9992952783650452,1.2342415694620537,1.1013240944785356
2019-05-28,0.9978858350951368,1.2338290079347438,1.1003040933488433
2019-05-29,1.0007047216349536,1.2349761101032024,1.1024739386309634
2019-05-30,0.9957716701902743,1.2260808033314854,1.0959114237025922
2019-05-31,1.00599013389711,1.2269296498425752,1.102438196636765
2019-06-03,1.0179704016913311,1.2256517310469324,1.1091423561304303
2019-06-04,1.0295983086680753,1.2150951514853845,1.1118116020949014
2019-06-05,1.035940803382663,1.2199807390570085,1.117590160101532
2019-06-06,1.0352360817477089,1.2069418622730936,1.1117969668240042
2019-06-10,1.0320648343904149,1.2119532737431995,1.1120011492366473
2019-06-11,1.0274841437632125,1.2443578177629588,1.1226660718023174
2019-06-12,1.0398167723749108,1.2342175017772605,1.1259604713508384
2019-06-13,1.0408738548273422,1.235381617329267,1.127067935762309
2019-06-14,1.056025369978857,1.2305423308054442,1.1341045988432756
2019-06-17,1.0429880197322046,1.228155902865658,1.125414157105263
2019-06-18,1.0521494009866093,1.2241631257303827,1.1292046820663137
2019-06-19,1.0454545454545443,1.238844672604543,1.1313470579291616
2019-06-20,1.0690627202255096,1.27309843089208,1.159474998757647
2019-06-21,1.078224101479914,1.2851946648257395,1.1698973869566975
2019-06-24,1.085623678646933,1.2838174775317936,1.1737490393819368
2019-06-25,1.10782241014799,1.2845923091264349,1.187268210773177
2019-06-26,1.0863284002818872,1.2841290493293198,1.1744060568008274
2019-06-27,1.0838618745595474,1.2901858993500717,1.1754321715841767
2019-06-28,1.0884425651867498,1.2846492082230183,1.1758944946151078
2019-07-01,1.0613107822410135,1.305867156084773,1.1685128172131458
2019-07-02,1.0715292459478494,1.3134787273346182,1.1777655942987446
2019-07-03,1.102184637068357,1.3198583023122965,1.1988718705617645
2019-07-04,1.0902043692741357,1.3199411618525625,1.1917385706238117
2019-07-05,1.091613812544044,1.3181489948944876,1.1918578164728075
2019-07-08,1.0866807610993647,1.2859158244025237,1.1757802671232298
2019-07-09,1.0778717406624374,1.2862360932316181,1.1706698335026768
2019-07-10,1.076814658210006,1.2832368518661774,1.1688099896663986
2019-07-11,1.0951374207188151,1.2863407843922616,1.1810206791196136
2019-07-12,1.087385482734319,1.287932077570665,1.1770802065306734
2019-07-15,1.0919661733615214,1.3041993402467116,1.1864976166727073
2019-07-16,1.090556730091613,1.3045721935250632,1.1858079561587478
2019-07-17,1.0842142353770252,1.3034041752079657,1.1815371447597076
2019-07-18,1.0958421423537694,1.2902292448788892,1.1831321735714335
2019-07-19,1.1106412966878074,1.3053844766495075,1.1981738323656113
2019-07-22,1.1018322762508799,1.2884547978758212,1.1859543637843075
2019-07-23,1.0951374207188151,1.2904933083718937,1.1828354222997346
2019-07-24,1.0990133897110632,1.3012166193429402,1.1895608463656797
2019-07-25,1.1007751937984487,1.3053450183810187,1.1923080394816006
2019-07-26,1.0954897815362923,1.3119407948570965,1.19187041409282
2019-07-29,1.0968992248062006,1.3045748425052872,1.189702493809285
2019-07-30,1.1025369978858341,1.3118925286127059,1.1960686126860245
2019-07-31,1.1071176885130365,1.3000162741869645,1.1939292418017757
2019-08-01,1.0880902043692733,1.2811745346500678,1.1748566556347426
2019-08-02,1.1127554615926698,1.258521664207391,1.1801564549579513
2019-08-05,1.1522198731501048,1.240238681601516,1.195461561439841
2019-08-06,1.1550387596899214,1.2225629871052976,1.1894032415893165
2019-08-07,1.1761804087385472,1.2152916241322433,1.198193736372279
2019-08-08,1.1846370683579974,1.2295114183586653,1.2092408315065828
2019-08-09,1.1892177589851995,1.2158973323820081,1.2057872008511565
2019-08-12,1.1825229034531346,1.2319466712425733,1.2092158766060421
2019-08-13,1.213530655391119,1.224829126421086,1.2235113062157226
2019-08-14,1.1807610993657491,1.2337744157490125,1.2093608678141032
2019-08-15,1.1927413671599705,1.2353837768116578,1.2168194959129834
2019-08-16,1.1955602536997871,1.238186619428083,1.2196435072834375
2019-08-19,1.1888653981677224,1.2866776695123752,1.2373813445791246
2019-08-20,1.183932346723043,1.2856896089972323,1.2341298529622193
2019-08-21,1.1856941508104286,1.283997158419977,1.2344088691238189
2019-08-22,1.1888653981677224,1.2832478033734702,1.235900529105717
2019-08-23,1.187103594080337,1.2838816784296212,1.2351679198729728
2019-08-26,1.231148696264974,1.2680835661243928,1.2535341467321972
2019-08-27,1.2304439746300198,1.2892826431168878,1.2625696340755175
2019-08-28,1.231148696264974,1.2815697893524352,1.2595684786995778
2019-08-29,1.246300211416489,1.2740112220591127,1.2647512157156728
2019-08-30,1.2265680056377715,1.2735758737468563,1.253543349399839
2019-09-02,1.2219873150105693,1.299383104464126,1.2623991468525306
2019-09-03,1.2272727272727257,1.298988428138021,1.2652297097631655
2019-09-04,1.232205778717405,1.3207786101203196,1.2775775508433667
2019-09-05,1.2374911909795616,1.3353872871041885,1.286950447314919
2019-09-06,1.1983791402396038,1.345006125136519,1.2687505320795507
2019-09-09,1.2029598308668061,1.3591018518441826,1.2774013093559187
2019-09-10,1.1863988724453824,1.3536547452586696,1.265425281405151
2019-09-11,1.1899224806201532,1.353601473423948,1.2674699458289254
2019-09-12,1.1899224806201532,1.3723819714785273,1.275383406913043
2019-09-16,1.1899224806201532,1.3618998739529324,1.2709998518320014
2019-09-17,1.1860465116279053,1.330273978654877,1.2554410552115585
2019-09-18,1.1913319238900617,1.3317679237148061,1.259152573881062
2019-09-19,1.188513037350245,1.3393603439865627,1.2607442229550956
2019-09-20,1.192389006342493,1.3320717384960281,1.2599182092011258
2019-09-23,1.2026074700493288,1.3142749440351915,1.2582818906931756
2019-09-24,1.2093023255813935,1.3156256890958649,1.2627164656359404
2019-09-25,1.2163495419309356,1.3114827741909496,1.2649742972768354
2019-09-26,1.1997885835095121,1.310387264540889,1.2550261508631684
2019-09-27,1.1888653981677222,1.3115109099310007,1.2492260837042877
2019-09-30,1.1867512332628596,1.2957789083369728,1.2412610625323517
2019-10-08,1.1849894291754741,1.3092173662015936,1.2460404377684386
2019-10-09,1.2022551092318519,1.3222203006617166,1.2615947670958019
2019-10-10,1.195560253699787,1.3255810979913754,1.2591738709728473
2019-10-11,1.1906272022551077,1.3439797601872283,1.2641809568695985
2019-10-14,1.173009161381253,1.3637239294849979,1.2622497535991648
2019-10-15,1.1761804087385468,1.3581331088835522,1.2617979700276434
2019-10-16,1.1712473572938673,1.3540016301180093,1.2571600006017667
2019-10-17,1.1797040169133177,1.349791606041639,1.2603933221179626
2019-10-18,1.1779422128259323,1.324675384107308,1.2488043175410815
2019-10-21,1.1782945736434094,1.3328270246295004,1.2524679135323005
2019-10-22,1.173009161381253,1.3341582689255644,1.249940884625928
2019-10-23,1.1782945736434094,1.324447723312198,1.2489446054528042
2019-10-24,1.1758280479210699,1.3335075527559088,1.2513511848893206
2019-10-25,1.1878083157152912,1.3420596814470402,1.2619749088321042
2019-10-28,1.1860465116279058,1.3593439517683978,1.268259202301162
2019-10-29,1.1747709654686387,1.3444405661415666,1.2553706381260228
2019-10-30,1.1733615221987304,1.3308977174201144,1.2488517267901924
2019-10-31,1.1751233262861158,1.3274542601792467,1.248429030666138
2019-11-01,1.1839323467230431,1.3444622565086872,1.2607741956337324
2019-11-04,1.1825229034531348,1.3447338894268521,1.2600633148446165
2019-11-05,1.17582804792107,1.3536197017419958,1.2598865414370148
2019-11-06,1.1582100070472152,1.3534162994054038,1.249418705513002
2019-11-07,1.164552501761803,1.3531610819407798,1.2530757630280736
2019-11-08,1.1434108527131772,1.342781671912179,1.23623869475453
2019-11-11,1.1416490486257918,1.3174528367992948,1.2246974311391394
2019-11-12,1.1314305849189559,1.3193634259656133,1.2194676755127425
2019-11-13,1.1420014094432689,1.3129313996997887,1.2230587540694484
2019-11-14,1.1448202959830858,1.31801621453162,1.2268507229012078
2019-11-15,1.142001409443269,1.3061317951915064,1.220211169363031
2019-11-18,1.1427061310782232,1.3161993482598497,1.2248576886439646
2019-11-19,1.1504580690627193,1.3307931489495144,1.2355392300571502
2019-11-20,1.1539816772374902,1.3192487846795995,1.232797411557361
2019-11-21,1.1515151515151505,1.3215167946355084,1.2323018922934823
2019-11-22,1.149048625792811,1.3122670860362822,1.2269687595073702
2019-11-25,1.1409443269908377,1.3088687691483416,1.2207792883799187
2019-11-26,1.1402396053558836,1.307819683988027,1.219924254441274
2019-11-27,1.1427061310782232,1.3122646554125905,1.2232414536285792
2019-11-28,1.1398872445384063,1.3098259366291027,1.2205588233073017
2019-11-29,1.1405919661733606,1.3153830160320499,1.2233041103091364
2019-12-02,1.1430584918957,1.3261218738099332,1.2292532793220334
2019-12-03,1.1455250176180396,1.3374083247732016,1.2354200717195343
2019-12-04,1.1659619450317114,1.3388606070704938,1.2481461552045356
2019-12-05,1.160676532769555,1.3570582676586769,1.2526683821975542
2019-12-06,1.1536293164200129,1.364887960086153,1.251737546897119
2019-12-09,1.1448202959830855,1.370814686695717,1.2489264831522606
2019-12-10,1.146582100070471,1.3750553533606182,1.2517222127842678
2019-12-11,1.1476391825229024,1.3724575411739706,1.2512927586208153
2019-12-12,1.1529245947850588,1.3777845784676486,1.2566478279869087
2019-12-13,1.1395348837209291,1.4034381475016198,1.2591500836657192
2019-12-16,1.1515151515151503,1.4243584570566203,1.2748771511640484
2019-12-17,1.1508104298801962,1.4455291287124938,1.2829750295035374
2019-12-18,1.1511627906976734,1.4437281512705937,1.2824717812485913
2019-12-19,1.1508104298801962,1.4381452540422222,1.2800241834513333
2019-12-20,1.153629316420013,1.4321909772570842,1.279363822176301
2019-12-23,1.1585623678646924,1.4244113472894013,1.279245446527079
2019-12-24,1.1631430584918947,1.4309021644073783,1.2846504542677253
2019-12-25,1.1715997181113451,1.4322638295737167,1.2903376199634278
2019-12-26,1.1715997181113451,1.4396427585642915,1.2933291004879937
2019-12-27,1.175475687103593,1.44203177938656,1.2966481750159706
2019-12-30,1.174770965468639,1.452659340292684,1.3005208705209939
2019-12-31,1.1825229034531348,1.4611122256593223,1.3086462400832874
2020-01-02,1.1775898520084556,1.465059164139001,1.307234469904841
2020-01-03,1.1969696969696957,1.4735046788311736,1.3224579301367956
2020-01-06,1.223396758280478,1.481822432923534,1.3418759270655995
2020-01-07,1.2117688513037337,1.4844027179989587,1.3359126931036982
2020-01-08,1.235024665257222,1.4894100112269306,1.3520416561757331
2020-01-09,1.190627202255108,1.48154365740944,1.322096042455345
2020-01-10,1.1952078928823104,1.4895347619322326,1.3281025981677625
2020-01-13,1.1945031712473562,1.4991630905886986,1.3315350797087002
2020-01-14,1.179351656095841,1.482434605625409,1.315559656999885
2020-01-15,1.189570119802677,1.4835519165298814,1.3222750978055644
2020-01-16,1.1902748414376312,1.4858572170571553,1.3236305450511432
2020-01-17,1.1899224806201538,1.488521727707889,1.324483152950929
2020-01-20,1.1913319238900621,1.5018182868558978,1.3306700696835057
2020-01-21,1.2019027484143752,1.498787249817108,1.3359554948829722
2020-01-22,1.1916842847075395,1.4939578111866114,1.3277713620553273
2020-01-23,1.1997885835095126,1.47214505838529,1.3240138998845687
2020-02-03,1.2311486962649743,1.400993333378402,1.3142513028534188
2020-02-04,1.2209302325581384,1.4171204630748193,1.3150596677829176
2020-02-05,1.2124735729386882,1.4316731102463085,1.316126972171311
2020-02-06,1.2071881606765318,1.4532911531541617,1.3219144716312454
2020-02-07,1.2124735729386882,1.456858579095908,1.326557935474655
2020-02-10,1.2167019027484132,1.459415360440651,1.3301499829400143
2020-02-11,1.2135306553911194,1.459450955362014,1.3282577639513116
2020-02-12,1.2110641296687796,1.471014202241784,1.3315086337198503
2020-02-13,1.2202255109231843,1.464369698338449,1.3343420518045506
2020-02-14,1.2212825933756157,1.4721439515340196,1.3381655945539535
2020-02-17,1.2251585623678636,1.5131198270847008,1.3572624158896702
2020-02-18,1.2311486962649743,1.5168858694523344,1.3624323861833008
2020-02-19,1.2455954897815353,1.5136153361883835,1.369903533816661
2020-02-20,1.2494714587737832,1.5420570082515455,1.3838316260154073
2020-02-21,1.2748414376321342,1.5586217960123003,1.405974891552036
2020-02-24,1.302677942212825,1.5682979830961938,1.4267876410452005
2020-02-25,1.2762508809020428,1.5593635725897597,1.4072102699306699
2020-02-26,1.2829457364341077,1.5455677165909392,1.405667894704596
2020-02-27,1.283650458069062,1.5463178037190037,1.4063995540280523
2020-02-28,1.2663847780126842,1.4922962684193812,1.3738853294967233
2020-03-02,1.2374911909795625,1.5416897890470327,1.3771082716918164
2020-03-03,1.2353770260747,1.5469683529183484,1.377936067105456
2020-03-04,1.2628611698379135,1.5718538550991106,1.4047715766632283
2020-03-05,1.261804087385482,1.6146670137254198,1.421342873538626
2020-03-06,1.2889358703312184,1.582932283832577,1.4255813002944528
2020-03-09,1.279774489076814,1.5294526554534342,1.39833478607346
2020-03-10,1.2632135306553904,1.5618420734427991,1.4017081538469112
2020-03-11,1.2751937984496118,1.547947743849107,1.403408322022918
2020-03-12,1.261099365750528,1.528252008159625,1.386841472437952
2020-03-13,1.224101479915433,1.5108733963027876,1.3573669377770152
2020-03-16,1.1927413671599714,1.4600364873648861,1.317688794576528
2020-03-17,1.1374207188160674,1.4424519544017218,1.2769335287102448
2020-03-18,1.1634954193093725,1.403895710114598,1.2776742537778867
2020-03-19,1.1589147286821702,1.3667814982195554,1.259707830009736
2020-03-20,1.16983791402396,1.4044261016890627,1.2818510742766653
2020-03-23,1.1666666666666663,1.3576416917052982,1.2607243514409063
2020-03-24,1.2315010570824523,1.3987886856611798,1.3164524626213026
2020-03-25,1.2529950669485552,1.4423031936162833,1.3475185634450968
2020-03-26,1.2427766032417196,1.4400705532591018,1.3405357723877231
2020-03-27,1.2618040873854826,1.4571119155499472,1.3589626685178482
2020-03-30,1.251585623678647,1.4395318854269483,1.3455316255090901
2020-03-31,1.2533474277660324,1.4380220501337264,1.3459382919269276
2020-04-01,1.2325581395348837,1.4385005854850998,1.3338610417983323
2020-04-02,1.2392529950669484,1.467565686841163,1.3499737270671093
2020-04-03,1.2501761804087386,1.4621496119464237,1.3542762950778011
2020-04-07,1.2847075405214938,1.486634348842574,1.3850552410138295
2020-04-08,1.2734319943622268,1.4845963394821071,1.3775148513178062
2020-04-09,1.2762508809020436,1.4831673751346939,1.3785953055206197
2020-04-10,1.2829457364341086,1.477281178918534,1.3801107216435669
2020-04-13,1.2825933756166314,1.4652003653082741,1.3748234649797793
2020-04-14,1.2973925299506694,1.4862328013398676,1.3924291045329276
2020-04-15,1.2931642001409442,1.4804442256015755,1.3874927164882318
2020-04-16,1.3037350246652573,1.4818904840966938,1.394340716781859
2020-04-17,1.2811839323467231,1.5010401286959523,1.3891838670239487
2020-04-20,1.276603241719521,1.5068802050022903,1.3888843064750802
2020-04-21,1.2871740662438338,1.4850922889919131,1.386172796245713
2020-04-22,1.285059901338971,1.4921023287809643,1.3878649741403983
2020-04-23,1.3072586328400282,1.492270914903147,1.4011215872784242
2020-04-24,1.3185341789992953,1.4831527209746496,1.4039158567652354
2020-04-27,1.3079633544749825,1.489489438469149,1.4004246020907025
2020-04-28,1.2977448907681466,1.5002642252965275,1.3989658787763157
2020-04-29,1.3033826638477801,1.506130011553843,1.4047698838718672
2020-04-30,1.3093727977448908,1.548584143390164,1.4261394016911826
2020-05-06,1.3072586328400282,1.566878080231063,1.4324542716842057
2020-05-07,1.3016208597603947,1.5583418833595049,1.4255447953209361
2020-05-08,1.3178294573643412,1.5776751688332797,1.4432668652637568
2020-05-11,1.3121916842847077,1.5772668514237003,1.4397028541625332
2020-05-12,1.3100775193798448,1.57455580638894,1.4373135017208305
2020-05-13,1.3128964059196615,1.569592090548182,1.4369754848827434
2020-05-14,1.321353065539112,1.5573323172618574,1.4370154502421977
2020-05-15,1.3403805496828751,1.571399828965758,1.454237918377221
2020-05-18,1.3731501057082451,1.5580153140422823,1.4682181819168707
2020-05-19,1.3509513742071881,1.579692555182893,1.4643561233223916
2020-05-20,1.3657505285412261,1.569221666530178,1.4688110513561132
2020-05-21,1.3548273431994362,1.5489522178233803,1.4538123445546767
2020-05-22,1.3516560958421422,1.5231747509107345,1.4410533540535109
2020-05-25,1.3481324876673713,1.5122573443204914,1.4343392336780578
2020-05-26,1.3555320648343903,1.5307338361997218,1.4465552696526112
2020-05-27,1.3410852713178294,1.5192607466552221,1.4331970104406813
2020-05-28,1.3513037350246653,1.5246627509686657,1.4414963780456354
2020-05-29,1.3495419309372798,1.5198023964337308,1.4383948548020797
2020-06-01,1.361169837914024,1.5643558351537703,1.4641863981483392
2020-06-02,1.3583509513742071,1.5676569118021322,1.4639090389177087
2020-06-03,1.3463706835799858,1.5648601419721015,1.4556325903649163
2020-06-04,1.3347427766032416,1.5574341336634603,1.4456097881736776
2020-06-05,1.3350951374207187,1.5677343872208647,1.4501219951962905
2020-06-08,1.3227625088090202,1.5715992801726861,1.4443633817931725
2020-06-09,1.321353065539112,1.5798378751793567,1.4469241459281201
2020-06-10,1.33615221987315,1.5731665188101203,1.4530876595872506
2020-06-11,1.3481324876673713,1.56335377155725,1.4561747805908243
2020-06-12,1.346723044397463,1.5596387402053318,1.4537803082422143
2020-06-15,1.3428470754052149,1.5479596122528185,1.4465801698643421
2020-06-16,1.3417899929527837,1.5707419162842982,1.4555344698190293
2020-06-17,1.343199436222692,1.569361841673959,1.4557998940171002
2020-06-18,1.3410852713178296,1.5890984122040954,1.46277840450951
2020-06-19,1.3439041578576463,1.611428723452457,1.4737193351903788
2020-06-22,1.3587033121916843,1.6241969494315316,1.4878997988479978
2020-06-23,1.3558844256518676,1.6255744767401958,1.4867698563046867
2020-06-24,1.3661028893587035,1.629953041540187,1.4947346422918106
2020-06-29,1.3661028893587035,1.6061757095857192,1.484922481824283
2020-06-30,1.3678646934460892,1.6355357107337292,1.4981903558822012
2020-07-01,1.3766737138830167,1.656997506808879,1.5123437155859878
2020-07-02,1.3639887244538413,1.7233216827064732,1.5319197908744233
2020-07-03,1.3682170542635665,1.8094878806591388,1.5689999331759568
2020-07-06,1.3706835799859063,1.9055539817407516,1.6080399437148871
2020-07-07,1.3678646934460894,1.9141117853364376,1.6094708344402355
2020-07-08,1.3724453840732915,1.996267486153728,1.6435212978717844
2020-07-09,1.381606765327696,2.042242144778106,1.6665881405876366
2020-07-10,1.3724453840732915,1.9976091602070047,1.64411964776636
2020-07-13,1.378083157152925,2.0321229956140217,1.660617096234194
2020-07-14,1.374207188160677,2.0100619067431107,1.6499356765632216
2020-07-15,1.377378435517971,1.9524146358698085,1.6307362377434134
2020-07-16,1.3724453840732918,1.8937368531289953,1.6054694583890854
2020-07-17,1.3646934460887958,1.9176193598465183,1.6095931767622331
2020-07-20,1.3713883016208606,2.0126395040511347,1.6498268265504306
2020-07-21,1.3809020436927422,1.9783548327265086,1.6434748492323388
2020-07-22,1.4133192389006353,2.0021850220709294,1.673602887095098
2020-07-23,1.4210711768851314,2.0197980959553803,1.6852768042169362
2020-07-24,1.4355179704016923,1.9568659746830444,1.671070658561097
2020-07-27,1.4721634954193106,1.9596512716734067,1.6956032473346048
2020-07-28,1.467230443974631,1.9752081205268055,1.69853557955697
2020-07-29,1.470049330514448,2.019868231990816,1.7176123858525885
2020-07-30,1.4612403100775206,2.001280231206988,1.704838600789043
2020-07-31,1.4732205778717418,2.003800459993312,1.7134923147292596
2020-08-03,1.4689922480620166,2.0345224701288496,1.72260941704319
2020-08-04,1.4704016913319249,2.045848784581662,1.727833889457016
2020-08-05,1.5102184637068368,2.0559191826356993,1.757394402049651
2020-08-06,1.521846370683581,2.071502793055623,1.7708308446584378
2020-08-07,1.5313601127554626,2.0509065891839073,1.7689964560019913
2020-08-10,1.5204369274136726,2.058929512808698,1.7651704764088085
2020-08-11,1.4852008456659629,2.0341271191897556,1.733102536773227
2020-08-12,1.393939393939395,2.0177223355377363,1.6682409717557043
2020-08-13,1.4171952078928833,2.0282075304013176,1.6874497368356334
2020-08-14,1.4249471458773793,2.0471429070877614,1.699615676421175
2020-08-17,1.445736434108528,2.088160969087502,1.7285784271343765
2020-08-18,1.478505990133898,2.093908192709697,1.7522686259987705
2020-08-19,1.4598308668076119,2.0707742252588655,1.7313836982292186
2020-08-20,1.4260042283298107,2.0490581946762525,1.701147680248969
2020-08-21,1.4291754756871047,2.054866699132133,1.705398426162275
2020-08-24,1.4175475687103603,2.053164415885876,1.6971312702289933
2020-08-25,1.4207188160676543,2.0459049191653436,1.696519171040859
2020-08-26,1.4182522903453147,2.0236543267305067,1.6865963765458858
2020-08-27,1.4351656095842154,2.0375596062569294,1.7028739258510124
2020-08-28,1.4362226920366463,2.0649745968810516,1.7138741069524657
2020-08-31,1.4418604651162799,2.056896301211496,1.7145571788827108
2020-09-01,1.4566596194503183,2.0585244616056846,1.7248468607298386
2020-09-02,1.4408033826638489,2.045174107050982,1.709486465393055
2020-09-03,1.4154334038054979,2.030131725232515,1.6872728901619154
2020-09-04,1.4221282593375626,2.035623095818289,1.6937160180301385
2020-09-07,1.4214235377026085,2.0103597517142675,1.6837953712570368
2020-09-08,1.4221282593375626,2.0150904040858983,1.6860375029923103
2020-09-09,1.4214235377026085,1.9818536973430683,1.6730637754301487
2020-09-10,1.4326990838618756,1.9633856108607548,1.6733474412403857
2020-09-11,1.4288231148696275,1.9701948598542736,1.6734690991928756
2020-09-14,1.4284707540521506,1.9802227422547984,1.6770750426549306
2020-09-15,1.4326990838618756,1.9891216650788146,1.6831968305589635
2020-09-16,1.4288231148696275,1.9861019654486136,1.6795424469391145
2020-09-17,1.419661733615223,1.9872564542416964,1.6740588537242087
2020-09-18,1.4249471458773793,2.0201647688247193,1.6899615871826523
2020-09-21,1.4245947850599023,2.014978737956904,1.687779485740862
2020-09-22,1.3935870331219178,1.9844810071924754,1.6560791254978016
2020-09-23,1.372093023255815,1.9798896278958784,1.6403065085815776
2020-09-24,1.3558844256518685,1.945483574643448,1.6168219637223336
2020-09-25,1.372093023255815,1.9381072227031966,1.6246937157560561
2020-09-28,1.3699788583509525,1.9122842451391966,1.6135756550553593
2020-09-29,1.3879492600422845,1.9385834538441624,1.6352028185224805
2020-09-30,1.3886539816772385,1.9398285471848102,1.6361320716508796
2020-10-09,1.3883016208597614,1.9859104014434665,1.6533940440981492
2020-10-12,1.4041578576462308,2.0508720051492157,1.6881182729700106
2020-10-13,1.3981677237491204,2.0537655040297618,1.685229209817525
2020-10-14,1.382311486962651,2.0295510340615333,1.6657765667315045
2020-10-15,1.3809020436927426,2.017679687055695,1.6604578140512982
2020-10-16,1.3851303735024678,2.016474162052278,1.6628077548861573
2020-10-19,1.3875968992248073,1.993421612396166,1.655882070998389
2020-10-20,1.3809020436927424,2.0065068460168103,1.6563792698050435
2020-10-21,1.3854827343199447,1.9813168081917867,1.6500437289482377
2020-10-22,1.3872445384073302,1.9694035495653257,1.6467331312441646
2020-10-23,1.3819591261451738,1.9289185308539079,1.6280490470097848
2020-10-26,1.375968992248063,1.9284737358670976,1.6239988605326752
2020-10-27,1.3893587033121928,1.9530265458997307,1.6419950283563265
2020-10-28,1.3904157857646242,1.9589867611829126,1.6449370990996883
2020-10-29,1.3699788583509525,1.9625069844277054,1.632969353833655
2020-10-30,1.3618745595489794,1.9577380898509684,1.6258706704363453
2020-11-02,1.3731501057082465,1.9499189853893606,1.630352237029627
2020-11-03,1.3812544045102197,1.9858836691273865,1.6491762415059585
2020-11-04,1.386187455954899,1.9769209508384717,1.6490663063355182
2020-11-05,1.386187455954899,2.03716951990383,1.6716819037592858
2020-11-06,1.3981677237491204,2.0439030053970564,1.682114574708471
2020-11-09,1.3939393939393951,2.1170654180161894,1.706412118718001
2020-11-10,1.3594080338266397,2.0823473728530426,1.670569810764558
2020-11-11,1.3565891472868228,2.041295223295322,1.6538441491451605
2020-11-12,1.353770260747006,2.042168882840274,1.6522725665295026
2020-11-13,1.3594080338266397,2.027528086808973,1.650726562072053
2020-11-16,1.3594080338266397,2.028373106944046,1.651036152719002
2020-11-17,1.3562367864693459,2.036355166867194,1.6518415168211513
2020-11-18,1.3467230443974643,2.037834155273615,1.6460083464307582
2020-11-19,1.3407329105003536,2.0512632052415434,1.6468627492765073
2020-11-20,1.3428470754052162,2.04768539978134,1.6469984369513933
2020-11-23,1.34601832276251,2.0495044354047147,1.6497960672651721
2020-11-24,1.3121916842847088,2.0503387505303423,1.6272948238771858
2020-11-25,1.2980972515856248,2.036227356317741,1.6126414610738917
2020-11-26,1.299154334038056,2.025644475349392,1.6095921149212766
2020-11-27,1.3002114164904872,2.0336651593511457,1.61318041959242
2020-11-30,1.2684989429175486,2.0262729303661016,1.5889014859353274
2020-12-01,1.277660324171953,2.069387258662025,1.6104265968263305
2020-12-02,1.295983086680762,2.0784544632241384,1.6263041056962082
2020-12-03,1.310077519379846,2.11931552166485,1.650419297576925
2020-12-04,1.3111346018322771,2.137421412583303,1.65749672430233
2020-12-07,1.3086680761099374,2.1141916626271025,1.6476755231848565
2020-12-08,1.3284002818886549,2.124839076052245,1.6650736896705136
2020-12-09,1.3199436222692045,2.100497847488821,1.6506602627541354
2020-12-10,1.3083157152924603,2.1077043471270263,1.645210964000462
2020-12-11,1.3058491895701205,2.094599128609921,1.638901755353282
2020-12-14,1.3062015503875974,2.1101097608708215,1.6446062561016246
2020-12-15,1.3178294573643419,2.152777409216736,1.6676231859394153
2020-12-16,1.3259337561663151,2.1651051597627053,1.6775609709374806
2020-12-17,1.332276250880903,2.2178532998471705,1.7003660094726851
2020-12-18,1.340028188865399,2.2255514450139207,1.7084634190073098
2020-12-21,1.3551797040169145,2.248720756148424,1.7270917210905468
2020-12-22,1.335799859055674,2.2272243872874107,1.7060781371578737
2020-12-23,1.3336856941508115,2.224971865589246,1.7038165703479313
2020-12-24,1.3396758280479222,2.224942856215527,1.7080154734060056
2020-12-25,1.346370683579987,2.2632081070318617,1.7259287838220565
2020-12-28,1.3488372093023264,2.2338165769801135,1.7175814837011325
2020-12-29,1.3389711064129677,2.2943051753677937,1.7316010296163187
2020-12-30,1.3386187455954905,2.2958720759280764,1.7318825734110164
2020-12-31,1.3460183227625095,2.3364049770859343,1.7509071000984626
2021-01-04,1.3639887244538413,2.3422848306978987,1.7657467606968926
2021-01-05,1.369274136715998,2.3680595411974408,1.7782536725665772
2021-01-06,1.373150105708246,2.3427117298956976,1.772456657068337
2021-01-07,1.3643410852713187,2.3018963240701438,1.7523066853390172
2021-01-08,1.354827343199437,2.3405522350774133,1.758828166602045
2021-01-11,1.3199436222692045,2.354732754773676,1.7387161973176815
2021-01-12,1.329457364341086,2.370450360512589,1.7508314561986793
2021-01-13,1.3266384778012692,2.3804669626503294,1.752118920279958
2021-01-14,1.318534178999296,2.4096761573109604,1.7559065979873842
2021-01-15,1.322410147991544,2.376371513018671,1.7478245764274685
2021-01-18,1.3195912614517271,2.433392533218492,1.7646480030063871
2021-01-19,1.3202959830866814,2.442626278357569,1.7681795821600255
2021-01-20,1.3245243128964064,2.4374494204763124,1.7696077183172176
2021-01-21,1.337209302325582,2.45373641193736,1.7842498948522405
2021-01-22,1.33016208597604,2.4032495308784823,1.7625578218529048
2021-01-25,1.3245243128964064,2.381648271748411,1.7513199551228409
2021-01-26,1.3280479210711775,2.345272467538332,1.7418455539286435
2021-01-27,1.3210007047216354,2.351203258808371,1.738744070206197
2021-01-28,1.3150105708245248,2.274108908859452,1.708752141231958
2021-01-29,1.3210007047216352,2.241597240676633,1.7020400940406109
2021-02-01,1.3357998590556732,2.2444126409298675,1.7134894350345233
2021-02-02,1.324171952078929,2.248367157340234,1.7066444169561328
2021-02-03,1.3104298801973222,2.211988605474615,1.6844771239877945
2021-02-04,1.3009161381254406,2.1886523548941215,1.669754015284447
2021-02-05,1.2854122621564483,2.1885848805175345,1.6587860923899793
2021-02-08,1.2973925299506697,2.2026900552067863,1.6720999973960968
2021-02-09,1.3118393234672305,2.2366316794563184,1.6939351405610046
2021-02-10,1.312544045102185,2.2431730857132983,1.6966650211876455
2021-02-18,1.2737843551797046,2.2632131966583726,1.6759294154827247
2021-02-19,1.2706131078224105,2.294947253893786,1.6842092820653751
2021-02-22,1.2847075405214945,2.2783310734532236,1.6889971410875195
2021-02-23,1.2973925299506701,2.276937601457007,1.6977045632621588
2021-02-24,1.2938689217758992,2.272753208698779,1.6937646474024024
2021-02-25,1.2818886539816778,2.312871004378043,1.6985929611736383
2021-02-26,1.2621564482029604,2.2780931424866764,1.6727188235864743
2021-03-01,1.2565186751233268,2.294912897819314,1.674166961814649
2021-03-02,1.2343199436222698,2.27373970234777,1.6509487203548687
2021-03-03,1.2399577167019034,2.2939534954675755,1.661700823336933
2021-03-04,1.2286821705426363,2.2578419099950082,1.64161858044897
2021-03-05,1.217054263565892,2.2595801878730253,1.6336426137005875
2021-03-08,1.2300916138125448,2.191758726586961,1.6212023230833823
2021-03-09,1.2258632840028196,2.130364511454164,1.5977018563001573
2021-03-10,1.2371388301620867,2.1346068020647895,1.6072162191142048
2021-03-11,1.249119097956308,2.173617597882839,1.6289940767970008
2021-03-12,1.2318534178999303,2.1642534893430097,1.6134520224614448
2021-03-15,1.2434813248766743,2.1198361896016658,1.6069275934847242
2021-03-16,1.2441860465116286,2.1372060094662975,1.6133536615945425
2021-03-17,1.2491190979563078,2.1584811191672357,1.6240990357184162
2021-03-18,1.2593375616631437,2.1780095641751727,1.6380185124351563
2021-03-19,1.2547568710359416,2.1575106290947823,1.6278040613213727
2021-03-22,1.2470049330514454,2.177976132181293,1.629221299175294
2021-03-23,1.2522903453136018,2.1834310075710572,1.634855504395501
2021-03-24,1.2501761804087392,2.176502537623572,1.6310030121814145
2021-03-25,1.253347427766033,2.1685955988874257,1.6306121638180109
2021-03-26,1.2508809020436933,2.196723878377662,1.6383648410279752
2021-03-29,1.2505285412262164,2.2092895163029613,1.6423282875993572
2021-03-30,1.2346723044397472,2.210111403242052,1.6311499622893468
2021-03-31,1.2216349541930946,2.176606791586076,1.6105493366909023
2021-04-01,1.2459478505990143,2.202497100366037,1.6367992361147377
2021-04-02,1.2614517265680065,2.2297879469697257,1.6571279243924442
2021-04-06,1.2547568710359418,2.231948597885997,1.6530133633205744
2021-04-07,1.2596899224806213,2.226622158830685,1.654812520229053
2021-04-08,1.2625088090204382,2.2205877841818236,1.6548310922413678
2021-04-09,1.269203664552503,2.2013791675713166,1.6532158819612262
2021-04-12,1.261451726568007,2.1545722739720694,1.6318441254553846
2021-04-13,1.2487667371388314,2.1505469214676514,1.6214469057188605
2021-04-14,1.2632135306553924,2.1857569209233283,1.6437102268630108
2021-04-15,1.261451726568007,2.175825156342595,1.639088409158336
2021-04-16,1.272727272727274,2.1861875607419425,1.6506592813477248
2021-04-19,1.2832980972515868,2.246976069683245,1.6788536613576603
2021-04-20,1.2706131078224112,2.222347809330583,1.6614458724952619
2021-04-21,1.2836504580690637,2.213553658720738,1.6678634685143972
2021-04-22,1.2840028188865409,2.2259855393349572,1.6723304888619386
2021-04-23,1.2815362931642011,2.22837075855435,1.6713700009331927
2021-04-26,1.2748414376321362,2.213029136586222,1.661389659558939
2021-04-27,1.2755461592670905,2.1922099785747178,1.6548614661516667
2021-04-28,1.2692036645525027,2.214764200082099,1.6579973466388338
2021-04-29,1.2727272727272736,2.232166608842771,1.6663914290345632
2021-04-30,1.267441860465117,2.2122862068083737,1.6559066615358613
2021-05-06,1.2850599013389719,2.2121771348791426,1.6685297600136628
2021-05-07,1.2988019732205787,2.1692511801694647,1.6637737320392265
2021-05-10,1.3023255813953496,2.1398792600197862,1.6561188399195048
2021-05-11,1.3012684989429184,2.1695097075928746,1.66569886566913
2021-05-12,1.3044397463002122,2.180352988041737,1.6716778724125336
2021-05-13,1.2988019732205787,2.174774106869295,1.665779338758376
2021-05-14,1.3062015503875977,2.2494150180342762,1.6967262359825777
2021-05-17,1.3202959830866814,2.250109260593052,1.7070314770671389
2021-05-18,1.3287526427061318,2.2644638636030407,1.7179455525812597
2021-05-19,1.3312191684284715,2.2684409914675947,1.7210572575385332
2021-05-20,1.3319238900634258,2.276592976909747,1.7243415551203514
2021-05-21,1.33262861169838,2.2465007757683004,1.7145867251097546
2021-05-24,1.336856941508105,2.2791290503935184,1.7287850941761247
2021-05-25,1.332276250880903,2.344664932941357,1.7478969897123173
2021-05-26,1.3460183227625095,2.3382347922788624,1.7556558993913318
2021-05-27,1.3382663847780134,2.379736681832301,1.7641174911313644
2021-05-28,1.3266384778012692,2.3823280624538943,1.7565515267038077
2021-05-31,1.337209302325582,2.4067739289271435,1.7723606149780564
2021-06-01,1.3463706835799865,2.409011500545333,1.779780566892462
2021-06-02,1.3255813953488378,2.3797313511938287,1.7549312129139025
2021-06-03,1.3195912614517271,2.3804456796617632,1.750806593232748
2021-06-04,1.3033826638477806,2.3987884840489895,1.7450496850764166
2021-06-07,1.3125440451021853,2.424380034359582,1.7601735924173794
2021-06-08,1.3202959830866814,2.4326895611063515,1.7686060393227339
2021-06-09,1.3192389006342502,2.4356443568075834,1.7687939132926305
2021-06-10,1.3160676532769562,2.455684736467297,1.773004466622557
2021-06-11,1.3262861169837918,2.4103758268939153,1.7658550660381749
2021-06-15,1.304439746300212,2.413499853078455,1.7508871880865045
2021-06-16,1.3026779422128265,2.3846004646870087,1.740152204543696
2021-06-17,1.2808315715292464,2.4417637392250033,1.7428731686613232
2021-06-18,1.2670894996476398,2.4615096964633776,1.738930927451626
2021-06-21,1.268146582100071,2.47634992866633,1.7444465638823143
2021-06-22,1.2723749119097962,2.470573492268001,1.7458144788040275
2021-06-23,1.2741367159971817,2.4988987945653727,1.7561511742856726
2021-06-24,1.2674418604651168,2.482198810043744,1.745794702089886
2021-06-25,1.2667371388301625,2.4915896130155986,1.7482329776293875
2021-06-28,1.2681465821000708,2.503780442635635,1.753152011244079
2021-06-29,1.2639182522903456,2.480350541201926,1.742554457698977
2021-06-30,1.2519379844961243,2.47824507476027,1.7328044186627902
2021-07-01,1.2674418604651163,2.4892896851692528,1.7480819089287423
2021-07-02,1.2692036645525018,2.4541115375579623,1.7383017670735164
2021-07-05,1.273431994362227,2.4516305046967566,1.7406960673043712
2021-07-06,1.2854122621564485,2.4771432401474223,1.7578544882430829
2021-07-07,1.283650458069063,2.480601091582635,1.7576335586056924
2021-07-08,1.282945736434109,2.4866790713389517,1.7590407956906837
2021-07-09,1.285764622973926,2.4899347872548794,1.7622028955985352
2021-07-12,1.2832980972515862,2.488300219132792,1.759823049048687
2021-07-13,1.289992952783651,2.4953412632122878,1.7671133794186786
2021-07-14,1.2896405919661738,2.4721142511385943,1.7594460513349637
2021-07-15,1.3002114164904865,2.475910461326478,1.7685938027679393
2021-07-16,1.2977448907681468,2.4848951992676063,1.7696366144285842
2021-07-19,1.2861169837914026,2.4565417475793567,1.7518293058658814
2021-07-20,1.2956307258632844,2.46523472738636,1.7617462556441088
2021-07-21,1.291050035236082,2.4603683239227934,1.7567555359518467
2021-07-22,1.2815362931642005,2.45970328918391,1.7494218157678723
2021-07-23,1.2875264270613112,2.4595032290321286,1.7538551993545954
2021-07-26,1.289640591966174,2.3813904950801192,1.7303733916463275
2021-07-27,1.279069767441861,2.310444125597579,1.699374455437411
2021-07-28,1.2921071176885135,2.2872245051395335,1.7012159441809467
2021-07-29,1.2963354474982385,2.2900266040508885,1.705215733119985
2021-07-30,1.2998590556730096,2.2836947075082055,1.7056432763506753
2021-08-02,1.2857646229739257,2.3399230008049834,1.714369448191887
2021-08-03,1.28646934460888,2.3472753935885433,1.717310312978304
2021-08-04,1.2889358703312197,2.32878461213,1.7130335365923608
2021-08-05,1.2871740662438342,2.3315723101236316,1.712668490291741
2021-08-06,1.279422128259338,2.3296903677571974,1.7063734639183972
2021-08-09,1.245595489781537,2.4096466409006503,1.7079139820040479
2021-08-10,1.2413671599718117,2.4360081000935736,1.7131332683056766
2021-08-11,1.2403100775193803,2.4545990816688685,1.718214305718687
2021-08-12,1.2515856236786473,2.434627214352808,1.7205142575382453
2021-08-13,1.2547568710359411,2.431841188410776,1.7220259545648366
2021-08-16,1.264975334742777,2.440572479834465,1.7325212904061664
2021-08-17,1.278365045806907,2.3940204962002594,1.7277366453717933
2021-08-18,1.2776603241719526,2.4143536520591087,1.7338161907430367
2021-08-19,1.2734319943622274,2.383704822423499,1.7207559108639523
2021-08-20,1.278365045806907,2.350173312843556,1.7135295373926165
2021-08-23,1.2758985200845672,2.3740246049400424,1.7195367284014247
2021-08-24,1.2857646229739257,2.424932973077102,1.7434429797303181
2021-08-25,1.2755461592670898,2.471599065688081,1.75092037319581
2021-08-26,1.272374911909796,2.3967766202121323,1.7246737203088962
2021-08-27,1.2857646229739257,2.3910685180994657,1.7328075607382651
2021-08-30,1.2892882311486966,2.383744842870757,1.733030995554014
2021-08-31,1.2889358703312197,2.3545739192928288,1.7232269615224243
2021-09-01,1.28646934460888,2.4143023968775363,1.7410841809148234
2021-09-02,1.2885835095137426,2.375654345452993,1.73011583955017
2021-09-03,1.2871740662438342,2.398644519057162,1.7366093917678895
2021-09-06,1.2956307258632846,2.471185110052896,1.7665181736956048
2021-09-07,1.2906976744186052,2.4768465621230553,1.764640092016725
2021-09-08,1.27554615926709,2.4426304067189175,1.7422769182562694
2021-09-09,1.2706131078224105,2.4338893535623383,1.7357653058602784
2021-09-10,1.279069767441861,2.458905409627686,1.7501474506725614
2021-09-13,1.271670190274842,2.4379960385918507,1.7378817071487942
2021-09-14,1.2741367159971817,2.4257604109311304,1.73581076387171
2021-09-15,1.2787174066243838,2.3698400027825133,1.7212361901533346
2021-09-16,1.2670894996476396,2.3930423135628627,1.7202110592114792
2021-09-17,1.2551092318534183,2.455383098096316,1.7314314105425799
2021-09-22,1.2713178294573648,2.427282342263923,1.7348123827940465
2021-09-23,1.2593375616631435,2.434139949374952,1.7280265292978125
2021-09-24,1.2551092318534183,2.4860309940239187,1.7414125808786727
2021-09-27,1.2551092318534183,2.573714890346315,1.7690519096937605
2021-09-28,1.2448907681465826,2.5481013745501535,1.7532079183566316
2021-09-29,1.2420718816067657,2.5228672841191275,1.743211489126186
2021-09-30,1.2374911909795636,2.5509652133977796,1.7484122143695935
2021-10-08,1.2526427061310788,2.5869634714318472,1.7712889376999605
2021-10-11,1.2473572938689221,2.564613636431041,1.7602920513952525
2021-10-12,1.2544045102184642,2.573718460573432,1.7685740896787974
2021-10-13,1.2533474277660328,2.63794678442918,1.7876153950634612
2021-10-14,1.2695560253699794,2.616405173477618,1.7937612382319723
2021-10-15,1.2674418604651168,2.5825799910222056,1.781682849376205
2021-10-18,1.250880902043693,2.4741580212564642,1.7352193023688391
2021-10-19,1.2551092318534183,2.5068360416384783,1.7487585854275989
2021-10-20,1.2515856236786473,2.504075357519072,1.7451917397481795
2021-10-21,1.2579281183932352,2.5107790963421035,1.7521583205707898
2021-10-22,1.2632135306553915,2.526412808786258,1.7611169509176126
2021-10-25,1.2596899224806206,2.542746983929214,1.7635389147863243
2021-10-26,1.2639182522903458,2.5355030013191557,1.7645338286082053
2021-10-27,1.2551092318534183,2.488544705072091,1.7430639948459172
2021-10-28,1.2670894996476396,2.462876724638538,1.7441243969445626
2021-10-29,1.261451726568006,2.4847249123726693,1.7468186993892334
2021-11-01,1.2551092318534183,2.4684976205356044,1.7368544398248702
2021-11-02,1.2632135306553915,2.428202473156994,1.7302642694513055
2021-11-03,1.254052149400987,2.4525217890722684,1.7311606648452513
2021-11-04,1.2494714587737847,2.4654408236235614,1.7317863975512906
2021-11-05,1.264975334742777,2.4458991277102844,1.7374281755927083
2021-11-08,1.2780126849894295,2.4155547582895482,1.7375771139057368
2021-11-09,1.2818886539816778,2.430069474854607,1.7451738525592917
2021-11-10,1.2808315715292464,2.4601022843536295,1.7540880722916337
2021-11-11,1.2991543340380556,2.475625897396984,1.772870001421919
2021-11-12,1.299506694855533,2.47718968689626,1.7736384098156182
2021-11-15,1.2970401691331932,2.5031683310725708,1.7801570425067836
2021-11-16,1.3026779422128267,2.5390072890681252,1.7958820631657004
2021-11-17,1.2984496124031015,2.5550429038819287,1.7977800139696507
2021-11-18,1.3047921071176891,2.5233426879145933,1.79257265898907
2021-11-19,1.3019732205778722,2.533197080323035,1.7935929125888255
2021-11-22,1.2906976744186052,2.5384563831612303,1.7867253798663492
2021-11-23,1.2681465821000713,2.5556190330074893,1.774991715437946
2021-11-24,1.2614517265680063,2.5764529637495412,1.7763494208118111
2021-11-25,1.260747004933052,2.5779924032146875,1.776281233810606
2021-11-26,1.2670894996476398,2.5795246687643685,1.7816711329706518
2021-11-29,1.2618040873854834,2.5750608333971012,1.776196173030719
2021-11-30,1.2579281183932354,2.5742665306643984,1.7729487906518744
2021-12-01,1.2544045102184644,2.5751927532350796,1.7705044155359824
2021-12-02,1.2484143763213538,2.566743587062296,1.763240306299704
2021-12-03,1.2455954897815371,2.5904134661967713,1.768367640018145
2021-12-06,1.2540521494009875,2.5555511084028413,1.764261292461476
2021-12-07,1.2512332628611706,2.5644610445027833,1.764848127983927
2021-12-08,1.2529950669485561,2.5866769739485447,1.7730948756154723
2021-12-09,1.2480620155038766,2.619788589086223,1.7794691865858452
2021-12-10,1.2455954897815371,2.6032618744435845,1.7724834470904958
2021-12-13,1.2529950669485561,2.613877237889229,1.7815271877505978
2021-12-14,1.2529950669485561,2.594233326673115,1.775502316869482
2021-12-15,1.2410147991543348,2.5656716509747817,1.7573689818699085
2021-12-16,1.2515856236786478,2.6198231561222594,1.7822930699164512
2021-12-17,1.267441860465117,2.5863183282496367,1.7844547613970885
2021-12-20,1.2646229739253,2.541317477697596,1.7682999992511168
2021-12-21,1.2565186751233268,2.5579323645139818,1.7672697834446278
2021-12-22,1.253347427766033,2.5641281688303836,1.766742919056405
2021-12-23,1.2663847780126858,2.54315990128176,1.7703492284295312
2021-12-24,1.267441860465117,2.5408081542768453,1.7704252969641412
2021-12-27,1.2670894996476398,2.5578045689748667,1.7754839559497013
2021-12-28,1.270965468639888,2.576527061290725,1.7843193195304652
2021-12-29,1.2653276955602544,2.561200082792734,1.7751896459994563
2021-12-30,1.2596899224806208,2.5752171082188138,1.7752113119641262
2021-12-31,1.2723749119097962,2.579187953715056,1.7862750274606713
2022-01-04,1.2635658914728687,2.516819397594221,1.7600355923004165
2022-01-05,1.2695560253699796,2.4812657969434815,1.7534363061221683
2022-01-06,1.2618040873854834,2.465195296929621,1.7424372753181574
2022-01-07,1.2551092318534185,2.459517332130426,1.7355465588840928
2022-01-10,1.2575757575757582,2.4880799138319296,1.7464922020665998
2022-01-11,1.2663847780126856,2.486724444946579,1.7527926141478698
2022-01-12,1.2727272727272734,2.5181542652997955,1.7675899714341679
2022-01-13,1.2748414376321358,2.4732633148707084,1.75502506597041
2022-01-14,1.2748414376321358,2.4923141201271948,1.7611083601542368
2022-01-17,1.2692036645525022,2.5141634111042017,1.7637724198843965
2022-01-18,1.2670894996476398,2.5265248367261206,1.766058911269529
2022-01-19,1.2656800563777313,2.492777143798771,1.7543630072284537
2022-01-20,1.282593375616632,2.483021183322943,1.7641672733033422
2022-01-21,1.2811839323467236,2.4788987934486415,1.7617830016576392
2022-01-24,1.279069767441861,2.5025602506864293,1.767751439898944
2022-01-25,1.2804792107117693,2.4199199905180415,1.7425539673281074
2022-01-26,1.282593375616632,2.4252886249199763,1.7458760123786854
2022-01-27,1.2596899224806206,2.3636441447208703,1.7087599992850218
2022-01-28,1.2561663143058495,2.328963565594114,1.6948488328697078
2022-02-07,1.2646229739252997,2.404031024082508,1.72570715521906
2022-02-08,1.2713178294573646,2.3955773315260536,1.7280010773604304
2022-02-09,1.2769556025369981,2.40987446824718,1.7368565413369532
2022-02-10,1.279774489076815,2.3956963711047705,1.7343669791003942
2022-02-11,1.2730796335447503,2.360584694609766,1.7179382425646346
2022-02-14,1.2931642001409447,2.3476153203155756,1.7285974280563106
2022-02-15,1.3065539112050744,2.388904304941104,1.7521223519866516
2022-02-16,1.2892882311486964,2.4052127013380504,1.7447703728311428
2022-02-17,1.3009161381254406,2.4412044850786905,1.765174076169048
2022-02-18,1.3125440451021848,2.4562192042038604,1.7787372791355622
2022-02-21,1.309725158562368,2.4509805225998735,1.7749290407769245
2022-02-22,1.3262861169837914,2.444009321631772,1.7850010900233084
2022-02-23,1.3160676532769557,2.53426295164128,1.8070999703750688
2022-02-24,1.344961240310078,2.5046373414299308,1.819414368159307
2022-02-25,1.3287526427061314,2.5540233796528082,1.823498563881197
2022-02-28,1.3206483439041583,2.5776872730872435,1.8249844505524078
2022-03-01,1.3220577871740666,2.5936278356831037,1.831134292184743
2022-03-02,1.3393234672304444,2.565564033233363,1.835370998256243
2022-03-03,1.3357998590556734,2.5219945588237884,1.8186891743146463
2022-03-04,1.3403805496828756,2.4958841396518188,1.8136462375260693
2022-03-07,1.3699788583509518,2.4092614725576786,1.8073480210137092
2022-03-08,1.396053558844257,2.369909029761384,1.8129831298577679
2022-03-09,1.4200140944326995,2.355757818916105,1.8252255432368358
2022-03-10,1.3735024665257227,2.4278982710930204,1.8174965837622643
2022-03-11,1.3752642706131082,2.421814096944147,1.8167292653170566
2022-03-14,1.366807610993658,2.3398305259772383,1.7829099901411225
2022-03-15,1.340732910500353,2.2536725702375713,1.734660108574479
2022-03-16,1.325933756166315,2.3764644266087775,1.766660063319054
2022-03-17,1.3424947145877386,2.4401972084157033,1.80011665234769
2022-03-18,1.343904157857647,2.445332389739877,1.802860774316862
2022-03-21,1.34108527131783,2.4724315700426645,1.8097716025965487
2022-03-22,1.3498942917547576,2.444138167469272,1.8069901967547897
2022-03-23,1.3396758280479217,2.5126694699861547,1.8222667934478605
2022-03-24,1.3551797040169142,2.529274447050749,1.8392847538285657
2022-03-25,1.3653981677237501,2.4402014470972544,1.8177643817433164
2022-03-28,1.3520084566596204,2.4164007225002577,1.7999818037156077
2022-03-29,1.3424947145877388,2.4493129925748183,1.8040478817118286
2022-03-30,1.339675828047922,2.5153798897329582,1.823862252379189
2022-03-31,1.3379140239605365,2.457189499967352,1.8035562265003378
2022-04-01,1.344608879492601,2.459503882618467,1.8092843565778949
2022-04-06,1.3396758280479217,2.4866396255367036,1.8146163844959224
2022-04-07,1.341437632135307,2.4267251817460886,1.796253844818155
2022-04-08,1.3439041578576467,2.3966670336937472,1.788058364126263
2022-04-11,1.3565891472868221,2.296694712142434,1.7637774649447133
2022-04-12,1.364341085271318,2.3400108800778447,1.7842901196430996
2022-04-13,1.371035940803383,2.283117908641444,1.7695839263608002
2022-04-14,1.3713883016208601,2.312536393830657,1.780094728507485
2022-04-15,1.3766737138830167,2.2943793905021943,1.7775786245774312
2022-04-18,1.385130373502467,2.335093844068595,1.7977789159024316
2022-04-19,1.3738548273431999,2.311376214847966,1.7815127958694807
2022-04-20,1.3565891472868221,2.268639638238171,1.7543761179619093
2022-04-21,1.3742071881606768,2.213176803398547,1.7476067333698901
2022-04-22,1.3794926004228332,2.171847320914153,1.7366177102019882
2022-04-25,1.371740662438337,2.020515160050451,1.6767977784477082
2022-04-26,1.3590556730091619,1.9578711220924128,1.6448751559477326
2022-04-27,1.359408033826639,2.0901064025239213,1.6951026536144862
2022-04-28,1.3565891472868221,2.0810816437084902,1.6898757736170797
2022-04-29,1.3763213530655396,2.187317259866913,1.7422141349057374
2022-05-05,1.3727977448907684,2.180797315053337,1.7374240078017498
2022-05-06,1.3696264975334747,2.14727567990749,1.7231986617743196
2022-05-09,1.375616631430585,2.125675331435193,1.7195432662355028
2022-05-10,1.3661028893587035,2.179090176729639,1.7324467092268743
2022-05-11,1.3583509513742076,2.2648318007840635,1.7577151011105794
2022-05-12,1.3717406624383373,2.262784154928799,1.7665294855161242
2022-05-13,1.3576462297392535,2.26560321542079,1.757536892868109
2022-05-16,1.3442565186751236,2.2560480095760815,1.744667813189459
2022-05-17,1.3537702607470052,2.274052045974441,1.757724355318406
2022-05-18,1.3393234672304444,2.2751506664093153,1.7477898049008385
2022-05-19,1.3442565186751236,2.269709285457505,1.7494493957335402
2022-05-20,1.3520084566596198,2.2995082130274715,1.7653339129012178
2022-05-23,1.352713178294574,2.3146719913834,1.771078561910068
2022-05-24,1.355532064834391,2.211859525740015,1.7377081745737017
2022-05-25,1.3565891472868223,2.242209246861986,1.7491831612650024
2022-05-26,1.3615221987315018,2.2641689389250845,1.7603905251472796
2022-05-27,1.3675123326286125,2.2520088660481856,1.7603957657967686
2022-05-30,1.3558844256518685,2.300789238886567,1.7693222787073886
2022-05-31,1.3530655391120516,2.350332536703112,1.7844437521132852
2022-06-01,1.3442565186751243,2.3511961955897243,1.7783492145342585
2022-06-02,1.35447498238196,2.388594906637769,1.7985133416017125
2022-06-06,1.3502466525722348,2.4659921204696253,1.8216499712967218
2022-06-07,1.3446088794926012,2.455419158409641,1.8139519886666402
2022-06-08,1.350951374207189,2.476098750365297,1.8255327100477965
2022-06-09,1.3544749823819597,2.4113330725283837,1.806664333759345
2022-06-10,1.3491895701198033,2.437769868419259,1.8117002305134589
2022-06-13,1.3710359408033832,2.430282331221251,1.825330662232381
2022-06-14,1.3456659619450322,2.411998618968882,1.8005740463520765
2022-06-15,1.3382663847780132,2.4472302627408546,1.8069637789539912
2022-06-16,1.3421423537702613,2.475716171512236,1.8193070960598332
2022-06-17,1.35200845665962,2.461296713666294,1.8218943230733908
2022-06-20,1.3463706835799865,2.486398256703238,1.826077152174069
2022-06-21,1.3442565186751239,2.484218825837342,1.82377977936636
2022-06-22,1.3439041578576467,2.4421724529011355,1.8096261661518418
2022-06-23,1.345313601127555,2.4793227377494302,1.82305759954407
2022-06-24,1.3365045806906277,2.4691635377182815,1.813130560962584
2022-06-27,1.3446088794926008,2.489128510232885,1.8257747285011363
2022-06-28,1.337914023960536,2.507632449618063,1.826882584242014
2022-06-29,1.3354474982381963,2.47916232456828,1.8156966129661787
2022-06-30,1.3329809725158566,2.4925407127337067,1.8182613193037218
2022-07-01,1.3206483439041583,2.4724641036833144,1.8024185202834462
2022-07-04,1.327343199436223,2.507297149025259,1.8188708711197303
2022-07-05,1.3255813953488376,2.472061575113879,1.8060406133087878
2022-07-06,1.2998590556730094,2.436727673421796,1.775149197591544
2022-07-07,1.2829457364341086,2.4469543123506377,1.7657980352853473
2022-07-08,1.2822410147991543,2.4466124683014816,1.7651535531935831
2022-07-11,1.2815362931642003,2.420562014639148,1.7561624206206123
2022-07-12,1.2822410147991545,2.3851153005567522,1.7451208063965118
2022-07-13,1.2741367159971813,2.3844867843008566,1.7388474252264596
2022-07-14,1.2730796335447498,2.3738515169658148,1.734563963401467
2022-07-15,1.2653276955602537,2.3178783545200017,1.7103501621359938
2022-07-18,1.2692036645525016,2.3732916134120994,1.7316318220773181
2022-07-19,1.266737138830162,2.3726394623859655,1.7295668423963755
2022-07-20,1.266737138830162,2.3966041318288203,1.7374280552951322
2022-07-21,1.255813953488372,2.4043642510176833,1.731719537091808
2022-07-22,1.2766032417195208,2.4018352564568954,1.7466670691032906
2022-07-25,1.2794221282593374,2.3944526760435374,1.7463723837071154
2022-07-26,1.2801268498942915,2.445956578758562,1.7638051990586086
2022-07-27,1.2769556025369977,2.432606616439642,1.7570699366086233
2022-07-28,1.2903453136011274,2.4730656122066996,1.780353725040655
2022-07-29,1.3065539112050737,2.456651257954869,1.7873363268239837
2022-08-01,1.3058491895701194,2.4731140555364823,1.7921959808734684
2022-08-02,1.316067653276955,2.44048453870178,1.78926872999713
2022-08-03,1.3114869626497527,2.445081616086859,1.7873601695724755
2022-08-04,1.312191684284707,2.4490222166332543,1.7891846705991281
2022-08-05,1.3224101479915429,2.5365015401191755,1.8256072369857146
2022-08-08,1.315715292459478,2.5255386261595256,1.8169732712947202
2022-08-09,1.3213530655391117,2.529250687247716,1.8224571443977187
2022-08-10,1.3241719520789283,2.516817607577717,1.8205640868106274
2022-08-11,1.3178294573643405,2.5554066420251775,1.828329215417614
2022-08-12,1.3241719520789281,2.5500386421410703,1.8314406093594542
2022-08-15,1.3262861169837905,2.5286796072072355,1.8261458089232319
2022-08-16,1.3241719520789281,2.543519487697918,1.8293674146631562
2022-08-17,1.3195912614517258,2.560794160072421,1.8314778294057104
2022-08-18,1.313248766737138,2.5370879990910926,1.8190066906493156
2022-08-19,1.3128964059196608,2.5352888030545673,1.8181577732591407
2022-08-22,1.30937279774489,2.5676953091854684,1.8259319706791175
2022-08-23,1.3136011275546151,2.5603935877517636,1.8268384440995118
2022-08-24,1.320648343904157,2.5329653768474527,1.8234222922465109
2022-08-25,1.324876673713882,2.5451021060967483,1.8305648538488284
2022-08-26,1.3255813953488362,2.546079477369383,1.8314167298969268
2022-08-29,1.3143058491895692,2.5157517787404897,1.813031960633864
2022-08-30,1.320648343904157,2.5137279358738893,1.8171876922434054
2022-08-31,1.3111346018322754,2.506986865448156,1.807794868504868
2022-09-01,1.302677942212825,2.483414051638955,1.7937325481411928
2022-09-02,1.3016208597603935,2.4663053289444714,1.7873711736134381
2022-09-05,1.314305849189569,2.4890545559914754,1.8043705894938311
2022-09-06,1.3206483439041568,2.512104161981784,1.8166787952850427
2022-09-07,1.3121916842847066,2.5040264843023774,1.8076519825987554
2022-09-08,1.321705426356588,2.503838234108811,1.814799107996278
2022-09-09,1.321000704721634,2.5638743209306663,1.8338484640333013
2022-09-13,1.322057787174065,2.5507486571540414,1.8304308275699244
2022-09-14,1.3121916842847066,2.521167481498101,1.813365441047102
2022-09-15,1.3058491895701188,2.4884899687704665,1.797968155495515
2022-09-16,1.3019732205778707,2.4228748142494227,1.7736994619615876
2022-09-19,1.3062015503875959,2.4155663811178614,1.7744600312178167
2022-09-20,1.3072586328400273,2.4389125147563635,1.7829673162411186
2022-09-21,1.3114869626497525,2.4198373341017,1.7798639608417732
2022-09-22,1.309725158562367,2.3969599668091934,1.770976758444797
2022-09-23,1.3157152924594777,2.377937208450653,1.7691069232628924
2022-09-26,1.3040873854827335,2.368890502648453,1.757479053022951
2022-09-27,1.3079633544749816,2.4128958515474976,1.7750433912798906
2022-09-28,1.30937279774489,2.350591188016476,1.7554699589481542
2022-09-29,1.3199436222692027,2.374414061313556,1.7712708348875836
2022-09-30,1.3195912614517256,2.346367707305673,1.7615958335932136
2022-10-10,1.3294573643410843,2.2982210397442357,1.7525734726831868
2022-10-11,1.3266384778012674,2.311122626336282,1.7549569666565128
2022-10-12,1.329105003523607,2.3497745558227954,1.7699592435188443
2022-10-13,1.3312191684284695,2.3658128229504265,1.7769440684349664
2022-10-14,1.3301620859760381,2.463522007614695,1.8091928900304937
2022-10-17,1.3238195912614503,2.495291000053893,1.8149471657898166
2022-10-18,1.3269908386187441,2.484148843441377,1.813691526437537
2022-10-19,1.3234672304439732,2.470539236756968,1.806571343124075
2022-10-20,1.318534178999294,2.513545909527484,1.8170195768863635
2022-10-21,1.3167723749119085,2.4856169906702155,1.8065989440191599
2022-10-24,1.3333333333333317,2.4658613698493754,1.8126342938471318
2022-10-25,1.3361522198731486,2.452591622817741,1.81035249157197
2022-10-26,1.3340380549682862,2.5052334413440187,1.826262657256213
2022-10-27,1.3308668076109924,2.5234069082491475,1.8298365472621057
2022-10-28,1.333333333333332,2.443789774790491,1.8057214560274553
2022-10-31,1.3284002818886527,2.4870727361717107,1.8164388652825452
2022-11-01,1.3287526427061298,2.542548797830894,1.8349365398529014
2022-11-02,1.3322762508809007,2.583532673978415,1.8509227698293156
2022-11-03,1.3287526427061296,2.6010882964825037,1.8538901666103629
2022-11-04,1.3291050035236067,2.6574121064920346,1.8722253682475336
2022-11-07,1.33720930232558,2.660944647127416,1.879624123512654
2022-11-08,1.3400281888653969,2.642648363944784,1.8759875832099924
2022-11-09,1.369626497533473,2.6095474326606403,1.8882035531997292
2022-11-10,1.3689217758985188,2.5683047047956933,1.8742402068112365
2022-11-11,1.3780831571529235,2.598772275473315,1.8911442298712922
2022-11-14,1.3646934460887938,2.5698695250452785,1.8715734133101183
2022-11-15,1.3717406624383357,2.6399097554118343,1.8998428780161827
2022-11-16,1.380197322057786,2.6120488908843678,1.8972619945024796
2022-11-17,1.3809020436927402,2.5823500494184706,1.8880875066866893
2022-11-18,1.379844961240309,2.5601440687810113,1.8799864081759343
2022-11-21,1.372797744890767,2.5492661242952503,1.871110955043887
2022-11-22,1.3717406624383355,2.5191240865916784,1.8603628714278888
2022-11-23,1.3710359408033814,2.5278096597406647,1.862723627368288
2022-11-24,1.377378435517969,2.526564700463501,1.8670501862641802
2022-11-25,1.3819591261451714,2.5131573436520176,1.8660068079542884
2022-11-28,1.3819591261451714,2.4947787214429247,1.8598660920089356
2022-11-29,1.3784355179704002,2.541008460967656,1.8727669099208455
2022-11-30,1.3770260747004919,2.5559045532622515,1.8766541221189006
2022-12-01,1.3809020436927397,2.594208455966851,1.892215343959936
2022-12-02,1.389006342494713,2.5811170368799705,1.8940261624271155
2022-12-05,1.3766737138830145,2.6071464904043706,1.8933722464874116
2022-12-06,1.3611698379140222,2.6381400402616624,1.8917733947582613
2022-12-07,1.3604651162790682,2.6510737888498537,1.895408281771223
2022-12-08,1.3646934460887934,2.641000791543308,1.8954074962306973
2022-12-09,1.3689217758985184,2.6703822636659886,1.9081264633156396
2022-12-12,1.3685694150810415,2.6294763974696487,1.8947031173677806
2022-12-13,1.3685694150810415,2.6070139423529537,1.8874195921387915
2022-12-14,1.3833685694150797,2.5960165111451943,1.8950621243937351
2022-12-15,1.3720930232558126,2.6218418378325925,1.8950501712624916
2022-12-16,1.366102889358702,2.576539754530331,1.8757650869676605
2022-12-19,1.3759689922480607,2.5564005349348204,1.8766181312800596
2022-12-20,1.3756166314305838,2.527121952992927,1.8666819686853706
2022-12-21,1.3883016208597592,2.5050410057543204,1.8688096263892597
2022-12-22,1.387949260042282,2.462342600276361,1.85421452111112
2022-12-23,1.3777307963354464,2.430359346855678,1.8358684032128136
2022-12-26,1.3791402396053547,2.5148054182773336,1.8656067340678106
2022-12-27,1.3816067653276942,2.551249857857465,1.879608162739114
2022-12-28,1.384073291050034,2.5304099006244303,1.8745446008607851
2022-12-29,1.3819591261451714,2.513983784448633,1.8674938947356028
2022-12-30,1.3897110641296673,2.516686036746566,1.874158719863815
2023-01-03,1.3904157857646215,2.538907788149408,1.8821282046710537
2023-01-04,1.396053558844255,2.491869544344177,1.8706339993550611
2023-01-05,1.396053558844255,2.5401110523830566,1.8869305957780682
2023-01-06,1.3865398167723735,2.5984141750154155,1.8993479855612196
2023-01-09,1.4006342494714574,2.6142377762001274,1.915171877148331
2023-01-10,1.4006342494714574,2.6235630480791987,1.9182461094830743
2023-01-11,1.4045102184637055,2.640857842553428,1.9268560772530758
2023-01-12,1.402396053558843,2.661440908500967,1.932018972178727
2023-01-13,1.4048625792811826,2.6620407345262005,1.9340838291876712
2023-01-16,1.4122621564482016,2.671080163695349,1.9426420909478725
2023-01-17,1.4189570119802666,2.668218513738409,1.9467705548979586
2023-01-18,1.4143763213530642,2.680015388828644,1.9471872603310478
2023-01-19,1.4200140944326978,2.688534124029132,1.9542413420146094
2023-01-20,1.4305849189570103,2.7347789330126786,1.977369067670065
2023-01-30,1.4295278365045794,2.7656713083432303,1.9866169212124578
2023-01-31,1.4189570119802664,2.770394378885081,1.980063950335497
2023-02-01,1.4270613107822394,2.801110514503644,1.9961630025171773
2023-02-02,1.4362226920366437,2.791268765010199,2.0000550842790985
2023-02-03,1.4207188160676516,2.7477647389582844,1.974152806372105
2023-02-06,1.4020436927413655,2.7233956005821485,1.9520016593811313
2023-02-07,1.3995771670190258,2.7260729730569224,1.950976498520808
2023-02-08,1.3992248062015487,2.717638433095177,1.9479899810184595
2023-02-09,1.4016913319238884,2.738348346054648,1.956558758058155
2023-02-10,1.3925299506694837,2.693542122487181,1.9351189905965627
2023-02-13,1.4031007751937967,2.693097029808479,1.9430544128587768
2023-02-14,1.4009866102889341,2.697902830830464,1.9430044580966843
2023-02-15,1.396405919661732,2.6699186636689616,1.9304411018238667
2023-02-16,1.3953488372093006,2.637151500502761,1.9189760671867686
2023-02-17,1.3918252290345297,2.6444237919311155,1.9186921454288655
2023-02-20,1.3981677237491172,2.6964865471369786,1.9404996487197206
2023-02-21,1.397463002114163,2.7388752420446925,1.953688778465141
2023-02-22,1.400986610288934,2.7398636920618906,1.9567154156214082
2023-02-23,1.3985200845665942,2.7585207633694,1.9608166131200344
2023-02-24,1.4016913319238882,2.7422270175280294,1.9580501988456738
2023-02-27,1.3995771670190253,2.745256457082973,1.9573992823390327
2023-02-28,1.3999295278365025,2.746852211489948,1.9581823280404684
2023-03-01,1.4048625792811817,2.749056642339306,1.9626846209510511
2023-03-02,1.4034531360112734,2.736089692590216,1.9574356447468892
2023-03-03,1.4094432699083839,2.740400025555118,1.9634183312409774
2023-03-06,1.4196617336152195,2.7301357378102367,1.967938130813091
2023-03-07,1.4214235377026048,2.7061322031340382,1.9614953407203954
2023-03-08,1.4062720225510899,2.6948660172119885,1.9463209969140391
2023-03-09,1.406624383368567,2.684059613633373,1.9430770862870446
2023-03-10,1.4157857646229715,2.640376093954714,1.9358067504801235
2023-03-13,1.426004228329807,2.609854299525883,1.93342144764489
2023-03-14,1.4432699083861849,2.590851954453348,1.9399618343644562
2023-03-15,1.4453840732910475,2.6048681101666435,1.9462475099186798
2023-03-16,1.4563072586328372,2.547797386447295,1.935148729041743
2023-03-17,1.4647639182522876,2.5467509289468464,1.940971547701487
2023-03-20,1.5077519379844933,2.5344537788563346,1.9680841918334717
2023-03-21,1.4950669485553179,2.58610018600022,1.9770246625705477
2023-03-22,1.4739252995066918,2.6041797166258807,1.9678679783982456
2023-03-23,1.4827343199436192,2.589581111921845,1.9693723903641822
2023-03-24,1.4901338971106382,2.591733079154983,1.9755143237628756
2023-03-27,1.4809725158562337,2.606584177686589,1.9739283160874714
2023-03-28,1.4739252995066916,2.5766491804591727,1.958560991659527
2023-03-29,1.478505990133894,2.5834692789713936,1.9642415991634778
2023-03-30,1.4813248766737106,2.596960474668488,1.9709172182511139
2023-03-31,1.4904862579281155,2.5993985690162025,1.9784539940995516
2023-04-03,1.4721634954193064,2.6063291688296037,1.9674509708222498
2023-04-04,1.4894291754756843,2.563796459534276,1.9656938417181695
2023-04-06,1.5116279069767413,2.574102675789287,1.9853630852987059
2023-04-07,1.5084566596194473,2.6051974542348937,1.9938645829291535
2023-04-10,1.4957716701902721,2.6581687876290854,2.002886295996551
2023-04-11,1.5028188865398138,2.6543888319185998,2.006794682535611
2023-04-12,1.5133897110641268,2.623183564772643,2.003941928755652
2023-04-13,1.5151515151515123,2.6117784687716474,2.0013042726985715
2023-04-14,1.5225510923185313,2.6623377455054524,2.0241135924749334
2023-04-17,1.5073995771670161,2.676810998967604,2.017986727519145
2023-04-18,1.5007047216349514,2.6848471646579277,2.0157835571684055
2023-04-19,1.49964763918252,2.6621292341099125,2.0073271314312655
2023-04-20,1.5021141649048595,2.5955083113214585,1.9865375710821267
2023-04-21,1.4947145877378405,2.561164109079877,1.9693265368598791
2023-04-24,1.4933051444679324,2.5369277193930593,1.9599190841629703
2023-04-25,1.5045806906271992,2.4329062189469206,1.93189533471239
2023-04-26,1.5081042988019706,2.537932253054844,1.9719127861019683
2023-04-27,1.510218463706833,2.5562710221944167,1.979845139810344
2023-04-28,1.4968287526427035,2.5469458960636597,1.9669406773307516
2023-05-04,1.5331219168428443,2.529680578730627,1.987171081471458
2023-05-05,1.539112050739955,2.4980062412073925,1.9802446862952896
2023-05-08,1.5221987315010543,2.5102352029676887,1.972638594078088
2023-05-09,1.525722339675825,2.473952926127105,1.9623196564217567
2023-05-10,1.5320648343904129,2.5129375781273398,1.9807212945750634
2023-05-11,1.5334742776603214,2.5250063849975315,1.986004236213678
2023-05-12,1.5236081747709624,2.4847586342922217,1.9647312486245139
2023-05-15,1.528541226215642,2.5513096449639003,1.991910201344095
2023-05-16,1.5232558139534857,2.545509958532336,1.9860843684217973
2023-05-17,1.5169133192388977,2.537073014427606,1.978573841313564
2023-05-18,1.5147991543340353,2.5052299764014467,1.9658821960362896
2023-05-19,1.5084566596194473,2.5011555353841612,1.9599162754368418
2023-05-22,1.5165609584214206,2.5149940038285585,1.970587413132795
2023-05-23,1.5098661028893559,2.495675127387824,1.9589912155560811
2023-05-24,1.5169133192388975,2.501742774301641,1.9661634029735533
2023-05-25,1.511275546159264,2.5044416221640526,1.9630987823650883
2023-05-26,1.5024665257223369,2.468473382178142,1.9441182151737872
2023-05-29,1.5038759689922452,2.4171402404567677,1.92692826714689
2023-05-30,1.499295278365043,2.413805829598544,1.9225039890075677
2023-05-31,1.5197322057787146,2.389158664294735,1.9280833852817507
2023-06-01,1.520789288231146,2.3824542183716355,1.9263862408506423
2023-06-02,1.524665257223394,2.442468240092425,1.9509231249601584
2023-06-05,1.5070472163495392,2.4130118263072324,1.927936396569279
2023-06-06,1.5204369274136689,2.3824875093706566,1.9263827795758213
2023-06-07,1.5197322057787146,2.3778604891617747,1.9242081476570287
2023-06-08,1.5109231853417875,2.398979560247464,1.9257641746450922
2023-06-09,1.5253699788583481,2.415084085429571,1.9417090106345014
2023-06-12,1.5260747004933026,2.432104903290748,1.9483604723191819
2023-06-13,1.5306553911205047,2.444401502312861,1.9560098643471657
2023-06-14,1.5211416490486231,2.4379916091705938,1.9470150902512826
2023-06-15,1.5119802677942187,2.470805214838309,1.9523580683519546
2023-06-16,1.5239605355884398,2.5252209296036994,1.9802153321735068
2023-06-19,1.5225510923185313,2.510023846070431,1.9738453266015505
2023-06-20,1.5232558139534855,2.501527174021487,1.9713410644964708
2023-06-21,1.517618040873852,2.4484394488635006,1.948501934571511
2023-06-26,1.5172656800563749,2.412825348407847,1.935499125747053
2023-06-27,1.5169133192388975,2.4339615807511072,1.9428816019254922
2023-06-28,1.510923185341787,2.416742654831759,1.9324767071309725
2023-06-29,1.514446793516558,2.412269934219815,1.9333459815647371
2023-06-30,1.5172656800563749,2.4249467482443094,1.9398972105700714
2023-07-03,1.5190274841437603,2.4407327062352304,1.9468188823657608
2023-07-04,1.5204369274136689,2.463535530855512,1.9559971578997564
2023-07-05,1.5214940098660998,2.419386530127754,1.940971071522582
2023-07-06,1.521141649048623,2.4126216479800022,1.938281612740826
2023-07-07,1.518675123326283,2.401124226629167,1.9323963857569606
2023-07-10,1.5232558139534855,2.430750531459004,1.9463314062552055
2023-07-11,1.5236081747709624,2.4374627791650614,1.9489975912506703
2023-07-12,1.5239605355884396,2.422012675309582,1.943686234893819
2023-07-13,1.536645525017615,2.4562411711746606,1.964945397407695
2023-07-14,1.528893587033119,2.442798753959537,1.9546543205757043
2023-07-17,1.5348837209302295,2.426479418554602,1.9529901458221766
2023-07-18,1.5408738548273402,2.434470714175988,1.9600765341434616
2023-07-19,1.559901338971103,2.4351164347402743,1.9736226906577417
2023-07-20,1.5574348132487634,2.439337090667873,1.9734456513556806
2023-07-21,1.5510923185341756,2.447415765533196,1.971966564571276
2023-07-24,1.5479210711768816,2.4312468172626875,1.9638865666076548
2023-07-25,1.5408738548273397,2.5037401679175453,1.9853200835942515
2023-07-26,1.5468639887244502,2.5203389132955265,1.995487763848206
2023-07-27,1.549682875264267,2.511062342699221,1.9941826553782032
2023-07-28,1.5359408033826605,2.5646913790149464,2.0036220848333715
2023-07-31,1.537702607470046,2.5736209062617244,2.0080253466783944
2023-08-01,1.5433403805496795,2.557158149982412,2.0062943694651376
2023-08-02,1.5419309372797712,2.5315124444434143,1.9962321467397333
2023-08-03,1.5355884425651831,2.5547918934192793,1.999976678243364
2023-08-04,1.5334742776603207,2.5434900664135123,1.9944808877774973
2023-08-07,1.5369978858350914,2.5171323214353447,1.9877006800502839
2023-08-08,1.5380549682875226,2.507920924408364,1.9851792828447834
2023-08-09,1.5369978858350914,2.4930952469883363,1.9791479104886902
2023-08-10,1.531360112755458,2.503588250651207,1.9789035815549643
2023-08-11,1.5377026074700455,2.4583641575147297,1.9673255847613274
2023-08-14,1.5412262156448162,2.479749220454753,1.9775061335641775
2023-08-15,1.5405214940098622,2.4395320414703763,1.9625765633230938
2023-08-16,1.5440451021846329,2.396635202328514,1.9495159805845335
2023-08-17,1.5429880197322015,2.413148279372445,1.9548264787251106
2023-08-18,1.540169133192385,2.3565787584876454,1.9322408267362654
2023-08-21,1.5465116279069728,2.3372513616088306,1.929485970969987
2023-08-22,1.5443974630021102,2.361252912496046,1.936951598419124
2023-08-23,1.5532064834390376,2.2998526432636757,1.9203628756934035
2023-08-24,1.554968287526423,2.333761111864822,1.9343019378715989
2023-08-25,1.5496828752642664,2.281126081373283,1.9110542254659342
2023-08-28,1.5503875968992207,2.3023409317330468,1.9195301106499347
2023-08-29,1.5549682875264228,2.3792805447874863,1.9515154267579846
2023-08-30,1.5595489781536251,2.4263039124896824,1.9720334147968068
2023-08-31,1.5641296687808273,2.422742812611492,1.973916680297506
2023-09-01,1.563072586328396,2.402853536049824,1.9658908584153345
2023-09-04,1.5701198026779382,2.4252225818463526,1.9790012403978847
2023-09-05,1.5718816067653236,2.396021176888977,1.9694997097801645
2023-09-06,1.5701198026779382,2.38261444757557,1.9633265299810498
2023-09-07,1.5694150810429837,2.33301348114957,1.9444493391906905
2023-09-08,1.5782241014799112,2.3126639875414874,1.942819947934453
2023-09-11,1.5817477096546821,2.358374198889788,1.9624857192951997
2023-09-12,1.584918957011976,2.347851318761165,1.9607093378274114
2023-09-13,1.5877378435517926,2.2929509001920456,1.941995828704408
2023-09-14,1.6025369978858306,2.2727267675970886,1.944243568504823
2023-09-15,1.589852008456655,2.2440386348644012,1.9247353910449405
2023-09-18,1.5771670190274798,2.2428009715751633,1.9158113782911346
2023-09-19,1.5905567300916095,2.2055127075281526,1.9104236510821497
2023-09-20,1.6000704721634909,2.1948586083425803,1.91255561638489
2023-09-21,1.5954897815362883,2.1856444198667795,1.9059311389525748
2023-09-22,1.590556730091609,2.2895522863573845,1.9434645452789316
2023-09-25,1.600775193798445,2.2584764302645954,1.9384613836013809
2023-09-26,1.5958421423537654,2.279614792429805,1.9433402777407747
2023-09-27,1.5715292459478458,2.2958597610353277,1.9332882576632548
2023-09-28,1.5475687103594036,2.307848460989419,1.9216193066338694
2023-10-09,1.5359408033826594,2.2989221486614886,1.9103335849642114
2023-10-10,1.5144467935165564,2.298192365045959,1.8953573908604626
2023-10-11,1.5158562367864645,2.329559408116415,1.9079685743217254
2023-10-12,1.5292459478505944,2.3148476066531245,1.9118156744255435
2023-10-13,1.5369978858350906,2.268866224492335,1.9000567928142322
2023-10-16,1.5549682875264226,2.224312391588792,1.895485000153714
2023-10-17,1.5609584214235328,2.2332524055461547,1.9029293122823476
2023-10-18,1.5754052149400937,2.2009759426128497,1.9002396955730243
2023-10-19,1.5845665961944981,2.1773741984313357,1.8971478170214433
2023-10-20,1.6035940803382616,2.1492327723108913,1.8986435048135684
2023-10-23,1.594785059901334,2.08957620123131,1.8691916890987754
2023-10-24,1.5940803382663797,2.1027748981555683,1.874050392798515
2023-10-25,1.5891472868217005,2.106165674938273,1.8722205748395677
2023-10-26,1.5986610288935823,2.10377712117933,1.8774297446462993
2023-10-27,1.6021846370683532,2.147212002778551,1.8971484245190986
2023-10-30,1.605355884425647,2.1759818820734784,1.910652423983509
2023-10-31,1.6099365750528492,2.153044384373187,1.9045876527163645
2023-11-01,1.6042988019732156,2.1417406924176423,1.8964197012096053
2023-11-02,1.6074700493305099,2.120703650828255,1.8900991498061768
2023-11-03,1.6071176885130327,2.1566234650643996,1.9042775356053858
2023-11-06,1.5993657505285366,2.2434527651209595,1.9337268685288769
2023-11-07,1.592318534178995,2.252822168830258,1.9326747434814446
2023-11-08,1.5870331219168383,2.270700442518683,1.9360483244285003
2023-11-09,1.5764622973925257,2.278038139578029,1.9317711107212272
2023-11-10,1.5870331219168385,2.244349800961504,1.9260399990176689
2023-11-13,1.5813953488372052,2.249462977684279,1.9242514609852641
2023-11-14,1.5866807610993614,2.2601929608089635,1.931919110911658
2023-11-15,1.5940803382663804,2.2738140647397613,1.9421136391421785
2023-11-16,1.589499647639178,2.2383892799214355,1.9254285238928965
2023-11-17,1.5937279774489028,2.239969836489677,1.9288574064022332
2023-11-20,1.5761099365750482,2.2433437349666265,1.9184372670647063
2023-11-21,1.574348132487663,2.2509764627223006,1.9201950833269286
2023-11-22,1.5694150810429834,2.216860673180866,1.9037897733278073
2023-11-23,1.5662438336856896,2.2399213227731223,1.9105857602098473
2023-11-24,1.567653276955598,2.2099100138879137,1.9000119457763358
2023-11-27,1.5845665961944984,2.181541118101689,1.900310647656462
2023-11-28,1.5898520084566548,2.179911984226678,1.9031582723496658
2023-11-29,1.6014799154333992,2.1497782041259406,1.8989752818162091
2023-11-30,1.5986610288935823,2.1427931515494434,1.8943603248745
2023-12-01,1.5965468639887197,2.1467121599175414,1.89454154593457
2023-12-04,1.6180408738548224,2.1232841343805506,1.8992655779164795
2023-12-05,1.5965468639887197,2.078539147330947,1.8673783315147865
2023-12-06,1.5944326990838573,2.0989334995828552,1.8742634014808643
2023-12-07,1.5979563072586283,2.093426118312791,1.8743284699647316
2023-12-08,1.6007751937984451,2.094877727851411,1.8767318604892593
2023-12-11,1.5884425651867466,2.102458666542833,1.8718357876614327
2023-12-12,1.5810429880197279,2.0917079238799943,1.8627327725709715
2023-12-13,1.5782241014799112,2.0421889402090816,1.8410619498932042
2023-12-14,1.6025369978858308,2.031480437021452,1.8523167951690496
2023-12-15,1.6004228329809682,2.042086280894007,1.8553244800147721
2023-12-18,1.5951374207188118,1.99251660539334,1.8316882091159123
2023-12-19,1.5993657505285366,2.002734778601515,1.838585692865815
2023-12-20,1.6046511627906932,1.98382768744977,1.834116632541684
2023-12-21,1.6046511627906932,2.0275573520439254,1.8523099401327385
2023-12-22,1.6138125440450979,2.0537890007684694,1.8689103408311143
2023-12-25,1.615221987315006,2.057481683954726,1.8713201939916617
2023-12-26,1.6194503171247312,2.0479106020327187,1.8700972136235934
2023-12-27,1.6247357293868874,2.0361107864800805,1.8686052371137853
2023-12-28,1.6240310077519333,2.158046201384086,1.918516309883114
2023-12-29,1.618745595489777,2.1490466490279436,1.9114819157159941
2024-01-02,1.6257928118393188,2.1076611663927025,1.8994940704894914
2024-01-03,1.6250880902043647,2.1082173580898047,1.899266788154331
2024-01-04,1.6201550387596853,2.072699471048676,1.8816969225700468
2024-01-05,1.6247357293868876,2.051470211057736,1.8759501788180672
2024-01-08,1.621564482029594,2.010324723259937,1.8570049892103269
2024-01-09,1.6198026779422086,2.024795904635742,1.861910689670941
2024-01-10,1.6138125440450979,2.0369104359305688,1.8631366726786098
2024-01-11,1.614869626497529,2.0689481750223866,1.8769949249233715
2024-01-12,1.6180408738548229,2.0505115300596177,1.8714954699290771
2024-01-15,1.6286116983791359,2.0349527025348957,1.87182991590318
2024-01-16,1.628964059196613,2.0398923602618035,1.87409731794877
2024-01-17,1.6155743481324834,1.9637131146813043,1.834130307384547
2024-01-18,1.610288935870327,1.9905248634498807,1.8420991876814203
2024-01-19,1.6198026779422086,1.973593915846068,1.8410341895352553
2024-01-22,1.6120507399577124,1.9039778391130424,1.8069652202253998
2024-01-23,1.6138125440450977,1.9235054742364002,1.8163910672976804
2024-01-24,1.6127554615926663,1.934675596633684,1.8204833314974045
2024-01-25,1.6046511627906932,1.9851995570924235,1.8368456706208747
2024-01-26,1.611698379140235,1.956087292132924,1.8291609779782767
2024-01-29,1.615221987315006,1.9274801673796438,1.8193225587078983
2024-01-30,1.6198026779422088,1.8638463827756158,1.7951319067960851
2024-01-31,1.6208597603946397,1.8311171896010754,1.7815910787205376
2024-02-01,1.6261451726567961,1.8281729336205026,1.7834972432961531
2024-02-02,1.629668780831567,1.792380769271445,1.7699098801198558
2024-02-05,1.6183932346723,1.7490804949009064,1.7439338149713544
2024-02-06,1.615221987315006,1.8799518134701316,1.8007731334703372
2024-02-07,1.6183932346723002,1.9247875296761143,1.8220439942229754
2024-02-08,1.624735729386888,1.9743981735710514,1.8471044374492576
2024-02-19,1.616631430584915,2.0061680164631572,1.8554117254592553
2024-02-20,1.616631430584915,2.0039326565745785,1.854481404164511
2024-02-21,1.6176885130373462,2.0205577311838314,1.8620716754899285
2024-02-22,1.6166314305849148,2.054046822650833,1.8752904907548364
2024-02-23,1.6134601832276207,2.0649937746747478,1.8777646621786577
2024-02-26,1.62085976039464,2.0749921479874245,1.8865924350215508
2024-02-27,1.6194503171247316,2.145051921648238,1.914354552944631
2024-02-28,1.6187455954897774,2.0707350383281367,1.8840504817247188
2024-02-29,1.6198026779422086,2.1538246208839156,1.9187465998684257
2024-03-01,1.6261451726567961,2.1825472358077254,1.9343932364483825
2024-03-04,1.6462297392529903,2.1994185760123415,1.9542625841558474
2024-03-05,1.6691331923890016,2.164395284489349,1.9552127863030333
2024-03-06,1.6800563777307913,2.1516916912385953,1.9570861089338987
2024-03-07,1.70084566596194,2.078892885243204,1.940609026621282
2024-03-08,1.701550387596894,2.108227855807114,1.9533739117041982
2024-03-11,1.7068357998590507,2.1702922570900616,1.9825886467776705
2024-03-12,1.7001409443269857,2.1990552104559282,1.9901354825203206
2024-03-13,1.6962649753347376,2.2084473320131752,1.9914650027585936
2024-03-14,1.7001409443269857,2.1971851546964607,1.9893977333572563
2024-03-15,1.7064834390415733,2.196682122414218,1.993274649154026
2024-03-18,1.6930937279774436,2.2233651642672214,1.9955681740204034
2024-03-19,1.6973220577871688,2.1940125224004032,1.9864538449224023
2024-03-20,1.7001409443269857,2.2035761748382443,1.9921648435521053
2024-03-21,1.735377026074695,2.208395291998452,2.016834005096635
2024-03-22,1.724101479915428,2.150027288579939,1.9856393760554005
2024-03-25,1.726568005637768,2.131349210983569,1.9794392625363402
2024-03-26,1.7304439746300158,2.1236306245995262,1.9786574610071703
2024-03-27,1.7410147991543288,2.0816905156458185,1.967720714225879
2024-03-28,1.7519379844961191,2.101693601293667,1.983019338882819
2024-03-29,1.7868217054263513,2.1017546986125732,2.004761974298693
2024-04-01,1.7980972515856186,2.140117661290117,2.028186590542118
2024-04-02,1.7988019732205731,2.1078374913376257,2.0148574424992205
2024-04-03,1.8234672304439696,2.088050269804198,2.021541274346602
2024-04-08,1.8696264975334693,2.0588879772539004,2.036981563574559
2024-04-09,1.8713883016208548,2.0889522826850246,2.05142228336974
2024-04-10,1.8794926004228276,2.0575017845915236,2.0424100043734006
2024-04-11,1.866455250176175,2.045429795484083,2.029225359244464
2024-04-12,1.9164904862579228,2.0180111619185994,2.0469040161377294
2024-04-15,1.887596899224801,2.0026165540232057,2.0229043997709333
2024-04-16,1.900281888653976,1.9505696828885206,2.0067228904703076
2024-04-17,1.903100775193793,1.9836179148345736,2.0236599529294335
2024-04-18,1.892177589852003,1.973905245518849,2.012812687261232
2024-04-19,1.9062720225510867,1.9350080724168104,2.0032101051836917
2024-04-22,1.8696264975334689,1.9606058827088904,1.9939551570379286
2024-04-23,1.8234672304439692,1.9781648370187976,1.974915237257646
2024-04-24,1.842142353770255,2.0137260966521735,2.00201591789415
2024-04-25,1.8424947145877324,2.017247735815664,2.00380205757286
2024-04-26,1.8572938689217702,2.0719176784921145,2.037091691749209
2024-04-29,1.8456659619450262,2.1420259887136943,2.0610956827919025
2024-04-30,1.8417899929527781,2.115087371862588,2.0470507056660217
2024-05-06,1.8315715292459425,2.1685840150517963,2.0641033151375052
2024-05-07,1.8357998590556672,2.164792815669206,2.065100302539654
2024-05-08,1.8365045806906213,2.1260729604487576,2.0489147801683534
2024-05-09,1.8305144467935108,2.1682109774258236,2.063513102057809
2024-05-10,1.8703312191684223,2.1774513010005405,2.092157147529766
2024-05-13,1.8594080338266323,2.153129258467213,2.0749206716515505
2024-05-14,1.8576462297392469,2.17182343793259,2.081946185431465
2024-05-15,1.8713883016208537,2.146937754292161,2.079681802060758
2024-05-16,1.8897110641296628,2.1638591803483247,2.0982570943158554
2024-05-17,1.8883016208597543,2.203536869082903,2.114709999228225
2024-05-20,1.9341085271317766,2.203108351236188,2.1427394879107573
2024-05-21,1.9108527131782882,2.171022873722405,2.11452623971674
2024-05-22,1.9143763213530591,2.1763928361373157,2.119024388485225
2024-05-23,1.8703312191684223,2.1318945836918,2.0727135478382217
2024-05-24,1.8530655391120447,2.0758009322715707,2.0376484542865927
2024-05-27,1.8611698379140178,2.0870458093989788,2.047517004561172
2024-05-28,1.8594080338266323,2.0610278013351233,2.0349646419827065
2024-05-29,1.8724453840732846,2.0623174254506194,2.0433851858663528
2024-05-30,1.8520084566596131,2.0565815967514713,2.028561294293958
2024-05-31,1.8618745595489716,2.0681985229549054,2.039661340103423
2024-06-03,1.8446088794925941,2.0531257655919304,2.0225692976911023
2024-06-04,1.8639887244538345,2.08202929262441,2.0470695528968936
2024-06-05,1.855179704016907,2.0671923327097925,2.03518419654115
2024-06-06,1.881254404510212,2.0321012129585707,2.0353702714867943
2024-06-07,1.881606765327689,2.0182136843387406,2.0293205049441587
2024-06-11,1.8245243128963995,2.0361851101810458,2.0035921418081815
2024-06-12,1.836152219873144,2.047009685642929,2.0154082502794686
2024-06-13,1.8350951374207125,2.053069832672528,2.0174550617967086
2024-06-14,1.837209302325575,2.0600973172816905,2.0218409133533255
2024-06-17,1.8407329105003463,2.046056303975868,2.0177725358897303
2024-06-18,1.8424947145877317,2.052302344192395,2.021606588711064
2024-06-19,1.8491895701197965,2.028227533190394,2.0149750803478725
2024-06-20,1.8661028893586968,1.9824309222373095,2.0046375689066736
2024-06-21,1.874559548978147,1.9805717632903599,2.0087880289311384
2024-06-24,1.8431994362226856,1.936902297658748,1.9703736918151336
2024-06-25,1.848132487667365,1.9206822037232478,1.9658488936236402
2024-06-26,1.8375616631430522,1.9772176262793912,1.9857038299381748
2024-06-27,1.8273431994362166,1.9386640717365933,1.9622070225305999
2024-06-28,1.8467230443974567,1.9272633077289716,1.9684599533445506
2024-07-01,1.8474277660324112,1.9380843849766838,1.9738466743420566
2024-07-02,1.850246652572228,1.9349345193485776,1.9740595598007098
2024-07-03,1.861874559548972,1.9265165087073148,1.9770181644618157
2024-07-04,1.8706835799858996,1.8880194139278348,1.9643849363521702
2024-07-05,1.8749119097956244,1.9050468339602138,1.9747992655397428
2024-07-08,1.8766737138830096,1.8493469718355398,1.949837202218325
2024-07-09,1.8696264975334678,1.8668691448112558,1.9541235592913366
2024-07-10,1.8819591261451663,1.8588428729974196,1.9574324247007318
2024-07-11,1.889006342494708,1.9099358570942309,1.9856751211408734
2024-07-12,1.8988724453840666,1.9049005783284443,1.9890234386742982
2024-07-15,1.897463002114158,1.8877121577911824,1.9801350742379045
2024-07-16,1.9196617336152155,1.8996706789003703,1.9985211394955045
2024-07-17,1.9422128259337494,1.9169589211612206,2.0196182883921523
2024-07-18,1.9418604651162725,1.9176149881872109,2.0197278069423246
2024-07-19,1.8886539816772312,1.9314895736918225,1.9958668237374337
2024-07-22,1.8907681465820936,1.9376073390282513,1.999940375047758
2024-07-23,1.8798449612403036,1.88489751570822,1.969103261017715
2024-07-24,1.9045102184637004,1.8429066203382267,1.9635732277346571
2024-07-25,1.8579985905567236,1.8722589778351548,1.951271905464083
2024-07-26,1.8653981677237423,1.8922140466252975,1.9649047241152278
2024-07-29,1.8787878787878722,1.8788239243685303,1.9664048729310935
2024-07-30,1.8798449612403036,1.8830304003640201,1.9689945335272376
2024-07-31,1.8953488372092957,1.9607356900890727,2.0144897668924027
2024-08-01,1.910852713178288,1.9398197602344849,2.013882705567842
2024-08-02,1.9193093727977384,1.9117473519542822,2.005669751446276
2024-08-05,1.8692741367159909,1.8955152695782913,1.9692488246171223
2024-08-06,1.8579985905567238,1.9491699556989317,1.9877994044174565
2024-08-07,1.8653981677237426,1.9406400739894933,1.9882389693941567
2024-08-08,1.8646934460887885,1.935670120583388,1.9855345142442018
2024-08-09,1.8826638477801205,1.9138413008636084,1.9859827313155873
2024-08-12,1.8960535588442504,1.888768264269426,1.9820430514567569
2024-08-13,1.909090909090903,1.8914055826824525,1.990784193094644
2024-08-14,1.9027484143763154,1.887277935061074,1.9851915120703798
2024-08-15,1.897815362931636,1.9293535694726942,2.0022771253008353
2024-08-16,1.901691331923884,1.9015653981694478,1.9915489333912908
2024-08-19,1.9221282593375555,1.901728229676892,2.003397105565041
2024-08-20,1.9217758985200781,1.8705260804670558,1.9884034975962048
2024-08-21,1.9305849189570057,1.8685099337044901,1.9924519922786648
2024-08-22,1.9260042283298033,1.8368766917074606,1.9746726843441877
2024-08-23,1.9200140944326924,1.8482364064072825,1.9767902058263946
2024-08-26,1.9295278365045738,1.8466643729999492,1.9814208750610038
2024-08-27,1.9295278365045738,1.8278242820267963,1.9723241666717448
2024-08-28,1.9274136715997112,1.8270970335070211,1.9707824518968327
2024-08-29,1.929175475687097,1.853802394498227,1.9847357257168223
2024-08-30,1.9263565891472803,1.897452750209171,2.004170700355573
2024-09-02,1.9136715997181049,1.8403344904351122,1.9697632980807687
2024-09-03,1.918252290345307,1.8675087884604873,1.9854449707048378
2024-09-04,1.9052149400986544,1.8591598823080344,1.974028988932599
2024-09-05,1.917547568710353,1.8683287618365867,1.9854378488923348
2024-09-06,1.9242424242424179,1.834408012643032,1.9730292616473346
2024-09-09,1.9105003523608108,1.8203373025604912,1.9584691966299592
2024-09-10,1.9231853417899865,1.8401035866417705,1.9751909032507475
2024-09-11,1.9326990838618683,1.847928359073116,1.9843446021219422
2024-09-12,1.9295278365045743,1.8351092850513,1.9763593810873883
2024-09-13,1.9559548978153567,1.8150164371862127,1.9815093047689671
2024-09-18,1.9559548978153567,1.799840251884336,1.9740535659135472
2024-09-19,1.9527836504580627,1.8382395266803557,1.9912454790458647
2024-09-20,1.9742776603241654,1.831349165829292,1.9999412774220806
2024-09-23,1.9918957011980203,1.8290314417660056,2.008618168010275
2024-09-24,1.9869626497533412,1.9259504710126278,2.0537780508318235
2024-09-25,2.0035236081747647,1.9413426357601293,2.070579061831674
2024-09-26,2.005637773079627,2.0925107064056387,2.144334911481391
2024-09-27,2.0042283298097185,2.269579415332514,2.225160448185814
2024-09-30,1.993657505285406,2.493709375357227,2.3175901400714576
2024-10-08,1.9929527836504517,2.5541085964165955,2.342399641530096
2024-10-09,1.9665257223396697,2.3911453399858247,2.2580613067201742
2024-10-10,1.978505990133891,2.3999838001303924,2.269383230871096
2024-10-11,2.000704721634948,2.319938996557741,2.2493274853958316
2024-10-14,2.021846370683574,2.369864119152461,2.2841828672145326
2024-10-15,2.022551092318528,2.3066521868898793,2.2572038137711945
2024-10-16,2.052149400986604,2.29399719657991,2.2697988860618477
2024-10-17,2.0606060606060543,2.254162148213091,2.2572066666948882
2024-10-18,2.07082452431289,2.341409969266523,2.302677582669344
2024-10-21,2.099365750528535,2.3558429051531613,2.3265201772313437
2024-10-22,2.099365750528535,2.3694385278672505,2.332562057495823
2024-10-23,2.111346018322756,2.3742179777663464,2.3420004028479795
2024-10-24,2.0912614517265613,2.3674481557007443,2.3267420322898045
2024-10-25,2.0916138125440384,2.3748345508952693,2.3302243796390396
2024-10-28,2.099013389711057,2.4109690890358357,2.3507135200989095
2024-10-29,2.1162790697674345,2.3618659936677817,2.3398042039034217
2024-10-30,2.1423537702607396,2.36428826465836,2.3567398601727905
2024-10-31,2.129668780831564,2.3569828386470393,2.345788004788205
2024-11-01,2.10958421423537,2.364245661882131,2.3368732382268234
2024-11-04,2.0930232558139465,2.386784576015372,2.3368084327793484
2024-11-05,2.0944326990838547,2.411527623219641,2.3485751494740152
2024-11-06,2.0905567300916066,2.4155219497737543,2.3479352168636347
2024-11-07,2.041226215644813,2.458267627822614,2.3361604505927787
2024-11-08,2.056730091613805,2.445526355125078,2.3404708825932974
2024-11-11,2.0588442565186673,2.437690958479813,2.3384196278180163
2024-11-12,2.0257223396758204,2.41339148338341,2.307239374476706
2024-11-13,2.021494009866095,2.399337180750098,2.298544346019652
2024-11-14,1.9806201550387523,2.3593182927284757,2.255730718454243
2024-11-15,1.9827343199436147,2.34772912733183,2.25206887158037
2024-11-18,2.0073995771670115,2.357730650833173,2.2717948544601323
2024-11-19,2.043692741367152,2.373905370303501,2.3013985251699673
2024-11-20,2.046511627906969,2.3877499021479816,2.3091841672302684
2024-11-21,2.0704721634954115,2.392803391628747,2.3262531587703292
2024-11-22,2.0972515856236704,2.3614496888888796,2.3290846330456185
2024-11-25,2.062367864693438,2.360351798490717,2.307290455390629
2024-11-26,2.0384073291049956,2.3531198851150648,2.289365931390739
2024-11-27,2.057787174066236,2.3684901927525703,2.308066362220137
2024-11-28,2.047216349541923,2.3551230500721365,2.2956835274803455
2024-11-29,2.0662438336856863,2.3729812307087337,2.315252138161778
2024-12-02,2.0486257928118317,2.3811334294265216,2.307973702096275
2024-12-03,2.069062720225503,2.395518379956104,2.3269113303384374
2024-12-04,2.0680056377730716,2.4011203969189503,2.3287061904020137
2024-12-05,2.0673009161381173,2.391964538220622,2.3242738523319066
2024-12-06,2.0591966173361445,2.4014819166030184,2.323424041457412
2024-12-09,2.0704721634954115,2.4024207849490526,2.3308301067296124
2024-12-10,2.078928823114862,2.41124810014799,2.339920064368493
2024-12-11,2.0968992248061933,2.4290415461319075,2.3588147907083292
2024-12-12,2.109936575052846,2.447002064229277,2.3747295433251328
2024-12-13,2.092318534178991,2.4155853241998066,2.3501035751172874
2024-12-16,2.073291050035228,2.405504881403524,2.333935867653616
2024-12-17,2.0715292459478425,2.3962836539494368,2.3288189639355847
2024-12-18,2.06941508104298,2.4012173389696656,2.329669403568541
2024-12-19,2.052149400986602,2.4033923147516556,2.3199286015715375
2024-12-20,2.054615926708942,2.3977533614792077,2.3190128011853606
2024-12-23,2.0757575757575677,2.394034336388255,2.330518434886935
2024-12-24,2.065539112050732,2.4147435740241705,2.3332804209941136
2024-12-25,2.06941508104298,2.4161669771224066,2.336307454566931
2024-12-26,2.072233967582797,2.4297840462691633,2.343982943642468
2024-12-27,2.0736434108527053,2.4267660711487755,2.3435496632845565
2024-12-30,2.0662438336856863,2.4279185119381608,2.3394509883533514
2024-12-31,2.068005637773072,2.396050090715647,2.3267298590966523
2025-01-02,2.0849189570119724,2.3466242363186143,2.315597820037068
2025-01-03,2.1021846370683503,2.319533448819558,2.3141149405801134
2025-01-06,2.089147286821698,2.3226261638955,2.3076099752779986
2025-01-07,2.0933756166314232,2.337369261535132,2.3167702447480902
2025-01-08,2.1028893587033046,2.3276662184103287,2.3182333064516483
2025-01-09,2.1141649048625717,2.3262693523268982,2.3244438770541507
2025-01-10,2.1303735024665182,2.2934521464086686,2.3194891279818077
2025-01-13,2.1338971106412887,2.29602234485191,2.322768869282308
2025-01-14,2.116983791402388,2.369075356243205,2.3458999975306365
2025-01-15,2.129668780831563,2.3562916037898494,2.3479347460853246
2025-01-16,2.1349541930937197,2.3753017339500535,2.3596638725568884
2025-01-17,2.14094432699083,2.382197068610717,2.3663876815200853
2025-01-20,2.1388301620859678,2.3814944157432,2.3647883525420847
2025-01-21,2.1381254404510135,2.382220328368244,2.3646841768736704
2025-01-22,2.1571529245947767,2.3552312051000195,2.3642024892353466
2025-01-23,2.157857646229731,2.35347728011245,2.3638350161384847
2025-01-24,2.1687808315715214,2.389730380153353,2.3868019284860744
2025-01-27,2.1634954193093647,2.373379381562066,2.3762537893011735
2025-02-05,2.245243128964051,2.3884041265636125,2.432405846456947
2025-02-06,2.2357293868921695,2.420419794550445,2.4414095766141912
2025-02-07,2.238548273431986,2.4711837718178105,2.4661444852620753
2025-02-10,2.2734319943622188,2.4838796609932,2.492982702671632
2025-02-11,2.2966878083157067,2.459567669870945,2.496028137398052
2025-02-12,2.281183932346715,2.497189087585898,2.503941497569872
2025-02-13,2.2921071176885044,2.4797337636520345,2.502659770922029
2025-02-14,2.30479210711768,2.4968877288420197,2.518068049718941
2025-02-17,2.2653276955602455,2.492586489956191,2.4924021166226082
2025-02-18,2.286469344608871,2.449440625297507,2.4857813916422034
2025-02-19,2.3023255813953405,2.4613713164523237,2.5007109919210175
2025-02-20,2.3083157152924514,2.4542149635239694,2.5010176211508934
2025-02-21,2.2906976744185967,2.4512893663879756,2.4891771432273506
2025-02-24,2.2956307258632758,2.4746879146787517,2.502817498286227
2025-02-25,2.2956307258632758,2.4579242068472955,2.495188081473086
2025-02-26,2.273784355179696,2.504122375854902,2.5032324340991585
2025-02-27,2.266737138830154,2.501165400963775,2.497635174419789
2025-02-28,2.2473572938689137,2.466873262243865,2.4704808221680716
2025-03-03,2.2508809020436846,2.4830066629394265,2.479881862243939
2025-03-04,2.267089499647631,2.4687416457708435,2.4832923816622543
2025-03-05,2.2843551797040087,2.445486852990433,2.4831677761639077
2025-03-06,2.280126849894284,2.4813918520707854,2.497046000342621
2025-03-07,2.276603241719513,2.473574227254973,2.491383521857357
2025-03-10,2.2822410147991468,2.4908388590046906,2.502601852028124
2025-03-11,2.2702607470049254,2.4879293677796137,2.4940610382631054
2025-03-12,2.2766032417195134,2.4784077873341244,2.4935980198221905
2025-03-13,2.2931642001409367,2.5014057026086096,2.5139872191492088
2025-03-14,2.328047921071169,2.5289839657580555,2.5474934482715543
2025-03-17,2.3287526427061227,2.5388322205968565,2.552381730807881
2025-03-18,2.3474277660324088,2.534190679827685,2.5615395582463205
2025-03-19,2.3713883016208515,2.5254579122620706,2.5719477063298855
2025-03-20,2.376673713883008,2.5285113004152717,2.5764998580482468
2025-03-21,2.3632840028188786,2.51814293428522,2.5637620211611094
2025-03-24,2.3650458069062643,2.510380239213914,2.5612567168896203
2025-03-25,2.362931642001402,2.5382721672819635,2.5728031969822545
2025-03-26,2.370683579985898,2.5418798190667227,2.579090974384184
2025-03-27,2.376321353065532,2.5256254768257334,2.575042807551184
2025-03-28,2.421071176885123,2.4978235492636633,2.5889577795357135
2025-03-31,2.4443269908386114,2.464300940378856,2.58699987107531
2025-04-01,2.4637068357998513,2.489974564236456,2.6104093034323212
2025-04-02,2.4534883720930156,2.484960287826467,2.6020889310785367
2025-04-03,2.474630021141641,2.4797154424370644,2.611949678539698
2025-04-07,2.3981677237491117,2.2603228742389376,2.4635703920909693
2025-04-08,2.411205073995764,2.3088706957990204,2.49474744112456
2025-04-09,2.4379844961240233,2.330733103802182,2.520616539412968
2025-04-10,2.4975334742776525,2.3651170234932044,2.5712118788089144
2025-04-11,2.5352360817477018,2.3552921866682737,2.5877536122114453
2025-04-14,2.557082452431281,2.3837844204565397,2.6141049733736748
2025-04-15,2.5560253699788498,2.3769110968769875,2.610118773062216
2025-04-16,2.618393234672296,2.376425174842286,2.644906923004424
2025-04-17,2.6395348837209216,2.3835635935224855,2.6602277770513085
2025-04-18,2.6455250176180325,2.3840736836833085,2.6638043625565246
2025-04-21,2.694855532064826,2.4166933050433896,2.7075247551981056
2025-04-22,2.7906976744185963,2.3964338528030735,2.7502718635390986
2025-04-23,2.616279069767434,2.438169406502395,2.6772853175985043
2025-04-24,2.6441155743481244,2.407166622092851,2.6776329157424685
2025-04-25,2.627202255109224,2.4292884724052475,2.6792860174536357
2025-04-28,2.605708245243121,2.408061238509618,2.6566946733170718
2025-04-29,2.622621564482021,2.4078375769436664,2.666067979785823
2025-04-30,2.606765327695552,2.434064730294696,2.670270535513759
2025-05-06,2.655038759689914,2.501426787122489,2.7307222791368617
2025-05-07,2.6765327695560166,2.501425410781532,2.7428802934498053
2025-05-08,2.636363636363628,2.5505860069884636,2.7444972775277243
2025-05-09,2.627202255109223,2.5166538066689936,2.722821476110207
2025-05-12,2.572586328400273,2.5678070817537817,2.716594149789528
2025-05-13,2.557434813248758,2.5659567232688065,2.7069134260559395
2025-05-14,2.539112050739949,2.5739203419124546,2.7000273785185036
2025-05-15,2.465116279069759,2.5183048577782636,2.630497360532651
2025-05-16,2.503875968992239,2.525376136355259,2.6565692116693054
2025-05-19,2.519732205778708,2.5194229169822946,2.6630038483358134
2025-05-20,2.515503875968983,2.523791103469594,2.6626237421682126
2025-05-21,2.5951374207188067,2.5237292343238433,2.708954382293206
2025-05-22,2.598661028893577,2.503858160668975,2.701379096514086
2025-05-23,2.5997181113460086,2.46842671703092,2.6847815429614914
2025-05-26,2.5919661733615125,2.478211185231571,2.6851674017458067
2025-05-27,2.5687103594080245,2.448691790137299,2.657523723384822
2025-05-28,2.5725863284002726,2.44780453303186,2.6592958965960327
2025-05-29,2.5465116279069675,2.4911709702737914,2.665672434227035
2025-05-30,2.5704721634954097,2.4599891665294202,2.664452678929367
2025-06-03,2.6085271317829357,2.4511534757247277,2.6818416201869226
2025-06-04,2.6074700493305047,2.4839266351928573,2.6973797937046973
2025-06-05,2.6113460183227524,2.5229406538086456,2.718650071931626
2025-06-06,2.6095842142353667,2.523497577039393,2.7179113185475448
2025-06-09,2.5817477096546764,2.549653660632768,2.714642733556122
2025-06-10,2.58491895701197,2.515573548471384,2.7001482490617983
2025-06-11,2.591613812544035,2.5281429477326784,2.710065804791182
2025-06-12,2.615221987315,2.5317272907114057,2.725372789809895
2025-06-13,2.646229739252984,2.503970946386031,2.729699652638446
2025-06-16,2.638125440451011,2.529258087199011,2.7375067198665466
2025-06-17,2.6159267089499543,2.525552997921511,2.7230329108623095
2025-06-18,2.6190979563072476,2.542384745473791,2.7330150512790645
2025-06-19,2.6046511627906868,2.5121831442467966,2.71011395170866
2025-06-20,2.5951374207188054,2.495834259246132,2.6967328822310126
2025-06-23,2.603946441155733,2.5123176120909605,2.7097820865035436
2025-06-24,2.573291050035226,2.560649035117128,2.7156949300147604
2025-06-25,2.578576462297382,2.6142209726564123,2.7443298365808966
2025-06-26,2.5838618745595388,2.6078063736492485,2.744393443474446
2025-06-27,2.555673009161371,2.60624133680777,2.7271851809007472
2025-06-30,2.552854122621554,2.6371192340907568,2.7400706064370524
2025-07-01,2.5810429880197217,2.6173739464293684,2.7474792182021286
2025-07-02,2.5792811839323364,2.5910483215881417,2.734012338975624
2025-07-03,2.5976039464411453,2.5983071459364155,2.7481411112240104
2025-07-04,2.584566596194493,2.592173047485452,2.737635496733532
2025-07-07,2.5669485553206384,2.5888233849643307,2.7257797617815984
2025-07-08,2.581395348837199,2.6271539080748503,2.752378388843055
2025-07-09,2.5532064834390313,2.620957113861782,2.7329261124618736
2025-07-10,2.570824524312886,2.6325270202880606,2.7487269875735647
2025-07-11,2.57399577167018,2.669130394351446,2.7677904448014337
2025-07-14,2.597251585623668,2.658920301318112,2.776779775197169
2025-07-15,2.59337561663142,2.678364392385998,2.7836383253580586
2025-07-16,2.5831571529245845,2.6834985742501622,2.7800070403855335
2025-07-17,2.5806906272022445,2.708097498669752,2.790014688599865
2025-07-18,2.582804792107107,2.722241447778642,2.797829100284425
2025-07-21,2.598308668076099,2.73583780589176,2.8133543827965064
2025-07-22,2.6071176885130263,2.780705792332812,2.8393630004743944
2025-07-23,2.632487667371377,2.7668270274669173,2.8481822952469544
2025-07-24,2.5902043692741255,2.7845379567110617,2.831225264862361
2025-07-25,2.5849189570119693,2.7611273644073138,2.817336392228714
2025-07-28,2.5785764622973812,2.7505692668520263,2.8086865064118354
2025-07-29,2.566243833685683,2.7531159005651995,2.8024684550568044
2025-07-30,2.573995771670179,2.752361183528561,2.80677877453924
2025-07-31,2.564834390415774,2.7054610845336162,2.779762009953658
2025-08-01,2.564834390415774,2.711301876431122,2.78246254968158
2025-08-04,2.5979563072586216,2.7246834344636706,2.808405081265432
2025-08-05,2.602184637068347,2.750896999113224,2.82307761184314
2025-08-06,2.6053558844256406,2.7690049125840455,2.833332228141623
2025-08-07,2.6109936575052743,2.7650285735464744,2.834873408953785
2025-08-08,2.6187455954897705,2.756522909584789,2.835578321505636
2025-08-11,2.5930232558139426,2.793159816779519,2.837219070346754
2025-08-12,2.5817477096546755,2.7836253641409296,2.8260753120781295
2025-08-13,2.58844256518674,2.796756701772167,2.836105165422871
2025-08-14,2.590204369274126,2.7817703553555164,2.8303281336540524
2025-08-15,2.582100070472153,2.80962819110986,2.838212402632208
2025-08-18,2.5866807610993554,2.815872269921219,2.843820095525495
2025-08-19,2.5796335447498135,2.82486653981288,2.8436464128824714
2025-08-20,2.5725863284002717,2.842276031806437,2.8472601115114777
2025-08-21,2.579633544749813,2.841871245473184,2.8513674425496367
2025-08-22,2.574700493305134,2.8463471845342387,2.8503893659915174
2025-08-25,2.59090909090908,2.892945128537873,2.88125750260454
2025-08-26,2.5993657505285306,2.888718691584441,2.8845356818113133
2025-08-27,2.5993657505285306,2.8552805525614287,2.8695103082982025
2025-08-28,2.6053558844256415,2.8549841970449763,2.873013252839593
2025-08-29,2.611698379140229,2.881740002048875,2.8889761425063236
2025-09-01,2.664552501761793,2.8923431347402584,2.925915568423856
2025-09-02,2.675475687103583,2.901712341559188,2.936777695546239
2025-09-03,2.7085976039464303,2.89208850419288,2.9523908689197595
2025-09-04,2.7033121916842737,2.8947641974525515,2.950451410985709
2025-09-05,2.7124735729386784,2.9007134445511005,2.9586794809260204
2025-09-08,2.7381959126145063,2.9188404807498336,2.9824310632139612
2025-09-09,2.7801268498942804,2.938586548590049,3.0166294273226923
2025-09-10,2.77413671599717,2.9366071802247355,3.012140216271292
2025-09-11,2.7649753347427657,2.9435045963002264,3.009852834284883
2025-09-12,2.774489076814647,2.931421160255117,3.009988697577606
2025-09-15,2.7688513037350133,2.912038679856845,2.997668842371884
2025-09-16,2.8023255813953374,2.9002264246712164,3.0121293451517013
2025-09-17,2.78012684989428,2.898797409467182,2.998338091361457
2025-09-18,2.743833685694139,2.8548697714284588,2.9563638763818902
2025-09-19,2.756518675123315,2.870826190990583,2.9713166813391583
2025-09-22,2.8085919661733496,2.8516326345294662,2.9932493152744066
2025-09-23,2.8403255813953368,2.860026417062944,3.015815107544779
2025-09-24,2.8573615221987194,2.8651613186010523,3.028200358398002
2025-09-25,2.8409936575052734,2.851271573294575,3.012053735520579
2025-09-26,2.8470063424947023,2.857260914013218,3.0184070146699207
2025-09-29,2.880744186046499,2.867487881969246,3.042941650129665
2025-09-30,2.9161522198731373,2.872475068395103,3.0658941091398475
2025-10-09,3.0444228329809593,2.877573890403848,3.142514536779527
2025-10-10,3.000329809725145,2.8907947532887537,3.123979151815085
2025-10-13,3.0891839323467094,2.8991343470977236,3.1789184722293626
2025-10-14,3.1235898520084433,2.9309186585392,3.214074671321006
2025-10-15,3.2024228329809583,2.943446198332194,3.2648708400819237
2025-10-16,3.2234672304439598,2.9577732999926947,3.2838221928198528
2025-10-17,3.341382663847765,2.925224204779885,3.3336282640488504
2025-10-20,3.2351585623678503,2.935685641099188,3.280705494600847
2025-10-21,3.3113192389006194,2.9585016168326757,3.334657454245153
2025-10-22,3.17469767441859,2.9407160573115276,3.249964893792798
2025-10-23,3.1392896405919513,2.935514031635232,3.2274416822411145
2025-10-24,3.1235898520084424,2.947533632183536,3.224511039248644
2025-10-27,3.1092262156448056,2.963323766569036,3.224129059687405
2025-10-28,2.9986596194503035,2.9645941083330203,3.1616920765550898
2025-10-29,3.0320634249471317,2.9612553691179295,3.17946071136112
2025-10-30,3.0323974630021,2.933376351998369,3.1661833641675314
2025-10-31,3.0654672304439603,2.9462765543426155,3.1914399977056958
2025-11-03,3.0688076109936433,2.9717228547404595,3.205756379392429
2025-11-04,3.047763213530642,2.9439153558467885,3.1801665938543917
2025-11-05,3.0374080338266247,2.941904064704826,3.17324610870362
2025-11-06,3.0544439746300074,2.959038462373376,3.191351714811076
2025-11-07,3.0671374207188022,2.949939896975004,3.1942302325724445
2025-11-10,3.1182452431289502,2.976241852076623,3.236320330902569
2025-11-11,3.1623382663847646,2.962431920317168,3.254732265393408
2025-11-12,3.1489767441860326,2.972020611414272,3.2519093764608615
2025-11-13,3.2004186046511487,3.002793108424524,3.2962789496688183
2025-11-14,3.1743636363636227,2.99161038149368,3.2759954266820874
2025-11-17,3.0985369978858217,3.0106233059804524,3.242324680703603
2025-11-18,3.0637970401691206,3.004698719665064,3.2194597967659857
2025-11-19,3.1249260042283167,2.9984603540939596,3.251780996255692
2025-11-20,3.1055517970401563,2.970853376424465,3.2272199230437226
2025-11-21,3.0821691331923766,2.9236555895582645,3.190783814775932
2025-11-24,3.09118816067652,3.001693845702077,3.234244886060908
2025-11-25,3.1432980972515723,3.0275350005157238,3.276761144517829
2025-11-26,3.14363213530654,2.990368238764964,3.258850820815264
2025-11-27,3.1439661733615094,2.9764253280974327,3.252203642688343
2025-11-28,3.164008456659606,2.992760415551625,3.2716382675202356
2025-12-01,3.196744186046498,3.0286342645938475,3.3079029069113046
2025-12-02,3.1807103594080206,3.0016790692472215,3.285529334155225
2025-12-03,3.1743636363636227,2.9591282840242474,3.260965054332289
2025-12-04,3.162672304439733,2.9747781527381463,3.262120178777126
2025-12-05,3.188727272727259,3.014858349850219,3.2966792590721443
2025-12-08,3.1803763213530525,3.043712124272626,3.3061286691342553
2025-12-09,3.15732769556024,3.0218300313844804,3.282254780132634
2025-12-10,3.1723594080338127,3.033625462037601,3.2966147311712377
2025-12-11,3.1787061310782105,3.0038302636979144,3.2856719691325287
2025-12-12,3.2187906976744047,3.02239454200562,3.3175981150230514
2025-12-15,3.2632177589851867,2.9988040908616314,3.331130517033159
2025-12-16,3.2234672304439607,2.963845656028975,3.2913380944568456
2025-12-17,3.2481860465116137,2.9787092585486725,3.312647382120563
2025-12-18,3.2505243128963914,2.987251905517107,3.3182341076423625
2025-12-19,3.2498562367864547,3.0169259613791053,3.332691861644076
2025-12-22,3.3153276955602395,3.014032590506945,3.3681807133037682
2025-12-23,3.3637632135306403,2.996429045387581,3.3863925552689964
2025-12-24,3.364765327695545,2.991731411513845,3.384558377361247
2025-12-25,3.3390443974629873,3.0103718716423113,3.3798182637061513
2025-12-26,3.366101479915419,3.0070225839685354,3.3931892320145463
2025-12-29,3.3333657505285266,2.9821883176191384,3.3624291083573024
2025-12-30,3.2682283298097112,2.958537692279182,3.3142913884192735
2025-12-31,3.242841437632121,2.9401933814041694,3.290884236152203
2026-01-05,3.313323467230429,3.0399627001070457,3.380474834887644
2026-01-06,3.34438900634248,3.0709729251357185,3.4134248488385555
2026-01-07,3.322676532769541,3.1120816803415767,3.4217982842507975
2026-01-08,3.318668076109922,3.1297881331049213,3.428288739403261
2026-01-09,3.345725158562353,3.160985015001388,3.4590392047705514
2026-01-12,3.4115306553911053,3.1751229458592687,3.503419982691806
2026-01-13,3.4165412262156294,3.1678199267733125,3.5026238672744836
2026-01-14,3.4606342494714433,3.1633019211205635,3.5252380793290823
2026-01-15,3.4429302325581244,3.140256790524937,3.5037622433146396
2026-01-16,3.4375856236786317,3.1029197829947437,3.482024215069864
2026-01-19,3.4903636363636212,3.0964633622075515,3.5081670134113363
2026-01-20,3.5177547568710206,3.106420461057673,3.5283854172280096
2026-01-21,3.6246469344608725,3.0711312719741306,3.5693165450955466
2026-01-22,3.606942917547553,3.065841623203501,3.55696150426266
2026-01-23,3.7054841437631976,3.056797864458158,3.6056865425218745
2026-01-26,3.805027484143747,3.0656841380502575,3.6636777267981095
2026-01-27,3.814380549682859,3.0202536087261147,3.6441993137725337
2026-01-28,3.935970401691315,3.031635822142967,3.7142702185757863
2026-01-29,4.157437632135289,3.1573959622814627,3.8985511273409763
2026-01-30,3.8457801268498777,3.091418375115582,3.701154207366801
2026-02-02,3.461302325581381,3.0505537304151478,3.475627707634299
2026-02-03,3.6323298097251433,3.0649737395891674,3.577475336512301
2026-02-04,3.791999999999984,3.148689661442917,3.7079391457936306
2026-02-05,3.6667357293868763,3.1549831014149543,3.6439061230497893
2026-02-06,3.609615221987299,3.128860064433485,3.599108367838124
2026-02-09,3.7445665961944874,3.1348321379329254,3.676206912517182
2026-02-10,3.726194503171231,3.138103605502119,3.66801312629932
2026-02-11,3.752917547568694,3.1455024248778183,3.6863730016808294
2026-02-12,3.7418942917547406,3.116958160704888,3.6653641043148455
2026-02-13,3.680765327695544,3.090709105839737,3.6185404753633783
2026-02-24,3.821395348837193,3.073129991313294,3.6853178381451333
2026-02-25,3.8227315010570666,3.0850767309493152,3.6924735272952955
2026-02-26,3.8090359408033665,3.053840743301681,3.66837402852422
2026-02-27,3.815048625792796,3.0570290585202096,3.6732823427774353
2026-03-02,3.9810655391120338,3.010603624796162,3.7360957521653293
2026-03-03,3.9266173361522037,2.9870533047731027,3.694840507678437
2026-03-04,3.8304143763213374,2.9323039479766324,3.6145770614467545
2026-03-05,3.8233995771670033,2.946683298820416,3.618912599766224
2026-03-06,3.7966765327695406,2.9944810226095933,3.631416837587702
2026-03-09,3.7930021141648895,2.958929600050894,3.610082876927813
2026-03-10,3.8247357293868762,2.9927345192007295,3.6452545340294864
2026-03-11,3.8297463002114003,2.989610385889637,3.6461686412002696
2026-03-12,3.8180549682875102,2.9861667915127628,3.6381567056716206
2026-03-13,3.768951374207172,2.9874720867267195,3.6131378677358965
2026-03-16,3.719513742071866,3.0066497623289754,3.597508593836811
2026-03-17,3.712498942917532,3.020393151031163,3.601176897904614
2026-03-18,3.701475687103578,3.0087569244403634,3.5890527272954196
2026-03-19,3.535792811839308,2.968629438078813,3.4791547801814433
2026-03-20,3.4519492600422677,2.938715676789655,3.41800334236575
2026-03-23,3.1235898520084433,2.802093566989359,3.1676746602234642
2026-03-24,3.2428414376321215,2.880382613012204,3.2740151510546953
2026-03-25,3.3640972515856093,2.9113056103347787,3.357163969842238
2026-03-26,3.2972896405919525,2.8639437996888337,3.29591869910624
2026-03-27,3.3143255813953343,2.9303631962900396,3.3396814814779656
2026-03-30,3.3727822410147836,2.9243339973896614,3.368986497762788
2026-03-31,3.386143763213515,2.908330330134881,3.3680303848629918
2026-04-01,3.493369978858335,3.0180934745225256,3.4838900308653904
2026-04-02,3.3981691331923725,2.9763716158023157,3.409999210987006
2026-04-03,3.426896405919645,2.9320612268291995,3.403009529282721
2026-04-07,3.4322410147991382,2.9361277033168776,3.4080524100655247
2026-04-08,3.528109936575036,3.030462743693579,3.509682612030438
2026-04-09,3.4582959830866646,2.975717199616773,3.442954279090064
2026-04-10,3.4793403805496674,3.0032394766508617,3.4688070306923358
2026-04-13,3.4633065539111896,2.9764832870683104,3.4461083316000987
2026-04-14,3.4923678646934304,3.011809018877274,3.4804173975739636
2026-04-15,3.5110739957716537,3.036587162189604,3.503555586417933
2026-04-16,3.523767441860449,3.0694068766950235,3.5275620707768676
2026-04-17,3.500718816067638,3.0451077984083477,3.502304938700734
2026-04-20,3.500718816067638,3.0501600213118247,3.504919785819112
2026-04-21,3.492701902748398,3.0356739427331916,3.493014554201846
2026-04-22,3.4916997885834933,3.0381678087860404,3.4937546532493027
