ts_code,industry,size_bin,total_mv,ag_2y_q,nsi_2y_q,ag_orth_nsi,g4,signal,weight
002453.SZ,化工原料,s3,454113.2234,0.4536305593604242,0.0802404513147919,1.5048543485659458,0.6746982244478696,1.4464636845826295,0.0013679890560875513
002520.SZ,机床制造,s2,419387.0506,0.44611240073945535,0.06248085188382849,1.5048543485659458,0.6746982244478696,1.4464636845826295,0.0013679890560875513
600841.SH,汽车配件,s4,709176.9316,0.40136228694348325,0.1493770214282993,1.5048543485659458,0.6746982244478696,1.4464636845826295,0.0013679890560875513
603117.SH,仓储物流,s2,343340.3062,0.4163905232520828,0.053616133272527414,1.406374071366953,0.6746982244478696,1.4464636845826295,0.0013679890560875513
000980.SZ,汽车配件,s5,1013552.0955,0.4935523156296325,0.005253411863668901,1.5651055365213016,0.49142573799924694,1.4464636845826295,0.0013679890560875513
600579.SH,化工机械,s3,334920.267,0.8116937678242727,0.006171746279498396,1.5652013220460093,0.4911343769178363,1.4464636845826295,0.0013679890560875513
600537.SH,电气设备,s2,340909.9252,0.47872260182545695,0.005570020016812243,1.5653466623218215,0.4906922798466719,1.4464636845826295,0.0013679890560875513
000981.SZ,汽车配件,s5,1759554.8763,0.39127678654337,-0.0,1.5720214439577076,0.4703888822138003,1.4464636845826295,0.0013679890560875513
300256.SZ,元器件,s4,927772.8949,0.41735309320366626,-0.0,1.5732748190480637,0.4665763570660387,1.4464636845826295,0.0013679890560875513
000517.SZ,区域地产,s4,614497.0396,0.7407989165552349,-0.0,1.5733261801568266,0.4664201264848805,1.4464636845826295,0.0013679890560875513
000793.SZ,出版业,s2,497314.1188,0.5409692284594275,-0.0,1.5733261801568266,0.4664201264848805,1.4464636845826295,0.0013679890560875513
002047.SZ,装修装饰,s4,335090.9612,0.8453858073004752,-0.0,1.5733261801568266,0.4664201264848805,1.4464636845826295,0.0013679890560875513
002501.SZ,铝,s3,724200.0,0.5043963733866906,-0.0,1.5733261801568266,0.4664201264848805,1.4464636845826295,0.0013679890560875513
002564.SZ,化工机械,s4,450924.8504,0.7481335058894811,-0.0,1.5733261801568266,0.4664201264848805,1.4464636845826295,0.0013679890560875513
002793.SZ,化学制药,s3,461137.5181,0.4652106343977532,-0.0,1.5733261801568266,0.4664201264848805,1.4464636845826295,0.0013679890560875513
600223.SH,日用化工,s4,788857.3694,0.8973843002013526,-0.0,1.5733261801568266,0.4664201264848805,1.4464636845826295,0.0013679890560875513
600743.SH,区域地产,s3,415259.8547,0.9527254441845955,-0.0,1.5733261801568266,0.4664201264848805,1.4464636845826295,0.0013679890560875513
600530.SH,医疗保健,s2,364987.32,0.45808516128402316,0.0065128205128205125,1.5261613550424011,0.49266197787034366,1.4464636845826295,0.0013679890560875513
300072.SZ,化工原料,s4,669670.2861,0.36409260810133437,-0.0,1.5283210922215102,0.46756596747061185,1.4464636845826295,0.0013679890560875513
688373.SH,化学制药,s2,365172.2585,0.4329199694871842,-0.0,1.5188049090839242,0.4664201264848805,1.4464636845826295,0.0013679890560875513
002512.SZ,IT设备,s3,502427.405,0.4567579316192021,-0.0,1.507978109144808,0.4664201264848805,1.4464636845826295,0.0013679890560875513
000536.SZ,元器件,s4,1186628.0725,0.36362245818485334,-0.0,1.4961120455554267,0.4665763570660387,1.4464636845826295,0.0013679890560875513
600165.SH,化工原料,s2,334223.2822,0.33906489818097796,-0.0,1.4551169453709394,0.46756596747061185,1.4464636845826295,0.0013679890560875513
600520.SH,半导体,s1,461665.02,0.33215584246784946,-0.0,1.4064299597365417,0.515840583961184,1.4464636845826295,0.0013679890560875513
002269.SZ,服饰,s4,454762.5,0.4985538383255744,-0.0,1.4365967272532982,0.4664201264848805,1.4330319616938103,0.0013679890560875513
600397.SH,专用机械,s3,471220.9038,0.3429641637370112,-0.0,1.422196981261897,0.46697585315067613,1.4225503323441557,0.0013679890560875513
000151.SZ,商贸代理,s4,464559.4925,0.483607207625828,-0.0,1.422446614445599,0.4664201264848805,1.4223185818423547,0.0013679890560875513
600490.SH,铜,s3,973670.3148,0.17535026849812102,-0.0,1.394286177628598,0.4664201264848805,1.4009976594932916,0.0013679890560875513
601777.SH,摩托车,s5,3879103.8609,-0.05210980639500079,0.011029787884694007,1.1530442761413235,0.6746982244478696,1.376039996377542,0.0013679890560875513
002298.SZ,电气设备,s2,347112.0126,0.2970190241501451,-0.0,1.3489912295159672,0.46838759274873404,1.3681934142295775,0.0013679890560875513
300091.SZ,机械基件,s3,346975.2619,0.2890532398797654,-0.0,1.3425236293037508,0.47345962819436116,1.3671367996530743,0.0013679890560875513
002527.SZ,电器仪表,s5,819543.7557,0.3001478345406921,-0.00011463301076463851,1.2920911988708097,0.4955255507042687,1.34565985607186,0.0013679890560875513
000860.SZ,白酒,s2,1223915.5319,0.2597301862715857,-0.0,1.319728196800024,0.4664201264848805,1.3445480763394795,0.0013679890560875513
300056.SZ,环境保护,s4,439073.6146,0.3800517064979945,-0.0,1.3150512893464603,0.4664201264848805,1.3410070808180257,0.0013679890560875513
000908.SZ,化学制药,s3,448684.919,0.3598908828669312,-0.0,1.3052003884016774,0.4664201264848805,1.3335487343627876,0.0013679890560875513
600151.SH,汽车配件,s4,902144.6885,0.2585848219784951,-0.0,1.2895690918202105,0.4703888822138003,1.3247187531545483,0.0013679890560875513
688779.SH,电气设备,s4,897086.7862,0.27225470664759654,-6.5431054124211344e-06,1.2765660991803292,0.4683613914211926,1.3133388242061623,0.0013679890560875513
300044.SZ,软件服务,s3,436169.3292,0.40007415540181,0.008169717938592462,1.2278113499391998,0.5106553224787993,1.3084471883378175,0.0013679890560875513
600396.SH,火力发电,s1,384376.4792,0.25281016325864014,-0.0,1.241915559467477,0.4664201264848805,1.2856343169711781,0.0013679890560875513
603399.SH,小金属,s2,419519.8483,0.2393348652091031,0.006304821957332594,1.2165337227434727,0.4916672675260349,1.2855323357336903,0.0013679890560875513
688107.SH,半导体,s3,1149635.9846,0.25986073072956395,-0.001872949262684329,1.1974379228178185,0.5083405126637031,1.2836981631014739,0.0013679890560875513
300110.SZ,化学制药,s2,351117.2557,0.33595933113629944,-0.0,1.2352024208358838,0.4664201264848805,1.2805516434170419,0.0013679890560875513
300578.SZ,通信设备,s2,339834.3344,0.34590481368970605,0.01038184526718128,1.1918490916974356,0.5079933720898777,1.2792039007297324,0.0013679890560875513
002059.SZ,旅游景点,s3,545702.3642,0.34935792937528115,-0.0,1.2314741044585005,0.4664201264848805,1.2777288482845837,0.0013679890560875513
002030.SZ,医疗保健,s4,771895.3176,0.35102881441160116,-0.0,1.2216035564270624,0.4665819237188274,1.2703781270154182,0.0013679890560875513
000048.SZ,农业综合,s4,813983.2538,0.37557016264254395,-0.013460381651414721,1.258032159593327,0.41251913509751864,1.2570268746460307,0.0013679890560875513
002855.SZ,元器件,s2,396242.8487,0.2482860575653837,0.016729898307267333,1.1367376064633208,0.5335698590279002,1.2568422658821319,0.0013679890560875513
000828.SZ,路桥,s3,1115401.7324,0.34379009390289467,-0.0,1.1866040087942535,0.4664201264848805,1.243756654185844,0.0013679890560875513
600822.SH,汽车服务,s3,457782.9996,0.4141742994748354,-0.0,1.1838643306314642,0.4664201264848805,1.241682380063257,0.0013679890560875513
002383.SZ,通信设备,s3,576740.6776,0.33701171233491334,-0.0,1.1795047327290284,0.4664201264848805,1.2383816269906038,0.0013679890560875513
600889.SH,机械基件,s4,561242.0873,0.22831017944945128,-0.0,1.1648548002321344,0.47345962819436116,1.2326195926544246,0.0013679890560875513
600429.SH,乳制品,s4,679129.2194,0.3711934664242281,0.005344665453868269,1.148017559260513,0.48782239976789743,1.2307461142622198,0.0013679890560875513
000037.SZ,火力发电,s1,480401.789,0.22771697802952737,-0.0,1.1685199023216162,0.4664201264848805,1.2300647561389175,0.0013679890560875513
000595.SZ,新型电力,s2,600071.9049,0.2404561259754442,-0.0,1.1652502408255243,0.4664201264848805,1.227589219295547,0.0013679890560875513
600800.SH,化工原料,s2,362984.7856,0.19094955457947996,0.0638751537606761,0.9537957031276127,0.6746982244478696,1.2251842628179588,0.0013679890560875513
002426.SZ,元器件,s4,908501.1196,0.23381184921438825,0.01130077081552867,1.1015488786180225,0.5118293644601003,1.2137398261596974,0.0013679890560875513
300123.SZ,半导体,s2,568139.7724,0.2379533117413316,-0.014095737918886589,1.1494512038245028,0.4593953606502563,1.2103087867819666,0.0013679890560875513
300215.SZ,电气设备,s3,442714.6645,0.21225772867970621,0.012169360869816855,1.0850504120053124,0.5171187975853188,1.205253205936158,0.0013679890560875513
002542.SZ,建筑工程,s4,568926.7725,0.2860434096983332,-0.0002669798093763895,1.1283864519920184,0.46535102779373877,1.1988693469922702,0.0013679890560875513
000488.SZ,造纸,s4,526520.6598,0.246636670664515,0.012848762554022291,1.0669933289619467,0.5178719394941962,1.192151989230654,0.0013679890560875513
600315.SH,日用化工,s5,1398230.0384,0.18949802219683967,0.009791539949948296,1.0767759098253817,0.5056295429917076,1.1902896055405825,0.0013679890560875513
300053.SZ,半导体,s2,816736.7066,0.2159252286472207,-0.0,1.0664642597290954,0.515840583961184,1.1902134320282802,0.0013679890560875513
600289.SH,软件服务,s3,423435.9383,0.3537566545122472,-0.0,1.1030912929119934,0.4779403588433539,1.1892494687717245,0.0013679890560875513
688220.SH,半导体,s5,3666407.2921,0.21460333297016168,-0.0,1.062597815473009,0.515840583961184,1.1872860570629447,0.0013679890560875513
300370.SZ,电器仪表,s3,416390.0759,0.21933786873762628,0.00770204163157082,1.0454378579508226,0.5268267814929255,1.1826117596359047,0.0013679890560875513
688197.SH,化学制药,s3,442886.2035,0.2896379044756233,-0.0,1.0997157730208535,0.4664201264848805,1.1779715479387227,0.0013679890560875513
600185.SH,旅游服务,s5,1247873.8363,0.3537618709405711,-0.0,1.0986013741720464,0.4664201264848805,1.1771278106247134,0.0013679890560875513
300204.SZ,生物制药,s2,433817.4799,0.31132974798343827,-0.005080386278913775,1.1183026549392912,0.4460898957954893,1.1766516179953634,0.0013679890560875513
002123.SZ,互联网,s4,1058013.913,0.3706931164356778,0.0020023877448048003,1.0895577097604918,0.47443852353943494,1.1763515568383225,0.0013679890560875513
300271.SZ,软件服务,s3,536639.9049,0.3384782853271971,0.01004843761575667,1.0451748579470561,0.5181785009265257,1.1758648216426515,0.0013679890560875513
688185.SH,生物制药,s4,1335487.1049,0.3061156168144278,-0.0,1.0963635919303878,0.46643388485581594,1.1754439503721792,0.0013679890560875513
002514.SZ,机械基件,s4,411859.599,0.19871107792884715,-0.0,1.0782796808442874,0.47345962819436116,1.1670715541128214,0.0013679890560875513
600500.SH,塑料,s5,1309811.1114,0.2718782805719383,0.0013266335975774147,1.079448136415012,0.47173252162857165,1.1666485864378735,0.0013679890560875513
300073.SZ,电气设备,s5,1899377.9025,0.20566618514142226,-0.0,1.0817911275772816,0.46838759274873404,1.16588999606466,0.0013679890560875513
600610.SH,化工原料,s5,1205183.9306,0.21091785835075244,-0.0,1.080296606152937,0.46756596747061185,1.164136387471397,0.0013679890560875513
000933.SZ,铝,s5,3790155.7088,0.16327917496042557,0.000726810187789971,1.071538927444284,0.46933057811150264,1.158841772823784,0.0013679890560875513
002726.SZ,食品,s4,638862.9379,0.26296170146848574,-2.944320380132528e-05,1.0728662768890838,0.4663022235965664,1.1575539022821648,0.0013679890560875513
300027.SZ,影视音像,s3,646459.8791,0.42134665374147856,-0.0,1.072721981725819,0.4664201264848805,1.1575339200763315,0.0013679890560875513
301060.SZ,医疗保健,s2,349651.341,0.2998605765530756,-0.0,1.0719403547118376,0.4665819237188274,1.1570646325189107,0.0013679890560875513
600751.SH,水运,s3,878499.3482,0.1880032313340045,-0.0,1.0713407703062638,0.4664201264848805,1.1564881727530445,0.0013679890560875513
688047.SH,半导体,s5,5577910.0,0.19935655955139184,-0.0,1.0180021635377436,0.515840583961184,1.1535216507010513,0.0013679890560875513
002354.SZ,互联网,s4,896785.5144,0.361113130571559,-0.0,1.064173043863146,0.4664201264848805,1.1510613201830309,0.0013679890560875513
600340.SH,园区开发,s3,892328.238,0.2550488396676463,-0.0,1.0634518623758455,0.4664201264848805,1.1505152968883556,0.0013679890560875513
300671.SZ,半导体,s2,702161.4254,0.19460628449358727,-0.0,1.0041079705005576,0.515840583961184,1.1430020336662086,0.0013679890560875513
002437.SZ,化学制药,s3,536743.7445,0.3065823102242113,-0.03713486545418217,1.198163441342142,0.3177166116178752,1.1399216764558777,0.0013679890560875513
600609.SH,汽车配件,s4,654888.3961,0.17437743566006841,-0.0,1.0432688952152047,0.4703888822138003,1.1382391399120437,0.0013679890560875513
300894.SZ,家用电器,s3,519845.1956,0.2242425699800067,-0.0067172320987654325,1.0659442138768036,0.4395215229475572,1.1320367552421244,0.0013679890560875513
002214.SZ,电器仪表,s4,494970.5343,0.2015916048014736,-0.0,1.0036708174480857,0.49598458916884913,1.1276376189652273,0.0013679890560875513
603800.SH,专用机械,s4,565760.0,0.20972085781528638,-0.0,1.0324704515638672,0.46697585315067613,1.127479303046589,0.0013679890560875513
600094.SH,区域地产,s4,827930.6812,0.4638463989689882,-0.0,1.025225840175875,0.4664201264848805,1.1215734854975927,0.0013679890560875513
688110.SH,半导体,s3,1305963.5354,0.18336767389158673,-0.0,0.9712358897739037,0.515840583961184,1.1181138160160475,0.0013679890560875513
300359.SZ,文教休闲,s3,336933.3805,0.2488212511266676,-0.0,1.017357554547806,0.4664201264848805,1.1156162232581437,0.0013679890560875513
002285.SZ,房产服务,s4,476286.1401,0.3489292738364669,0.020038578563814018,0.934747890526567,0.5466629664395405,1.1138242456526344,0.0013679890560875513
300158.SZ,化学制药,s2,387048.1061,0.2393849389665363,0.021581527246088073,0.9243184524052177,0.552841577550887,1.1106058455550603,0.0013679890560875513
002530.SZ,专用机械,s4,696603.1685,0.20033079975199902,-0.0,1.0050052463338366,0.46697585315067613,1.1066847567184925,0.0013679890560875513
000903.SZ,汽车配件,s4,627825.6737,0.1499988991190585,0.010671643421149579,0.9579147376618987,0.513122600694355,1.1059702131955196,0.0013679890560875513
002189.SZ,元器件,s3,454486.735,0.19090336602070926,0.0020161469575508337,0.9882676681451146,0.47464985175652413,1.099822509596873,0.0013679890560875513
300648.SZ,电气设备,s3,425246.616,0.1726859739989195,-0.0,0.9853265198556249,0.46838759274873404,1.0928543956571901,0.0013679890560875513
000016.SZ,家用电器,s4,1170261.4683,0.20000869515202943,-0.0,0.9862190057975984,0.4664201264848805,1.0920405030276645,0.0013679890560875513
300869.SZ,医疗保健,s3,506271.751,0.26984758667687603,-1.537344249630659e-05,0.9841748819063421,0.46652036203261027,1.0905687399049222,0.0013679890560875513
300255.SZ,生物制药,s5,1834445.5125,0.2506779650896389,0.017012367362173014,0.9118165756642677,0.5345585109187587,1.0872978481882916,0.0013679890560875513
300343.SZ,化工原料,s3,427587.6476,0.12813960667705326,0.06186965879389338,0.7700813854949728,0.6746982244478696,1.086089875677916,0.0013679890560875513
603429.SH,广告包装,s4,445812.6453,0.25516504637706594,-0.0,0.9769141495471756,0.4664201264848805,1.0849955797236095,0.0013679890560875513
688567.SH,电气设备,s5,1530074.064,0.17119408034738373,-0.003636043321366571,0.9857495506436067,0.45382735628408255,1.0821507880951426,0.0013679890560875513
688399.SH,医疗保健,s3,368355.533,0.23534082510250576,0.03326369839645172,0.8394346580202181,0.5997836684546837,1.081879298485821,0.0013679890560875513
300061.SZ,互联网,s3,738072.9182,0.32640684844019574,-0.0,0.9626598098570571,0.4664201264848805,1.0742032872728509,0.0013679890560875513
600501.SH,专用机械,s4,750301.92,0.1816530310231193,0.0013891184793042184,0.9485454750839823,0.4725384638646994,1.0681493314825774,0.0013679890560875513
603882.SH,医疗保健,s5,1318433.0507,0.2518816273526384,0.008306953324523317,0.9206698064847372,0.49984643517146427,1.067719514645239,0.0013679890560875513
920305.BJ,软件服务,s2,364960.9766,0.2986597936702111,-0.0,0.941937167947274,0.4779403588433539,1.0672359287498716,0.0013679890560875513
000592.SZ,林业,s5,571807.144,0.09626748379697278,-0.0,0.9522429775077748,0.4664201264848805,1.066316460975179,0.0013679890560875513
000710.SZ,医疗保健,s3,447911.6962,0.25497464601985403,0.0030580430473139525,0.9366266319776491,0.4788276056187999,1.063886953517371,0.0013679890560875513
000078.SZ,医药商业,s3,597264.9793,0.20561345754678328,0.043517723110034365,0.7706625706314965,0.6406832699303732,1.0607763904702627,0.0013679890560875513
688707.SH,电气设备,s3,609979.5058,0.29457785015415305,-0.14856677216225114,1.5374332183987414,-0.1265358287520227,1.0604368578415102,0.0013679890560875513
002678.SZ,文教休闲,s4,580638.1539,0.22110909690640954,0.0026419045970506416,0.9328236502569427,0.4769994161825758,1.059623462728808,0.0013679890560875513
000520.SZ,水运,s2,436207.9691,0.1442390228078373,-0.0,0.9433337909244717,0.4664201264848805,1.0595711083881323,0.0013679890560875513
600230.SH,化工原料,s3,401128.2235,0.1528759277224526,0.010504902714364649,0.8966990902542412,0.5096319865030315,1.0569795960394266,0.0013679890560875513
000799.SZ,白酒,s2,1448208.4639,0.12939393890984296,-0.0,0.9385045921560784,0.4664201264848805,1.055914809566555,0.0013679890560875513
600624.SH,化学制药,s3,425950.5326,0.23450139859684405,-0.0,0.9384456893407391,0.4664201264848805,1.0558702128736785,0.0013679890560875513
300222.SZ,电气设备,s4,718353.579,0.15523787064833983,-0.0,0.9342921453961028,0.46838759274873404,1.054215082565016,0.0013679890560875513
300244.SZ,医疗保健,s4,855596.8479,0.25028463710851406,0.0030604658011721703,0.9229055233735409,0.47883730733738616,1.0535057281336038,0.0013679890560875513
605376.SH,小金属,s3,862756.8,0.1397573152252587,-0.0,0.9335770140613402,0.4664201264848805,1.0521840254665216,0.0013679890560875513
002642.SZ,软件服务,s3,465752.5404,0.28715721483907186,0.00487349729941239,0.9018772351916214,0.49745587799910906,1.0516812748957096,0.0013679890560875513
002547.SZ,汽车配件,s3,447838.6957,0.1345213910793005,-0.0,0.926692997953412,0.4703888822138003,1.0499768139601071,0.0013679890560875513
000631.SZ,综合类,s4,663492.3063,0.2518902373001621,0.015309266413969734,0.865685955070183,0.5277248248579375,1.047197338498063,0.0013679890560875513
300249.SZ,IT设备,s4,562943.6563,0.26403787796017025,-0.006898298538711416,0.9533679538490298,0.4387964572790779,1.0462536836614547,0.0013679890560875513
002587.SZ,元器件,s2,339454.5053,0.16795506856516088,-0.0,0.9237998216576437,0.4665763570660387,1.0448997712742072,0.0013679890560875513
688303.SH,电气设备,s5,3955759.3551,0.15430315645251574,-0.0036537488675210364,0.9363681923355688,0.4537564558805505,1.0447093316707656,0.0013679890560875513
688176.SH,化学制药,s3,443460.0,0.2264570362442493,-0.0,0.9149165416539353,0.4664201264848805,1.038055747351357,0.0013679890560875513
600172.SH,矿物制品,s3,556683.2077,0.19295128976450288,-0.0,0.7056134872757206,0.6742684770624877,1.036954357235316,0.0013679890560875513
002677.SZ,家用电器,s3,458696.6694,0.17484102528702114,-0.0,0.9126054867601956,0.4664201264848805,1.0363059938850292,0.0013679890560875513
002256.SZ,新型电力,s1,420292.2817,0.1883969727547743,-0.03848039373181344,1.0636390848669777,0.3123285542817422,1.0339907305005316,0.0013679890560875513
688031.SH,软件服务,s3,524006.2862,0.28298440460425633,-0.0,0.8960878478626325,0.4779403588433539,1.0325223410440225,0.0013679890560875513
300288.SZ,软件服务,s3,446420.592,0.2828925610737111,-0.0,0.8958192125252921,0.4779403588433539,1.0323189509757196,0.0013679890560875513
000927.SZ,仓储物流,s4,1482336.642,0.22213652911527912,-0.0,0.9066677532848431,0.4664201264848805,1.0318103976277655,0.0013679890560875513
002167.SZ,小金属,s2,652274.9186,0.12923904236575812,0.0005943488480701401,0.9020294298309454,0.46880014756976185,1.0301005843260969,0.0013679890560875513
600187.SH,水务,s3,642284.879,0.10444349071264775,-0.0,0.9028586056712162,0.4664201264848805,1.0289264032844236,0.0013679890560875513
300376.SZ,电气设备,s4,770647.5976,0.14349687083616838,-0.0003553300728589577,0.9004183923481803,0.46696470269309964,1.0274911722903288,0.0013679890560875513
600691.SH,农药化肥,s2,458564.5167,0.198287125382724,-0.0,0.8974754958026512,0.4664201264848805,1.0248507254726769,0.0013679890560875513
300527.SZ,专用机械,s4,778603.0022,0.18581720029197638,-0.024486781092818075,0.9947899442514041,0.3689205519735745,1.0247105622205892,0.0013679890560875513
603167.SH,水运,s2,403933.4171,0.12844491826084176,-0.0,0.8971372370923081,0.4664201264848805,1.0245946219276933,0.0013679890560875513
300473.SZ,汽车配件,s3,383773.6227,0.12564472214474692,-0.0034923101611443142,0.9053269040575231,0.45640421336913567,1.0232119284482295,0.0013679890560875513
603803.SH,通信设备,s2,396611.3447,0.22903956142461118,0.01138364405898603,0.8487082943369946,0.5120049929671551,1.022441305565226,0.0013679890560875513
300688.SZ,文教休闲,s3,439371.093,0.20526379455024496,-0.0,0.8899553088847163,0.4664201264848805,1.0191570168711492,0.0013679890560875513
603333.SH,电气设备,s2,371673.4964,0.13905114141075672,-0.0,0.8869471942236151,0.46838759274873404,1.0183691177410834,0.0013679890560875513
002599.SZ,广告包装,s3,444584.215,0.22449471428148346,-0.0,0.8872057622506357,0.4664201264848805,1.0170752710991888,0.0013679890560875513
300459.SZ,互联网,s5,1754389.6586,0.2993313724527853,-0.0,0.8834661031000761,0.4664201264848805,1.0142438880890745,0.0013679890560875513
688699.SH,半导体,s1,380273.3312,0.1363492739284822,-0.0,0.8337106480905467,0.515840583961184,1.0139902536572136,0.0013679890560875513
002165.SZ,化工原料,s4,876441.6457,0.14262186684903053,-0.0,0.8805360284929344,0.46756596747061185,1.0128930032735481,0.0013679890560875513
600198.SH,通信设备,s4,1061133.2824,0.2278015960109408,0.007692240612700847,0.8499469252952612,0.49722307143489436,1.0121873649550222,0.0013679890560875513
601933.SH,超市连锁,s5,5027570.4941,0.3120864701181939,-0.0,0.8797593978470817,0.4664201264848805,1.011437455242044,0.0013679890560875513
002581.SZ,生物制药,s2,552858.4211,0.23163636738813909,-0.0,0.8785174554012223,0.46643388485581594,1.0105075684841796,0.0013679890560875513
003015.SZ,元器件,s2,369883.7338,0.15102242437710928,-0.0,0.8742731260208847,0.4665763570660387,1.0074019569207193,0.0013679890560875513
300821.SZ,化工原料,s4,866400.0,0.14004918127604704,-0.0,0.873011118979266,0.46756596747061185,1.0071957190848388,0.0013679890560875513
600658.SH,园区开发,s2,446315.433,0.18945528823499583,-0.0,0.8715957162559524,0.4664201264848805,1.0052565418415156,0.0013679890560875513
300135.SZ,石油加工,s2,345600.0,0.2731841292502611,-0.0,0.8707955823648343,0.4664201264848805,1.0046507418437298,0.0013679890560875513
600288.SH,元器件,s2,366038.4,0.1491663387479493,-0.0,0.8688442168079906,0.4665763570660387,1.0032916033590749,0.0013679890560875513
000547.SZ,通信设备,s4,1090155.3595,0.22635874619028,0.003253034502199706,0.8515707373722058,0.479446635630513,0.9999578374635167,0.0013679890560875513
601908.SH,电气设备,s3,584333.8924,0.130393794355986,-0.0,0.861625112932497,0.46838759274873404,0.9991971804436245,0.0013679890560875513
603123.SH,多元金融,s2,662951.432,0.1959485343035464,-0.0,0.8599895101498798,0.4664201264848805,0.9964692129814247,0.0013679890560875513
601568.SH,化工原料,s5,1557111.1118,0.13245697702266038,-0.0,0.8508044993223713,0.46756596747061185,0.9903825703252289,0.0013679890560875513
000897.SZ,区域地产,s2,370355.3416,0.4041440237991553,-0.0,0.8506009362926166,0.4664201264848805,0.9893609051281065,0.0013679890560875513
600815.SH,工程机械,s2,452394.0924,0.15705922530148436,-0.0,0.8502013110511355,0.4664201264848805,0.9890583395536549,0.0013679890560875513
301090.SZ,化工原料,s5,1030046.6851,0.13554686511306982,-0.0046925931617584115,0.8660197987960893,0.44877486405715483,0.9876752459101252,0.0013679890560875513
002470.SZ,农药化肥,s3,548766.6329,0.18109250951054456,-0.0,0.8471825529264676,0.4664201264848805,0.9867727674943539,0.0013679890560875513
603660.SH,IT设备,s2,343504.3661,0.31730266841300936,-0.09473547360040412,1.2247975541167757,0.08705971317324601,0.9854512753403882,0.0013679890560875513
002607.SZ,文教休闲,s5,1874889.4143,0.1890134483507527,-0.0,0.8424242829400418,0.4664201264848805,0.9831701705049772,0.0013679890560875513
300199.SZ,化学制药,s4,1134965.1168,0.16698107438156057,0.03673760564417426,0.6925902851625456,0.6135328471119966,0.9811098282173,0.0013679890560875513
000795.SZ,矿物制品,s5,1201705.1492,0.16712280057196302,-0.0,0.6300671219951637,0.6742684770624877,0.9797564452012136,0.0013679890560875513
000700.SZ,汽车配件,s4,606808.1721,0.10292495080063999,-0.0009910943271634388,0.8355805508994572,0.4664201264848805,0.9779886216404009,0.0013679890560875513
600203.SH,元器件,s3,499295.965,0.13746920107651264,-0.0,0.8346309792982042,0.4665763570660387,0.9773879646834196,0.0013679890560875513
002408.SZ,化工原料,s5,1327607.1103,0.12543340966303684,-1.8560998791149042e-05,0.8302855341206413,0.46749164147734573,0.9747909101058432,0.0013679890560875513
688302.SH,生物制药,s2,386952.957,0.21526146105050062,-0.0,0.8306221005317842,0.46643388485581594,0.9742448802067161,0.0013679890560875513
300499.SZ,专用机械,s4,567457.0805,0.12768367818943688,0.01092462784442404,0.7781361070281746,0.51072262694966,0.9680385503149209,0.0013679890560875513
603758.SH,汽车配件,s3,454154.9457,0.09676835176699317,-0.0,0.8162682310583131,0.4703888822138003,0.966371652020203,0.0013679890560875513
002819.SZ,电器仪表,s4,750736.812,0.10810993216523719,0.020365434535135937,0.7034337558979258,0.577536296981151,0.9620658461897635,0.0013679890560875513
300741.SZ,食品,s4,973090.4,0.17460422152148905,-0.0,0.814388611447347,0.4664201264848805,0.9619437108877485,0.0013679890560875513
002009.SZ,工程机械,s3,512042.8725,0.19566096512622,-0.05650820808900446,1.0374992671677805,0.24013765423413605,0.9595422547460097,0.0013679890560875513
002624.SZ,互联网,s5,2337661.9268,0.2731114476145297,-0.0,0.8067748183449565,0.4664201264848805,0.9561791308646185,0.0013679890560875513
600158.SH,文教休闲,s5,811748.0547,0.1747835751044926,-0.0,0.8008029866209179,0.4664201264848805,0.9516577180293946,0.0013679890560875513
603767.SH,汽车配件,s3,412023.0525,0.09303457461356021,-0.003859226853583568,0.8104277354448712,0.45493492564823595,0.950249126495303,0.0013679890560875513
603106.SH,IT设备,s3,402361.96,0.2137859218408544,-0.0,0.7973034712736993,0.4664201264848805,0.9490081534838489,0.0013679890560875513
000516.SZ,医疗保健,s5,1195742.4562,0.19811957358726828,0.006536636765329719,0.7657504418627893,0.4927573480949497,0.9450591439627244,0.0013679890560875513
000993.SZ,水力发电,s1,436885.6881,0.17567105028591012,-0.0,0.7912881728475875,0.4664201264848805,0.944453830996488,0.0013679890560875513
688381.SH,半导体,s2,542025.0,0.08712840784066728,0.018636003172085646,0.6652098048384756,0.5904669261026686,0.9429156832681804,0.0013679890560875513
002650.SZ,食品,s3,564480.098,0.16598025196774946,-1.7361111111111112e-07,0.7891643853587514,0.46641943127346325,0.9428453356816469,0.0013679890560875513
002925.SZ,元器件,s4,1088418.4976,0.11539203950723738,0.006831326366425566,0.7610637928116878,0.49393184171548493,0.9424000093157882,0.0013679890560875513
002552.SZ,元器件,s3,527019.2303,0.07324991772722184,0.06214247732094997,0.5783739922550482,0.6746982244478696,0.9409437448997836,0.0013679890560875513
603868.SH,家用电器,s5,1501948.8,0.13126794275094913,-0.0,0.785157536354303,0.4664201264848805,0.9398121833731551,0.0013679890560875513
600586.SH,玻璃,s3,690095.91,0.09204021221735473,-0.0,0.7851038810881269,0.4664201264848805,0.9397715597219244,0.0013679890560875513
300210.SZ,专用机械,s3,432892.638,0.12471246819979544,-0.0,0.7838273812731478,0.46697585315067613,0.9392258455895444,0.0013679890560875513
600491.SH,建筑工程,s4,582837.7809,0.16839511419547185,-0.0,0.7839226726696188,0.4664201264848805,0.9388772393272256,0.0013679890560875513
603601.SH,玻璃,s1,337145.0234,0.09142267919079915,-0.0013649331006217523,0.785094524032763,0.46095436413086843,0.9356262193446517,0.0013679890560875513
002614.SZ,家用电器,s2,377826.9117,0.1293822152750521,-1.2563579483223359e-05,0.7796584664474058,0.46636981666402577,0.9356106187799016,0.0013679890560875513
300082.SZ,化工原料,s3,399897.7416,0.1074949657627713,-0.0,0.7777925160538479,0.46756596747061185,0.9351034979182451,0.0013679890560875513
300715.SZ,其他建材,s3,381457.9289,0.17352006224846117,0.017807291637817902,0.704432155692566,0.5377279614377909,0.9326819402564921,0.0013679890560875513
300572.SZ,电器仪表,s3,413553.7945,0.11344774708717936,-0.0,0.7458567415847233,0.49598458916884913,0.9324405796686032,0.0013679890560875513
000881.SZ,化工原料,s4,616417.6314,0.10609043560868918,-0.0,0.7736843722411433,0.46756596747061185,0.9319931265913138,0.0013679890560875513
600881.SH,综合类,s3,519826.1741,0.2132800886249227,-0.0,0.772908247869583,0.4664201264848805,0.9305379618718637,0.0013679890560875513
300287.SZ,软件服务,s4,753518.7492,0.23594663273388292,-0.0,0.7585059448247609,0.4779403588433539,0.9283558790544887,0.0013679890560875513
300672.SZ,半导体,s3,1387963.1754,0.09689699670486003,0.0008077630213801076,0.7172523517822855,0.5190752045526337,0.9282659726838356,0.0013679890560875513
002596.SZ,水泥,s2,380996.732,0.2445375639442787,-0.0,0.766717458430531,0.4664201264848805,0.9258507710528013,0.0013679890560875513
601168.SH,铜,s5,3574500.0,-0.04019567936336274,-0.0,0.763830683677724,0.4664201264848805,0.9236651266771901,0.0013679890560875513
600053.SH,多元金融,s1,610858.9872,0.16275822903964224,-0.0,0.7629103931117714,0.4664201264848805,0.9229683532633842,0.0013679890560875513
002176.SZ,小金属,s3,1167126.6974,0.08137328396655504,-0.0,0.7628081657891214,0.4664201264848805,0.9228909545773362,0.0013679890560875513
605318.SH,其他建材,s3,366122.9295,0.16158313532726074,0.025207826589639763,0.6597750434295141,0.5673627950576902,0.9213082233451378,0.0013679890560875513
300177.SZ,通信设备,s3,695798.0767,0.19371982744017624,-0.0,0.7603868742549832,0.4664201264848805,0.9210577383840193,0.0013679890560875513
600798.SH,水运,s1,354721.0551,0.08152680748394767,-0.0,0.7599053336463779,0.4664201264848805,0.9206931527779539,0.0013679890560875513
300466.SZ,电器仪表,s4,561235.3436,0.1080921305733925,-0.0,0.7301919708566705,0.49598458916884913,0.9205804170411876,0.0013679890560875513
000599.SZ,汽车配件,s2,363457.7492,0.07580160138934669,4.101408929830178e-05,0.7548880884071101,0.4705531197615371,0.9200236650297929,0.0013679890560875513
002757.SZ,专用机械,s4,518229.6714,0.11597311715545466,-0.0,0.75826544455323,0.46697585315067613,0.9198723081625962,0.0013679890560875513
600605.SH,房产服务,s4,707342.449,0.2796227702091293,-0.0,0.7584116321964283,0.4664201264848805,0.9195622366336478,0.0013679890560875513
600560.SH,电气设备,s2,329653.467,0.09372374893942886,-0.0,0.7543680207641331,0.46838759274873404,0.9179903387895417,0.0013679890560875513
688084.SH,专用机械,s3,435342.2658,0.11446701626431743,-0.0,0.7538602140644065,0.46697585315067613,0.9165370055963653,0.0013679890560875513
002957.SZ,专用机械,s4,597635.0491,0.11392189434436065,-0.0,0.7522657739335686,0.46697585315067613,0.9153298178513477,0.0013679890560875513
000566.SZ,化学制药,s4,661656.2143,0.16997135906348726,-0.0,0.7497002345905704,0.4664201264848805,0.9129666346863733,0.0013679890560875513
000815.SZ,通信设备,s4,810676.6988,0.18973008816489964,-0.0,0.7487171905031635,0.4664201264848805,0.9122223491204388,0.0013679890560875513
688788.SH,通信设备,s3,736640.0456,0.18952932713839513,-0.0,0.7481299797790152,0.4664201264848805,0.9117777582096703,0.0013679890560875513
601369.SH,机械基件,s5,1482289.5693,0.0816972226910111,0.0012474262261688196,0.7343808723654184,0.4784548439329898,0.9104797536521521,0.0013679890560875513
300094.SZ,渔业,s5,393730.3713,0.30676173290665026,0.004732114783605353,0.7264859539487101,0.48536949098290066,0.9097375673775457,0.0013679890560875513
603268.SH,船舶,s2,489721.7472,0.12139741785853993,-0.0,0.7413177434377498,0.4664201264848805,0.9066200554723356,0.0013679890560875513
002399.SZ,化学制药,s5,1561203.1611,0.16674586035460726,-0.0,0.7402658963349905,0.4664201264848805,0.9058236775415971,0.0013679890560875513
002413.SZ,通信设备,s3,562354.5712,0.16892857794847907,0.018811964952348947,0.6631091537225042,0.5417510931049349,0.9044413400297753,0.0013679890560875513
002250.SZ,化工原料,s4,566849.1988,0.08085877484585025,0.012903533507532577,0.6828966968776176,0.5192371062590837,0.9023770860341052,0.0013679890560875513
600967.SH,运输设备,s5,1914519.0004,0.13938792148276596,0.001441776371009144,0.7279722070040238,0.47219360139583133,0.9008870713997323,0.0013679890560875513
600199.SH,白酒,s1,674899.5414,0.058713541834800605,-0.0,0.7317698096528793,0.4664201264848805,0.899391092507588,0.0013679890560875513
000678.SZ,汽车配件,s3,511088.3183,0.06641646532515454,-0.0,0.7274912730645247,0.4703888822138003,0.8991565502065518,0.0013679890560875513
688622.SH,电器仪表,s4,564530.6924,0.09748027501019309,-0.0,0.6991531009210055,0.49598458916884913,0.8970801659619336,0.0013679890560875513
600651.SH,电器仪表,s5,965205.7858,0.09682903722199895,-0.0,0.6972482799512361,0.49598458916884913,0.8956379816574346,0.0013679890560875513
600071.SH,元器件,s3,531893.0763,0.09941656395443678,-0.0,0.723329911609617,0.4665763570660387,0.8931193350106176,0.0013679890560875513
000008.SZ,运输设备,s5,730705.5967,0.11475928956162762,0.02316519376108018,0.627337319340205,0.5591832398748577,0.8905559355514795,0.0013679890560875513
000659.SZ,广告包装,s3,434567.4518,0.1672872546068719,-0.0,0.7198782963220741,0.4664201264848805,0.8903877509050925,0.0013679890560875513
600506.SH,石油加工,s3,364259.9178,0.22155923306728656,-0.0,0.7197966898033487,0.4664201264848805,0.890325964709792,0.0013679890560875513
600052.SH,供气供热,s3,345275.6491,0.15371499717370912,-0.0,0.7196059680533998,0.4664201264848805,0.8901815648324974,0.0013679890560875513
603777.SH,食品,s3,487002.1869,0.14215985148868815,-0.0,0.7194912981928235,0.4664201264848805,0.8900947456112966,0.0013679890560875513
600676.SH,汽车配件,s3,408311.6988,0.062283585642376925,-0.0,0.7154029145140801,0.4703888822138003,0.8900041725052918,0.0013679890560875513
002786.SZ,专用机械,s3,407888.676,0.10238146143597236,-0.0,0.7185108859301047,0.46697585315067613,0.8897732062582814,0.0013679890560875513
688382.SH,生物制药,s4,1243404.8646,0.17970200727537688,-0.003035121739130435,0.730609021254323,0.4542799894494944,0.8893206521876935,0.0013679890560875513
000553.SZ,农药化肥,s4,1279066.6595,0.13660995511783283,-0.0,0.7170744665528107,0.4664201264848805,0.8882649061076578,0.0013679890560875513
300203.SZ,电器仪表,s5,1005620.9616,0.08523064996111351,0.00835282797965338,0.6523277145966659,0.5294328019053797,0.8869519963895277,0.0013679890560875513
603421.SH,通信设备,s2,409575.6409,0.1774838102947552,-0.0,0.7128977597029931,0.4664201264848805,0.8851026241090347,0.0013679890560875513
002405.SZ,软件服务,s5,1895082.0339,0.21238597756156855,0.003567184952495192,0.6848967645832701,0.4922248576325366,0.8834397815220828,0.0013679890560875513
002180.SZ,IT设备,s5,3168997.258,0.18854569687970363,-0.0049026630500012425,0.729931894697813,0.4467878154793839,0.8831354845602835,0.0013679890560875513
300457.SZ,专用机械,s5,1097136.1075,0.09839943869767373,0.0005311467837946833,0.7061645388803249,0.46910278676668793,0.8820358504178777,0.0013679890560875513
300632.SZ,半导体,s1,337530.8717,0.07674695339156057,-0.0,0.6593783963941656,0.515840583961184,0.8819992470719782,0.0013679890560875513
603666.SH,专用机械,s4,658499.2122,0.09234605777645091,0.006972584010729982,0.6799789648626635,0.494896992420194,0.8817395363174871,0.0013679890560875513
002724.SZ,元器件,s3,459812.8044,0.0844588340998761,0.010684040018243674,0.6655145770428226,0.509359716700203,0.8817382768127495,0.0013679890560875513
000767.SZ,火力发电,s2,815389.688,0.07032049531207661,-0.0,0.7081471686085716,0.4664201264848805,0.8815058409875755,0.0013679890560875513
300484.SZ,电气设备,s2,368340.7646,0.07369049199891949,0.0030673830614211055,0.6917341811863337,0.48067067596710783,0.8798686088770353,0.0013679890560875513
603766.SH,摩托车,s4,2437554.176,-0.27676451748789804,-0.0,0.49594634293646384,0.6746982244478696,0.8785358525095508,0.0013679890560875513
600316.SH,航空,s5,2553644.7772,0.10880755857054303,-0.0,0.7039465214520416,0.4664201264848805,0.8783254332253593,0.0013679890560875513
300447.SZ,电气设备,s3,384766.382,0.07432889746680622,5.763165130289555e-05,0.6975636864266124,0.46861837395694667,0.8751571845626025,0.0013679890560875513
600360.SH,半导体,s2,657802.2832,0.07346881272352337,-0.0,0.6497900844142254,0.515840583961184,0.8747397128356528,0.0013679890560875513
300504.SZ,通信设备,s2,374826.9941,0.16533102933942276,0.006676653242257875,0.6685622522501923,0.49315623532838565,0.8717777096704752,0.0013679890560875513
003001.SZ,建筑工程,s4,504266.1744,0.13051588670924744,0.00797521886490101,0.6626297570451292,0.4983562345746667,0.8712231199260161,0.0013679890560875513
300147.SZ,中成药,s2,405364.0546,0.19828948705933194,-0.0,0.6930255213279465,0.4664201264848805,0.8700568897672775,0.0013679890560875513
601515.SH,广告包装,s5,629805.7681,0.173211739525666,-0.017072249724871705,0.7596819004918332,0.39805570642503146,0.8687636922381164,0.0013679890560875513
600261.SH,家用电器,s2,401850.9428,0.050479638694041894,0.056272662562654736,0.480386063573312,0.6746982244478696,0.8667548027272831,0.0013679890560875513
600267.SH,化学制药,s4,1054986.4125,0.14939961344136718,-0.0005563714391392045,0.6902618850384283,0.46419218281093094,0.8662776483623293,0.0013679890560875513
688119.SH,其他建材,s3,393750.0,0.15986555432387942,-0.0,0.687936349198238,0.4664201264848805,0.8662037590611151,0.0013679890560875513
000970.SZ,矿物制品,s5,1281374.9647,0.11578127766349858,-0.0,0.47989707469626,0.6742684770624877,0.8660592061128586,0.0013679890560875513
000006.SZ,区域地产,s5,868046.8146,0.347445425180593,-0.0,0.6847618502274986,0.4664201264848805,0.8638002719812751,0.0013679890560875513
600488.SH,化学制药,s3,430203.3519,0.14320501274727365,0.004082590625941409,0.6660361406769818,0.48276852490817956,0.8620003543779949,0.0013679890560875513
300081.SZ,文教休闲,s3,358643.6823,0.1341134016295996,-0.0,0.6818458243008965,0.4664201264848805,0.8615924808609539,0.0013679890560875513
600497.SH,铅锌,s5,2576193.5334,0.00868853857124986,-0.0,0.678213586741454,0.4664481945803827,0.8588636802470676,0.0013679890560875513
600178.SH,汽车配件,s3,486934.7904,0.037778595461095105,0.010215782837544525,0.6302790119844215,0.5112971444757232,0.8565274818243657,0.0013679890560875513
300080.SZ,电气设备,s4,638822.7287,0.017896029165644457,0.13913060674170818,0.46475268787718876,0.6746982244478696,0.8549184100094847,0.0013679890560875513
002733.SZ,电气设备,s3,541358.8124,0.06489416570220287,-0.0,0.6700436837930506,0.46838759274873404,0.8541464200186766,0.0013679890560875513
002462.SZ,医药商业,s2,356466.1006,0.15212393476799968,-0.0,0.6714991360223627,0.4664201264848805,0.8537587622723487,0.0013679890560875513
000768.SZ,航空,s5,6564906.5676,0.10177051574244048,-0.004729750352315925,0.689590234633045,0.44748023015751615,0.8531161177592311,0.0013679890560875513
603121.SH,汽车配件,s4,704488.6609,0.03437767743721007,0.011831735119401674,0.6182042487784909,0.5177680924980339,0.8522847028801013,0.0013679890560875513
300266.SZ,环境保护,s3,385344.2139,0.14955379011608602,0.0104570846867844,0.6270960899452511,0.5082946621582459,0.851844368176568,0.0013679890560875513
600351.SH,中成药,s2,408100.0268,0.14212417152394646,0.06493497078765671,0.46027441610616676,0.6746982244478696,0.8515278061879444,0.0013679890560875513
601718.SH,服饰,s5,1106690.6098,0.23484366694921452,-0.0,0.6652645449299514,0.4664201264848805,0.8490384082017324,0.0013679890560875513
300057.SZ,铝,s2,406477.826,0.003005298325226866,0.022426755214500077,0.5741829223392261,0.556226223441737,0.8480726780473785,0.0013679890560875513
300366.SZ,软件服务,s2,365153.2662,0.19963151730496184,-0.0,0.6522869958592414,0.4779403588433539,0.847935039789463,0.0013679890560875513
002291.SZ,广告包装,s4,537411.5938,0.16737736473814088,-0.021212428850311743,0.7480671791324979,0.38147669959137126,0.8474175642131938,0.0013679890560875513
000735.SZ,农业综合,s4,740423.2307,0.17721756295883132,-0.0,0.6601458443910881,0.4664201264848805,0.8451629208495148,0.0013679890560875513
002645.SZ,专用机械,s3,416373.8754,0.08110214425765266,0.0007310252156229774,0.6553081370144098,0.469903183509626,0.8441372835289228,0.0013679890560875513
002479.SZ,新型电力,s1,413470.0,0.06714949649142997,-0.0,0.6583415386191603,0.4664201264848805,0.8437968389415093,0.0013679890560875513
300331.SZ,元器件,s3,464276.1674,0.07710427917714009,-0.0,0.6580681766523773,0.4665763570660387,0.8437081560423847,0.0013679890560875513
601688.SH,证券,s5,14172864.5812,0.03814998886842507,0.005320508217851897,0.6361585220850663,0.48772566410287826,0.8431324792245557,0.0013679890560875513
600936.SH,软件服务,s3,598227.3936,0.1971715584544337,-0.0,0.6450918034299911,0.4779403588433539,0.8424873920818821,0.0013679890560875513
002709.SZ,化工原料,s5,3208440.6731,0.06178935669014704,0.004064591968737429,0.6387562144145429,0.48384229175128557,0.8421590609464439,0.0013679890560875513
688173.SH,半导体,s2,526016.2713,0.06998498504870194,-0.012341483930006699,0.6558472255342848,0.4664201264848805,0.8419083364320319,0.0013679890560875513
600808.SH,普钢,s4,2339797.6896,0.18500190136282635,0.003702957228233584,0.6400713758095975,0.4812483141868102,0.841190839451013,0.0013679890560875513
300035.SZ,电气设备,s4,1015116.8998,0.01141648244262555,0.05237595765631941,0.44580050682081457,0.6746982244478696,0.8405692724845869,0.0013679890560875513
002077.SZ,半导体,s2,820612.7974,0.05794685100485423,-0.0,0.6043895276442189,0.515840583961184,0.8403658942834791,0.0013679890560875513
300333.SZ,IT设备,s2,364896.0,0.16454171640871332,-0.0,0.6532679179823421,0.4664201264848805,0.8399554826326859,0.0013679890560875513
002603.SZ,中成药,s5,2203660.3909,0.184679284379056,-0.0,0.6532167142559664,0.4664201264848805,0.8399167150993152,0.0013679890560875513
002640.SZ,互联网,s3,539082.3002,0.22055680116071205,-0.0,0.6530564769973953,0.4664201264848805,0.8397953957401865,0.0013679890560875513
688105.SH,生物制药,s3,971665.491,0.15928641891297485,-0.005309474763130922,0.6738890741195296,0.44517252979989475,0.8394811899090784,0.0013679890560875513
601068.SH,建筑工程,s5,1719841.6898,0.13155923329207764,-0.009046636325750616,0.6880900606513684,0.4301936152828279,0.8388922025196429,0.0013679890560875513
300352.SZ,软件服务,s3,653870.6632,0.19550719972469072,-0.0,0.6402236808070323,0.4779403588433539,0.8388016231037829,0.0013679890560875513
603212.SH,塑料,s4,406866.2915,0.1187813204362079,0.006520543928087388,0.6248136030115239,0.49253110841768577,0.8381812906318251,0.0013679890560875513
688320.SH,电器仪表,s4,521450.1956,0.07086402669258081,-0.0,0.6213026001498988,0.49598458916884913,0.8381377393027574,0.0013679890560875513
300808.SZ,家用电器,s3,403200.0,0.08408842904423007,-0.0,0.6471610492320011,0.4664201264848805,0.8353318301208991,0.0013679890560875513
600343.SH,机械基件,s5,701388.7765,0.048797076267165486,-0.0,0.6397926347852949,0.47345962819436116,0.8350828026297569,0.0013679890560875513
002271.SZ,其他建材,s5,2880772.0384,0.11552251505219847,0.03261855510734161,0.5152953055748186,0.597038447973872,0.8343873777547183,0.0013679890560875513
000656.SZ,全国地产,s3,720861.6352,0.4084737921323023,-0.0,0.6447053118358449,0.4664201264848805,0.8334725341634753,0.0013679890560875513
000670.SZ,元器件,s3,520483.4032,0.09818217105594527,-0.02799563316124995,0.7565745421060558,0.3544701463368892,0.8334113965509787,0.0013679890560875513
300332.SZ,供气供热,s3,384111.0955,0.11056085400046674,0.0190307727645109,0.568330129192996,0.5426272909947317,0.833345323723163,0.0013679890560875513
603583.SH,电气设备,s5,1366255.7055,0.053425304509813275,0.0020051428714721845,0.6338584469014361,0.47641702248145584,0.8328290028915555,0.0013679890560875513
002497.SZ,小金属,s4,1252835.4592,0.040186198028253454,-0.0,0.6423390738518611,0.4664201264848805,0.831681000294744,0.0013679890560875513
688192.SH,生物制药,s5,2046475.6214,0.1744410231162366,-0.025758378401025676,0.7451353051224646,0.36328657682980847,0.831425608692373,0.0013679890560875513
300531.SZ,IT设备,s3,399705.1326,0.15489461678108254,0.0061873863183884515,0.6169054381391046,0.4911970061673882,0.8311837550135645,0.0013679890560875513
603819.SH,电气设备,s2,340094.5521,0.05444758196159452,-0.0,0.6394882213608973,0.46838759274873404,0.8310121680150873,0.0013679890560875513
600133.SH,环境保护,s5,948953.4888,0.4622408255081351,-0.34014366350806624,2.0032337902487973,-0.8956572017821849,0.8307856173141477,0.0013679890560875513
600755.SH,仓储物流,s4,1339492.4727,0.11692405645932652,0.015229201089102399,0.5788806411356303,0.5274042098488047,0.8298076127919929,0.0013679890560875513
002094.SZ,日用化工,s3,464283.1529,0.03561049443589449,-0.0,0.639556774595451,0.4664201264848805,0.829574456749867,0.0013679890560875513
300217.SZ,家用电器,s3,626662.2226,0.07547316217105997,0.006539999481349326,0.6133524004888509,0.49260901658076506,0.8295627334448534,0.0013679890560875513
300363.SZ,化学制药,s4,739649.8891,0.13092467536446034,0.001030900609350351,0.634134516729799,0.4705482831972854,0.8285946626373141,0.0013679890560875513
603256.SH,玻璃,s4,703782.0,0.03690938833274125,0.005249499643814241,0.6169396596537147,0.4874413161076466,0.8283661445343361,0.0013679890560875513
603988.SH,电气设备,s3,472752.0,0.05313096934874239,-0.0,0.6356372296655627,0.46838759274873404,0.8280964925432654,0.0013679890560875513
002031.SZ,汽车配件,s5,1884882.0892,0.03430424244681522,-0.0,0.6335654649596365,0.4703888822138003,0.8280431340975967,0.0013679890560875513
301487.SZ,化工原料,s4,849371.1774,0.19176303730991803,-0.14441639960961958,1.2143886492510403,-0.11073762845556875,0.8278134786347554,0.0013679890560875513
000788.SZ,化学制药,s2,329581.046,0.13126942001038375,-0.0,0.6365000081671025,0.4664201264848805,0.8272601077189351,0.0013679890560875513
605018.SH,汽车配件,s3,467927.2124,0.033016666807210424,0.0005929094934368646,0.629018862473115,0.47276313952142035,0.8263984009858305,0.0013679890560875513
601212.SH,铜,s4,2028908.216,-0.0842278535567186,-0.0,0.6350399251122106,0.4664201264848805,0.8261546448442351,0.0013679890560875513
002228.SZ,广告包装,s3,356270.886,0.12610885714865405,0.012749297966139638,0.5826506746539273,0.5174736417316474,0.8251433286168369,0.0013679890560875513
000892.SZ,影视音像,s2,339419.2437,0.27121063528607037,-0.0,0.6335855534411664,0.4664201264848805,0.8250535061912192,0.0013679890560875513
000045.SZ,元器件,s3,485247.9313,0.06853793050710622,-0.0,0.6330122587114274,0.4665763570660387,0.8247377372141875,0.0013679890560875513
002403.SZ,家用电器,s3,458499.5273,0.07900987139209346,-0.0,0.6323066545894568,0.4664201264848805,0.8240852220951023,0.0013679890560875513
002441.SZ,电气设备,s3,426922.1895,0.05127352259849061,-0.0,0.6302043392770595,0.46838759274873404,0.8239831247408769,0.0013679890560875513
002449.SZ,半导体,s2,515191.4818,0.050234778217001466,-0.0,0.5818323016462831,0.515840583961184,0.823287293300205,0.0013679890560875513
601155.SH,区域地产,s5,3099225.8041,0.3291371876394094,-0.0,0.6312116487186564,0.4664201264848805,0.8232561676562518,0.0013679890560875513
000750.SZ,证券,s2,2426746.3013,0.19298029852475904,-0.17295335664763678,1.3237158360194703,-0.22615736711834075,0.8232006657479723,0.0013679890560875513
600643.SH,多元金融,s2,740824.4118,0.10125824485897826,0.01772691041088073,0.5596908483115967,0.5374060814247981,0.8228512237007374,0.0013679890560875513
603068.SH,半导体,s1,469626.7439,0.048989832402599416,-0.0,0.5781909298824061,0.515840583961184,0.820530325958888,0.0013679890560875513
000425.SZ,工程机械,s5,10516387.8228,0.0806221983826181,-0.0,0.6266288243475652,0.4664201264848805,0.8197864046269921,0.0013679890560875513
002989.SZ,装修装饰,s5,516627.5959,0.3670426698989507,-0.07373920810341578,0.9214670313746773,0.1711375316949062,0.8194499483054362,0.0013679890560875513
601919.SH,水运,s5,22555317.8091,0.027956364187463202,0.008327810081958011,0.5922526336236567,0.4997681571074763,0.8190079606765326,0.0013679890560875513
000957.SZ,汽车整车,s1,605354.9187,0.12817060192977073,-0.0,0.624656737307307,0.4664201264848805,0.8182932916144285,0.0013679890560875513
300709.SZ,元器件,s3,585397.2384,0.06539059250068087,0.00016133754921578405,0.6235941401060384,0.4672224200140254,0.8180962096438402,0.0013679890560875513
600983.SH,家用电器,s4,685196.466,0.0758931301094894,-0.0,0.6231904235290427,0.4664201264848805,0.8171831113139988,0.0013679890560875513
600545.SH,纺织机械,s3,373673.6544,0.07162192354371578,0.05671627939851705,0.41362693955703583,0.6746982244478696,0.816209915640049,0.0013679890560875513
605336.SH,家用电器,s2,358021.1024,0.06937905642840873,0.006483823889273259,0.5956015578961844,0.4923840660419849,0.8159528419503076,0.0013679890560875513
002355.SZ,汽车配件,s2,355586.8392,0.028398286516178435,-0.0,0.6162909933193972,0.4703888822138003,0.8149642294323011,0.0013679890560875513
002117.SZ,广告包装,s5,584472.5858,0.0960369684913969,0.04021773221775726,0.4585315894494964,0.6274687277822085,0.8144497200206774,0.0013679890560875513
002085.SZ,汽车配件,s5,3187069.5775,0.02028898516400493,0.008531091648635216,0.5813410617016627,0.5045509371529746,0.8143677096555171,0.0013679890560875513
000878.SZ,铜,s4,2278125.3885,-0.08987212461176168,-0.0,0.6185308618182599,0.4664201264848805,0.81365524865825,0.0013679890560875513
601519.SH,软件服务,s5,1739355.3408,0.169693215320403,0.015720353881106958,0.5440245213013475,0.5408912231721353,0.813628564734265,0.0013679890560875513
688538.SH,半导体,s4,2918552.8193,0.042039127924491645,0.004149087397227762,0.55239853997887,0.5324552632366323,0.8135816675657236,0.0013679890560875513
002584.SZ,化工原料,s3,530206.0783,0.05260502298045446,-0.0,0.6172436106668657,0.46756596747061185,0.813548183729497,0.0013679890560875513
300173.SZ,轻工机械,s4,388669.8942,0.11284215492296744,-0.0,0.6177533730899774,0.4664201264848805,0.8130665938404746,0.0013679890560875513
688505.SH,化学制药,s4,775355.9308,0.13088161869249626,-0.007358697764820214,0.6450531512810741,0.4369528264397822,0.8114255125802876,0.0013679890560875513
002737.SZ,中成药,s4,986960.0,0.1714917366956812,-0.0,0.6146441408849017,0.4664201264848805,0.810712521748468,0.0013679890560875513
002466.SZ,小金属,s5,4518283.018,0.030610127166601272,-0.0,0.6143297953426161,0.4664201264848805,0.81047452341977,0.0013679890560875513
688068.SH,医疗保健,s4,1123567.5078,0.14705571639408196,-0.004607325417866708,0.6310631279181017,0.44813226797365724,0.8092975556411502,0.0013679890560875513
002500.SZ,证券,s1,2046169.7818,0.027112615222585658,-0.0,0.6108792812543329,0.4664201264848805,0.8078620588682182,0.0013679890560875513
002693.SZ,生物制药,s2,544072.952,0.13957205283154075,0.0001139276216011593,0.6090863604546707,0.46689009864750003,0.8068604236540529,0.0013679890560875513
600595.SH,铝,s4,1423347.6905,0.0030971204945209672,0.0011977366223572257,0.6023986524648124,0.4712163642913486,0.8050725206744845,0.0013679890560875513
688180.SH,生物制药,s5,2828929.9298,0.14146086764796675,-0.0028673438985379615,0.6185357252397966,0.4549518420146715,0.804976025689457,0.0013679890560875513
002745.SZ,元器件,s4,1147260.6264,0.05930325943350944,-0.0,0.6060015486009329,0.4665763570660387,0.8042872997227053,0.0013679890560875513
603956.SH,专用机械,s3,363030.3042,0.05019576233604104,0.014676766297233341,0.5465503093683833,0.5257477568209076,0.8040754267388946,0.0013679890560875513
688161.SH,医疗保健,s4,1043200.0,0.13978531332739003,-0.0,0.6037323918735839,0.4665819237188274,0.8025734829760606,0.0013679890560875513
300180.SZ,化纤,s4,1275007.5522,0.11749879033216044,-0.0,0.603224360442122,0.4664201264848805,0.8020663400984424,0.0013679890560875513
300400.SZ,专用机械,s3,359814.0614,0.061938561078255815,-0.0,0.6002184801818159,0.46697585315067613,0.8002112717672474,0.0013679890560875513
002218.SZ,新型电力,s1,435210.3291,0.046882126451514045,-0.0,0.5990610236460296,0.4664201264848805,0.7989141808787781,0.0013679890560875513
000607.SZ,广告包装,s3,380619.2053,0.12575284810476453,-0.0,0.598393318167578,0.4664201264848805,0.7984086455154374,0.0013679890560875513
300364.SZ,出版业,s4,1467927.7378,0.12357160516997749,0.00789251587193056,0.56673256263483,0.4980250572405277,0.7983663792769748,0.0013679890560875513
002092.SZ,化工原料,s5,1142198.607,0.04176697467007848,0.0041525372788872375,0.5800764942580098,0.48419446151345913,0.7979979145533445,0.0013679890560875513
600132.SH,啤酒,s4,2793965.7261,0.12236025522314058,-0.0,0.5978471666970817,0.4664201264848805,0.7979951415215562,0.0013679890560875513
002589.SZ,医药商业,s2,422823.6424,0.12649311000445068,-0.0,0.5965309241538849,0.4664201264848805,0.7969985836471736,0.0013679890560875513
002534.SZ,专用机械,s4,841217.0471,0.058915893473532654,-4.208590442506472e-06,0.591382947911638,0.46695900019634917,0.7935089248114034,0.0013679890560875513
002532.SZ,铝,s5,3419135.78,-0.0011376855500041748,-0.0,0.5915889396117432,0.4664201264848805,0.7932568920903984,0.0013679890560875513
600771.SH,中成药,s4,838498.3245,0.1631867778379135,-0.0,0.5903527682524624,0.4664201264848805,0.7923209579735863,0.0013679890560875513
300429.SZ,化工原料,s4,593684.8218,0.08039259787793275,-0.040832034716507426,0.7522738996068175,0.3040574423351742,0.791986648071937,0.0013679890560875513
300552.SZ,IT设备,s3,529635.7833,0.14271887705290465,-0.0,0.5894377736350291,0.4664201264848805,0.7916281942457053,0.0013679890560875513
688141.SH,半导体,s4,1601171.04,0.035814488437263925,-0.0,0.5396540514578753,0.515840583961184,0.7913531580831159,0.0013679890560875513
002304.SZ,白酒,s4,11034710.1671,0.009107463716705066,0.00036027227821323063,0.5862015221924841,0.467862807195426,0.7902702400863639,0.0013679890560875513
000825.SZ,特种钢,s4,1888988.4003,0.07310930004096396,0.004327533364833512,0.5690686315285394,0.4837504776167502,0.7893274548492981,0.0013679890560875513
300968.SZ,元器件,s3,606841.84,0.05247010378600501,-0.0,0.5860150883508936,0.4665763570660387,0.7891550853400625,0.0013679890560875513
002151.SZ,通信设备,s4,1380202.0093,0.1889930101607027,-0.05996239275887836,0.8254993947572394,0.22630565578395376,0.7885596874706938,0.0013679890560875513
002125.SZ,化工原料,s4,598007.6274,0.04098529180065917,-0.0,0.5832567812543177,0.46756596747061185,0.7878159638955234,0.0013679890560875513
002706.SZ,电气设备,s4,898500.016,0.034819210580146295,-0.0,0.5820767288345123,0.46838759274873404,0.7875445903616082,0.0013679890560875513
300065.SZ,船舶,s3,982034.0076,0.062381905034964574,0.005501491776397347,0.561459364886824,0.488450397879605,0.7871247209700862,0.0013679890560875513
000572.SZ,汽车整车,s1,593713.7498,0.11402061440995724,-0.0,0.5832691006585513,0.4664201264848805,0.7869577483153763,0.0013679890560875513
300503.SZ,机械基件,s5,656832.3061,0.026841498799110776,-0.0,0.5755742415613387,0.47345962819436116,0.7864615619790095,0.0013679890560875513
000410.SZ,机床制造,s5,1387509.7172,0.09888064566586473,-0.0,0.5824609544880862,0.4664201264848805,0.7863458820343541,0.0013679890560875513
002685.SZ,机床制造,s4,688252.7078,0.09861749112524379,-0.0,0.5816912474834377,0.4664201264848805,0.785763118940717,0.0013679890560875513
002293.SZ,纺织,s5,692296.7592,0.1168522919686669,0.010597191824415814,0.5392480453823064,0.5088557096689593,0.7857573504812322,0.0013679890560875513
000581.SZ,汽车配件,s5,1890286.0115,0.004346911272343408,0.011517908062193884,0.530779683975621,0.5165113978555087,0.7851420566655049,0.0013679890560875513
601699.SH,煤炭开采,s4,3416189.3064,0.1530153930579726,-0.0,0.5808303772036018,0.4664201264848805,0.7851113340089608,0.0013679890560875513
300267.SZ,化学制药,s3,490899.9591,0.11201554750242908,-0.0,0.5801838963454578,0.4664201264848805,0.7846218682998096,0.0013679890560875513
300328.SZ,小金属,s2,652450.302,0.018869701188607008,-0.0,0.5799899428304888,0.4664201264848805,0.7844750215779758,0.0013679890560875513
688519.SH,元器件,s4,795104.4891,0.06491675689565989,-0.015897868214742733,0.6433495116530586,0.40291465118638425,0.7843645523880386,0.0013679890560875513
688660.SH,电气设备,s4,940000.047,0.03320238146160212,-0.0,0.5773476267071971,0.46838759274873404,0.7839640770374539,0.0013679890560875513
002099.SZ,化学制药,s4,785076.8977,0.1116459579323224,-0.0,0.5791028749795147,0.4664201264848805,0.7838034018551756,0.0013679890560875513
300663.SZ,软件服务,s4,706179.564,0.20294344091237426,-0.03517885630849048,0.7082856832628945,0.33706952174477195,0.7836763592511274,0.0013679890560875513
688158.SH,软件服务,s4,929298.0111,0.17057053688021484,-0.0,0.5672858397245197,0.4779403588433539,0.7835786854720159,0.0013679890560875513
603267.SH,元器件,s4,1222186.8378,0.04471778239439472,0.005676024096385542,0.5558678786449609,0.48930552878321515,0.7835387160710606,0.0013679890560875513
600505.SH,水力发电,s1,491072.4225,0.10257076498304168,-0.0,0.5774754014370749,0.4664201264848805,0.7825712037451461,0.0013679890560875513
603118.SH,通信设备,s3,685717.7496,0.12635618156151712,0.004868789648304845,0.5569437689765693,0.48591679423891654,0.7817876078696966,0.0013679890560875513
600256.SH,石油开采,s4,3617731.0816,0.0769662774371503,-0.0,0.5761807616859441,0.4664201264848805,0.7815910018475958,0.0013679890560875513
600590.SH,通信设备,s4,753083.9893,0.13073021129901516,-0.0,0.5761470406972126,0.4664201264848805,0.7815654709019306,0.0013679890560875513
601616.SH,电气设备,s2,343177.4782,-0.015517727498562808,0.08753940731635625,0.367019992498361,0.6746982244478696,0.7809227109129907,0.0013679890560875513
603611.SH,专用机械,s3,426586.9099,0.019880436170702707,0.03587009952447358,0.42998010849404034,0.6106147168621857,0.7800721649852507,0.0013679890560875513
002630.SZ,专用机械,s4,520732.8,0.05249567879726454,-0.0,0.5725987681350457,0.46697585315067613,0.7792997447309497,0.0013679890560875513
002191.SZ,广告包装,s4,521188.6014,0.10506829983579394,0.012991282712264442,0.5207900824705329,0.5184426497475068,0.7790408925579022,0.0013679890560875513
300455.SZ,IT设备,s4,857014.9156,0.13633077018950276,-0.0,0.5707530472092502,0.4664201264848805,0.7774815528485443,0.0013679890560875513
301047.SZ,生物制药,s3,737848.477,0.07848565280206889,0.05853914860681114,0.36209596186015697,0.6746982244478696,0.7771946126748918,0.0013679890560875513
600078.SH,化工原料,s2,336587.0134,0.035699837979041776,-0.0,0.567797231061318,0.46756596747061185,0.7761111785131675,0.0013679890560875513
301095.SZ,半导体,s3,980375.9258,0.030092973250464894,-0.00140544,0.5247692607279614,0.5102126150597605,0.7758224701855224,0.0013679890560875513
002446.SZ,通信设备,s3,569330.1123,0.12981612177798396,-0.002242048643885856,0.5764249661348716,0.45744202706884823,0.7749783666243348,0.0013679890560875513
002346.SZ,电气设备,s3,543137.7617,0.029086759246123726,-0.0,0.5653097449352694,0.46838759274873404,0.7748499164804159,0.0013679890560875513
002593.SZ,钢加工,s3,360128.397,0.05671523896091091,-0.0,0.5659724585648255,0.4664201264848805,0.7738620578835707,0.0013679890560875513
601866.SH,水运,s5,3005238.8502,0.013887144832825193,0.0007756748689540243,0.5610433228621079,0.46952625270875986,0.772481814963601,0.0013679890560875513
601002.SH,机械基件,s4,418045.0354,0.015775516685790105,0.005037564275750789,0.5365753333409353,0.49363214006455663,0.7722076589836859,0.0013679890560875513
300102.SZ,半导体,s3,958987.8852,0.04360646252879009,-0.01854265088250806,0.5868556438847535,0.4415880633863399,0.7708722705791028,0.0013679890560875513
002246.SZ,化工原料,s3,536406.9937,0.03306525834560772,-0.0,0.5600912861311123,0.46756596747061185,0.7702768281957078,0.0013679890560875513
300040.SZ,新型电力,s1,396087.5065,0.05758982568523255,-0.025853867505658948,0.6644158156451433,0.36289044019206634,0.7700110796162187,0.0013679890560875513
603630.SH,日用化工,s2,390504.7417,0.007133897144243715,0.0011904751344950393,0.5546976815629672,0.4711872862603644,0.7689349893703012,0.0013679890560875513
688010.SH,元器件,s4,674198.066,0.08507837580899197,-0.04544567456084339,0.741219222576573,0.28459289058391163,0.7688798294088484,0.0013679890560875513
002579.SZ,元器件,s3,441698.025,0.04292265727661465,-0.0,0.558089533893635,0.4665763570660387,0.7680119978941217,0.0013679890560875513
688055.SH,元器件,s4,1083333.355,0.04290027194341775,-0.0,0.5580240584976097,0.4665763570660387,0.7679624249473842,0.0013679890560875513
000876.SZ,饲料,s5,4512362.4163,0.1372937507739547,0.0028244393580090107,0.5383397563801647,0.4839712213619391,0.766229038269707,0.0013679890560875513
300676.SZ,医疗保健,s5,1980973.9833,0.12752431361956745,-0.004607837624368279,0.5739359354869176,0.4481302168848438,0.766043675281765,0.0013679890560875513
600984.SH,工程机械,s2,427394.9345,0.05624244972092928,-0.0,0.5553199148672505,0.4664201264848805,0.7657967690362442,0.0013679890560875513
300497.SZ,化学制药,s3,432303.7995,0.10335477958009832,-0.0,0.5548518092770625,0.4664201264848805,0.7654423553954184,0.0013679890560875513
600654.SH,仓储物流,s4,834561.8434,0.12366159555561713,-0.024124718861209964,0.6503952981079115,0.36981467373949456,0.7646383177909419,0.0013679890560875513
600745.SH,半导体,s5,3896774.4131,0.022327410007762324,0.001441585298236997,0.49830758383320894,0.5216132937369319,0.7644194377828943,0.0013679890560875513
600527.SH,化纤,s1,337693.3759,0.10047330378675148,-0.0,0.5534261079756101,0.4664201264848805,0.7643629237467277,0.0013679890560875513
000762.SZ,小金属,s3,956354.5469,0.009589631201674411,-5.564389930649281e-06,0.552853769651122,0.46639784434299963,0.7639127227476096,0.0013679890560875513
002538.SZ,农药化肥,s3,495062.3425,0.08043303161813974,-0.0,0.5527612405097049,0.4664201264848805,0.763859537108761,0.0013679890560875513
600366.SH,矿物制品,s4,783616.2694,0.06921004034703683,0.01198074682927045,0.34353846943173866,0.6746982244478696,0.7631443030994108,0.0013679890560875513
002361.SZ,化工原料,s3,529726.4777,0.029194926174095807,-0.0,0.5487708590706482,0.46756596747061185,0.7617058693045916,0.0013679890560875513
002387.SZ,元器件,s4,1175980.2102,0.048417655911030665,-0.009868541269551251,0.5871535281618578,0.4270585951071867,0.7600972069895823,0.0013679890560875513
301389.SZ,元器件,s3,493006.5,0.038886150915287805,-0.0,0.5462830599742016,0.4665763570660387,0.7590730416098743,0.0013679890560875513
601600.SH,铝,s5,10979604.5299,-0.016706060250683465,-0.0,0.5460526284014923,0.4664201264848805,0.7587802906908633,0.0013679890560875513
002068.SZ,化工原料,s4,722844.3277,0.012020601875708109,0.01707534472870565,0.4760582564050611,0.5359427812187914,0.758423142568827,0.0013679890560875513
002950.SZ,医疗保健,s3,521810.6954,0.1198063254569363,-0.0,0.5452953727995816,0.4665819237188274,0.7583294552969396,0.0013679890560875513
300302.SZ,IT设备,s4,679596.0656,0.11654808870570275,0.010860102850498788,0.49859331661209905,0.5099085152520054,0.7557738124191634,0.0013679890560875513
000021.SZ,元器件,s5,2663923.0127,0.0373837875062931,-0.0,0.541888761336214,0.4665763570660387,0.7557460158024277,0.0013679890560875513
603390.SH,汽车配件,s2,331978.3529,0.0014311768416606677,4.265156426716094e-05,0.5373581006954692,0.4705596768953895,0.7553316113308622,0.0013679890560875513
600725.SH,商贸代理,s3,383298.17,0.18240861951861492,-0.0,0.5414636661395176,0.4664201264848805,0.7553058805215126,0.0013679890560875513
601162.SH,证券,s3,3518297.5304,0.0031846461950354116,-0.0,0.540891792822401,0.4664201264848805,0.7548729019186954,0.0013679890560875513
000070.SZ,通信设备,s3,530303.0636,0.17932183361232035,-0.06601630346537259,0.8051816716252876,0.2020632682126989,0.7548221902030676,0.0013679890560875513
000507.SZ,新型电力,s1,499416.048,0.026954223666923915,-0.0,0.5407734245604856,0.4664201264848805,0.7547832825517343,0.0013679890560875513
601339.SH,纺织,s5,727290.965,0.11207326769028472,0.00028733333333333334,0.5388422810486719,0.46757072918890374,0.7541923169335046,0.0013679890560875513
688001.SH,专用机械,s5,1055545.4879,0.05104307278813144,-0.010862841280721552,0.5826505039040389,0.4234764985649232,0.7539757737930176,0.0013679890560875513
000778.SZ,钢加工,s5,1343518.7946,0.04768834296200159,-0.0,0.5395694747356291,0.4664201264848805,0.7538717441088207,0.0013679890560875513
002102.SZ,化学制药,s4,716061.8933,0.09766931071512117,-0.0,0.5382222455243031,0.4664201264848805,0.7528517255065619,0.0013679890560875513
002239.SZ,汽车配件,s5,920075.4286,0.01881969523437091,-0.020462663486338878,0.6152126240740688,0.3884478290621825,0.7521082918667036,0.0013679890560875513
688267.SH,化工原料,s3,438738.0,0.024697754069994922,-0.0,0.5356169729113267,0.46756596747061185,0.7517467558429,0.0013679890560875513
300311.SZ,软件服务,s2,373864.7333,0.15613849345151212,-0.0,0.5250732110073686,0.4779403588433539,0.7516185214704098,0.0013679890560875513
688380.SH,半导体,s3,1095398.64,0.017792824863325955,-0.0,0.4869420569942865,0.515840583961184,0.7514436798272982,0.0013679890560875513
300077.SZ,半导体,s3,1430992.9218,-0.0018016437010070748,0.021034456129040924,0.4019387040914176,0.6000713337282318,0.7508587240053226,0.0013679890560875513
603131.SH,专用机械,s4,514509.5302,0.039400144354183576,-1.9944357820421707e-05,0.5343215824419604,0.46689598760993994,0.7502587282080232,0.0013679890560875513
002556.SZ,农药化肥,s3,507333.6909,0.06648569644176242,0.007835382604178072,0.5016513774858274,0.4977962717682573,0.7489186799644734,0.0013679890560875513
300377.SZ,软件服务,s5,1665724.8314,0.1547397739213886,0.0001198138763319509,0.5208243326324196,0.47842014365804203,0.7487648529834151,0.0013679890560875513
600392.SH,小金属,s4,1794894.4077,0.0024907630036925276,-0.0,0.5320827951146012,0.4664201264848805,0.7482034046619026,0.0013679890560875513
600973.SH,电气设备,s3,591058.8529,0.01658729623771494,-0.0,0.528749766873649,0.46838759274873404,0.7471695058958517,0.0013679890560875513
600855.SH,专用机械,s4,491969.8644,0.07449958330393683,-0.04021946953374118,0.6899058436724258,0.30592029491436135,0.7461767499217852,0.0013679890560875513
002658.SZ,环境保护,s4,429774.3846,0.11959513744650314,-0.0089651748358376,0.5650379417390994,0.43051982112007037,0.7459735564100479,0.0013679890560875513
603337.SH,纺织机械,s5,1353351.0282,0.0820314936862463,0.006064079387576959,0.5045628526857436,0.4907032337032936,0.7457527213636614,0.0013679890560875513
600292.SH,水力发电,s3,1023650.9428,0.0858759725429098,-0.0,0.528644404061914,0.4664201264848805,0.7456001187428505,0.0013679890560875513
300197.SZ,环境保护,s4,539684.2506,0.1574944551988079,-0.05045421362473197,0.7305092286904391,0.264380377206526,0.7454676792178465,0.0013679890560875513
000960.SZ,小金属,s5,2277789.9016,0.000743286660524604,-0.0,0.5269715597978168,0.4664201264848805,0.7443335694031272,0.0013679890560875513
688371.SH,元器件,s3,500189.2828,0.032004816708106947,-0.0,0.5261556811036082,0.4665763570660387,0.7438341344587245,0.0013679890560875513
002689.SZ,运输设备,s3,354725.6465,0.06963546783094181,-0.0,0.5258496295509565,0.4664201264848805,0.743484129892305,0.0013679890560875513
688206.SH,半导体,s3,938593.4992,0.014103751437051549,-0.0,0.4761517979694335,0.515840583961184,0.7432741234993837,0.0013679890560875513
688282.SH,通信设备,s2,413600.0,0.11327163231574222,-0.0,0.5250820258092824,0.4664201264848805,0.7429029592280344,0.0013679890560875513
600873.SH,食品,s5,3106686.9488,0.027793314682756372,0.062343089939453304,0.3165060500019235,0.6746982244478696,0.7426774289768318,0.0013679890560875513
300148.SZ,出版业,s1,348336.506,0.10552378776535205,-0.0,0.5243342529351658,0.4664201264848805,0.7423368029752965,0.0013679890560875513
002734.SZ,农药化肥,s3,482480.4294,0.05609865312460999,0.015284854475813216,0.4614631333094814,0.527627069259144,0.7410768159355063,0.0013679890560875513
600863.SH,火力发电,s4,2636862.6756,0.006884163251977412,-0.0,0.5226007249840192,0.4664201264848805,0.7410243086032627,0.0013679890560875513
002673.SZ,证券,s3,3320899.2068,-0.0031280719636312174,-0.0,0.5224275726207184,0.4664201264848805,0.740893210917652,0.0013679890560875513
300066.SZ,电器仪表,s3,387932.4067,0.026099226249778028,-0.0,0.4903689655593012,0.49598458916884913,0.7390048361404956,0.0013679890560875513
603960.SH,汽车配件,s3,449244.138,-0.007593096637202651,0.0018026668083499526,0.5086457975833718,0.4776075132026878,0.7389289391180464,0.0013679890560875513
301238.SZ,化工原料,s5,1208533.2784,0.018611844501058582,-0.0,0.5178161505739483,0.46756596747061185,0.7382693388102356,0.0013679890560875513
603626.SH,元器件,s3,442793.9926,0.025310117856474162,0.004537333853549937,0.5006009771818625,0.4847457373477692,0.7382425339848142,0.0013679890560875513
600031.SH,工程机械,s5,16263482.853,0.041633596496519806,0.0021555831223313044,0.5097523916455043,0.4750519818304762,0.7378319149462408,0.0013679890560875513
002115.SZ,互联网,s3,594456.6464,0.1744595138504377,-0.0,0.5182254197247684,0.4664201264848805,0.7377116631250642,0.0013679890560875513
300145.SZ,机械基件,s5,668473.2821,0.003236212674345824,0.0011593821721239818,0.5050042956202759,0.47810227875900896,0.7365464717217555,0.0013679890560875513
688322.SH,元器件,s5,2108805.272,0.028652257403915714,-0.0,0.5163497002763474,0.4665763570660387,0.7364097980702986,0.0013679890560875513
000090.SZ,建筑工程,s4,715652.9012,0.07662427957441573,-0.0,0.5154999653752891,0.4664201264848805,0.7356481581826947,0.0013679890560875513
300042.SZ,IT设备,s3,473946.0,0.117011359107073,-0.0,0.5142452400449027,0.4664201264848805,0.7346981764223827,0.0013679890560875513
300085.SZ,软件服务,s5,2200478.626,0.14845479596059472,-0.0,0.502598980593543,0.4779403588433539,0.7346027583761794,0.0013679890560875513
000056.SZ,其他商业,s3,394964.4255,0.20716949620760836,-0.03027597315798289,0.6352404531149405,0.34518248176617244,0.7345146257768495,0.0013679890560875513
002027.SZ,广告包装,s5,10383941.603,0.09668347096302554,-0.0,0.5133676022746644,0.4664201264848805,0.7340336964332598,0.0013679890560875513
000612.SZ,铝,s3,795196.9958,-0.02795876061364674,-0.0,0.5131393361962859,0.4664201264848805,0.7338608708707992,0.0013679890560875513
300747.SZ,专用机械,s5,1012160.7158,0.028291580068163156,0.0034128122070719454,0.4973107900270377,0.4806421789758978,0.7326445571044181,0.0013679890560875513
002194.SZ,通信设备,s4,785778.6769,0.10842391264864756,0.0002304507171513653,0.5105994355171032,0.4673429474302347,0.7326365421552593,0.0013679890560875513
000813.SZ,化学制药,s4,703610.6968,0.062484602288611656,0.02759550250121355,0.39898127130366223,0.5769240468912906,0.7310942330040251,0.0013679890560875513
300296.SZ,元器件,s5,1551250.971,0.07921939224169226,-0.057902910470110786,0.7404815963354193,0.23470891382570544,0.7305530351993612,0.0013679890560875513
300277.SZ,机械基件,s3,392620.0,0.0009251325284151546,-0.0,0.4997708425148247,0.47345962819436116,0.7290690436964077,0.0013679890560875513
300320.SZ,橡胶,s4,586203.3362,-0.15674461525470956,-0.0,0.29852876067337547,0.6746982244478696,0.7290664046766259,0.0013679890560875513
301070.SZ,机械基件,s3,344466.5472,0.000780595323327259,-0.0,0.49934808218955723,0.47345962819436116,0.7287489620113874,0.0013679890560875513
600835.SH,运输设备,s5,2064910.6629,0.06241383528370771,-0.0,0.5047269039331962,0.4664201264848805,0.7274916225450841,0.0013679890560875513
002282.SZ,机械基件,s3,366679.4902,-0.029874748821136533,0.03144809861473259,0.3682833644926781,0.5993909529130366,0.7248623506712739,0.0013679890560875513
688306.SH,专用机械,s5,1125107.0448,0.027769141121826504,-0.0,0.5002755271809587,0.46697585315067613,0.7245421351656126,0.0013679890560875513
002553.SZ,汽车配件,s4,680340.0,-0.012871705176236212,-0.0,0.4955794083606753,0.4703888822138003,0.7235706780374067,0.0013679890560875513
002274.SZ,农药化肥,s3,692369.0976,0.06220458556747063,-0.0,0.49944442303830117,0.4664201264848805,0.7234921332721596,0.0013679890560875513
002483.SZ,专用机械,s4,545178.074,-0.02043110262210477,0.05923908450417801,0.2910043470158718,0.6746982244478696,0.7233694959121634,0.0013679890560875513
000570.SZ,农用机械,s4,360608.8711,-0.031141951305291612,-0.0,0.33760179412531366,0.6273884796103671,0.7228301987184412,0.0013679890560875513
603719.SH,食品,s3,514082.0,0.06629056150795143,-0.0,0.49757939882719093,0.4664201264848805,0.7220800800201944,0.0013679890560875513
600707.SH,元器件,s5,2422163.0691,0.021618265784757434,-0.0,0.4957758100933013,0.4665763570660387,0.720832826808757,0.0013679890560875513
600469.SH,汽车配件,s3,382232.2564,-0.014293458672449567,-0.0,0.4914208875829727,0.4703888822138003,0.7204221651373924,0.0013679890560875513
300805.SZ,广告包装,s4,447587.5396,0.09041855829002834,-0.0,0.4950432094804571,0.4664201264848805,0.7201598720178957,0.0013679890560875513
600118.SH,航空,s5,3086296.6424,0.03717845918971919,-0.0,0.494436856902866,0.4664201264848805,0.7197007883642227,0.0013679890560875513
000901.SZ,汽车配件,s4,811770.8299,-0.014621453706610124,-0.0,0.4904615270692319,0.4703888822138003,0.7196958109564844,0.0013679890560875513
600794.SH,仓储物流,s3,549669.6879,0.08105913968847375,-0.0,0.4940271255262835,0.4664201264848805,0.7193905711995935,0.0013679890560875513
000530.SZ,机械基件,s4,426665.5285,-0.0034701897090971537,-0.0,0.48691485946426477,0.47345962819436116,0.719335479614178,0.0013679890560875513
600468.SH,电气设备,s3,469901.6587,0.0033371658917960537,-0.0,0.489994143977328,0.46838759274873404,0.7178267214876504,0.0013679890560875513
301025.SZ,出版业,s2,406714.3504,0.09407698321255437,-0.0,0.49085322074647053,0.4664201264848805,0.7169875339955378,0.0013679890560875513
002918.SZ,陶瓷,s2,365778.2784,0.24252863013028111,-1.1780454091199483e-05,0.5176861111145387,0.43939770833508374,0.7168440380993809,0.0013679890560875513
600641.SH,半导体,s3,1344760.2344,-0.024044971988694708,0.028499444099490134,0.3270513023409307,0.6299642641608286,0.7167923622034799,0.0013679890560875513
002328.SZ,汽车配件,s3,399005.09,-0.015945046041414855,-0.0,0.48659012021835873,0.4703888822138003,0.7167646786950961,0.0013679890560875513
000823.SZ,元器件,s3,513900.4884,0.019641945248634957,-3.4693437565703724e-06,0.48999979018054185,0.4665624643642725,0.7164491491668096,0.0013679890560875513
002985.SZ,航空,s4,886712.8192,0.035483238746713386,-0.0,0.4894784661172612,0.4664201264848805,0.7159466752585494,0.0013679890560875513
688595.SH,半导体,s2,517717.0269,0.003221328334229262,-0.0018940132296309867,0.44681493153548824,0.5082561637402937,0.7153201577668632,0.0013679890560875513
600817.SH,专用机械,s4,569060.3534,0.007607868900907247,0.017083464000717405,0.41881564045744246,0.5353851798559256,0.714661252330966,0.0013679890560875513
003040.SZ,通信设备,s3,560280.206,0.1001428574867015,-0.0,0.4866813585643951,0.4664201264848805,0.7138289200076566,0.0013679890560875513
002039.SZ,水力发电,s3,686230.7922,0.07143512552941422,-0.0,0.48640602552921686,0.4664201264848805,0.713620458956384,0.0013679890560875513
300386.SZ,IT设备,s4,640025.364,0.10737513308710231,-0.0,0.4860600122755223,0.4664201264848805,0.7133584842660868,0.0013679890560875513
600604.SH,园区开发,s2,874833.3435,0.05751244891484286,-0.0,0.48567295239901165,0.4664201264848805,0.7130654322220028,0.0013679890560875513
000727.SZ,元器件,s4,1105214.3431,0.017950627193092403,-0.0,0.48504824632844035,0.4665763570660387,0.7127107385218615,0.0013679890560875513
002766.SZ,汽车配件,s3,450690.2297,-0.0024758438026278276,-0.017153252235234957,0.5485680849566673,0.4017000942625709,0.7116837581983446,0.0013679890560875513
002245.SZ,电气设备,s5,1423929.5197,0.00044362710802468695,-0.0,0.4815307632397744,0.46838759274873404,0.7114188988857296,0.0013679890560875513
603009.SH,汽车配件,s5,1331423.4187,-0.06574844700590819,0.05632067568215612,0.2737518671591798,0.6746982244478696,0.7103072417382069,0.0013679890560875513
601106.SH,工程机械,s4,1783023.561,0.03118538884231126,-0.0,0.4820299186974403,0.4664201264848805,0.710307206588964,0.0013679890560875513
600259.SH,小金属,s3,1116967.2212,-0.014683549483447083,-0.0,0.48184923809452473,0.4664201264848805,0.7101704090978675,0.0013679890560875513
300458.SZ,半导体,s4,3042934.8094,0.003853266653394713,-0.005403815160225155,0.4532838174474309,0.4942014505433303,0.7095767513151675,0.0013679890560875513
000059.SZ,石油加工,s4,793323.4984,0.13977445178735284,-0.0,0.4805824285701017,0.4664201264848805,0.7092112781129046,0.0013679890560875513
002146.SZ,全国地产,s3,630483.7584,0.3518262168472654,-0.0,0.4790154651382954,0.4664201264848805,0.7080248936164399,0.0013679890560875513
000421.SZ,供气供热,s3,336419.6205,0.06777085041353417,0.003926706907386512,0.46305652611386017,0.48214430137657016,0.7078471482257295,0.0013679890560875513
002283.SZ,汽车配件,s4,648351.1343,-0.020039648807154763,-0.0,0.4746137187372877,0.4703888822138003,0.7076970662976576,0.0013679890560875513
603098.SH,装修装饰,s4,496523.9798,0.25017788186958545,-0.0016703786873577043,0.4847706771752064,0.4597312323975842,0.7073179811979876,0.0013679890560875513
002270.SZ,电气设备,s4,1237687.3202,-0.0016968347612979935,-0.0,0.47527007516609254,0.46838759274873404,0.7066787861830002,0.0013679890560875513
600622.SH,区域地产,s3,476899.9578,0.27578365160371426,-0.0,0.4751566161414441,0.4664201264848805,0.7051032691987051,0.0013679890560875513
688387.SH,通信设备,s5,1849543.75,0.09586196585251656,-0.0,0.4741600763201349,0.4664201264848805,0.7043487656984236,0.0013679890560875513
300456.SZ,半导体,s3,1140055.8496,-0.004954343739989471,0.0014672767413067354,0.4184767085641212,0.5217161730079283,0.7040555157752824,0.0013679890560875513
300978.SZ,汽车配件,s3,406640.0349,-0.02193827142435498,-0.0,0.4690603920715389,0.4703888822138003,0.7034925133857536,0.0013679890560875513
600135.SH,塑料,s4,376802.1344,0.06370835692360666,-0.0,0.47231341223676304,0.4664201264848805,0.7029506133266321,0.0013679890560875513
688007.SH,元器件,s4,649896.9702,0.01792767823649466,-0.0047770093872308884,0.49126986493165764,0.44744721581977875,0.7029381526142118,0.0013679890560875513
002178.SZ,软件服务,s2,421594.5766,0.1341398157442584,-0.0,0.460728752863783,0.4779403588433539,0.702901834133951,0.0013679890560875513
002931.SZ,机械基件,s4,402706.2926,0.014954280160739826,-0.028205708478366464,0.577936723259384,0.36051218813369384,0.702735115349445,0.0013679890560875513
600073.SH,食品,s4,717363.0461,0.057474807246739375,-0.0,0.47179398851238563,0.4664201264848805,0.702557345531616,0.0013679890560875513
601588.SH,区域地产,s3,575760.42,0.2740528435886645,-0.0,0.4700941344159071,0.4664201264848805,0.7012703464189504,0.0013679890560875513
002758.SZ,批发业,s3,449967.595,0.050898100687813794,-0.03838832395883233,0.6229855825989064,0.3126972401161419,0.7006408452108763,0.0013679890560875513
603517.SH,食品,s4,1030203.2912,0.0736351394483302,-0.018557317422184895,0.5434916994750505,0.3921088749580266,0.7005785731216809,0.0013679890560875513
002467.SZ,互联网,s3,708316.5146,0.15090356508611752,0.007318594807884407,0.4396914237401761,0.49572683753685937,0.7004405395866035,0.0013679890560875513
002639.SZ,专用机械,s4,584859.8487,0.016366877611329062,-0.0,0.4669247741513155,0.46697585315067613,0.6992915035703484,0.0013679890560875513
600819.SH,玻璃,s3,473067.5309,-0.016652338458069096,-0.0,0.46718644211640714,0.4664201264848805,0.6990688648817329,0.0013679890560875513
000816.SZ,农用机械,s5,452915.1685,-0.03835916278078974,-0.003973533869347395,0.32172299884978284,0.6114767900003943,0.6987608824614687,0.0013679890560875513
300766.SZ,互联网,s5,1369467.2674,0.13862681548746422,0.019813154211447137,0.3873342757486862,0.5457602731586146,0.6986812028505072,0.0013679890560875513
603189.SH,软件服务,s3,435320.5836,0.1320451082165151,-0.0,0.45460189275720986,0.4779403588433539,0.6982630457009196,0.0013679890560875513
002303.SZ,造纸,s3,505336.8161,0.03539202259191736,-0.0,0.46603369359618385,0.4664201264848805,0.6981960921386325,0.0013679890560875513
600184.SH,专用机械,s4,649687.5748,0.015792943528915127,-0.0,0.4652460606379627,0.46697585315067613,0.6980205104853651,0.0013679890560875513
300099.SZ,电器仪表,s4,455629.9276,0.007475846182052413,-0.0,0.43589699614339705,0.49598458916884913,0.6977628398723168,0.0013679890560875513
002026.SZ,机械基件,s4,442137.7123,-0.011721700483630857,-0.001757933893357161,0.4650940683469036,0.4664201264848805,0.6974846799859266,0.0013679890560875513
688428.SH,生物制药,s5,3230785.6813,0.08919638943590197,0.0009942916003268093,0.46058241462003807,0.47041544380218575,0.6970937496688377,0.0013679890560875513
600775.SH,通信设备,s4,827937.7073,0.09248228482587614,-0.0,0.4642747665187358,0.4664201264848805,0.6968643674967302,0.0013679890560875513
300530.SZ,电气设备,s3,464440.6072,0.07404765525415741,-0.08734002805751506,0.811796611671516,0.11864163293746295,0.6966700530218294,0.0013679890560875513
300212.SZ,软件服务,s5,1482978.3893,0.20588026364128165,-0.08122101353036557,0.7774883320300917,0.15269748949923637,0.696478937631279,0.0013679890560875513
002124.SZ,农业综合,s4,735460.0984,0.3010823832566025,-0.20810283848974065,1.2964001139653414,-0.3669105765819332,0.6959517646934261,0.0013679890560875513
603858.SH,中成药,s5,1609292.0485,0.11950558774189984,-0.0,0.4625886114609753,0.4664201264848805,0.6955877402452209,0.0013679890560875513
002717.SZ,环境保护,s4,531508.1989,0.16567303806717448,-0.08391957278063736,0.7984867733282268,0.13037109854332835,0.6954735160278845,0.0013679890560875513
603551.SH,家居用品,s4,389487.464,0.05938760186723221,0.0009036594473487677,0.458801836062851,0.47003875642792786,0.695460433406398,0.0013679890560875513
603949.SH,汽车配件,s3,388491.4912,-0.019737420371640956,-0.006341950972826815,0.48384663971996106,0.4449930610834626,0.695459758289141,0.0013679890560875513
000551.SZ,专用机械,s3,440299.1835,0.014469168880256308,0.00010049882940522973,0.4612418178276378,0.46737829244834955,0.695293501188284,0.0013679890560875513
300481.SZ,化工原料,s3,394172.5616,-0.0030627477071584314,0.0022912962858424608,0.45140321757029794,0.47674127501890173,0.694933399964225,0.0013679890560875513
002440.SZ,染料涂料,s5,726103.9386,0.09377691320496505,0.02303354628422425,0.3681547369998729,0.5586560683800261,0.6939236343269862,0.0013679890560875513
300895.SZ,软件服务,s3,602626.812,0.2217578169006705,-0.09999999375002919,0.8486507463493637,0.07749860752866888,0.6934228339949242,0.0013679890560875513
300696.SZ,航空,s2,495428.5413,0.025196078229424983,1.1973127267558082e-05,0.45937354233577393,0.46646807188839445,0.6931898371381494,0.0013679890560875513
002320.SZ,水运,s4,1321757.3799,-0.021334516438633974,-0.0,0.45904378915691124,0.4664201264848805,0.6929038727478052,0.0013679890560875513
300134.SZ,通信设备,s4,881087.7109,0.09066738757718253,-0.0,0.4589663301841752,0.4664201264848805,0.6928452267561369,0.0013679890560875513
603466.SH,文教休闲,s4,567425.5597,0.05158353573250429,0.006170107030029708,0.43232954716091526,0.49112781267814515,0.691384662632667,0.0013679890560875513
601001.SH,煤炭开采,s3,1946513.1,0.11043081046516738,-0.0,0.4562737139046381,0.4664201264848805,0.6908065842810609,0.0013679890560875513
600446.SH,软件服务,s5,1426982.7075,0.13368514091453193,-0.005803478867771672,0.4670389123227209,0.4547008049756061,0.6900841954747032,0.0013679890560875513
300587.SZ,橡胶,s4,568009.4291,-0.1266481845300804,-0.08310447160427173,0.45503036172597633,0.4664201264848805,0.6898652133987107,0.0013679890560875513
002390.SZ,医药商业,s4,658965.7833,0.07809128391499306,-0.0,0.45495926633286543,0.4664201264848805,0.6898113854213344,0.0013679890560875513
600163.SH,新型电力,s3,995266.9828,-0.0024538795166443427,-0.0,0.4547569607730547,0.4664201264848805,0.6896582151718976,0.0013679890560875513
688331.SH,生物制药,s5,2456026.3585,0.08680535571078032,-0.00012692393129650224,0.4550648585183442,0.46592562841072893,0.6895169357184633,0.0013679890560875513
002926.SZ,证券,s1,2115750.0,-0.026588652654752545,-0.0,0.45380715950351025,0.4664201264848805,0.6889390985173302,0.0013679890560875513
600681.SH,供气供热,s3,438459.5229,0.015033269914143612,0.2731714669662401,0.24550063822771767,0.6746982244478696,0.6889175785654514,0.0013679890560875513
000720.SZ,电气设备,s2,364394.1556,-0.033356145430856576,0.025680895045150982,0.34886112553660986,0.5712246250481073,0.6888319387679634,0.0013679890560875513
300381.SZ,化学制药,s2,361912.2968,0.07047488454049111,-0.002003073805562623,0.4613175853899184,0.45839898215644065,0.6885524216942555,0.0013679890560875513
300026.SZ,中成药,s4,1000383.5607,0.11604438482148623,-0.0,0.4524648563242938,0.4664201264848805,0.6879228095286701,0.0013679890560875513
600189.SH,软饮料,s2,478467.3362,0.11029370874862586,-0.0,0.45121344983245015,0.4664201264848805,0.6869753405382885,0.0013679890560875513
600703.SH,半导体,s5,5897020.1353,-0.01136502257315975,-0.0,0.40165757222203224,0.515840583961184,0.6868728108018815,0.0013679890560875513
002190.SZ,汽车配件,s4,562846.3392,-0.029699576565751527,-0.0,0.44635916518618296,0.4703888822138003,0.6863048859779666,0.0013679890560875513
600369.SH,证券,s2,2737784.9591,-0.027841978949045103,-0.0,0.4501412754737272,0.4664201264848805,0.6861635723687979,0.0013679890560875513
300259.SZ,电器仪表,s3,377845.8897,0.0022354493929570406,-0.0,0.42056923434158,0.49598458916884913,0.6861578345492395,0.0013679890560875513
600546.SH,煤炭开采,s3,2012192.9821,0.10814553060024415,-0.0,0.4495894442148083,0.4664201264848805,0.6857457680748641,0.0013679890560875513
300755.SZ,其他商业,s3,655623.8832,0.15727826896975197,-0.0,0.44945529773438986,0.4664201264848805,0.6856442026513236,0.0013679890560875513
603116.SH,服饰,s3,341687.0744,0.16094445912111424,-0.0,0.44911498593298294,0.4664201264848805,0.6853865446632954,0.0013679890560875513
601375.SH,证券,s1,1801439.2636,-0.028529956684641287,-0.0,0.4481289929538015,0.4664201264848805,0.6846400264227418,0.0013679890560875513
000759.SZ,超市连锁,s1,568805.9682,0.1488291408624286,0.016225340903334183,0.380884119109087,0.5313931698157661,0.6829199706476717,0.0013679890560875513
603566.SH,农业综合,s3,436038.464,0.08544671949345561,0.01942187056202657,0.3661549923491395,0.5441934099623384,0.6814595656840992,0.0013679890560875513
300006.SZ,化学制药,s2,349506.6089,0.06519997001428922,-0.0,0.44325189496611417,0.4664201264848805,0.680947461987041,0.0013679890560875513
601016.SH,新型电力,s4,1844915.9163,-0.0067444530893654075,0.00021072177685262572,0.44192995277076896,0.467263944511249,0.6805854630469604,0.0013679890560875513
002491.SZ,通信设备,s2,507987.7285,0.08511005435087114,-0.0,0.44271155342309554,0.4664201264848805,0.6805383568245204,0.0013679890560875513
300139.SZ,黄金,s1,484158.0,-0.054716636762066145,-0.0,0.4426029653737906,0.4664201264848805,0.6804561422842307,0.0013679890560875513
000810.SZ,家用电器,s5,1264087.4631,0.014091251176876686,-0.0,0.44242463091673423,0.4664201264848805,0.6803211211147875,0.0013679890560875513
600592.SH,机械基件,s5,671249.9993,-0.021552247749570517,-0.0,0.43402621578221817,0.47345962819436116,0.6792922561222962,0.0013679890560875513
000058.SZ,商品城,s4,997272.5443,0.04763136603683848,-0.0,0.4403951349510947,0.4664201264848805,0.6787845424682157,0.0013679890560875513
002292.SZ,影视音像,s4,1197746.7546,0.20508285041212018,-0.0,0.44016681516186895,0.4664201264848805,0.6786116762400223,0.0013679890560875513
603712.SH,通信设备,s5,1544000.0,0.08382290972440748,-0.0,0.43894675334536526,0.4664201264848805,0.6776879390331112,0.0013679890560875513
002582.SZ,食品,s3,476359.9049,0.06483278177100923,-0.020359282482784645,0.5201176883653459,0.38489305406029556,0.6774182991124484,0.0013679890560875513
300007.SZ,电器仪表,s5,1069109.946,0.0015494470817590553,-0.00359473471819613,0.42329505483941154,0.4815897696085155,0.6773229636798822,0.0013679890560875513
300185.SZ,工程机械,s4,892409.988,0.01612085855875823,-4.519902967446148e-05,0.4380268167855168,0.4662391306875627,0.6768543975134518,0.0013679890560875513
300078.SZ,软件服务,s2,339833.1579,0.39983007398157083,-0.3025406423445914,1.6361352417892727,-0.7335587635183672,0.6755752610460466,0.0013679890560875513
002637.SZ,日用化工,s3,406896.865,-0.033981427718310815,-0.0,0.4360056984002474,0.4664201264848805,0.6754611978601429,0.0013679890560875513
002516.SZ,汽车配件,s4,672173.2777,-0.03469235129001607,-0.0,0.4317556790793858,0.4703888822138003,0.6752482466462687,0.0013679890560875513
002173.SZ,医疗保健,s3,406422.8882,0.05800624494585847,0.026033463970942163,0.33026282222039915,0.5708307892874694,0.6744525480954567,0.0013679890560875513
002122.SZ,机床制造,s4,812193.1545,0.05468338256303718,-0.007099685946254982,0.4625337771414412,0.437990017966981,0.6740211268328972,0.0013679890560875513
603993.SH,小金属,s5,14447489.696,-0.03161578492270274,-0.0,0.43232373801688695,0.4664201264848805,0.6726734999300256,0.0013679890560875513
600007.SH,园区开发,s4,2303655.1553,0.039210801448722306,-0.0,0.43214202635820886,0.4664201264848805,0.6725359218026061,0.0013679890560875513
601198.SH,证券,s3,3326186.4401,-0.03415221775962832,-0.0,0.43168430717650463,0.4664201264848805,0.6721893719534611,0.0013679890560875513
600215.SH,专用机械,s3,429659.7126,-0.00018653416131637226,0.004381410621975806,0.4127393519292041,0.4845208516741609,0.6715501857210612,0.0013679890560875513
600169.SH,工程机械,s3,763005.3027,0.01071175684069182,0.0031787183263555243,0.41796144713847017,0.47914904261585295,0.6714368338802945,0.0013679890560875513
600362.SH,铜,s5,7306359.0446,-0.15416968491555844,-0.0,0.4304653911223487,0.4664201264848805,0.6712665022298993,0.0013679890560875513
600787.SH,仓储物流,s4,1341945.7419,0.053793793318959233,0.005996280165947928,0.4063841983887855,0.4904317372958562,0.6712138201362929,0.0013679890560875513
002181.SZ,出版业,s3,610716.5995,0.07290455918399304,-0.0,0.4289254917332487,0.4664201264848805,0.670100608550276,0.0013679890560875513
002164.SZ,机械基件,s3,376246.7981,-0.025840266934190583,-0.0,0.4214840859953583,0.47345962819436116,0.6697963176531857,0.0013679890560875513
300200.SZ,化工原料,s3,442609.4826,-0.0005707237791835391,-0.012884820482137157,0.47867095105931445,0.4159697634534409,0.6695669095432787,0.0013679890560875513
603015.SH,电气设备,s3,457980.127,-0.01856685906961358,-0.0,0.42592653791204393,0.46838759274873404,0.6693196453053795,0.0013679890560875513
002647.SZ,多元金融,s2,617139.2447,0.047867510888943206,-0.0,0.42686378596971797,0.4664201264848805,0.6685396431158082,0.0013679890560875513
001896.SZ,火力发电,s1,616415.6573,-0.026300898789916063,-0.0,0.42553694397127084,0.4664201264848805,0.6675350601470778,0.0013679890560875513
000920.SZ,塑料,s4,488217.6149,0.04740210736901776,-0.0,0.42461887323280545,0.4664201264848805,0.6668399674163447,0.0013679890560875513
000050.SZ,元器件,s5,1811360.0262,-0.0030351161102583346,-0.0,0.4236665442296257,0.4665763570660387,0.6662372227661663,0.0013679890560875513
600409.SH,化纤,s4,1056946.9174,0.056133537459504224,-0.0,0.42373566582693556,0.4664201264848805,0.6661712705264121,0.0013679890560875513
002546.SZ,电气设备,s2,363645.4059,-0.020069287609338012,-0.0,0.4215320487716284,0.46838759274873404,0.6659924752641095,0.0013679890560875513
601158.SH,水务,s5,2304000.0,-0.0596300772999937,-0.0,0.4229559056113362,0.4664201264848805,0.6655808959127042,0.0013679890560875513
600008.SH,水务,s5,2260901.9285,-0.06006475671753296,-0.0,0.42168450139514047,0.4664201264848805,0.6646182861796259,0.0013679890560875513
002023.SZ,航空,s3,686777.4378,-0.007530266748158216,0.02105041938507295,0.33595519744468066,0.550714799797945,0.663532093922799,0.0013679890560875513
002489.SZ,家居用品,s5,715775.3833,0.04254368901148396,0.0030886966278930884,0.4066581584183688,0.4787885581274366,0.6626059196266577,0.0013679890560875513
301199.SZ,专用机械,s3,389352.8,-0.00023069595735799737,-0.0,0.41837813457655026,0.46697585315067613,0.6625357124791873,0.0013679890560875513
688062.SH,生物制药,s3,789210.0,0.07446005358990798,-0.0,0.41878869902153254,0.46643388485581594,0.6624362235650834,0.0013679890560875513
688114.SH,医疗保健,s5,3155109.8741,0.08053479554664321,-0.005264885712090802,0.4373601487667781,0.4454991218509454,0.6606469040732581,0.0013679890560875513
002137.SZ,元器件,s2,410028.4463,-0.005706735320661927,-0.0,0.4158522613555814,0.4665763570660387,0.6603208472690885,0.0013679890560875513
601995.SH,证券,s5,16171310.5078,-0.040001881165548356,-0.0,0.41457448688707066,0.4664201264848805,0.659235128659294,0.0013679890560875513
600096.SH,农药化肥,s5,4028185.9284,0.03275440391039369,0.00023182398285073285,0.4129996958799609,0.4673484465597952,0.6587456704653099,0.0013679890560875513
000571.SZ,煤炭开采,s1,346560.277,0.12372445666338222,-0.03078996245995401,0.5356903763446594,0.34312425387515055,0.6575846126601599,0.0013679890560875513
601318.SH,保险,s4,91852423.3577,-0.16347593930521656,0.003829643243207038,0.3963677235921198,0.481755617915547,0.6570612218815235,0.0013679890560875513
600866.SH,饲料,s4,1138108.742,0.09055704343187429,-0.0,0.4053567060724269,0.4726609862250201,0.6569812324047276,0.0013679890560875513
600884.SH,电气设备,s5,1412879.3973,-0.02854706872361932,0.0046719586883053775,0.39058473669645394,0.48709606711015685,0.6567261662848344,0.0013679890560875513
301368.SZ,机械基件,s5,760353.1,-0.03179907089084379,-0.0,0.40405503790087766,0.47345962819436116,0.6566003795555151,0.0013679890560875513
002344.SZ,商品城,s3,528438.1875,0.03743957564866439,-0.0,0.41058492368444977,0.4664201264848805,0.6562145374730662,0.0013679890560875513
600748.SH,全国地产,s3,597638.377,0.3284211808559548,-0.0,0.4105575160409537,0.4664201264848805,0.656193786508067,0.0013679890560875513
600331.SH,农药化肥,s5,1300480.0,0.03138309190207489,-0.0,0.4092938996538015,0.4664201264848805,0.6552370731216749,0.0013679890560875513
688005.SH,电气设备,s5,1509500.1926,0.04041566442619829,-0.07129648956920147,0.6923049186843571,0.18288666344820712,0.6548415186010346,0.0013679890560875513
300607.SZ,专用机械,s5,1263022.947,0.10764958733306801,-0.121183838905307,0.8934534495359377,-0.018294864001380102,0.6548165361084527,0.0013679890560875513
000969.SZ,小金属,s3,1181007.141,-0.017736132713029037,-0.02408363059926222,0.5046258047120414,0.3699792083055063,0.654397413467478,0.0013679890560875513
603070.SH,电气设备,s3,477992.0,-0.02540676381407324,-0.0,0.40592033706703234,0.46838759274873404,0.65417248485868,0.0013679890560875513
000725.SZ,元器件,s5,14380396.1895,-0.0223753557206675,0.014434547391935079,0.34809530859896526,0.5243783150492572,0.6527836889526804,0.0013679890560875513
301200.SZ,专用机械,s5,1598520.0,-0.004849949058202672,-0.0,0.40486717079239876,0.46697585315067613,0.6523062472342097,0.0013679890560875513
300024.SZ,专用机械,s5,2530041.8392,0.0041798182100343285,-0.009939286044079327,0.4443632269878794,0.42717479956003457,0.6520753266053448,0.0013679890560875513
600877.SH,半导体,s3,1419687.3309,-0.027196997282642243,9.088835374088782e-05,0.3552306001496539,0.5162045388993921,0.6519974280845119,0.0013679890560875513
688289.SH,医疗保健,s4,1113004.3595,0.0621300110943833,0.010318116834906394,0.3630131528232023,0.507899974057588,0.6516022005183711,0.0013679890560875513
601279.SH,汽车配件,s3,551853.5228,0.010912514966194654,-0.06125657327287815,0.6457882806562024,0.22509197207353848,0.6515773107332313,0.0013679890560875513
600966.SH,造纸,s4,576179.8881,0.013590289962771137,-0.0,0.402265284818088,0.4664201264848805,0.6499155451884416,0.0013679890560875513
002635.SZ,元器件,s4,848357.1939,-0.04238637186250732,0.03447878064177297,0.263177174704716,0.6046437987290778,0.6492610591517358,0.0013679890560875513
002651.SZ,航空,s3,641778.66,0.005267145853690412,-0.0,0.40109869391955644,0.4664201264848805,0.649032292058444,0.0013679890560875513
300107.SZ,化工原料,s3,425287.7991,-0.003965750923517403,-0.01941072493673675,0.4773318482711447,0.38983731573304886,0.6487675590570745,0.0013679890560875513
002690.SZ,专用机械,s5,1492779.6054,-0.006897402919449849,0.0002554723723258547,0.3985422048633943,0.46799887125648126,0.6482920190966344,0.0013679890560875513
600758.SH,煤炭开采,s1,464028.1053,0.09106149223754954,-0.0,0.3996199321386642,0.4664201264848805,0.6479126870854085,0.0013679890560875513
000009.SZ,电气设备,s5,1998890.8229,-0.028330433612551466,-0.0,0.3973688254045009,0.46838759274873404,0.647697936281583,0.0013679890560875513
002232.SZ,软件服务,s3,660214.3033,0.1090768419172714,-0.0,0.3874214617699825,0.4779403588433539,0.6473991772970553,0.0013679890560875513
600252.SH,中成药,s4,798328.5677,0.06576164141876058,0.03475732657747603,0.2596350227053571,0.6056029824407779,0.6473054337241494,0.0013679890560875513
301177.SZ,服饰,s5,1006425.16,0.14331803327414216,-0.0,0.39755903174226637,0.4664201264848805,0.6463523314131476,0.0013679890560875513
300868.SZ,元器件,s2,371840.0,-0.01208855045550743,-0.0,0.39718593775701494,0.4665763570660387,0.646188139080867,0.0013679890560875513
600027.SH,火力发电,s5,5799027.1624,-0.00274574283238646,-0.036241951019759404,0.542145067278815,0.32129221404029346,0.645942063790024,0.0013679890560875513
002100.SZ,饲料,s4,864204.209,0.09289205645822791,-0.00805731695681032,0.42279357826595354,0.4403961230776493,0.6457546152263798,0.0013679890560875513
600075.SH,化工原料,s4,710262.8678,-0.023678661875594826,-2.382042067511868e-06,0.3941227736908377,0.46755642877904346,0.644610981361456,0.0013679890560875513
920239.BJ,电气设备,s3,581076.8174,-0.02991269606689189,-0.0,0.39274082813937883,0.46838759274873404,0.6441939718025317,0.0013679890560875513
601005.SH,普钢,s3,1124173.9984,0.09870636763528212,-0.0,0.3925383026206498,0.4664201264848805,0.6425510205019106,0.0013679890560875513
600157.SH,火力发电,s4,3021615.9237,-0.03768550144862851,-0.0,0.3922378475890672,0.4664201264848805,0.6423235390022668,0.0013679890560875513
000758.SZ,铅锌,s3,914714.1861,-0.0789910648555663,-0.011913880904790496,0.43744156893161334,0.4187400382539479,0.6404486239759769,0.0013679890560875513
603008.SH,家居用品,s5,611313.9024,0.0152136539385712,0.021748890429752005,0.3021544839417314,0.5535117696564937,0.6400584377764763,0.0013679890560875513
002597.SZ,食品,s5,1367370.2121,0.04400440029111775,-0.016146525522425643,0.4536503309113983,0.40176269286533595,0.6398667115828962,0.0013679890560875513
300720.SZ,电器仪表,s3,351948.3243,-0.0187846327429211,-0.0,0.3590870937708871,0.49598458916884913,0.6396082744880638,0.0013679890560875513
300233.SZ,化学制药,s3,624180.0785,0.0379487945560338,0.009128290416812573,0.35152724994139894,0.5029736147796378,0.6391760947248232,0.0013679890560875513
000712.SZ,证券,s1,1025024.0,-0.049119811636214664,-0.0,0.3879052341559186,0.4664201264848805,0.6390432164995667,0.0013679890560875513
300695.SZ,汽车配件,s3,391320.1038,-0.05133336336173267,-0.0,0.38308198518902953,0.4703888822138003,0.6383962597746787,0.0013679890560875513
000532.SZ,多元金融,s1,492243.5095,0.03403894770040647,-0.0,0.3864162910288135,0.4664201264848805,0.6379159029922701,0.0013679890560875513
000157.SZ,工程机械,s5,6387002.2857,-0.0015593764493876101,-0.0,0.38625397217141244,0.4664201264848805,0.6377930076062033,0.0013679890560875513
603005.SH,半导体,s4,1742602.7984,-0.03509815400974126,0.0015931113463676023,0.33014270129396744,0.5222200673356872,0.6375572923946097,0.0013679890560875513
920368.BJ,专用机械,s4,661141.719,-0.011968749958934367,-0.0,0.38404521991493246,0.46697585315067613,0.6365414634455417,0.0013679890560875513
688658.SH,化学制药,s4,735300.0,0.04499382790803409,-0.0,0.3841504670393543,0.4664201264848805,0.636200394896645,0.0013679890560875513
300188.SZ,软件服务,s4,1105287.8207,0.10395627096133389,-0.0,0.3724441814111299,0.4779403588433539,0.6360595296344004,0.0013679890560875513
603886.SH,食品,s2,349920.0,0.0273853992818951,-0.0,0.3837847600885882,0.4664201264848805,0.6359235096497837,0.0013679890560875513
600019.SH,普钢,s5,14854060.6313,0.08380520465220787,0.012706432368472827,0.3322260228858001,0.5173019899709108,0.6354110327997654,0.0013679890560875513
688696.SH,家用电器,s4,846930.0,-0.006192053668541057,-0.0,0.38309750785018615,0.4664201264848805,0.6354031749793945,0.0013679890560875513
605358.SH,半导体,s4,1440751.2815,-0.04213259294441549,0.008099939856691002,0.30100152222817533,0.5482761270059656,0.6352214766721197,0.0013679890560875513
600512.SH,建筑工程,s3,353357.5259,0.03108360803208593,-0.0,0.3822969668641557,0.4664201264848805,0.6347970667605727,0.0013679890560875513
600535.SH,中成药,s5,2242418.9575,0.08849341074869149,0.003834183171004993,0.366832804453212,0.48177379768306583,0.6347134112909226,0.0013679890560875513
000807.SZ,铝,s5,5038942.1095,-0.07276162469761194,-0.0,0.38209436835201915,0.4664201264848805,0.6346436747101095,0.0013679890560875513
300774.SZ,环境保护,s3,340908.8924,0.06073570114380507,-0.0,0.38107627437022795,0.4664201264848805,0.6338728520531003,0.0013679890560875513
601319.SH,保险,s3,31575929.2763,-0.17079714880738542,-0.0,0.3799953157259772,0.4664201264848805,0.6330544330965199,0.0013679890560875513
601003.SH,普钢,s2,725270.4756,0.0943222643152726,-0.0,0.37971513405,0.4664201264848805,0.6328423010264118,0.0013679890560875513
300448.SZ,软件服务,s2,408616.3157,0.1024160776171108,-0.0,0.3679392330915445,0.4779403588433539,0.6326487283768562,0.0013679890560875513
000766.SZ,化学制药,s5,1759986.8614,0.043007777886418595,-0.0,0.378341421869118,0.4664201264848805,0.6318022315513223,0.0013679890560875513
600127.SH,农业综合,s2,434487.2386,0.08078796184365358,-0.0,0.3780965996443322,0.4664201264848805,0.6316168709449544,0.0013679890560875513
603678.SH,元器件,s5,1662541.8005,-0.021994131047947483,0.0033033477670240704,0.36386414262306743,0.47980434154306967,0.6309746472058314,0.0013679890560875513
001696.SZ,摩托车,s3,2229367.4132,-0.3887230558455053,-0.0,0.1684761385435558,0.6746982244478696,0.6306005365602645,0.0013679890560875513
002636.SZ,元器件,s3,564200.0,-0.019233073343157023,-0.0,0.3762887520253164,0.4665763570660387,0.6303663932324323,0.0013679890560875513
301089.SZ,化学制药,s2,331546.59,0.04612045286938432,-0.004321428571428571,0.3931347478724798,0.4491153211500935,0.6299007320769155,0.0013679890560875513
000917.SZ,广告包装,s5,1043321.4648,0.049529572509087384,-0.0,0.37544603781736685,0.4664201264848805,0.6296100688750377,0.0013679890560875513
000703.SZ,化纤,s5,2170462.2309,0.03961932448310153,-9.110322358652415e-06,0.37544484301712255,0.46638364494819706,0.6295815432431643,0.0013679890560875513
300245.SZ,软件服务,s3,492441.7215,0.10085459850838506,-0.0,0.3633720255306848,0.4779403588433539,0.6291907891982154,0.0013679890560875513
600572.SH,中成药,s4,1129388.0479,0.09407060728736324,-0.005033981376205845,0.39482026523334945,0.44626196204126733,0.6290165318996959,0.0013679890560875513
301123.SZ,元器件,s2,424918.4,-0.01985153622743746,-0.0,0.37447979515524854,0.4665763570660387,0.6289967898697373,0.0013679890560875513
002004.SZ,农药化肥,s4,778108.2421,0.019115582747108017,-0.0,0.3734123689612753,0.4664201264848805,0.6280703308359509,0.0013679890560875513
000912.SZ,农药化肥,s3,716576.0,0.019108480396013254,-0.0,0.37339159512482833,0.4664201264848805,0.6280546024807178,0.0013679890560875513
600016.SH,银行,s4,17600532.2378,-0.07708395899319057,-0.0,0.37277453076919836,0.4664282344320122,0.6275935474060423,0.0013679890560875513
600558.SH,钢加工,s3,402126.9643,-0.009507682219524803,-0.0,0.3722754538291504,0.4664201264848805,0.6272095459196148,0.0013679890560875513
300043.SZ,互联网,s2,426760.0515,0.12455617535928688,-0.0,0.3722619523973545,0.4664201264848805,0.6271993236712601,0.0013679890560875513
600104.SH,汽车整车,s5,17768084.6481,0.03329332157803416,0.009257694840676182,0.3349605262028924,0.5034918041532226,0.6270253757130998,0.0013679890560875513
002646.SZ,白酒,s1,428500.6439,-0.04602090241931571,-0.01997617358824223,0.4517273674731479,0.3864271821229261,0.6267999189667028,0.0013679890560875513
600403.SH,煤炭开采,s1,829611.9035,0.08115949754981398,-0.0,0.37065735124168053,0.4664201264848805,0.6259844427777688,0.0013679890560875513
688298.SH,医疗保健,s3,454608.0,0.24376146275708463,-0.2,1.17114674865649,-0.3343016289655311,0.6258085190992246,0.0013679890560875513
000513.SZ,化学制药,s5,3130472.5826,0.01644892586317857,0.025874498931346662,0.26659605381993867,0.5700324296252033,0.6256444987537638,0.0013679890560875513
603156.SH,软饮料,s5,2995679.7744,0.08228080772697224,-0.0,0.36927784619051585,0.4664201264848805,0.624939987385718,0.0013679890560875513
002434.SZ,汽车配件,s4,876816.8,-0.05758542121369611,-0.0,0.36479519176806435,0.4703888822138003,0.6245509027201896,0.0013679890560875513
301297.SZ,半导体,s3,1242906.47,-0.03955050900266797,-0.0,0.3192171693962709,0.515840583961184,0.624455262434436,0.0013679890560875513
002097.SZ,工程机械,s3,702799.6907,-0.018400189578797944,0.011584857059194957,0.3217448725844346,0.5128107338794231,0.6240750753302451,0.0013679890560875513
002132.SZ,钢加工,s3,434478.8564,-0.011074143854907932,-0.0,0.3676936727569996,0.4664201264848805,0.6237405727962733,0.0013679890560875513
600518.SH,中成药,s5,2800501.0714,0.08695670774748676,-0.0,0.3673856145221853,0.4664201264848805,0.6235073347344439,0.0013679890560875513
002042.SZ,纺织,s5,1049320.396,0.053172515186132356,-0.0,0.3669403253439236,0.4664201264848805,0.623170195930302,0.0013679890560875513
300561.SZ,软件服务,s3,611593.2654,0.0980894391938449,-0.0,0.35528414497065874,0.4779403588433539,0.6230672665231443,0.0013679890560875513
600219.SH,铝,s5,3971875.43,-0.08556016921777503,0.008103648779806917,0.3339914688387523,0.4988705216072707,0.6227927992121565,0.0013679890560875513
002666.SZ,化工原料,s2,344355.6945,0.007427622255790665,-0.044635723984661826,0.5438643041075976,0.28882588146323995,0.6226627217411703,0.0013679890560875513
600271.SH,软件服务,s5,1558275.9806,0.09788175773292875,-0.0,0.3546766925025173,0.4779403588433539,0.622607350116728,0.0013679890560875513
300223.SZ,半导体,s5,3260709.8674,-0.04066294580440179,-0.0,0.3159633764102068,0.515840583961184,0.6219917400094601,0.0013679890560875513
300322.SZ,元器件,s4,648319.0264,-0.023391850774147706,-0.0,0.3641246445322267,0.4665763570660387,0.6211566642430989,0.0013679890560875513
300436.SZ,化学制药,s3,472704.456,0.037486653731903796,-0.0,0.3621925538874494,0.4664201264848805,0.6195755476223798,0.0013679890560875513
002438.SZ,机械基件,s4,525808.8096,-0.04857148370346753,-0.0,0.35499700684326746,0.47345962819436116,0.6194574020664098,0.0013679890560875513
002369.SZ,通信设备,s2,467738.931,0.056904731030758854,-0.0,0.3602131292019505,0.4664201264848805,0.6180768791077684,0.0013679890560875513
301311.SZ,机械基件,s3,388560.0,-0.04919699400688225,-0.0,0.35316743680855683,0.47345962819436116,0.6180721919968455,0.0013679890560875513
