date,anchor_excess,ivol_excess_scaled,blend_excess,blend_cum_excess
2020-01-02,0.0031985542208339125,0.005212607783985594,0.004205581002409753,1.0042055810024098
2020-01-03,-0.001147131888132716,0.0035471978355165234,0.0012000329736919038,1.005410660811978
2020-01-06,0.004937375485908715,0.00380474543692014,0.004371060461414427,1.0098053715989377
2020-01-07,0.006468947416886427,0.004680974299371215,0.005574960858128822,1.01543499701993
2020-01-08,-0.0025732497403024917,0.0031536210092897947,0.0002901856344936515,1.0157296616688272
2020-01-09,0.006157703006965957,0.004421546914151366,0.005289624960558662,1.0211024906403705
2020-01-10,-0.008130796712514057,0.003772322440184512,-0.0021792371361647727,1.0188772661729366
2020-01-13,-0.00114775156345379,0.004051892517458057,0.0014520704770021335,1.020356747770835
2020-01-14,0.0030257521336740584,0.0038240535003687495,0.003424902817021404,1.0238513704706422
2020-01-15,-0.005624333709961425,0.004326205504518068,-0.0006490641027216788,1.0231868252995473
2020-01-16,0.002113025681120345,0.005604784464780285,0.003858905072950315,1.0271352061302716
2020-01-17,0.00135659337073326,0.00411069126190065,0.002733642316316955,1.0299430263943283
2020-01-20,0.0031321042915610094,0.0026105324633859035,0.0028713183774734564,1.032900320733765
2020-01-21,-0.002761044000581891,0.0022945944822974837,-0.00023322475914220372,1.032659422805244
2020-01-22,0.004684137852644595,0.00151332369246463,0.0030987307725546124,1.0358593563362588
2020-01-23,-0.008567599319871467,0.0006929037155771598,-0.003937347802147153,1.0317808177762546
2020-02-03,-0.0017457573761803305,0.00044492880763696765,-0.0006504142842716815,1.0311097327941354
2020-02-04,0.027229700793006427,0.00023743085478981668,0.013733565823898121,1.0452705461811258
2020-02-05,0.013211252310845722,-0.001947238832978934,0.005632006738933394,1.0511575169412266
2020-02-06,0.004269120679437159,-0.0008482147233901652,0.0017104529780234967,1.0529554724464505
2020-02-07,-0.005731849658902099,-0.0014060460902229118,-0.0035689478745625056,1.0491975292510538
2020-02-10,0.011829903982709002,0.0005288680026492754,0.0061793859926791385,1.0556809257668613
2020-02-11,-0.008811293203603018,-7.504238339903797e-05,-0.0044431677935010275,1.0509903582772806
2020-02-12,0.011376984008088535,-0.0004494359537073299,0.0054637740271906024,1.0567327320996638
2020-02-13,-0.006763970301694865,-0.00033292051904945663,-0.0035484454103721606,1.0529829736864547
2020-02-14,-0.004928077839155533,-0.0007528291820130918,-0.0028404535105843124,1.0499920245022616
2020-02-17,0.0056021848647413094,-0.0011444845921476372,0.002228850136296836,1.052332299369184
2020-02-18,-0.00035210576281357144,-0.0003629324419927077,-0.00035751910240313956,1.0519560704700837
2020-02-19,-0.011782856184946042,0.00015310524240109258,-0.005814875471272475,1.045839076919051
2020-02-20,0.0007279006859044757,-0.00024265407033638493,0.00024262330778404535,1.0460928218553032
2020-02-21,0.0046106458085907855,-0.0018002123475018236,0.001405216730544481,1.0475628089902767
2020-02-24,-0.004183733551196658,-0.002412227605853574,-0.003297980578525116,1.0441079671914415
2020-02-25,0.00573925328731401,-0.000710200885965537,0.0025145262006742363,1.0467334040312772
2020-02-26,-0.006496384691343438,-0.0008630613649112676,-0.003679723028127353,1.0428817150201533
2020-02-27,0.004322287110133235,-0.0007502362477443895,0.0017860254311944227,1.0447443282849067
2020-02-28,-0.006997337205964699,-0.0012575280049570289,-0.004127432605460864,1.0404322164799733
2020-03-02,-0.003917474107738898,-0.0016392400128340486,-0.0027783570602864733,1.0375415242855666
2020-03-03,0.009400849073970123,-0.0008069738187224734,0.004296937627623825,1.0419997755014914
2020-03-04,0.001961466152569887,-0.0005316235944609101,0.0007149212790544885,1.0427447233137674
2020-03-05,-0.00022023219139412443,-0.0007784429463254629,-0.0004993375688597937,1.0422240416986865
2020-03-06,0.00608299620545445,0.0001363849638843273,0.0031096905846693884,1.0454650359882731
2020-03-09,-0.0008201832236414253,-0.0006310734527711593,-0.0007256283382062923,1.044706416931556
2020-03-10,-0.0076903994108426235,0.0002160593930749883,-0.0037371700088838175,1.040802171442111
2020-03-11,0.003249725579669006,7.621443315632742e-05,0.0016629700064126668,1.0425329942358283
2020-03-12,-0.008351500617441025,-0.0002796145526700293,-0.004315557585055527,1.0380338830648832
2020-03-13,-0.0030667053350308155,0.0004226256486292667,-0.0013220398432007743,1.036661560912879
2020-03-16,0.0007309065396360903,3.7479666761614316e-05,0.0003841931031988523,1.0370598391349333
2020-03-17,-0.0018095522052035495,0.0006005655025455341,-0.0006044933513290078,1.036432943357246
2020-03-18,0.009348044883331543,-0.0001918046180872392,0.004578120132622152,1.0411778578813424
2020-03-19,0.0022207478887213716,3.695076130497016e-06,0.0011122214824259343,1.0423358782619043
2020-03-20,0.001904840390578201,0.0002500433859764221,0.0010774418882773115,1.043458934598798
2020-03-23,0.009198542669555285,-5.264406243453308e-05,0.004572949303560376,1.0482306194070654
2020-03-24,0.0040805212641299785,-1.1371463689853136e-05,0.0020345749002200625,1.050363323114953
2020-03-25,0.002274115913513102,9.81144140249171e-05,0.0011861151637690096,1.0516091749799665
2020-03-26,0.011972702796868462,0.00030611351838793674,0.006139408157628199,1.0580654329274752
2020-03-27,-0.0011484312123804259,0.0006428565132847657,-0.00025278734954783006,1.0577979673710374
2020-03-30,-0.00014071647744005032,0.0005093561289597982,0.00018431982575987395,1.0579929405080724
2020-03-31,0.005675775000697922,0.001148977821313029,0.0034123764110054753,1.0616032106612725
2020-04-01,-0.009481148138808349,0.0010369381576765158,-0.004222104990565917,1.0571210104475386
2020-04-02,-0.01231778185977736,0.0009630416288122244,-0.005677370115482568,1.051119343214375
2020-04-03,0.011428856211399843,0.0005971726633216994,0.006013014437360771,1.0574397390005121
2020-04-07,0.006078671187896716,0.00028500623930240827,0.0031818387135995625,1.0608043416993627
2020-04-08,-0.005851373831880013,0.0004099124783105828,-0.002720730676784715,1.0579181787848349
2020-04-09,0.012810825028040257,0.0010732356216108408,0.006942030324825549,1.0652622788631434
2020-04-10,0.007924944287073972,0.0014279977211262476,0.00467647100410011,1.0702439470220084
2020-04-13,0.010450417530008704,0.0017722576437821744,0.006111337586895439,1.0767845690825915
2020-04-14,-0.0037301408873401947,0.0013842212018132093,-0.0011729598427634926,1.0755215440237502
2020-04-15,0.002660253005047389,0.0014501869434281822,0.0020552199742377856,1.077731977383751
2020-04-16,0.006980205464477066,0.0014696169528684582,0.004224911208672762,1.0822852992949448
2020-04-17,-0.01733496645521119,0.0012696188615976425,-0.008032673796806772,1.0735916545306292
2020-04-20,0.0010093489461484634,0.0014063585960822635,0.0012078537711153635,1.074888396259192
2020-04-21,0.006566425626260303,0.0015308536970549914,0.004048639661657647,1.0792402320521426
2020-04-22,0.0018532188749189702,0.0020371850625119977,0.0019452019687154838,1.0813395722762473
2020-04-23,0.014396962481876642,0.002062413797925912,0.008229688139901277,1.0902386597294151
2020-04-24,-0.00403182666507325,0.001642671368024164,-0.0011945776485245427,1.0889362849949449
2020-04-27,0.00854223660417162,0.0017093136240746158,0.005125775114123118,1.0945179275054377
2020-04-28,-0.005116524392030325,0.002404456850294716,-0.0013560337708678045,1.0930337242329202
2020-04-29,-0.00738131628947363,0.0012744579883942119,-0.003053429150539709,1.0896962231968244
2020-04-30,-0.025129574822598772,0.0006578944704874439,-0.012235840176055664,1.0763628743693365
2020-05-06,-0.002112566861940267,0.0007287393940299345,-0.0006919137339551663,1.075618124113841
2020-05-07,0.0032304663975316686,0.001117249540998824,0.002173857969265246,1.0779563651448318
2020-05-08,0.0002841703530587418,0.0010682643422553382,0.00067621734765704,1.07868529793896
2020-05-11,-0.005585271732359253,0.0013552682213170708,-0.002115001755521091,1.0764038766401645
2020-05-12,0.00695708039847607,0.0013547451043235152,0.0041559127513997925,1.0808773172367494
2020-05-13,0.00993808717920338,0.0012426563158869958,0.0055903717475451874,1.0869198232535922
2020-05-14,0.0013276419108575672,0.0007018500901145404,0.0010147460004860539,1.0880227707970878
2020-05-15,-0.005424064298908722,0.0007447065276431623,-0.0023396788856327798,1.085477146893166
2020-05-18,0.018794120189276804,0.0007400080344304636,0.009767064111853633,1.0960790717788236
2020-05-19,-0.007588806192186273,0.0015273210757424714,-0.003030742558221901,1.092757138288807
2020-05-20,-6.465237850641515e-05,0.0012728393592159517,0.0006040934903547683,1.093417265762586
2020-05-21,0.010165725142754786,0.0018134930045986322,0.005989609073676709,1.0999664077389122
2020-05-22,-0.001345863686456555,0.0022822580316495737,0.0004681971725965093,1.1004814089009667
2020-05-25,0.009439704260678161,0.00225458760650184,0.00584714593359,1.1069160842960135
2020-05-26,0.00013728903309081085,0.002547118804335461,0.001342203918713136,1.1084017914020423
2020-05-27,-0.005916896583224634,0.002964647886354597,-0.0014761243484350186,1.1067656525299048
2020-05-28,-0.001878633322069902,0.004120714629071205,0.0011210406535006514,1.108006381820289
2020-05-29,0.005521595246130766,0.0030425086659995877,0.004282051956065177,1.1127509227148953
2020-06-01,-0.00840542258207961,0.0026888927023972784,-0.0028582649398411655,1.1095703857657233
2020-06-02,-0.006647098210706779,0.0018909748735315922,-0.002378061668587593,1.1069317589627339
2020-06-03,0.0010945199222354028,-0.0011378582632688683,-2.1669170516732772e-05,1.1069077726696985
2020-06-04,0.006629270939071669,0.00028873884330445174,0.0034590048911880603,1.110736572069457
2020-06-05,0.00018136116684062435,0.0002901969423263101,0.00023577905458346723,1.110998460488311
2020-06-08,-0.004193621359717358,0.0004900692587198328,-0.0018517760504987626,1.1089411401470377
2020-06-09,0.003847247190071501,0.002115863121697351,0.002981555155884426,1.1122475093210156
2020-06-10,0.009192085827302124,0.00452242025787867,0.006857253042590397,1.1198744719384206
2020-06-11,-0.0020105530948460273,0.002452133315589966,0.00022079011037196938,1.1201217291466825
2020-06-12,0.008820185990083537,0.003487956575687048,0.006154071282885292,1.12701503811336
2020-06-15,0.008099983290476226,0.0004877150934273889,0.0042938491919518075,1.1318542707240804
2020-06-16,0.0015508408068299574,-0.00045200239243510754,0.0005494192071974249,1.1324761332001647
2020-06-17,0.009625116517517738,-0.0011030776330939582,0.00426101944221189,1.1373016360215715
2020-06-18,-0.013935887611270143,-0.00020144441234269867,-0.007068666011806421,1.129262430601854
2020-06-19,0.006067992988274859,-0.00016433681343929312,0.0029518280874177827,1.13259581916257
2020-06-22,0.0018083743891115093,0.000570957418979318,0.0011896659040454135,1.133943229791692
2020-06-23,0.008681233974708843,-0.00032894042250955697,0.004176146776099643,1.1386787431550667
2020-06-24,-0.004416213060637863,0.00014614434274585924,-0.002135034358946002,1.1362476249146292
2020-06-29,0.007546934794508986,-0.000881837155269127,0.0033325488196199295,1.1400342255958342
2020-06-30,0.0016217963200636034,0.0020189009123178833,0.0018203486161907432,1.1421094853208076
2020-07-01,-0.007773988713672149,0.0036072202600641026,-0.0020833842268040232,1.1397300324338069
2020-07-02,-0.010310394966559038,0.004664170507530365,-0.0028231122295143364,1.1365124466408982
2020-07-03,-0.0022885988197837246,0.0073417324132843435,0.0025265667967503094,1.1393839212526744
2020-07-06,-0.01707843637230359,0.004804599883855899,-0.006136918244223846,1.1323916152791635
2020-07-07,0.009163289394139566,0.005122752575804508,0.007143020984972037,1.1404803123503091
2020-07-08,-0.002433364589944124,0.004508804836190616,0.001037720123123246,1.141663811720461
2020-07-09,0.003856772703521702,0.002616300124787113,0.0032365364141544077,1.1453588482198165
2020-07-10,0.007750290332964178,0.0008150494949943797,0.004282669913979279,1.1502640420997974
2020-07-13,0.003983276850801908,0.0001399392306547746,0.002061608040728341,1.152635435697951
2020-07-14,-0.0001007448242703579,-0.00027199885238689264,-0.00018637183832862528,1.1524206169128772
2020-07-15,0.006932998999349302,0.0005737686370597928,0.0037533838182045474,1.1567460938081633
2020-07-16,-0.0038252339713855926,0.0005930792830992848,-0.001616077344143154,1.1548767026530338
2020-07-17,0.0021001693284636567,0.000814282349077599,0.001457225838770628,1.156559618824734
2020-07-20,-0.005596617324318078,0.00020233045400877862,-0.00269714343515465,1.153440211641456
2020-07-21,0.004816312862890137,-0.0005139104323128119,0.0021512012152886625,1.1559214936265019
2020-07-22,0.0023784448652452634,-0.0017837650913426106,0.0002973398869513264,1.1562651951927412
2020-07-23,0.006124848736564192,-0.0002809135507859424,0.0029219675928891247,1.15964376462188
2020-07-24,-0.0005842875072198618,-0.0006496920282548997,-0.0006169897677373807,1.1589282762848878
2020-07-27,0.0025980885921836998,-0.0007277108726016535,0.0009351888597910231,1.1600120930981663
2020-07-28,-0.0010298768833801087,-0.001344719055813567,-0.0011872979695968378,1.158634813095323
2020-07-29,0.0010274105452087554,-0.001208401474223401,-9.04954645073228e-05,1.1585299618997176
2020-07-30,0.0014006081167536168,-0.0011176528783193242,0.0001414776192171463,1.158693867960519
2020-07-31,0.0012628302439547504,-0.0018791849331730715,-0.0003081773446091605,1.158336784761076
2020-08-03,-0.0010470522159357009,-0.0015489076805579938,-0.0012979799482468472,1.1568332868411393
2020-08-04,-0.0011396527644960276,-0.0026676079811430112,-0.0019036303728195195,1.1546311038600199
2020-08-05,0.005844919752830012,-0.0018813217866169446,0.001981798983106534,1.1569193506075128
2020-08-06,-0.005877695248072762,-0.0021786396668505405,-0.004028167457461651,1.152259085728488
2020-08-07,0.004832943635862273,-0.001880589768535542,0.0014761769336633654,1.1539600240124444
2020-08-10,-0.0031226772705587515,-0.0025146195378611823,-0.0028186484042099667,1.1507074164322395
2020-08-11,-0.00022120896172315055,-0.0017387257511505502,-0.0009799673564368503,1.1495797607273261
2020-08-12,-0.01774446729700894,-0.0016975491156090584,-0.009721008206309,1.138404686439489
2020-08-13,-0.0013764001516346764,-0.0013214389595712136,-0.001348919555602945,1.1368690700957609
2020-08-14,-4.492072180934143e-06,-0.001140805762693667,-0.0005726489174373006,1.1362180432535027
2020-08-17,-0.0008474905629723064,-0.0014681852676837657,-0.0011578379153280361,1.134902486922944
2020-08-18,0.005009420511945868,-0.0013892660211516712,0.0018100772453970985,1.1369567480902678
2020-08-19,-0.0021284911620581687,-0.001412354450099402,-0.0017704228060787853,1.1349438539339236
2020-08-20,-0.0030005304739348137,-0.0018402531411983597,-0.0024203918075665866,1.132196845127814
2020-08-21,-0.0006989831903612182,-0.001107331562653788,-0.000903157376507503,1.1311742931954782
2020-08-24,-0.0009898803089919749,-0.0009586334075551547,-0.0009742568582735648,1.1300722388824298
2020-08-25,0.0007529342219584776,-0.0007131874812911293,1.9873370333674104e-05,1.1300946972265369
2020-08-26,0.0011396551967910063,-0.0012637939205380369,-6.20693618735153e-05,1.1300245529698234
2020-08-27,0.00015322861981699733,-0.0005985538328334551,-0.00022266260650822888,1.129772938757441
2020-08-28,0.002155340157431082,-0.0012334152939934887,0.00046096243171879665,1.1302937216385807
2020-08-31,0.00309743156606993,-0.0012214377269710369,0.0009379969195494465,1.131353933667664
2020-09-01,-0.0004246506262082806,-0.0009906266395307774,-0.0007076386328695289,1.1305533439167519
2020-09-02,0.00030389569590264165,-0.0005636402729451766,-0.00012987228852126746,1.130406516366682
2020-09-03,-6.515178683695272e-05,-0.00019513583954552092,-0.00013014381319123683,1.130259400952186
2020-09-04,-0.002149727215942159,-0.0005110008024328377,-0.0013303640091874983,1.1287557445241134
2020-09-07,0.0018782091004010699,-0.00018205935050954222,0.0008480748749457638,1.129713013910995
2020-09-08,-0.0013216326266591513,-0.00012539870718452557,-0.0007235156669218385,1.1288956488463049
2020-09-09,0.0015319865696448868,-0.00014468973709979882,0.0006936484162725439,1.129678705525264
2020-09-10,0.01954294665937635,-1.2076831862488358e-05,0.009765434913756931,1.1407105093975283
2020-09-11,0.001268371911938198,9.277285250238062e-05,0.0006805723822202893,1.1414868454663327
2020-09-14,0.0021173055198987893,8.283356263706473e-05,0.001100069541267927,1.1427425603767882
2020-09-15,-0.0014638563216546594,0.00011340740623574851,-0.0006752244577094555,1.1419709526511563
2020-09-16,-0.0001920321906802348,2.549153124653178e-05,-8.327032971685151e-05,1.141875860353402
2020-09-17,-0.005215993354889831,-2.2957395701161315e-05,-0.0026194753752954965,1.1388847446555619
2020-09-18,0.00213001014043298,-6.929224843482774e-05,0.001030358945999076,1.1400582047406795
2020-09-21,-0.003923732756902162,-0.00016259023411233488,-0.0020431614955072484,1.1377288817141162
2020-09-22,-0.002582550346079405,7.738581931374522e-05,-0.00125258226338283,1.1363037826963427
2020-09-23,-0.0032072266350779742,-7.856999384134284e-05,-0.0016428983144596585,1.1344369511270367
2020-09-24,0.00048101172757331084,6.226255974854452e-05,0.0002716371436609277,1.1347451063401042
2020-09-25,9.047732351073156e-05,8.620659016629285e-05,8.83419568385122e-05,1.1348453519433113
2020-09-28,0.006169976703792824,0.00016030496427906667,0.0031651408340359452,1.138437297307063
2020-09-29,-0.007744412359995049,0.00012348888039131188,-0.003810461739801869,1.134099325542511
2020-09-30,-0.0014633177591516888,0.00012484197764225499,-0.0006692378907547169,1.1333403433019786
2020-10-09,-0.005941986542068481,1.4039360017005454e-05,-0.002963973591025738,1.1299811524547876
2020-10-12,0.00429071045320294,9.415895078744997e-05,0.002192434701995195,1.1324585623460302
2020-10-13,1.9077744273804612e-05,9.000301198228317e-05,5.454037812804389e-05,1.1325203270642348
2020-10-14,0.003278798837408274,0.00012604921714419497,0.0017024240272762346,1.1344483568804078
2020-10-15,0.0019175138684813045,-6.013341380082435e-05,0.0009286902273402401,1.1355019079828648
2020-10-16,-0.00019538027145881727,-7.871250508199477e-05,-0.00013704638827040602,1.1353462915475017
2020-10-19,0.0013451167791287048,-0.0001243337917894795,0.0006103914936696126,1.1360392972662317
2020-10-20,-0.00022822932080546337,-0.00023842633762828825,-0.0002333278292168758,1.1357742276830953
2020-10-21,0.010495854055045974,-0.00031659654677103664,0.005089628754137468,1.1415548968505196
2020-10-22,0.00291214247506101,-0.00024308212509493407,0.001334530174983038,1.1430783363067663
2020-10-23,0.0058302119413641135,-6.70680905927364e-05,0.0028815719253856885,1.1463721987491844
2020-10-26,-0.009560316144231435,-0.00021831313867547018,-0.0048893146414534525,1.1407672243732847
2020-10-27,-0.0020662037277061887,-0.00016521492585607275,-0.0011157093267811307,1.1394944597413652
2020-10-28,0.005104906047066038,-0.00015640618391851713,0.0024742499315737604,1.142313853830409
2020-10-29,0.007874129214431112,-0.00021741651794428334,0.0038283563482434143,1.1466870383244072
2020-10-30,-0.0058857244509388125,-0.00018970311200994602,-0.003037713781474379,1.1432037313050512
2020-11-02,-0.0002693384982859954,-0.0002501734993869627,-0.00025975599883647904,1.1429067772779524
2020-11-03,-0.0033489619659182084,-0.0002684330297477752,-0.0018086974978329918,1.1408396046496334
2020-11-04,0.002229878981953698,-0.00025224229086514215,0.000988818345544278,1.1419676877800344
2020-11-05,-0.003494612966399152,-0.00010403398123375175,-0.0017993234738164518,1.1399129185130719
2020-11-06,-0.0037327103768193654,-5.672795825982706e-05,-0.0018947191675395961,1.1377531036570392
2020-11-09,-0.006024438520097818,-5.075956132624534e-05,-0.0030375990407120316,1.1342970659208034
2020-11-10,0.012093371535480632,-2.5302121740529346e-05,0.006034034706870052,1.1411414537844704
2020-11-11,0.008834563207957094,-5.2903604834197295e-06,0.004414636423736838,1.1461791784109832
2020-11-12,0.005275640853085642,4.408779129725866e-05,0.0026598643221914502,1.1492278595144771
2020-11-13,-0.01985248127492138,-8.508968529720508e-05,-0.009968785480109292,1.1377714535152121
2020-11-16,0.011937904596808185,2.7276037525909874e-05,0.005982590317167047,1.1445782739961614
2020-11-17,-0.0006324325554097139,0.00012444150309897476,-0.00025399552615536957,1.1442875562352317
2020-11-18,-0.003933726998707284,0.0001327224598410204,-0.0019005022694331317,1.1421128351377225
2020-11-19,0.0013837887232571978,0.00010487091890301733,0.0007443298210801075,1.1429629437799538
2020-11-20,0.0051374308568205955,0.0031475497117492888,0.004142490284284942,1.14769765666986
2020-11-23,0.004120053729975335,0.002332927078023793,0.003226490403999564,1.1514006921457982
2020-11-24,5.913532503132984e-05,0.00280281171120974,0.0014309735181205349,1.1530483160450047
2020-11-25,-0.003492750664188101,0.0022199920662433433,-0.0006363792989723788,1.1523145399659587
2020-11-26,0.008288809335500169,0.003204870627525176,0.0057468399815126725,1.1589367072355132
2020-11-27,0.003558550542128124,0.002639682708193887,0.0030991166251610053,1.1625283872524161
2020-11-30,-0.006253022085046383,0.002348314473258668,-0.0019523538058938573,1.1602587205311041
2020-12-01,-0.004413699146610881,0.0029442150969246823,-0.0007347420248430992,1.1594062296894392
2020-12-02,-0.004411105013922051,0.003562907177965033,-0.0004240989179785091,1.1589145267619305
2020-12-03,-0.0014309603291669498,0.003992286226052006,0.0012806629484425282,1.1603987056567664
2020-12-04,0.004937094751421142,0.00282571919168606,0.003881406971553601,1.1649026852826843
2020-12-07,-0.0012422375937031986,0.001981641129860789,0.0003697017680787952,1.165333351865073
2020-12-08,0.001729929980362112,0.00186043001993742,0.001795180000149766,1.1674253349918486
2020-12-09,0.008153190850199363,0.0014427449492136048,0.004797967899706484,1.1730266042744437
2020-12-10,-0.0007070463630628845,0.001003927244451769,0.00014844044069444232,1.1732007288605284
2020-12-11,0.00711995844158463,-7.600223049504683e-05,0.0035219781055447915,1.1773327161409846
2020-12-14,0.006766920480779053,0.0011331581781112974,0.003950039329445175,1.181983226673584
2020-12-15,-0.004686007041185371,0.001068886495858057,-0.001808560272663657,1.1798455387668674
2020-12-16,0.012314449539976168,0.000599512281205945,0.006456980910591057,1.187463778888131
2020-12-17,0.0019518040024228878,0.00020131154429717653,0.0010765577733600322,1.1887421522498764
2020-12-18,-0.0015643640536565362,-4.3935656102705035e-05,-0.0008041498548796206,1.1877862254206555
2020-12-21,-0.010888800208278215,0.0014002825320193024,-0.004744258838129456,1.182151060122895
2020-12-22,0.010223289258171937,0.0006744827920754923,0.005448886025123715,1.1885924665139838
2020-12-23,-0.006024785811416914,0.0001663108897370494,-0.0029292374608399325,1.185110796935399
2020-12-24,-0.0002572052142937441,-0.000821436112806481,-0.0005393206635501126,1.1844716421940154
2020-12-25,0.0001718605180678696,-0.0005381263011220007,-0.00018313289152706554,1.1842547264772485
2020-12-28,0.01808138525620735,0.0004470978960106808,0.009264241576109014,1.1952259483509826
2020-12-29,-0.008355786966740279,-0.0003356578013078361,-0.004345722384024057,1.1900318281932674
2020-12-30,0.0058978009054672,-0.0011082014692889368,0.002394799718089132,1.1928817160799416
2020-12-31,-0.0003523938600715212,-0.0021526782762790676,-0.0012525360681752945,1.1913875887054846
2021-01-04,0.008052460125321566,-0.0015325536554330178,0.0032599532349442744,1.1952714565293574
2021-01-05,0.006840928973996956,-0.0019234853791196068,0.0024587217974386746,1.1982102965133825
2021-01-06,0.005904417922837137,-0.001582386187200158,0.0021610158678184894,1.2007996479771315
2021-01-07,0.01310893439504244,-0.002685496057630343,0.005211719168706049,1.2070578785202692
2021-01-08,-0.007564898773590811,-0.0017013383971213494,-0.00463311858535608,1.2014654362296966
2021-01-11,-0.0083736740885549,-0.0009803514061662339,-0.004677012747360567,1.1958461670689373
2021-01-12,0.0064159174668280555,-0.0017599341757937106,0.0023279916455171724,1.1986300869551976
2021-01-13,-0.006388159031950152,-0.0009464848833661721,-0.003667321957658162,1.194234324518197
2021-01-14,-0.00806932055276917,-0.001582654478406004,-0.004825987515587587,1.1884709645773859
2021-01-15,0.0009764146587390649,-0.00066276545577761,0.00015682460148072744,1.1886573460627772
2021-01-18,-0.001483329181088849,-0.0011829163311262978,-0.0013331227561075734,1.1870727199055264
2021-01-19,-0.005685481201447456,-0.0010350097969685193,-0.003360245499207988,1.1830838641412313
2021-01-20,0.014961934266031032,-0.0010245334856479715,0.0069687003901915305,1.1913284211269015
2021-01-21,0.009735212658481832,0.0022237070576237696,0.0059794598580528,1.1984519215987872
2021-01-22,0.01690358076752254,-5.2178833434323e-05,0.00842570096704411,1.208549719113558
2021-01-25,0.003891663394265272,0.00018347161628823352,0.002037567505276753,1.2110122207497351
2021-01-26,-0.007483816724158553,-4.5641704117237794e-05,-0.0037647292141378954,1.2064530876636006
2021-01-27,0.003625825484238769,0.00010053145236191257,0.0018631784683003408,1.2087009250795497
2021-01-28,-0.006812649360305622,0.0006408049021897616,-0.0030859222290579302,1.204970968026564
2021-01-29,-0.00017463821470195933,0.0014548758748702587,0.0006401188300841497,1.2057422926329024
2021-02-01,0.0025111537461831985,0.0012931805389391911,0.0019021671425611948,1.2080358160043452
2021-02-02,0.00709961652394081,0.0007038644957535319,0.003901740509847171,1.2127492582849957
2021-02-03,0.0066129387629483265,0.0007235283759043066,0.0036682335694263168,1.2171979058255336
2021-02-04,0.0028656066741888308,0.0011785894781547693,0.0020220980761718,1.2196591993692236
2021-02-05,0.007871946521408005,-0.00019182728098025075,0.003840059620213877,1.224342763411144
2021-02-08,0.004152748194186592,-0.0002529440105981764,0.0019499020917942075,1.2267301119265923
2021-02-09,0.00268718412053823,0.0007096638509385395,0.0016984239857383847,1.2288136197727162
2021-02-10,0.008665720094015011,-0.0003148576223443857,0.0041754312358353125,1.233944446543735
2021-02-18,-0.022908441537893065,0.0007758866747645728,-0.011066277431564246,1.220289274963144
2021-02-19,-0.007100020727177178,0.00026523696549978187,-0.003417391880838698,1.2161190683026104
2021-02-22,-0.009129542264575501,0.0010505515066687283,-0.004039495378953387,1.2112065609459448
2021-02-23,-0.003495800534855133,-0.0023816552640848867,-0.00293872789947001,1.2076471544332719
2021-02-24,-0.010617147453223683,0.000658617338275066,-0.004979265057474308,1.2016339591554441
2021-02-25,0.011718050034400462,0.0014397888548313956,0.006578919444615929,1.2095394121746428
2021-02-26,-0.003044090642274956,0.0013361198839817092,-0.0008539853791466234,1.208506483201144
2021-03-01,0.00022207699527317776,0.00134054934993911,0.0007813131726061438,1.2094507052356491
2021-03-02,-0.002383105492350133,0.0009766197188009625,-0.0007032428867745852,1.2086001676302875
2021-03-03,0.009646845308470514,0.0003368598213007737,0.004991852564885644,1.214633321476994
2021-03-04,0.0004360331763362975,0.000678511898077533,0.0005572725372069153,1.2153102032698295
2021-03-05,-0.009633484105286087,0.00036019016033589997,-0.004636646972475093,1.2096752388952203
2021-03-08,0.0058950676544966,0.000459040705699508,0.003177054180098054,1.2135184426695134
2021-03-09,0.011503489026889297,0.001071730652224117,0.006287609839556707,1.221148573170126
2021-03-10,0.0007520166155844884,0.0016364461131426812,0.001194231364363585,1.2226069070967536
2021-03-11,0.006404596709166985,0.002133602397050182,0.004269099553108583,1.2278263376974676
2021-03-12,0.0025516391340837203,0.0011237171644582268,0.0018376781492709735,1.2300826873293538
2021-03-15,0.019135446494012283,0.0019316580798064194,0.010533552286909352,1.2430398276335597
2021-03-16,-0.011065326366887266,0.0025710727767000842,-0.00424712679509359,1.2377604798742488
2021-03-17,-0.005428213266078021,0.0028896860646541586,-0.0012692636007119312,1.2361894355507448
2021-03-18,-0.005338779414115581,0.0015099290402372308,-0.0019144251869391753,1.2338228433594982
2021-03-19,0.003377590487398337,0.0016505039375201355,0.002514047212459236,1.2369247322395147
2021-03-22,-0.00016544863654550286,0.0015943659826244162,0.0007144586730394567,1.2378084638423603
2021-03-23,-0.010928673073489163,0.0020714711639877614,-0.004428600954750701,1.2323267040975896
2021-03-24,-0.007995337825614344,0.0015323229975504056,-0.003231507414031969,1.2283444312167886
2021-03-25,0.0017193067573393788,0.0006950937158464496,0.0012072002365929142,1.229827288904771
2021-03-26,-0.005944295373304141,0.0022613850614258716,-0.0018414551559391345,1.2275626171027028
2021-03-29,0.022388064922753144,0.0027902235071185213,0.012589144214935833,1.2430165799222725
2021-03-30,-0.004782952985357945,0.0025334895191636833,-0.0011247317330971307,1.2416185197300682
2021-03-31,-0.0012961913562057788,0.001905792883166279,0.0003048007634802501,1.2419969660028332
2021-04-01,-0.0007775253015592562,0.0031696028806669626,0.0011960387895538532,1.2434824425506807
2021-04-02,-0.008018214035698452,0.003714531258063803,-0.0021518413888173245,1.2408066655645325
2021-04-06,0.00471333994670991,0.004013183510898957,0.004363261728804434,1.2462206298012357
2021-04-07,0.01391552788840234,0.003060918130289897,0.008488223009346119,1.2567988284258365
2021-04-08,0.0010558821810787438,0.0029793002905253844,0.002017591235802064,1.2593345347272347
2021-04-09,0.009666677630881713,0.001948609751919396,0.005807643691400554,1.2666483009932061
2021-04-12,0.007874046651921051,0.00091329663852483,0.00439367164522294,1.2722135377177497
2021-04-13,-0.007723862961556057,0.0011814809997581302,-0.0032711909808989634,1.2680518842673898
2021-04-14,0.00029663335768180207,0.0013992231251142965,0.0008479282413980493,1.269127101271618
2021-04-15,0.004797787502889197,0.0014070468114703674,0.003102417157179782,1.273064462965245
2021-04-16,0.003908484782619567,0.0009777140578135822,0.0024430994202165744,1.2761746860166137
2021-04-19,-0.008555462553555689,0.0008660916726591859,-0.0038446854404482517,1.271268195781817
2021-04-20,0.0011099164425383652,0.001240951914680772,0.0011754341786095685,1.2727624878693184
2021-04-21,-0.008859694401237945,0.0003474434236326587,-0.004256125488802644,1.267345451003506
2021-04-22,0.003178051302472736,0.00041575469635297946,0.0017969029994128578,1.2696227478457065
2021-04-23,-0.00093249065108468,0.00027155339469423395,-0.00033046862819522305,1.2692031773579004
2021-04-26,0.007515444769725555,0.00028257578267592285,0.0038990102762007386,1.2741518135890055
2021-04-27,-0.0020041801737980254,0.0008430113214965559,-0.0005805844261507348,1.273412060889484
2021-04-28,8.114156432578585e-05,0.0016597764755639402,0.000870459019944863,1.274520513903992
2021-04-29,0.00247053662141423,0.001456912404040464,0.001963724512727347,1.2770233210791189
2021-04-30,-0.006845661243218122,0.0006685202722315592,-0.0030885704854932815,1.2730791445403473
2021-05-06,0.028552730634102266,-0.00017238480526155577,0.014190172914420355,1.2911443577351172
2021-05-07,0.020619008107842698,-0.001955834714800168,0.009331586696521265,1.3031927832470467
2021-05-10,0.01946161151297661,-0.0007293679451768274,0.009366121783899891,1.315398645562838
2021-05-11,-0.01480808594021549,-0.0008129377673264764,-0.007810511853770983,1.305124708849235
2021-05-12,-8.150260303140384e-05,-0.0005355424912542364,-0.0003085225471428201,1.3047220484497217
2021-05-13,-0.01288201533858249,0.0013994798994277718,-0.005741267719577359,1.2972312898699365
2021-05-14,-0.010044184781880556,0.0009023671437783862,-0.004570908819051085,1.291301763926721
2021-05-17,0.0026647410414372603,0.0005454346999263294,0.0016050878706817947,1.2933744167253898
2021-05-18,0.0034809083938960547,0.0008200983805390083,0.0021505033872175313,1.2961558227894983
2021-05-19,-0.005923613577606975,0.001099570238968528,-0.0024120216693192236,1.2930294668581157
2021-05-20,-0.009286093094983778,0.001023295561754256,-0.004131398766614761,1.2876874465135415
2021-05-21,0.0031014393360014395,0.0017327434368004384,0.0024170913864009387,1.290799904748886
2021-05-24,-0.0053324318815194584,0.0029696204312658985,-0.00118140572512678,1.2892749463514226
2021-05-25,-0.0032600194946102853,0.0031368936756892623,-6.156290946051149e-05,1.2891955748346307
2021-05-26,0.00023958759317978067,0.0033361857456688875,0.0017878866694243341,1.2915005104171584
2021-05-27,-0.0011435967197684627,0.002694529702018089,0.0007754664911248131,1.2925020257862576
2021-05-28,0.0016165819144902918,0.001839945420489594,0.001728263667489943,1.2947358100775812
2021-05-31,0.0002864606520957201,0.0014482297873955646,0.0008673452197456423,1.2958587929932854
2021-06-01,0.0006379681816464557,0.0012470262797844311,0.0009424972307154434,1.2970801363170799
2021-06-02,0.0015719392931221434,0.002715468834421962,0.0021437040637720525,1.2998606922763407
2021-06-03,0.0009904004454789083,0.003686211041953766,0.0023383057437163374,1.3029001639991216
2021-06-04,-0.0011043606760107558,0.00216519462479479,0.0005304169743920172,1.303591244362045
2021-06-07,-0.0024666852509118236,0.002931706919927112,0.0002325108345076442,1.3038943434501284
2021-06-08,-0.00047522102539344956,0.0021238246377893386,0.0008243018061979445,1.3049691459125257
2021-06-09,-0.0005113814317428166,0.0032399645687964614,0.0013642915685268225,1.3067495043154818
2021-06-10,0.0017054500304112931,0.0032912266862562926,0.002498338358333793,1.3100142067268468
2021-06-11,0.0027915909185906255,0.002985833811116188,0.002888712364853407,1.3137984609639521
2021-06-15,-0.0016145743743919633,0.003365605077821407,0.0008755153517147219,1.3149487116855854
2021-06-16,-0.004374746912099148,0.0033180453892883064,-0.0005283507614054206,1.3142539575325571
2021-06-17,3.1582678128689036e-05,0.002830860093149592,0.0014312213856391405,1.3161349459027385
2021-06-18,0.004932280032312479,0.0022414895536349787,0.0035868847929737286,1.3208557703256982
2021-06-21,-8.098189726501008e-05,0.002817942807762876,0.001368480455248933,1.3226633356315918
2021-06-22,0.00012311479766382693,0.0038786721403888886,0.002000893469026358,1.3253098440615776
2021-06-23,0.0028960784864173945,0.00474429853380847,0.0038201885101129323,1.3303727775002012
2021-06-24,-0.0009223947115704714,0.0042268403371824555,0.001652222812805992,1.332570849752723
2021-06-25,0.0002874418902623799,0.004346152587111484,0.002316797238686932,1.3356581462177848
2021-06-28,0.009538821809757436,0.004470719980104799,0.0070047708949311175,1.3450141255259886
2021-06-29,0.0007970382679320553,0.003048823255467406,0.0019229307616997306,1.3476004945628832
2021-06-30,0.0016938221096045268,0.00524943351698279,0.0034716278132936587,1.352278861921016
2021-07-01,-0.002177658467882864,0.00516024829264868,0.001491294912382908,1.3542955085079218
2021-07-02,0.0030450887815450557,0.003218337241412475,0.0031317130114787654,1.3585367733733034
2021-07-05,0.0023172446026714444,0.0024217995670143136,0.002369522084842879,1.3617558562608827
2021-07-06,0.0012708238754593636,0.003312166352364159,0.0022914951139117613,1.364876313151845
2021-07-07,0.005950788224306251,0.002719181162428617,0.004334984693367434,1.370793031077698
2021-07-08,0.0006196308565285504,0.0030728343167995683,0.0018462325866640593,1.3733238338412457
2021-07-09,0.0035139446163726484,0.0022464930101646595,0.002880218813268654,1.3772793069841853
2021-07-12,0.0055198532742662615,0.0024536046370110262,0.003986728955638644,1.382770146277341
2021-07-13,0.0010141900358451154,0.0025778095410749395,0.0017959997884600275,1.3852536011675438
2021-07-14,-0.002984130789635015,0.0030049031560167444,1.0386183190864637e-05,1.3852679886652113
2021-07-15,0.0002992023895050703,0.0033640090154344418,0.001831605702469756,1.3878052534126992
2021-07-16,-0.0048672722850698225,0.0029188811854825936,-0.0009741955497936145,1.3864532597108443
2021-07-19,-0.001386391223122285,0.0023329136793922177,0.0004732612281349663,1.387109414283287
2021-07-20,0.00201412385179906,0.0009698830240089691,0.0014920034379040147,1.3891789862981465
2021-07-21,0.0044922867949703385,0.001159979293117517,0.002826133044043928,1.3931049909354152
2021-07-22,-0.00022889796298897094,0.000885432250636408,0.00032826714382371854,1.393562301531836
2021-07-23,-0.0007009876069023572,0.0009562680535820739,0.00012764022333985837,1.3937401761352415
2021-07-26,0.00027990892805520256,0.0011685233397709,0.0007242161339130513,1.3947495452572816
2021-07-27,-0.005085497606342652,0.0017586482934540439,-0.001663424656444304,1.392429484474136
2021-07-28,0.00029358346811675677,0.0005051663531518293,0.00039937491063429304,1.3929855858750626
2021-07-29,0.003430731107322587,-0.00016065139965134684,0.00163503985383562,1.395263172823787
2021-07-30,0.001719754223536414,0.0012706601509487575,0.0014952071872425857,1.3973493803478878
2021-08-02,-0.0013006148058918381,0.0025138368536501672,0.0006066110238791646,1.3981970278862175
2021-08-03,-0.003880254390689123,0.0012851913094611453,-0.001297531540613989,1.3963828231425424
2021-08-04,0.008856020288648419,0.0013644948490045543,0.005110257568826487,1.4035186990334858
2021-08-05,0.000301157009149218,0.000300051478806778,0.00030060424397799796,1.4039406027109176
2021-08-06,0.00807736275016667,0.001475759284711126,0.004776561017438898,1.410646610664626
2021-08-09,-0.00435745712217023,0.002190849687159474,-0.001083303717505378,1.4091184519472066
2021-08-10,-0.0035784316347171143,0.0015687271869935164,-0.001004852223861799,1.4077024961370828
2021-08-11,0.01101652709944174,0.0019887755751632013,0.006502651337302471,1.4168562946561127
2021-08-12,0.003766449922889206,0.0019059497448305172,0.0028361998338598616,1.4208747822436198
2021-08-13,0.005892900529550828,0.002662715825551093,0.004277808177550961,1.4269530120063776
2021-08-16,-0.00636370221092877,0.0038885180332752234,-0.0012375920888267732,1.425187026247591
2021-08-17,0.0015228194521228473,0.004523985747238895,0.0030234025996808715,1.4294959404077794
2021-08-18,-0.00189422938270156,0.0037559574452319367,0.0009308640312651884,1.4308266067615445
2021-08-19,-0.002875119342018634,0.002299452373385752,-0.00028783348431644104,1.4304147669538676
2021-08-20,0.00844510130026362,0.002453986892113251,0.005449544096188435,1.4382098753022217
2021-08-23,0.004563971739213076,0.00440614012317209,0.004485055931192583,1.4446603270337457
2021-08-24,0.0010768381028293315,0.002958575507816533,0.0020177068053229322,1.4475752280069816
2021-08-25,0.006571993894813382,0.0005077090522649095,0.003539851473539146,1.452699429310901
2021-08-26,0.017131030108621076,0.00031277017632703124,0.008721900142474053,1.4653697286703797
2021-08-27,0.0035624448543754156,-0.0020676760735276966,0.0007473843904238595,1.4664649231317874
2021-08-30,0.009160833968887226,-0.0012104618802115125,0.003975186044337857,1.4722943940287319
2021-08-31,0.021525526237738,7.226374766165033e-05,0.010798894992699825,1.4881935465881888
2021-09-01,-0.01496250354028975,-0.0007168379625903337,-0.007839670751440042,1.4765265991685195
2021-09-02,0.019065766348235223,-0.0008438297019154615,0.009110968323159881,1.4899791862418468
2021-09-03,-0.006983733254555256,-0.0011523549175012063,-0.004068044086028231,1.4839178852249504
2021-09-06,-0.007598434744677506,-0.0010912415271227304,-0.004344838135900118,1.4774705022066807
2021-09-07,0.012543676024760501,-0.0004625485156225321,0.006040563754568984,1.4863952569707555
2021-09-08,0.005439005400922779,-0.000421746576555888,0.0025086294121834454,1.4901240718305222
2021-09-09,0.01959715281740653,0.00014425543188949499,0.009870704124648013,1.504832645652577
2021-09-10,-0.011702045246503536,-0.0008732203678738221,-0.006287632807188679,1.4953708105404433
2021-09-13,0.01145843743321278,-0.0018773967754628427,0.004790520328874968,1.5025344148075435
2021-09-14,-0.008562819120973399,-0.0019193530028179656,-0.005241086061895682,1.4946595026285772
2021-09-15,0.003833209779316455,-0.0012140160183928461,0.0013095968804618043,1.4966169040505721
2021-09-16,0.000864620472460408,-0.001193655851636504,-0.000164517689588048,1.4963706840953193
2021-09-17,-0.01389404481423878,-0.0014108513168586824,-0.0076524480655487314,1.4849197851484701
2021-09-22,0.006709404868111206,-0.0022786010287998096,0.002215401919655698,1.4882094792910228
2021-09-23,-0.002765772213019258,-0.001324013846051876,-0.002044893029535567,1.4851662501003318
2021-09-24,-0.013026559711699616,-0.0004011718820368383,-0.006713865796868227,1.47519504321112
2021-09-27,-0.014053477727681438,-0.00133406383588533,-0.007693770781783384,1.4638452306902308
2021-09-28,0.004505408060977323,6.721171945926062e-05,0.0022863098902182917,1.467192034518907
2021-09-29,-0.006454577129827856,-0.0009555645004190327,-0.0037050708151234444,1.4617559841316294
2021-09-30,0.0030232646828791745,-0.0006618254696815192,0.0011807196065988278,1.463481908082157
2021-10-08,-0.005079095178644844,-0.000560511796702506,-0.002819803487673675,1.4593551766935997
2021-10-11,0.005464235461324967,0.00017744724429222372,0.0028208413528085954,1.4634717861244524
2021-10-12,-0.0009304914431342711,0.0005750138628794931,-0.000177738790127389,1.463211670419801
2021-10-13,-0.006667887595647647,8.473376968236639e-05,-0.00329157691298264,1.4583953966666405
2021-10-14,0.00415098915660122,-0.0002982997795830191,0.0019263446885091004,1.4612047688927556
2021-10-15,0.006184233266303282,-0.001064425950343684,0.002559903657979799,1.4649453123257017
2021-10-18,0.01967492494211014,-0.001834178184620359,0.00892037337874489,1.478013171491089
2021-10-19,-0.003355289600381174,-0.0016550689187173613,-0.0025051792595492677,1.4743104835485288
2021-10-20,-0.01175672043777823,-0.002078108779388862,-0.006917414608583547,1.4641120666720424
2021-10-21,0.00447308479705709,-0.0006385934071785556,0.0019172456949392673,1.466919129228778
2021-10-22,-0.00956839946284553,-0.0005155997696112238,-0.005041999616228377,1.4595229235421683
2021-10-25,0.004693206495477845,-0.0006501316635297522,0.0020215374159740463,1.4624734037415805
2021-10-26,0.0006614638804945236,-0.0004467865002332768,0.00010733869013062339,1.4626303837210892
2021-10-27,0.000505674815479071,0.0005130939876965133,0.0005093844015877922,1.463375424823845
2021-10-28,-0.008216125100329746,0.0004095016343088724,-0.0039033117330104367,1.4576634143583311
2021-10-29,-0.003824035529560918,0.0007183541000037195,-0.0015528407147785994,1.4553998952600724
2021-11-01,-0.0006368969980088714,0.0007539985626715876,5.85507823313581e-05,1.455485110062545
2021-11-02,0.00045151007828479983,0.0006791759489130101,0.0005653430135989049,1.4563079584009162
2021-11-03,0.0005867012360759655,0.000665712082843852,0.0006262066594599088,1.4572199081426915
2021-11-04,-0.001303577628778385,0.001579296429105747,0.000137859400163681,1.4574207996051347
2021-11-05,-0.005566329646509856,0.00024873224403900845,-0.002658798701235424,1.4535458110759911
2021-11-08,0.007810368079802216,-0.0005596024953012027,0.0036253827922505064,1.4588154710472139
2021-11-09,0.0007136882606145545,-0.00029560228281695275,0.0002090429888988009,1.4591204261935333
2021-11-10,-0.004674171349867434,-0.0008171943318753229,-0.0027456828408713783,1.4551141442765687
2021-11-11,-0.0023559816019627124,-4.6760672699386354e-05,-0.0012013711373310494,1.4533660121421126
2021-11-12,0.0023752526836032014,0.0004576245906293726,0.001416438637116287,1.4554246159155824
2021-11-15,-0.007808030620695438,-1.3749592752836391e-05,-0.0039108901067241375,1.4497326101841153
2021-11-16,-0.005630943044128143,-0.0007682086528046555,-0.003199575848466399,1.445094080737836
2021-11-17,0.0029040310662035145,0.00013401051698400687,0.0015190207915937606,1.447289208692286
2021-11-18,0.004196482239573783,0.00023248075196185712,0.00221448149576782,1.4504942038639594
2021-11-19,-0.001283713231759843,0.000202644740918089,-0.000540534245420877,1.4497101620739865
2021-11-22,0.007437757388212448,0.00018061198185056476,0.0038091846850315065,1.4552323758210932
2021-11-23,-0.002001521331752781,0.00017331315598177055,-0.0009141040878855053,1.4539021419575318
2021-11-24,-0.005388281954703498,0.0001562896496329007,-0.0026159961525352984,1.450098739548008
2021-11-25,6.569118270407083e-05,4.9223298967921443e-05,5.745724083599614e-05,1.4501820582205223
2021-11-26,0.0044798946435518315,0.00015726532751075267,0.0023185799855312923,1.4535444213160889
2021-11-29,0.006080772634912982,0.00017489504298727135,0.003127833838950127,1.4580908667434986
2021-11-30,0.0014968244121147751,0.00021134290220740739,0.0008540836571610912,1.45933619832344
2021-12-01,-0.004048866703120177,0.0003652097582903601,-0.0018418284724149082,1.4566483513625423
2021-12-02,0.001104888085059151,0.0004772483276699699,0.0007910682063645604,1.4578006595611586
2021-12-03,-0.0007398845098291897,0.00035290307530342794,-0.0001934907172628809,1.4575185886659137
2021-12-06,-0.0017496762473565809,0.00032257143390049183,-0.0007135524067280446,1.4564785727691203
2021-12-07,-0.009259354412389034,0.00028329035322648165,-0.004488032029581276,1.4499418502841337
2021-12-08,0.0011731535353178264,0.0003055405741000907,0.0007393470547089585,1.4510138605206406
2021-12-09,-0.0026230916586343573,0.00033125157084183947,-0.001145920043896259,1.4493511146538987
2021-12-10,0.002507953043475711,0.0003962836793533845,0.0014521183614145479,1.451455744019624
2021-12-13,-0.003150649348402605,0.00033694652456679286,-0.0014068514119179062,1.4494137614568137
2021-12-14,0.0009614918399836467,0.0003264573676668648,0.0006439746038252557,1.4503471471096265
2021-12-15,0.0007898215296321336,0.00045890295125775433,0.000624362240444944,1.4512526891038189
2021-12-16,-0.0020137089568515584,0.0003741016457404803,-0.000819803655555539,1.4500629468441568
2021-12-17,-0.002013579822593382,0.0005277734355285735,-0.0007429031935324042,1.4489856904501233
2021-12-20,-0.0025175253694233726,0.0005246602266003509,-0.0009964325714115108,1.4475418739126495
2021-12-21,-0.0008210982042969358,0.0004866973538143426,-0.00016720042524129663,1.4472998442957767
2021-12-22,0.0014467674875634742,0.000596615085029511,0.0010216912862964925,1.4487785379353522
2021-12-23,-0.000584047777652902,0.0007757940980271663,9.587316018713212e-05,1.4489174369121955
2021-12-24,-0.0040334553993987745,0.0007187297874118234,-0.0016573628059934754,1.4465160550433018
2021-12-27,0.001660742619068053,0.00046697180841175025,0.0010638572137399017,1.44805494158325
2021-12-28,0.001877713577111194,0.0004338326024300956,0.0011557730897706448,1.4497285645172413
2021-12-29,0.0031650538714280965,0.0004082275385311598,0.0017866407049796282,1.4523187085817795
2021-12-30,0.002641053373072324,0.00032236446790331007,0.001481708920487817,1.4544706221676762
2021-12-31,0.005385994619306136,0.0004057637382710308,0.0028958791787885834,1.4586825933585712
2022-01-04,0.002862391102887607,0.0004854279883494606,0.0016739095456185338,1.4611242960756219
2022-01-05,-0.004897683504185005,0.0005580433907146348,-0.0021698200567351854,1.4579539192726139
2022-01-06,0.0010245900745779397,0.0003418548219739941,0.0006832224482759668,1.4589500261188129
2022-01-07,-0.005238222778973631,0.0002410884338577233,-0.0024985671725579538,1.4553047414771498
2022-01-10,-0.0008469571869870095,0.000174025928054322,-0.0003364656294663437,1.4548150814512435
2022-01-11,-0.004464736697844405,0.00019346026270232296,-0.002135638217571041,1.4517081227637976
2022-01-12,0.0014485889743606523,0.00020354525567609294,0.0008260671150183726,1.452907331104618
2022-01-13,-0.002035243911645453,5.592127415715268e-05,-0.0009896613187441502,1.451469444919304
2022-01-14,0.0048494223335269655,-4.079628425052261e-05,0.0024043130246382215,1.454959231810588
2022-01-17,0.00643982380187616,-0.0002122893851392663,0.003113767208368447,1.459489636156113
2022-01-18,-0.006116638023874347,-0.00013622480631781284,-0.0031264314150960797,1.4549266419076274
2022-01-19,0.007348495270260264,-0.00011012483074466302,0.0036191852197578005,1.4601922909058513
2022-01-20,-0.007530432407193811,-0.0002008385999763747,-0.003865635503585093,1.4545477197440644
2022-01-21,-0.006478060479539761,-0.0003597742062883974,-0.003418917342914079,1.4495747413189353
2022-01-24,-0.0034847303269853708,-0.00043274220325281124,-0.001958736265119091,1.4467354067041132
2022-01-25,-0.011294777042660582,-0.00022679350103871836,-0.0057607852718496505,1.4384010746809086
2022-01-26,-0.00016451793114506943,-0.00020314908694530945,-0.00018383350904518944,1.4381366483639357
2022-01-27,-0.005521163218602278,-0.0003281000275457,-0.0029246316230739887,1.433930628443829
2022-01-28,0.005112776364481385,-0.00017994313036176108,0.0024664166170598116,1.4374672987735337
2022-02-07,-0.0036614566085402737,-0.00018944105245522744,-0.0019254488304977506,1.4346995290442315
2022-02-08,0.011996443673302439,-0.00032331731792185567,0.005836563177690292,1.4430732434865006
2022-02-09,0.0007164256116112952,-0.0003474776181751387,0.00018447399671807824,1.4433394529752834
2022-02-10,0.013465811908092923,-4.548707554505988e-05,0.0067101624162739315,1.4530244951265636
2022-02-11,0.001046052054865527,0.00014100080704344044,0.0005935264309544837,1.4538869035692454
2022-02-14,-0.00082299126852601,-4.197693522069389e-05,-0.00043248410187335195,1.45325812059753
2022-02-15,-0.012995025544661129,-0.00010493621155860287,-0.006549980878109866,1.4437393076966583
2022-02-16,0.002224044863493485,-9.229124229142889e-05,0.001065876810601028,1.4452781559452854
2022-02-17,-0.0029779237716775035,6.078044964152105e-06,-0.0014859228633566756,1.4431305840894564
2022-02-18,0.009102003950464257,9.777758916643688e-05,0.004599890769815347,1.4497688271428475
2022-02-21,0.0038407132668543233,6.82492048062658e-05,0.0019544812358302946,1.4526023731117899
2022-02-22,0.006426881047163241,3.2142083013672466e-05,0.0032295115650884565,1.4572935692752294
2022-02-23,-0.016078409854831797,5.589435621535315e-05,-0.008011257749308222,1.4456188148753562
2022-02-24,0.009343485272713536,6.699362544284488e-05,0.00470523944907819,1.4524207975514372
2022-02-25,-0.016493411838885,5.216883476477903e-05,-0.00822062150206011,1.4404809959130465
2022-02-28,0.0010025409424902236,0.00011560088970770895,0.0005590709160989663,1.4412863269430547
2022-03-01,0.0018377853924449665,0.0015422894329855839,0.0016900374127152753,1.4437221547580235
2022-03-02,0.013638156653738479,0.0015302293130961433,0.007584192983417311,1.4546716221941434
2022-03-03,0.016794292176257847,0.0005837418049093809,0.008689016990583614,1.467311288635108
2022-03-04,0.005174221242628587,-0.0001799051343181131,0.002497158054155237,1.4709753968374761
2022-03-07,0.0315799991174628,-0.00015307734620346227,0.01571346088562967,1.4940895111994055
2022-03-08,0.013137420281652603,-0.0011149691871633516,0.006011225547244626,1.5030708202389975
2022-03-09,0.00516797376972549,-0.0013098781163387468,0.0019290478266933717,1.5059703157381457
2022-03-10,-0.025418601202707777,-0.0008205337582829987,-0.013119567480495387,1.4862126365571962
2022-03-11,-0.0034563522738962323,-0.0016471855843612757,-0.0025517689291287542,1.4824201653291509
2022-03-14,0.003321119389577427,-0.000994606588170946,0.0011632564007032407,1.4841446000750014
2022-03-15,0.0007640075901026213,-0.002217086948929528,-0.0007265396794134532,1.4830663101330597
2022-03-16,-0.01011773320783051,-0.000803175746817606,-0.005460454477324058,1.4749680940597252
2022-03-17,-0.00616009766708611,-0.0010286063813743467,-0.0035943520242302284,1.4696665395051667
2022-03-18,0.008637674573971656,-0.001880732963783973,0.0033784708050938416,1.4746317650021084
2022-03-21,0.00010329425577696243,-0.0019979160010261247,-0.0009473108726245811,1.4732348302980043
2022-03-22,0.007509309419105635,-0.0025664995429131106,0.002471404938096262,1.4768757901325782
2022-03-23,-0.005282997787692622,-0.002415773026999841,-0.0038493854073462317,1.471190726017579
2022-03-24,0.012047220289040005,-0.0021288272653596386,0.004959196511840183,1.478486649934297
2022-03-25,0.008327770490395415,-0.002036496958901077,0.003145636765747169,1.4831374318979968
2022-03-28,0.0037268032548391956,-0.0020098136701144033,0.0008584947923623962,1.4844106976596392
2022-03-29,0.0028796901115626674,-0.0012807695104907315,0.000799460300535968,1.485597425082109
2022-03-30,-0.014089332533072315,-0.001234213808721401,-0.007661773170896858,1.4742151145878613
2022-03-31,0.005341827461272831,-0.00041583232191419754,0.002462997569679317,1.4778461028322756
2022-04-01,-0.003457673372069165,-0.00023160329032034482,-0.001844638331194755,1.4751200112633844
2022-04-06,0.0029570336001868576,-0.0006543025485923568,0.0011513655257972505,1.476818413590767
2022-04-07,0.0052662796035117445,0.00040060248268893647,0.0028334410431003405,1.4810028914970415
2022-04-08,0.00449729326598816,-5.238462113174186e-05,0.002222454322428209,1.4842943527747778
2022-04-11,0.009325877411967387,9.722539496559096e-05,0.004711551403466489,1.4912876819157515
2022-04-12,-0.005143681433193424,0.0007017684736162256,-0.002220956479788599,1.4879755968753718
2022-04-13,0.014745326472637968,0.00032083146594446643,0.007533078969291217,1.499184634551012
2022-04-14,0.006235377584420474,-0.0005225943961128906,0.002856391594153792,1.503466892939228
2022-04-15,-0.0024463727926345496,-0.00046236535464611316,-0.0014543690736403313,1.501280297186895
2022-04-18,-0.008458931271767915,0.0004226893316984845,-0.004018120970034715,1.4952479713428684
2022-04-19,0.008694231901643092,0.0009312860160518485,0.0048127589588474705,1.5024442394126472
2022-04-20,-0.004029627061705627,0.0007138815478307527,-0.0016578727569374371,1.4999533780393073
2022-04-21,0.005678377347250385,0.001567040401173937,0.0036227088742121607,1.505387272452835
2022-04-22,0.005013542209118399,0.0026723079930888317,0.0038429251011036156,1.511172362989026
2022-04-25,0.0050580877625365905,0.0031606909239901885,0.00410938934326339,1.517382358593327
2022-04-26,-0.0014004716961248144,0.0029848210318713683,0.000792174667873277,1.5185843904592824
2022-04-27,-0.00829952984462561,0.0028693541247040225,-0.002715087859960794,1.5144613004164205
2022-04-28,0.009078818668249193,0.0024085852480137454,0.005743701958131469,1.5231599147531365
2022-04-29,-0.010862934541368854,0.0025752282876656393,-0.004143853126851607,1.5168481637776916
2022-05-05,-0.0037697927884355097,0.0029091216932986648,-0.00043033554756842247,1.516195410092554
2022-05-06,0.000882030131711504,0.0026723375777252542,0.001777183854718379,1.5188899680959689
2022-05-09,-0.0032903113635261148,0.002847839549983255,-0.00022123590677142983,1.518553935096591
2022-05-10,-0.010902147257992767,0.002267631974373181,-0.0043172576418097925,1.511997946515795
2022-05-11,-0.0036844846978204794,0.002757531778501759,-0.00046347645965936026,1.5112971710605316
2022-05-12,-0.005133945115009657,0.002815006264260931,-0.0011594694253743631,1.5095448681980321
2022-05-13,0.00319510003057208,0.002072817666460347,0.0026339588485162135,1.5135209472608546
2022-05-16,0.005667654681766074,0.0011053542056622288,0.0033865044437141516,1.518646492674408
2022-05-17,-0.0015359181990994282,0.001182475275207886,-0.00017672146194577104,1.5183781152460438
2022-05-18,-0.002724829354306364,0.0007119270015276953,-0.0010064511763893343,1.5168499418057506
2022-05-19,0.001340655987707351,0.0006904105342921009,0.001015533260999726,1.5183903533735998
2022-05-20,0.001453362379232054,0.00018930461584159148,0.0008213334975368228,1.5196374582331624
2022-05-23,0.0003153058678710776,0.00038754917367398746,0.00035142752077253254,1.5201715006575824
2022-05-24,0.007792035780063016,-3.633914174290952e-05,0.003877848319160053,1.5260664951562426
2022-05-25,0.0005623567430608985,-0.0004988031594462259,3.177679180733629e-05,1.5261149886535434
2022-05-26,0.0033373479260348717,0.00023890518306688896,0.0017881265545508804,1.528843875390053
2022-05-27,0.0019940617631694995,0.000328346691005094,0.0011612042270872968,1.5306191753607123
2022-05-30,-0.003735657749442701,-0.0008718363159628846,-0.002303747032702793,1.527093015977277
2022-05-31,-0.004807885986563992,-0.0007374749957385038,-0.002772680491151248,1.5228588749637035
2022-06-01,0.0015173335235062187,-0.000784912160732394,0.00036621068138691234,1.52341656214996
2022-06-02,-0.003092534690502584,-0.0016395718885469722,-0.002366053289524778,1.5198120773817685
2022-06-06,0.002025600525505281,-0.0010527085052472827,0.00048644601012899917,1.5205513839029567
2022-06-07,2.168216991667272e-06,-0.0010418646966753149,-0.0005198482398418238,1.5197609279424458
2022-06-08,0.004904193679511422,-0.0006629521416805083,0.002120620768915457,1.5229837645300268
2022-06-09,0.004195155196622534,-0.0013744876304317476,0.0014103337830953934,1.5251316799842491
2022-06-10,0.0023741810117985165,-0.001703312621535127,0.0003354341951316948,1.5256432613017943
2022-06-13,0.005855470763555741,-0.0013633715266026436,0.0022460496184765486,1.5290699317667726
2022-06-14,0.0008007000451554047,-0.0007427423703340431,2.8978837410680817e-05,1.5291142424357147
2022-06-15,-0.00989897787999693,-0.00043430071463296363,-0.005166639297314947,1.5212138607006622
2022-06-16,-0.0032997331959268967,-0.0004551672385692698,-0.0018774502172480831,1.518357857407409
2022-06-17,0.004479029303158888,-0.00033037094066915186,0.002074329181244868,1.5215074314186017
2022-06-20,-0.006175174027092656,-0.00027795865885199187,-0.003226566342972324,1.5165981867498042
2022-06-21,-0.001493460296845537,0.00011815159214958266,-0.0006876543523479772,1.5155552914059227
2022-06-22,0.006782934474009269,0.0003252022269158969,0.003554068350462583,1.5209416785004848
2022-06-23,0.0042188596675132,0.0003972211817501135,0.002308040424631657,1.524452073377971
2022-06-24,-0.00018925911695143885,-0.0001693016412840625,-0.00017928037911775068,1.524178769032309
2022-06-27,0.0016702684518129546,-4.737695488678299e-05,0.0008114457484630858,1.525415557414338
2022-06-28,0.0021644346614533424,0.0006037501987086245,0.0013840924300809834,1.5275268735400829
2022-06-29,-0.011272874245314068,0.0009895920969412541,-0.005141641074186407,1.5196728786251656
2022-06-30,0.00226196390496178,0.00102521376456711,0.0016435888347644451,1.5221705960009682
2022-07-01,0.0009152030245464924,0.0018307935647754914,0.0013729982946609918,1.5242605336334607
2022-07-04,0.004461744166614224,0.0012048211469958367,0.0028332826568050304,1.5285791945678566
2022-07-05,0.006618622818957905,0.0016408183940816226,0.004129720606519764,1.534891799566361
2022-07-06,-0.0007409539663404926,0.0008634967080540781,6.127137085679276e-05,1.5349858444910371
2022-07-07,0.012419072657186336,0.001530165861878418,0.006974619259532377,1.5456917863251338
2022-07-08,-0.01045002680549062,0.0016935028101687192,-0.00437826199766095,1.5389243427169697
2022-07-11,-0.0072580043065552675,0.0024160585432451004,-0.0024209728816550835,1.535198648616333
2022-07-12,-0.0013707197436193942,0.002043251770822139,0.0003362660136013724,1.5357148837459895
2022-07-13,0.00890710159031975,0.0016444074514069345,0.005275754520863343,1.5438169384866693
2022-07-14,0.011465816986535553,0.0008696924649197937,0.006167754725727673,1.553338822704679
2022-07-15,0.0018020389233020355,0.0014166949944229346,0.0016093669588624852,1.555838714881858
2022-07-18,-0.003324055972010142,0.0016016444215580026,-0.0008612057752260696,1.5544988175952814
2022-07-19,-0.0072034623629077844,0.0012967249399913029,-0.002953368711458241,1.5499078094253966
2022-07-20,-0.0019200121905413657,0.0012226333906153381,-0.0003486893999630138,1.54936737300133
2022-07-21,-0.0051731113724484395,0.0012300505052819555,-0.001971530433583242,1.546312748072657
2022-07-22,0.004085508346750451,0.001702698780738593,0.002894103563744522,1.5507879373075175
2022-07-25,-0.005446639152576608,0.0015358686341409267,-0.001955385259217841,1.5477555494347337
2022-07-26,0.002320740639619891,0.0013351983817240704,0.0018279695106719806,1.5505847993890738
2022-07-27,0.008905017689553358,0.0014952995888284082,0.005200158639190883,1.5586480863294152
2022-07-28,-0.00436020048972554,0.0013537348805848235,-0.0015032328045703584,1.556305075395264
2022-07-29,0.004331008456413335,0.0011891164770048857,0.0027600624667091104,1.5606005746206113
2022-08-01,0.0034905601162509028,0.0012001255376431598,0.002345342826947031,1.5642607179840273
2022-08-02,-0.0004892769508095007,3.6718147778868376e-05,-0.00022627940151531613,1.563906758004948
2022-08-03,-0.007040172359685564,-0.0007101981761888354,-0.0038751852679372,1.5578463295758997
2022-08-04,-0.005486075448250652,-0.0002536261910986308,-0.0028698508196746413,1.5533755430100393
2022-08-05,-0.009233249192469145,-0.0002505552020322993,-0.004741902197250723,1.5460095881094846
2022-08-08,0.006025970702181982,0.0004109175578373613,0.003218444130009672,1.5509853335932742
2022-08-09,0.007644354495944734,0.0007576683946910859,0.00420101144531791,1.5575010407312198
2022-08-10,0.00428898821546171,0.0007330714921935849,0.002511029853827647,1.5614119723418634
2022-08-11,-0.006991256043211641,0.0002887714892195602,-0.0033512422769960406,1.5561793025283435
2022-08-12,-0.006082571443903548,0.0004995380431315221,-0.002791516700386013,1.5518352020165405
2022-08-15,0.011054899338372597,3.7093648208777675e-05,0.005545996493290688,1.5604416746050893
2022-08-16,0.005456094276341783,-0.0007715065507059047,0.002342293862817939,1.5640966875628022
2022-08-17,-0.00346482189309257,-0.0015648207250515017,-0.0025148213090720357,1.5601632638834704
2022-08-18,0.008371495227372024,-0.0013503625527311006,0.0035105663373204616,1.5656403205183838
2022-08-19,-0.005345346805091731,-0.0013171612072742371,-0.0033312540061829843,1.5604247749284152
2022-08-22,-0.001420349461382673,-0.0016648124010770246,-0.0015425809312298489,1.5580176934259922
2022-08-23,0.005125910280314309,-0.0006899558100764969,0.002217977235118906,1.5614733412019235
2022-08-24,-0.00528612942870523,-0.0010352943470347234,-0.0031607118878699764,1.5565379738497946
2022-08-25,-0.003956261396212951,-0.0006848324756980562,-0.002320546935955504,1.5529259544238792
2022-08-26,-0.004016998406529203,-0.0015264734431216416,-0.002771735924825422,1.5486216537674087
2022-08-29,0.009001928611573227,-0.0016108255213532923,0.0036955515451099676,1.5543446649127797
2022-08-30,-0.006836200731644944,0.00012159658804670849,-0.003357302071799118,1.5491262603489782
2022-08-31,-0.015443614282957917,-0.0006722443661353777,-0.008057929324546647,1.536643510428287
2022-09-01,0.0034097248458095576,-0.0005934413831241556,0.0014081417313427011,1.538807322281518
2022-09-02,-0.0020924296774398315,-0.001179999465541177,-0.0016362145714905042,1.5362895033180846
2022-09-05,0.253152101117839,-0.0006606478262489619,0.126245726645795,1.7302394880027836
2022-09-06,0.001830119534276119,-0.0005671871285029236,0.0006314662028865977,1.7313320757623571
2022-09-07,0.0002512012107020935,-0.0004368979371367999,-9.28483632173532e-05,1.731171324412937
2022-09-08,-4.863680299722656e-05,-0.00018443594233492525,-0.0001165363726660759,1.7309695799863263
2022-09-09,-0.0006590828734911752,0.0004035000184535664,-0.00012779142751880439,1.730748376912708
2022-09-13,-0.00044637895044354086,0.0002708915967578061,-8.774367684286739e-05,1.730596514686428
2022-09-14,-0.0002886730649154547,0.0008659086060856646,0.00028861777058510497,1.7310959955942793
2022-09-15,-0.0004903681220382059,0.0011493679696562118,0.00032949992380900295,1.7316663915929338
2022-09-16,-0.0008715561153511779,0.0024995265172226703,0.0008139852009357462,1.7330759424086482
2022-09-19,0.0005122144419023248,0.0021524039883424697,0.0013323092151223972,1.7353849354572264
2022-09-20,0.0007396373342526318,0.001986881357174835,0.0013632593457137334,1.7377507151888993
2022-09-21,0.0009299050951712142,0.0017960613195721373,0.0013629832073716757,1.7401192402322998
2022-09-22,0.0015778138195086512,0.0022370710959190286,0.00190744245771384,1.7434384175526036
2022-09-23,-0.000575638789903381,0.003091524509807076,0.0012579428599518473,1.7456315634617299
2022-09-26,-0.0009462487748349519,0.0027070027527652273,0.0008803769889651377,1.7471683773214128
2022-09-27,-0.0011024352748808144,0.003510874051160647,0.0012042193881399163,1.7492723513557282
2022-09-28,8.758882960474296e-05,0.0030449974499829344,0.0015662931397938387,1.7520122246392875
2022-09-29,0.0005423718241197132,0.0036888816543118263,0.0021156267392157696,1.7557188285491672
2022-09-30,0.0004719294338623434,0.0031220839959407386,0.001797006714901541,1.758873867073549
2022-10-10,0.0021752224736158515,0.0032221736256952487,0.00269869804965555,1.7636205365482105
2022-10-11,-0.00027847504496978845,0.0028180703181249055,0.0012697976365775585,1.7658599777373392
2022-10-12,-0.0005468960941759138,0.002071017916907297,0.0007620609113656916,1.7672056706013177
2022-10-13,-0.0013292786396354598,0.0011360847940552349,-9.659692279011245e-05,1.7670349639716005
2022-10-14,-0.0014685854008377162,0.0011109849089752316,-0.00017880024593124229,1.7667190176854735
2022-10-17,-0.0006516671480761928,0.0005707869635591604,-4.044009225851619e-05,1.7666475714054033
2022-10-18,0.00024068379120490362,0.000594912505864563,0.0004177981485347333,1.7673856734898499
2022-10-19,0.0006877328874329133,0.00022472190786523334,0.0004562273976490733,1.7681920032563085
2022-10-20,-0.0011826527555820969,0.0007432878986211413,-0.00021968242848047779,1.7678035625430135
2022-10-21,0.00035788810087573485,0.0008132116661303618,0.0005855498835030484,1.7688386997131167
2022-10-24,0.0007948694241860344,0.00044587554632031677,0.0006203724852531756,1.7699360385732696
2022-10-25,5.066797896850465e-05,-0.0008785176854569362,-0.00041392485324421576,1.7692034180582517
2022-10-26,-0.001366752671437518,-0.0007124310818716173,-0.0010395918766545676,1.7673641685566888
2022-10-27,0.00013711532018621559,-0.0012206484103851828,-0.0005417665450994836,1.7664066697771572
2022-10-28,0.0006909384088103392,-0.0014132102626740902,-0.0003611359269318755,1.7657687568671285
2022-10-31,-0.0007668226544101324,-0.001776054496100829,-0.0012714385752554808,1.7635236903546667
2022-11-01,-0.0014412290558785256,-0.002518227172482849,-0.001979728114180687,1.760032392924848
2022-11-02,-0.0005361731124419942,-0.002131102389367549,-0.0013336377509047715,1.757685147282828
2022-11-03,2.563741826335343e-06,-0.0021254925128271905,-0.0010614643855004276,1.7558194270980643
2022-11-04,-0.0006760078032692217,-0.0023120598739948253,-0.0014940338386320235,1.7531961734594523
2022-11-07,-5.829384821629087e-05,-0.0025220411598968207,-0.0012901675040565557,1.7509342567282187
2022-11-08,0.0005721821412849297,-0.0019909539345188817,-0.0007093858966169761,1.7496921686605922
2022-11-09,0.000934773516802353,-0.001958942187291928,-0.0005120843352447875,1.7487961787095208
2022-11-10,-6.334398519382452e-05,-0.0019346724656172005,-0.0009990082254055124,1.7470491169424323
2022-11-11,-0.000432091944104485,-0.0017416909086828212,-0.001086891426393653,1.745150264235739
2022-11-14,-0.0008562817382647063,-0.0018383363803231088,-0.0013473090592939076,1.7427990074749051
2022-11-15,-0.0006503742524586421,-0.002230156707538117,-0.0014402654799983796,1.7402889142258635
2022-11-16,0.0005102720558783181,-0.0026097820072490683,-0.0010497549756853751,1.7384620372790247
2022-11-17,0.00014223759432550821,-0.0028355179740643696,-0.0013466401898694306,1.7361209544310625
2022-11-18,-0.00028022746236670517,-0.0030939397297701163,-0.0016870835960684108,1.7331919732480512
2022-11-21,0.0004100076191809503,-9.681656651996594e-05,0.0001565955263304922,1.7334633833573339
2022-11-22,0.0002480835488978013,-0.00020894990878769993,1.956682005505069e-05,1.733497301723428
2022-11-23,6.378880236853177e-05,-0.0002547379231514153,-9.547456039144176e-05,1.7333317968306061
2022-11-24,0.00012459435722327096,-0.00013382369360681392,-4.614668191771479e-06,1.7333237980794975
2022-11-25,-0.00010643125743735785,-6.1688320635754e-05,-8.405978903655592e-05,1.7331780952466989
2022-11-28,0.0004910516537894229,7.934337851732325e-05,0.0002851975161533731,1.7336723933345146
2022-11-29,-0.0010895787317736813,0.00011466194793205691,-0.0004874583919208122,1.7328273001775423
2022-11-30,2.1355577462173865e-06,0.00011343381180111937,5.778468477366837e-05,1.73292743105685
2022-12-01,-0.00012446728162069395,0.0001785837608396298,2.7058239609467925e-05,1.7329743210225057
2022-12-02,0.0005920343060231422,0.00018642430248019912,0.0003892293042516707,1.7336488454117636
2022-12-05,-0.000577534051371935,0.00032376512607696815,-0.00012688446264748343,1.733428872309594
2022-12-06,-0.0006066360384791193,0.00032743315348639815,-0.0001396014424963606,1.7331868831385548
2022-12-07,-0.0012011394205027925,0.0001528268182002531,-0.0005241563011512697,1.732278422312685
2022-12-08,0.003861916141886254,0.00019677777811603594,0.002029346960001145,1.735793816262881
2022-12-09,3.739487366109602e-05,0.00015952435196687342,9.845961281398472e-05,1.7359647218499552
2022-12-12,8.861487963792632e-05,0.00022276172349899203,0.0001556883015684592,1.7362349912490829
2022-12-13,0.0033559215021889085,0.00013295394336836124,0.0017444377227786348,1.739263745063426
2022-12-14,0.0017581043187721386,0.00011229431569975877,0.0009351993172359487,1.7408903033303027
2022-12-15,-0.003746752000316735,8.475052448104165e-05,-0.0018310007379178466,1.737702731900271
2022-12-16,-0.0006668189306873371,1.5092097344124354e-05,-0.00032586341667160636,1.7371364781508942
2022-12-19,0.007980107418887423,2.979076172733771e-06,0.003991543247530078,1.7440703335302958
2022-12-20,0.004834160091456212,4.141577014079755e-05,0.002437787930798505,1.7483220071398395
2022-12-21,0.006352158960221486,7.398590387097495e-05,0.0032130724320462304,1.7539394923833203
2022-12-22,5.352572763174507e-05,5.9188668411766545e-05,5.635719802175581e-05,1.7540383394986105
2022-12-23,-0.002369085679517814,6.526248694912608e-05,-0.001151911596284344,1.7520178423950148
2022-12-26,-0.004635320097977144,7.851488918882427e-05,-0.00227840260439416,1.748026040379957
2022-12-27,0.0007111284910969824,3.930798745353619e-05,0.0003752182392752593,1.7486819316330358
2022-12-28,0.004306294667787378,2.912322962296961e-05,0.002167708948705174,1.7524725651046755
2022-12-29,-0.0026227412016818475,-7.559970312387128e-05,-0.0013491704524028593,1.7501081809011896
2022-12-30,0.0016449061447664974,-5.4494439421165616e-05,0.0007952058526726659,1.7514998771694523
2023-01-03,-0.005548338805341898,-0.00012401847959766162,-0.00283617864246978,1.746532310625536
2023-01-04,0.0013832434255821961,-9.482192015109519e-05,0.0006442107527155505,1.747657445520006
2023-01-05,-0.01613775099955397,2.6706754984883115e-05,-0.008055522122284544,1.7335791523054442
2023-01-06,-0.005851849188212952,2.9330271366827906e-05,-0.0029112594584230623,1.7285322536013699
2023-01-09,0.0007976327502928582,6.02562454257284e-05,0.0004289444978592933,1.7292736980009247
2023-01-10,-0.00666130841359234,0.00011503517933499367,-0.0032731366171286735,1.7236135489389603
2023-01-11,0.01016783263350404,9.72144489669476e-05,0.005132523541235494,1.7324600360548819
2023-01-12,-4.271484439630779e-05,9.238370675558074e-05,2.4834431179636473e-05,1.732503060714419
2023-01-13,-0.0038128266382390992,9.620158395938739e-05,-0.0018583125271398558,1.7292835285733852
2023-01-16,-0.009422795041697782,7.698856180392444e-05,-0.004672903239946929,1.7212027539699277
2023-01-17,-0.0005251218471989102,9.409182629211743e-05,-0.0002155150104533964,1.7208318089404135
2023-01-18,0.005608511055106296,8.215070515046724e-05,0.0028453308801283817,1.725728144825899
2023-01-19,-0.00483202055122295,3.481646740090004e-05,-0.002398602041911025,1.7215888097739362
2023-01-20,0.0026982342946190395,2.6729797927433448e-05,0.0013624820462732365,1.7239344436183182
2023-01-30,-0.0010514569621647618,2.5948392171068318e-05,-0.0005127542849968468,1.723050488845299
2023-01-31,0.0007304745620079277,1.0879362490486989e-05,0.0003706769622492073,1.7236891839663062
2023-02-01,-0.0036733256571650176,-1.1285330507634357e-05,-0.001842305493836326,1.7205136219130188
2023-02-02,-0.0029290251939724974,-3.591261221857038e-05,-0.001482468903095534,1.7179630139711806
2023-02-03,0.002695376114529786,2.2454010598302257e-05,0.001358915062564044,1.7202975797877942
2023-02-06,0.0051298356299613445,5.364328798046925e-05,0.002591739458970907,1.7247561429065024
2023-02-07,-0.0026956405119769483,6.343081107067093e-05,-0.0013161048504531387,1.7224861829809741
2023-02-08,0.003065857781108404,6.655223615516131e-05,0.0015662050086317828,1.725183949468058
2023-02-09,-0.008612008578082224,6.550644307359511e-05,-0.004273251067504314,1.7178118053143523
2023-02-10,0.0006759469764396826,5.9439916640118604e-05,0.0003676934465399006,1.7184434334575553
2023-02-13,-0.0013140029465869986,7.423784557226664e-05,-0.0006198825505073659,1.717378200359121
2023-02-14,0.0006119238147153816,5.9683730927760745e-05,0.0003358037728215712,1.717954902438163
2023-02-15,0.009947763995911085,8.685166793715108e-05,0.005017307831924118,1.7265744110250587
2023-02-16,0.006620074107336848,-5.9158860968793226e-05,0.0032804576231840275,1.7322383652137001
2023-02-17,-0.007015538204180558,0.0005928601495391851,-0.003211339027320686,1.726675560546867
2023-02-20,0.005595960003731605,0.001876020719414602,0.0037359903615731037,1.7331264037986338
2023-02-21,-0.0030901309247657206,0.0022505350933542203,-0.0004197979157057501,1.7323988409466644
2023-02-22,0.004334480015683215,0.003041895375295374,0.0036881876954892945,1.7387882530355239
2023-02-23,-0.01412449788402842,0.0032609034974354772,-0.005431797193296471,1.7293435078829487
2023-02-24,0.009273658135326391,0.003867435922047929,0.00657054702868716,1.7407062407302485
2023-02-27,-0.00403954650195687,0.0035243196597724187,-0.0002576134210922256,1.7402578114404574
2023-02-28,0.005703085076414927,0.0035213089370260678,0.004612197006720498,1.7482842233093052
2023-03-01,0.023834808526485514,0.0031576420257625965,0.013496225276124055,1.7718794610337814
2023-03-02,0.007087990108910717,0.004090214725734677,0.0055891024173226975,1.7817826768126497
2023-03-03,-0.012321409971123881,0.005102169974053012,-0.0036096199985354346,1.7753511184293826
2023-03-06,-0.0012038346906095366,0.0053437300755694245,0.002069947692479944,1.7790260023803173
2023-03-07,-0.007740330477694493,0.0048439196623306004,-0.001448205407681946,1.7764496073032632
2023-03-08,0.011099156234037405,0.004764444943425034,0.00793180058873122,1.7905400513443226
2023-03-09,0.0018058056892983614,0.003633284322929065,0.002719545006113713,1.7954095055992025
2023-03-10,-0.0030822436779370057,0.0035490950328901467,0.0002334256774765705,1.7958286002793948
2023-03-13,0.018772844909321608,0.004288004375246797,0.011530424642284202,1.8165352666253751
2023-03-14,-0.006335007485849777,0.004226798511762921,-0.0010541044870434283,1.8146204486499526
2023-03-15,-0.005158242604218274,0.00433563128301512,-0.00041130566060157674,1.8138740849875796
2023-03-16,0.005176972916198987,0.002943628859022382,0.004060300887610684,1.8212389595448688
2023-03-17,0.024229704263176513,0.0026937574947346983,0.013461730878955606,1.8457559882845307
2023-03-20,0.006646115430779831,0.002860385932423963,0.004753250681601897,1.8545293291939149
2023-03-21,-0.001108126188720735,0.003051008182763956,0.0009714409970216104,1.8563308950144728
2023-03-22,0.013913534991147985,0.002152385369299274,0.00803296018022363,1.8712427271754428
2023-03-23,0.00909021284270598,0.0021054892283486693,0.005597851035527325,1.8817176652134846
2023-03-24,0.014591322935495723,0.0018213430257846119,0.008206332980640167,1.8971596669497792
2023-03-27,0.003957620569483027,0.0018283808238077862,0.0028930006966454065,1.9026481511879125
2023-03-28,-0.0057269668495732885,0.0007380698672409997,-0.0024944484911661445,1.8979020933779618
2023-03-29,-0.0007116750237848682,0.001805671733416054,0.0005469983548155929,1.8989402427006408
2023-03-30,-0.012428217054330658,0.0010128245728767487,-0.005707696240726955,1.8881016686160133
2023-03-31,0.0261901121296202,-0.0006909025174647425,0.01274960480607773,1.9121742187245634
2023-04-03,0.020610359561615672,-0.0006809825601388371,0.009964688500738417,1.9312284391732968
2023-04-04,0.0004741239796005226,-0.0012756999009685534,-0.0004007879606840154,1.9304544260655456
2023-04-06,-0.0033456446989992374,-0.001909151890817465,-0.002627398294908351,1.9253823533981027
2023-04-07,0.008417733097338339,-0.0009385544963397427,0.003739589300499298,1.9325824926462403
2023-04-10,-0.02345488858882576,-0.0019405933128716292,-0.012697740950848694,1.9080430607884729
2023-04-11,0.012741456698158836,-0.002546098728639075,0.005097678984759881,1.917769651801471
2023-04-12,0.01888405824453263,-0.0018407257648937643,0.008521666239819432,1.9341122446989782
2023-04-13,-0.008690350643355736,-0.0017994385384382905,-0.0052448945908970136,1.9239680298485689
2023-04-14,-0.007231442238564385,-0.0007835949673598112,-0.004007518602962098,1.9162576921774463
2023-04-17,-0.012473742946326825,-0.0004264016496059126,-0.006450072297966369,1.9038976915213677
2023-04-18,0.005635601669910018,-0.0009994038780117185,0.0023180988959491497,1.9083111146580838
2023-04-19,0.0019356437867901412,-0.001449969603900032,0.00024283709144505463,1.9087745233787397
2023-04-20,0.017274157083645242,-0.0006171881538660961,0.008328484464889574,1.9246717223436767
2023-04-21,-0.006568231332259953,-0.0007804085642056988,-0.0036743199482328257,1.9175998626404696
2023-04-24,0.012954072392375554,-0.00033914172518543996,0.006307465333595057,1.929695057297781
2023-04-25,0.008220078081140057,5.2821095033675815e-05,0.004136449588086866,1.9376771436226736
2023-04-26,-0.007381785404547511,0.0009926979142483203,-0.0031945437451495954,1.9314871492233945
2023-04-27,-0.012555071207377016,0.0008638769788369067,-0.0058455971142700545,1.9201964535176446
2023-04-28,0.015295854276830466,0.00123755894320849,0.008266706610019478,1.936070154232475
2023-05-04,0.011662882047601662,0.0013945318979094474,0.0065287069727555545,1.9487101889481564
2023-05-05,-0.004615459089215917,0.0014859291747232393,-0.001564764957246339,1.9456609155326614
2023-05-08,-0.003148947857201139,0.0014180843994085705,-0.0008654317288962843,1.943977078842686
2023-05-09,-0.0017245178858549784,0.0012774064677986128,-0.0002235557090281828,1.9435424916684907
2023-05-10,-0.0025996257118117466,0.0009100384306362991,-0.0008447936405877237,1.941900599331317
2023-05-11,0.0019483115127881718,0.0015662447883217205,0.0017572781505549463,1.9453130588250716
2023-05-12,-0.004485594264370587,0.0013023901987894429,-0.001591602032790572,1.9422168946062317
2023-05-15,-0.0061924746656031445,0.0017617086256893973,-0.0022153830199568734,1.9379141402768478
2023-05-16,-0.00531069155552125,0.0018935617312699285,-0.0017085649121256607,1.9346030881740586
2023-05-17,0.0014342396147536583,0.0012392909015895895,0.001336765258171624,1.9371891983706815
2023-05-18,0.0071501376803906405,0.0014554280359565656,0.004302782858173603,1.94552450284647
2023-05-19,-0.005194622985043567,0.002101691438105429,-0.001546465773469069,1.9425158157913727
2023-05-22,-0.0033274421526561693,0.0024511504779300836,-0.00043814583736304286,1.9416647105726719
2023-05-23,-0.00022968833230071933,0.0018414427058570586,0.0008058771867781696,1.9432294538672947
2023-05-24,0.004338969757534998,0.0014063019101325503,0.0028726358338337743,1.9488116444298351
2023-05-25,-0.005133994466764875,0.0012646953057434845,-0.0019346495805106954,1.9450413767994446
2023-05-26,0.0023745818031312292,0.0008631825712481008,0.0016188821871896651,1.948190169637692
2023-05-29,0.005679813454880179,0.0004164276083501367,0.003048120531615158,1.9541284880932552
2023-05-30,0.006887691631855607,0.00024325041648627497,0.003565471024170941,1.9610958765950588
2023-05-31,0.005511767666045368,-0.00024140203599546536,0.0026351828150249514,1.9662637227476787
2023-06-01,0.0016036133491937792,0.0002712004697798168,0.0009374069094867979,1.9681069119472554
2023-06-02,-0.0022190516181545164,-0.0002791977736783783,-0.0012491246959164474,1.9656485009993383
2023-06-05,0.003973399563076393,0.0003161681703588042,0.0021447838667175982,1.9698643921919194
2023-06-06,0.0008812402158536777,0.00022897549272222397,0.0005551078542879508,1.9709578793879075
2023-06-07,0.00238689588439988,0.000762786570979135,0.0015748412276895074,1.9740618251144069
2023-06-08,-0.0042280787051345485,0.00016953967883717632,-0.002029269513148686,1.9700559216356317
2023-06-09,0.007985568694774823,-0.0004080093769893085,0.003788779658892757,1.9775200294384059
2023-06-12,-0.0012046774499161416,-0.0006583884676243654,-0.0009315329587702535,1.9756779043543558
2023-06-13,0.0022726800169338697,-0.0006828542954801978,0.000794912860726836,1.9772483961291807
2023-06-14,0.0027772277723245595,-0.0006639459895032303,0.0010566408914106647,1.9793376376370067
2023-06-15,-0.0064786351239190495,-0.001405919900871581,-0.0039422775123953155,1.9715345393787127
2023-06-16,0.005887054180101739,-0.001985680217127083,0.0019506869814873281,1.9753803861382315
2023-06-19,0.009038931494063988,-0.002935004111170908,0.0030519636914465398,1.981409175353521
2023-06-20,0.005611854721680297,-0.0019093390283614624,0.001851257846659417,1.9850772746368373
2023-06-21,-0.008307343424918094,-0.0015372309809759538,-0.004922287202947024,1.9753061541710313
2023-06-26,-0.0075031556754165864,-0.0012861017360660987,-0.004394628705741342,1.9666254170432838
2023-06-27,-8.25782716326792e-05,-0.0013821306427723406,-0.00073235445720251,1.9651851501534643
2023-06-28,-0.00535702865953747,-0.0018173614706362643,-0.003587195065086867,1.9581356476808518
2023-06-29,0.007768924414583806,-0.0020238790839839337,0.002872522665299936,1.9637604367105468
2023-06-30,-0.0019107880451948566,4.068239361624845e-05,-0.000935052825789304,1.9619242169650273
2023-07-03,-0.0084524007321901,8.479388703408537e-05,-0.004183803422578008,1.9537159117112504
2023-07-04,0.0006416833725655517,1.4943808090193831e-05,0.0003283135903278728,1.954357343196705
2023-07-05,-0.0029604232387368686,1.4081137096087735e-05,-0.0014731710508203903,1.9514782405357494
2023-07-06,0.003004957468775866,2.59949403809132e-05,0.0015154762045783896,1.9544356593730337
2023-07-07,-0.00020951805177803142,5.01866470755833e-05,-7.966570235122406e-05,1.9542799578835295
2023-07-10,-0.0033662413448568283,5.434851317103911e-05,-0.0016559464158428946,1.9510437749917187
2023-07-11,0.001220074731964632,6.486415876145047e-05,0.0006424694453630413,1.9522972610037166
2023-07-12,-0.0073997645215472824,5.2059095611785854e-05,-0.0036738527129677482,1.9451248084148587
2023-07-13,0.0034893110930525953,8.186728217932448e-05,0.0017855891876159598,1.9485980022413278
2023-07-14,0.0065046230193265475,7.182838709773487e-05,0.0032882257032121414,1.9550054322775254
2023-07-17,0.0035106462287738324,0.00014408438398404226,0.0018273653063789373,1.9585779413782518
2023-07-18,-0.004185186298559582,0.00015809481374384494,-0.0020135457424078685,1.9546342551032156
2023-07-19,0.0006971784619226721,0.00014347450540862038,0.0004203264836656462,1.9554558396465158
2023-07-20,-0.007535619999529723,0.00011825089695941213,-0.0037086845512851554,1.9482036707832984
2023-07-21,-0.002175136624169855,0.00015034530167286437,-0.0010123956612484953,1.946231317839769
2023-07-24,0.0030399276796369474,0.00024766794338134215,0.0016437978115091448,1.9494305286207245
2023-07-25,-0.005969605177956604,0.0002336540025234547,-0.0028679755877165747,1.9438396094546908
2023-07-26,-0.0034510852594976586,0.0001794734996043135,-0.0016358058799466725,1.9406598651918714
2023-07-27,-0.0013544707473929806,0.00019006136699983368,-0.0005822046901965735,1.9395300039162804
2023-07-28,-0.004847977718299076,0.00017278150371142733,-0.0023375981072938246,1.934996162250086
2023-07-31,-0.0015169730374008435,7.564700845509688e-05,-0.0007206630144728733,1.9336016820828055
2023-08-01,0.0051951244702845446,0.00016928515603213323,0.002682204813158339,1.938787997821219
2023-08-02,0.0016692857706801876,0.00015721472130239948,0.0009132502459912935,1.9405585964371541
2023-08-03,-0.003276697975831195,9.023942568568645e-05,-0.0015932292750727541,1.9374668416713163
2023-08-04,0.0028340789361014688,-5.2222063756347846e-05,0.0013909284361725604,1.9401617193955385
2023-08-07,0.003107223806684251,-2.656482964012454e-05,0.0015403294885220633,1.9431502077044251
2023-08-08,-0.0008623256792746898,-7.4258328408405e-05,-0.0004682920038415474,1.942240245999894
2023-08-09,-0.0013560047124451283,-0.00011624869069856746,-0.0007361267015718478,1.940810511093946
2023-08-10,-0.0018603277994587314,-9.130049359371714e-05,-0.0009758141465262243,1.9389166407414937
2023-08-11,0.002871113590543149,-0.00011695756784724516,0.0013770780113479518,1.9415866802132955
2023-08-14,-0.001678159139721084,-0.00021193513563105902,-0.0009450471376760715,1.93975178927861
2023-08-15,0.007893510545290867,-0.0001884624478049273,0.00385252404874297,1.9472247296953982
2023-08-16,0.0038894235450588344,-0.0001483511231354662,0.001870536210961684,1.9508670840631734
2023-08-17,-0.003703368840517234,-0.00020052188272456304,-0.0019519453616208984,1.9470590981072975
2023-08-18,0.005193902815106827,-0.00030153149047090446,0.0024461856623179614,1.9518219661567733
2023-08-21,3.174283789454988e-05,-0.0002805729197707822,-0.00012441504093811616,1.95157913014695
2023-08-22,3.596898337388062e-05,-0.00029668081882521234,-0.00013035591772566585,1.9513247302584253
2023-08-23,0.007343057950704065,-0.0002490949467667182,0.0035469815019686735,1.9582460429809858
2023-08-24,-0.0031996652699667477,-0.0002618261048330115,-0.0017307456873998795,1.9548568170872287
2023-08-25,0.009751521871424522,-0.0002099519004252723,0.004770784985499625,1.9641830186389901
2023-08-28,-0.0005217613451081604,-0.00020500115921116076,-0.0003633812521596606,1.9634692713542063
2023-08-29,-0.01444119492871259,-0.00041412128084831546,-0.007427658104780453,1.948885292907345
2023-08-30,-0.007556860762506138,-0.0002038996605893412,-0.00388038021154774,1.941322876982171
2023-08-31,-9.656455934767577e-05,-0.00010898120103003885,-0.00010277288018885732,1.9411233616387271
2023-09-01,0.002453234456345998,-2.3761090890564824e-05,0.0012147366827277167,1.9434813153918096
2023-09-04,-0.002904456420307318,-0.00015141077577201213,-0.001527933598039665,1.94051180499286
2023-09-05,0.0020241915581330106,-0.00012069712443633216,0.0009517472168483392,1.9423586817025233
2023-09-06,0.0011640365094633277,-1.821057622129157e-05,0.000572912966621018,1.9434714841770995
2023-09-07,0.008685871330621908,-5.252172503553234e-05,0.004316674802793187,1.951860818562794
2023-09-08,0.0017947716580870824,-7.698033531926588e-05,0.0008588956613839083,1.953537263351483
2023-09-11,-0.0036348146632425014,-9.514253213760952e-05,-0.0018649785976900554,1.9498939581655423
2023-09-12,0.0006736782780551514,-0.00023535505720562928,0.00021916161042476108,1.9503213000655715
2023-09-13,0.004506575874571842,-0.00022201749118014747,0.002142279191695847,1.9544994328038232
2023-09-14,0.006139078338285851,-0.0001526071676585717,0.0029932355853136395,1.960349710057567
2023-09-15,-0.001573657685621314,-0.00012325695160756307,-0.0008484573186144386,1.958686436999025
2023-09-18,-0.0023622002294581826,-5.936092557586389e-05,-0.0012107805775170232,1.9563148975036604
2023-09-19,0.004411815290447151,1.9678719757058892e-05,0.002215747005102105,1.9606495963788406
2023-09-20,0.006880500584595621,-3.9831695623871546e-05,0.003420334444485875,1.9673556737269025
2023-09-21,0.0006637193831483335,6.232561177318544e-05,0.00036302249746075944,1.9680698680969722
2023-09-22,-0.013019328072277314,8.640129793935998e-05,-0.006466463387168977,1.9553434163515326
2023-09-25,0.0030862058329928885,0.00015271405712842962,0.001619459945060659,1.9585100166931522
2023-09-26,-4.452313902336675e-05,0.0003022798326837999,0.0001288783468302166,1.958762426226354
2023-09-27,-0.008569157315345476,7.86091091130821e-05,-0.004245274103116197,1.9504469428241384
2023-09-28,-0.005192504462795475,2.039776147641925e-05,-0.002586053350659528,1.9454029829723645
2023-10-09,-0.0023485800029573564,6.86765755914362e-05,-0.0011399517136829601,1.943185317508121
2023-10-10,-0.0026784698343626594,0.0001766882598086274,-0.001250890787277016,1.940754604896478
2023-10-11,-0.004252927926442363,0.00018641785087715926,-0.002033255037782602,1.9368085558189725
2023-10-12,0.0016186300485547412,0.00014701199824007638,0.0008828210233974088,1.9385184111303453
2023-10-13,0.006035038708827401,0.0024146288199156053,0.004224833764371503,1.9467083291665446
2023-10-16,0.012224222864192457,0.002920247512940129,0.007572235188566293,1.9614492624785347
2023-10-17,-0.0016823442916933371,0.0026116942068508315,0.0004646749575787472,1.9623606988313698
2023-10-18,0.008239643887852248,0.001568558220107515,0.0049041010539798814,1.9719843140027973
2023-10-19,0.0007507072824942986,0.0028010554798934737,0.0017758813811938861,1.9754863242300413
2023-10-20,0.006553805257414816,0.0045397496507753295,0.005546777454095073,1.9864439072341538
2023-10-23,0.006202430148659077,0.0031416641238298285,0.004672047136244453,1.9957246668022575
2023-10-24,-0.004793087439913647,0.002900641997279668,-0.0009462227213169895,1.9938362667770364
2023-10-25,0.0006573759937106923,0.0028301635321574536,0.001743769762934073,1.9973130581712837
2023-10-26,0.0004524884553537913,0.0019851218201293024,0.0012188051377415468,1.999747393588261
2023-10-27,-0.01223496577864564,0.0016784886431094478,-0.005278238567768096,1.9891922497696297
2023-10-30,-0.01484562155056882,0.0015544629472359008,-0.00664557930166646,1.9759729149275254
2023-10-31,0.003637550333409034,0.0019581004570751906,0.0027978253952421124,1.98150134212922
2023-11-01,0.00010182131301652081,0.001415560187278802,0.0007586907501476615,1.9830046888688984
2023-11-02,0.005824092665517011,0.002325002999386239,0.0040745478324516245,1.9910845363256704
2023-11-03,-0.007117320742322102,0.0016156253815825048,-0.0027508476803697985,1.9856073660474987
2023-11-06,-0.01590819422265084,0.0006654716917485956,-0.007621361265451122,1.97047433497951
2023-11-07,-0.0005532673552785539,-0.0001333523551793555,-0.00034330985522895474,1.9697978517208359
2023-11-08,-0.002625246050164955,0.00040097008604480036,-0.0011121379820600774,1.9676071647129567
2023-11-09,0.0036316795159192427,0.002260796058653439,0.002946237787286341,1.9734042032921695
2023-11-10,0.0064243727168774144,0.002143147222713837,0.004283759969795626,1.9818577932224588
2023-11-13,-0.005187187871108551,0.001509267015619186,-0.0018389604277446825,1.9782132351673054
2023-11-14,-0.0024046650833515325,0.001934254321181425,-0.00023520538108505375,1.9777479487694605
2023-11-15,0.0014152525697080007,0.0025130055652050265,0.0019641290674565137,1.9816325010037412
2023-11-16,0.005241402266450127,0.002008996609349289,0.0036251994378997078,1.988816314032504
2023-11-17,-0.0015755831253009332,0.0015571622293662933,-9.210447967319979e-06,1.988797996143327
2023-11-20,-0.0030538047656314756,0.0015858814282927827,-0.0007339616686693464,1.9873382946474314
2023-11-21,0.0023592559197336323,0.0019188133144993334,0.0021390346171164826,1.9915892800556032
2023-11-22,0.004589907344887979,0.002573239021463895,0.0035815731831759373,1.9987223028129508
2023-11-23,0.0004755233444868217,0.0016889542298250226,0.0010822387871559222,2.0008853976138083
2023-11-24,0.008724723822676994,0.0014222276535272148,0.005073475738102105,2.011036841133325
2023-11-27,0.0066732424820195,0.0008153782163108888,0.0037443103491651944,2.018566787190133
2023-11-28,0.001970515976901596,0.0009298441155998523,0.001450180046250724,2.0214940724669406
2023-11-29,0.0063088002793725,0.0007157483272156574,0.0035122743032940788,2.0285941141519275
2023-11-30,0.0007117934061859398,-0.0005303491484244704,9.07221288807347e-05,2.0287781525285986
2023-12-01,-0.0028535751617156393,-0.0008276144619319817,-0.0018405948118238105,2.025043993986713
2023-12-04,0.0039008224810740256,-0.0014796944302742552,0.0012105640253998852,2.0274954393956857
2023-12-05,0.001624172373224464,-0.0014465667324603372,8.880282038206341e-05,2.0276754867090157
2023-12-06,-0.0013130330761902686,-0.0027720570795628573,-0.002042545077876563,2.0235338681241073
2023-12-07,-0.0013196354290157836,-0.003746968946995427,-0.0025333021880056053,2.018407645348485
2023-12-08,-0.005261775367331485,-0.004489979441798361,-0.004875877404564923,2.008566137117329
2023-12-11,-0.000735762702684109,-0.004331988060573304,-0.0025338753816287066,2.0034766808301145
2023-12-12,0.001888370674201352,-0.0029244352459532386,-0.0005180322858759433,2.002438815225445
2023-12-13,0.004871344591056557,-0.003061352908228029,0.0009049958414142638,2.0042510140259107
2023-12-14,0.006791271351870872,-0.003163927644716276,0.0018136718535772978,2.0078860676775534
2023-12-15,-0.0004793771609239753,-0.002624760941854303,-0.0015520690513891391,2.0047696898531955
2023-12-18,0.002660179516327251,-0.0031299950361458875,-0.00023490775990931832,2.004298753896218
2023-12-19,-0.0010446318865273056,-0.002416035868152496,-0.001730333877339901,2.000830647862041
2023-12-20,0.005537066045644664,-0.0023452438085974628,0.0015959111185236004,2.0040237957392466
2023-12-21,-0.005257161927670167,-0.0018726112865137784,-0.003564886607091973,1.9968796781495222
2023-12-22,-0.00555265540908653,-0.0016275326934531331,-0.0035900940512698315,1.9897106922958958
2023-12-25,0.002275447028412046,-0.00200757309656093,0.00013393696592555794,1.9899771881090913
2023-12-26,0.002433517201727751,-0.0013730763436768322,0.0005302204290254593,1.9910323146675213
2023-12-27,-0.0002964447524525299,-0.0018404934330732577,-0.0010684690927628938,1.9889049581766067
2023-12-28,-0.024783253601862804,-0.0023132941124305965,-0.0135482738571467,1.961958729127393
2023-12-29,0.0007856892303942489,-0.0028304088554017923,-0.0010223598125037718,1.9599529013689423
2024-01-02,0.016056199863734896,-0.003107474925903798,0.00647436246891555,1.9726423468744076
2024-01-03,0.0076527326517965896,-0.003127910326445907,0.0022624111626753413,1.9771052749399427
2024-01-04,0.006919549852628561,-0.0028646392332531113,0.002027455309687725,1.9811137675274313
2024-01-05,0.006337959813555546,-0.003571087144256228,0.0013834363346496587,1.9838545122965034
2024-01-08,0.00820613983856951,-0.002962588160553716,0.002621775839007897,1.9890557341249493
2024-01-09,0.001845566012403564,0.00017902471574954558,0.0010122953640765548,1.9910692460234938
2024-01-10,-0.0017008447456890803,0.0002559245585025578,-0.0007224600935932613,1.9896307779496611
2024-01-11,-0.01053470740542457,0.0002571342150330101,-0.00513878659519578,1.9794064899785446
2024-01-12,0.007045674086233866,0.000289177718409688,0.003667425902321777,1.9866658166111157
2024-01-15,0.004031849951200296,0.00035398885570215194,0.002192919403451224,1.9910224146285354
2024-01-16,-0.001649665198838819,0.0003387102120581648,-0.0006554774933903271,1.9897173442469107
2024-01-17,0.008618682351028245,0.00041101225829237386,0.00451484730466031,1.9987006142356198
2024-01-18,-0.011681557436118177,0.00033076749346446985,-0.005675394971326853,1.987357198820399
2024-01-19,-0.00023156678079564122,0.00032142333841317464,4.492827880876671e-05,1.9874464873587205
2024-01-22,0.01022952325350784,0.00035516621383234264,0.005292344733670092,1.9979647393095448
2024-01-23,-0.008134543601157262,0.000391691942712923,-0.0038714258292221696,1.9902297670119067
2024-01-24,0.0036091304930583,0.0002981714392474938,0.0019536509661528968,1.9941179813190957
2024-01-25,-0.003423167058846682,0.00026538481985134097,-0.0015788911194976705,1.9909694861471603
2024-01-26,0.01582306956368266,0.00025037710182369914,0.00803672333275318,2.0069703570712787
2024-01-29,0.015951364684642616,0.0001883976390202631,0.00806988116183144,2.023166369348162
2024-01-30,0.012047965002712772,0.000219756444269837,0.006133860723491305,2.0355761900781952
2024-01-31,0.013819333111493122,0.0002462488301306915,0.007032790970811906,2.0498919719281767
2024-02-01,-0.008333116083154983,0.0002199547843031526,-0.004056580649425915,2.0415764198214394
2024-02-02,0.015194273298890892,0.00011489656000809147,0.007654584929449492,2.0572038399169243
2024-02-05,0.006867685990928826,0.00017705185260792974,0.003522368921768378,2.06445007078839
2024-02-06,-0.03154700974423315,0.00017377925764969375,-0.015686615243291728,2.0320658368389464
2024-02-07,-0.006746195901961322,0.00011590269334523435,-0.0033151466043080434,2.0253292406802195
2024-02-08,-0.0066069116388398075,0.0001767438855265335,-0.003215083876656637,2.0188176372935875
2024-02-19,0.002015785811232102,0.0002006028082991574,0.0011081943097656297,2.021054879511691
2024-02-20,0.002241933542472815,0.00016095306729535668,0.0012014433048840858,2.0234830623654836
2024-02-21,-0.00032494904164220867,0.00014856735391525946,-8.81908438634746e-05,2.02330460968667
2024-02-22,0.0034592831726108606,9.919939047012835e-05,0.0017792412815404945,2.026904556773356
2024-02-23,-0.004182044493863677,7.110745542705492e-05,-0.002055468519218311,2.022738318265448
2024-02-26,-0.0060796845901893,5.1404185516623274e-05,-0.0030141402023363384,2.016641501381558
2024-02-27,-0.011196202065522508,6.735505845684378e-05,-0.005564423503532832,2.005420054013071
2024-02-28,0.010630467816809906,4.2463262396497817e-05,0.005336465539603202,2.0161219090237408
2024-02-29,-0.012031196820544234,0.00012745765004146096,-0.005951869585251387,2.0041222143532633
2024-03-01,-0.0017698007333228642,0.00010894153758842149,-0.0008304295978672214,2.0024579319487215
2024-03-04,0.002065265960839712,0.00012503753661399948,0.0010951517487268558,2.0046509272546467
2024-03-05,0.004681830310803351,0.00010904403733870923,0.00239543717407103,2.0094529426068286
2024-03-06,0.002095456227735643,0.00012797994267545215,0.0011117180852055477,2.0116868877844944
2024-03-07,0.010662197240849632,0.00019396093107664064,0.0054280790859631365,2.022606483307584
2024-03-08,-0.004382601855289864,0.00023079591719769917,-0.0020759029690460822,2.018407748503674
2024-03-11,-0.012836966171925616,0.00028735185513293195,-0.006274807158396342,2.0057426291148004
2024-03-12,-0.008054831231335664,0.0003657851152012124,-0.003844523058067226,1.9980315053286202
2024-03-13,-0.0014364547424601181,0.00038613241281978364,-0.0005251611648201672,1.9969822167759343
2024-03-14,0.0032389136102730282,0.00033033144159980843,0.0017846225259364184,2.000546076223887
2024-03-15,-0.000913932604402206,0.00029788067284584657,-0.0003080259657781797,1.9999298560866745
2024-03-18,-0.006638634340930348,0.00029775129387011137,-0.0031704415235301185,1.9935891954267897
2024-03-19,0.003924225259067412,0.0003392204979315107,0.0021317228784994615,1.99783897512501
2024-03-20,-0.0010180763821300476,0.0003603523899650425,-0.00032886199608250257,1.997181961811799
2024-03-21,0.0027681876868562633,0.0004183766260707353,0.0015932821564634994,2.0003640361947643
2024-03-22,0.0031585767369639553,0.0003102607326893137,0.0017344187348266346,2.003833505055614
2024-03-25,0.002718614100012264,0.0003509267593231164,0.0015347704296676903,2.0069089294651508
2024-03-26,-0.0024530701615807335,0.0002484196068371224,-0.0011023252773718056,2.0046966630228185
2024-03-27,0.0042219650828443835,4.7705256446143e-05,0.0021348351696452634,2.00897635996351
2024-03-28,0.00013448156343240093,0.0001347304913283637,0.0001346060273803823,2.009246780290426
2024-03-29,0.003680394359441658,0.0002301862027565142,0.001955290281099086,2.0131754409922578
2024-04-01,-0.004202347482059148,0.00027364910267314765,-0.0019643491896930002,2.009220861446035
2024-04-02,0.001399671268847832,0.00023172249804116057,0.0008156968834444962,2.010859776640868
2024-04-03,0.002876618516861358,0.00012603631409291744,0.0015013274154771377,2.013878735552219
2024-04-08,0.010779845936085483,7.092353700492872e-05,0.005425384736545206,2.0248048025053373
2024-04-09,-0.003196308385467402,0.00011882312952868072,-0.0015387426279693606,2.0216891490424054
2024-04-10,0.005039845629697574,0.00013719293180191277,0.0025885192807497434,2.026922330384384
2024-04-11,-0.0016448918973698198,7.212927664352195e-05,-0.000786381310363149,2.0253283965462123
2024-04-12,0.016054171404085042,5.5500919597001663e-05,0.008054836161841022,2.0416420849543164
2024-04-15,-0.00414022838694793,4.592519023299723e-05,-0.0020471515983574665,2.037462534096828
2024-04-16,0.00652225194238305,9.720208797013866e-05,0.003309727015176594,2.0442059788883387
2024-04-17,-0.004767607277109084,3.231554913972895e-05,-0.0023676458639846775,2.039366023057291
2024-04-18,0.003319456487856627,2.1239656635745365e-05,0.0016703480722461863,2.042772474162509
2024-04-19,0.005450568919986101,2.6009105827800903e-05,0.0027382890129069508,2.048366175584377
2024-04-22,-0.0031821949257147784,-4.2848599314147646e-05,-0.001612521762514463,2.0450631405486486
2024-04-23,-0.004269397463637474,7.664597173913603e-05,-0.002096375745949169,2.040775919781868
2024-04-24,-0.000994625127088474,6.958598645107942e-05,-0.00046251957031869726,2.0398320209803336
2024-04-25,0.003343021504641988,0.00017854191900311278,0.0017607817118225504,2.043423719898066
2024-04-26,-0.009534077960932974,0.0004046715812254435,-0.004564703189853765,2.0340960971256243
2024-04-29,-0.009126822402080523,0.0002542536926067121,-0.004436284354736905,2.0250722684339144
2024-04-30,0.0051520490559818005,0.0002277079769470712,0.002689878516464436,2.030519466823063
2024-05-06,-0.005316573576175162,0.00017816244426756067,-0.0025692055659538005,2.0253026449071236
2024-05-07,-0.00041245024900076464,0.00018355551848524908,-0.00011444736525775778,2.0250708543555644
2024-05-08,0.003693142457462493,0.00021774775568730683,0.0019554451065749,2.0290307692481813
2024-05-09,-0.00395662775287583,0.0002444570827320364,-0.0018560853350718968,2.02526471499297
2024-05-10,0.007743847698516399,0.0001911848148193099,0.003967516256667854,2.033299985673761
2024-05-13,0.0030115075563589594,0.0001566939552268145,0.001584100755792887,2.03652093771782
2024-05-14,0.00037908821552369115,0.00016145822245591313,0.0002702732189898021,2.0370713547871975
2024-05-15,0.0041531386501018775,0.0001923552135769011,0.002172746931839389,2.0414973953232494
2024-05-16,0.0025695846094499074,0.0002494240835497336,0.0014095043464998204,2.0443748947753257
2024-05-17,0.0011154375310463921,0.0002030423050698349,0.0006592399180581135,2.0457226283134373
2024-05-20,0.0022199607488175167,0.0002343311887807455,0.001227145968799131,2.048233028590053
2024-05-21,0.0030933701945886722,0.0002546846728944612,0.0016740274337415668,2.0516618268706086
2024-05-22,-0.0011401159319079468,0.00019407128674563866,-0.0004730223225811541,2.050691345028111
2024-05-23,-2.8567331697885802e-05,0.0002227880084954386,9.711033839877639e-05,2.0508904883585783
2024-05-24,0.005753432347037461,0.00025010983183450036,0.003001771089435981,2.057046792134132
2024-05-27,-0.0008481042945054228,0.00025846752193444284,-0.00029481838628549,2.0564403369183615
2024-05-28,0.004932628696388139,0.0002835901807115524,0.0026081094385498457,2.061803758370893
2024-05-29,-0.0001910383301853566,0.00029915608549607823,5.405887765536081e-05,2.0619152171680164
2024-05-30,-0.006276354488460979,0.0002246897114188908,-0.003025832388521044,2.055676207321525
2024-05-31,0.00010956610516647603,0.0002175578323057355,0.00016356196873610577,2.0560124377690783
2024-06-03,-0.005811374781321586,0.00028331662383136524,-0.00276402907874511,2.050329559604823
2024-06-04,-0.0013428490135623727,0.00024235309773711086,-0.000550247957912631,2.0492013699516027
2024-06-05,-0.003997216755564579,0.00021312318533960265,-0.0018920467851124884,2.0453241850875377
2024-06-06,0.00663219248478497,9.759062929725864e-05,0.0033648915570411143,2.0522064791693504
2024-06-07,0.0059325327427569045,0.00015903718174886292,0.003045784962252884,2.0584570588030426
2024-06-11,-0.011079662246432982,0.00019689675005952326,-0.005441382748186729,2.0472562060753887
2024-06-12,0.00021985348223703296,0.00018949871370808842,0.0002046760979725607,2.0476752304871986
2024-06-13,-0.0018281486247176905,0.0002208086125766343,-0.0008036700060705281,2.0460295753222826
2024-06-14,0.0006234716994112108,0.00021826330786495733,0.00042086750363808404,2.0468906826820183
2024-06-17,-0.0036090549163367335,0.00020313374778614017,-0.0017029605842752967,2.0434049085290904
2024-06-18,0.0015529150205124394,0.00020442010738742135,0.0008786675639499303,2.0452003821422307
2024-06-19,0.005865361250548937,0.00014685862731342723,0.0030061099389311822,2.051348479338094
2024-06-20,0.005067679961188667,0.00020443318095918515,0.0026360565710739263,2.056755949976616
2024-06-21,0.0013368924029299144,0.0002768407785564592,0.0008068665907431868,2.0584154776379644
2024-06-24,0.0028810799501889843,0.0003114857905564262,0.0015962828703727052,2.061701291005028
2024-06-25,0.004303595456680112,0.0002735782747972451,0.0022885868657386782,2.0664196735006986
2024-06-26,-0.005346276746593819,0.00022735992349977248,-0.0025594584115470236,2.061130758285571
2024-06-27,0.005520669776155419,0.00021329363793914967,0.0028669817070472847,2.0670399824654084
2024-06-28,0.00716576060811001,0.0002873056192932136,0.0037265331137016117,2.0747428754074106
2024-07-01,0.003776746987526926,0.0002461172893749019,0.002011432138450914,2.0789160799060276
2024-07-02,0.0029795523253427045,0.00020258656557997902,0.0015910694454613417,2.082223779760444
2024-07-03,-0.0017076836170789853,0.0003106138482249318,-0.0006985348844270267,2.080769273813098
2024-07-04,0.006226523034101339,0.000422237129656859,0.003324380081879099,2.0876865417419483
2024-07-05,-0.00549106550890666,0.0005379420893372254,-0.002476561709784717,2.0825162571906373
2024-07-08,0.008849399228174732,0.0004026216362092702,0.004626010432192001,2.092149999121611
2024-07-09,0.004982682505097012,0.0004378817305401935,0.002710282117818603,2.0978203158520246
2024-07-10,0.0034803725248987046,0.00039298022590371595,0.0019366763754012104,2.101883114897572
2024-07-11,-0.008985064281463295,0.00028614724936314444,-0.004349458516050075,2.0927410614837387
2024-07-12,-0.0012509555462682312,4.1732958309270195e-05,-0.0006046112939794805,2.091475766602591
2024-07-15,0.0035390382226053864,0.00019017014276830925,0.0018646041826868478,2.0953755410649864
2024-07-16,-1.6745250789972854e-05,0.00022476695392772806,0.0001040108515688776,2.095593482859369
2024-07-17,-0.005359138069487024,0.00019067948758472305,-0.0025842292909511507,2.0901779887990375
2024-07-18,-0.004858215920634359,0.0001498184197950891,-0.002354198750419635,2.085257294389652
2024-07-19,-0.009073792886939993,6.537826952744451e-05,-0.004504207308706274,2.075864863243729
2024-07-22,-0.0029729741722334733,4.637589335223412e-06,-0.001484168291449125,2.0727839304363695
2024-07-23,0.010451440353214457,-4.945192090199715e-05,0.00520099421615623,2.0835644676699103
2024-07-24,0.005051381952521484,4.3940866947490816e-05,0.0025476614097344873,2.0888726844588867
2024-07-25,-0.009302319653373829,9.535853863130261e-05,-0.004603480557371263,2.0792565996691565
2024-07-26,-0.0044899809102242555,0.00010427977541589149,-0.002192850567404182,2.0746971006547934
2024-07-29,0.010826266703743951,6.418506588120636e-05,0.005445225884812579,2.0859942950104244
2024-07-30,-0.0018340202994084399,4.5280133161474076e-05,-0.0008943700831234829,2.084128644119401
2024-07-31,-0.01440470393671197,-6.320350537030523e-05,-0.007233953721041138,2.069052153959145
2024-08-01,0.005368817923273657,-0.0001514292168567994,0.0026086943532084286,2.074449678629672
2024-08-02,0.00015559848522218249,-5.365431892695185e-05,5.097208314761532e-05,2.074555417651177
2024-08-05,-0.007404763817790511,8.456626988656321e-05,-0.0036600987739519738,2.0669623399105364
2024-08-06,-0.005359329298949668,3.196984253240042e-05,-0.002663679728208634,2.061456614226746
2024-08-07,0.0030014545763219387,0.00010501101144789506,0.0015532327938849169,2.064658536243134
2024-08-08,-0.0020895573029089906,0.0001873873170587566,-0.000951084992925117,2.0626948704937984
2024-08-09,0.007210830720684433,0.0004393940281031846,0.003825112374393809,2.070584910167523
2024-08-12,0.00027481638542781834,0.0003343902499389036,0.000304603317683361,2.0712156172007052
2024-08-13,0.002978361438301798,0.0003628885623494112,0.0016706250003256048,2.0746758417918656
2024-08-14,0.0037450419724619414,0.0003348456136367524,0.002039943793049347,2.0789080638979183
2024-08-15,-0.0034648341836496467,0.0004131629989682969,-0.001525835592340675,2.0757359919808187
2024-08-16,0.0031768609459999412,0.00039627202270514693,0.001786566484352544,2.079444432334456
2024-08-19,0.005739562588528398,0.0003380194011727238,0.003038790994850561,2.085763429349726
2024-08-20,0.006279668148573774,0.00042711948765625284,0.0033533938181150138,2.0927578155397577
2024-08-21,0.0007810103922805018,0.00033753914184204195,0.0005592747670612718,2.0939282421795595
2024-08-22,0.007889907747814326,0.0002138733902372062,0.0040518905690257664,2.1024126102762635
2024-08-23,0.0008204039489472293,0.0003371595363205256,0.0005787817426338775,2.1036294483105746
2024-08-26,0.00028317500610461577,0.00033600398472683434,0.000309589495415725,2.104280709890019
2024-08-27,0.003226132947179273,0.00011444725435375625,0.0016702901007665145,2.107795469128982
2024-08-28,-0.0004061703971009642,-2.563934881447114e-05,-0.00021590487295771767,2.107340385815999
2024-08-29,-0.01113756856286036,-2.824135999417966e-05,-0.00558290496142727,2.0955753047206107
2024-08-30,-0.016733735002143205,-4.296139886031513e-05,-0.00838834820050176,2.0779968893842415
2024-09-02,0.009950476387185088,9.627261566111914e-06,0.0049800518243756,2.0883454215842665
2024-09-03,-0.007815910715769488,1.94422206964423e-05,-0.0038982342475365225,2.0802045619411604
2024-09-04,-0.0017230066567360902,-1.7782909208468222e-05,-0.0008703947829722793,2.0783939627429318
2024-09-05,-0.002488644640058464,-1.952672934666015e-05,-0.001254085684702562,2.075787478627084
2024-09-06,0.010325788595931187,-3.798678448077915e-05,0.005143900905725204,2.0864651237184866
2024-09-09,-0.0026785182443695315,-1.1798124128080394e-05,-0.001345158184248806,2.0836584980811668
2024-09-10,0.0012300484749934977,-0.0001413843730134079,0.0005443320509900449,2.08479270018499
2024-09-11,-0.0053185986206516316,-7.036194533965298e-05,-0.002694480282995642,2.0791752673602084
2024-09-12,0.005477730503018949,-0.00021035004968577523,0.0026336902266665867,2.084651170941382
2024-09-13,0.007674585179065488,-0.000272806611443207,0.0037008892838111406,2.0923662341204032
2024-09-18,0.003784506020471938,-0.00019066465782598485,0.0017969206813229766,2.0961260502793957
2024-09-19,-0.002752801535183778,-0.000230684672260405,-0.0014917431037220915,2.092999168699359
2024-09-20,0.006950344991149925,-0.0002316269907719895,0.003359359000188968,2.1000303042941177
2024-09-23,0.0020835023493726785,-0.00012650116765697798,0.0009785005908578503,2.102085185187689
2024-09-24,-0.013426108459474286,-0.00022788197413716311,-0.006826995216805724,2.0877342596830943
2024-09-25,0.00040826184743936666,-0.00019271574958413707,0.0001077730489276148,2.087959261169611
2024-09-26,-0.012740113681323615,9.204678572179601e-05,-0.006324033447800909,2.0747549369643288
2024-09-27,-0.030062575698167216,0.00028187348454457447,-0.014890351106811322,2.0438611074923396
2024-09-30,-0.03570508747232097,0.0002969112199422746,-0.017704088126189347,2.0076764103276044
2024-10-08,-0.02281204477954784,0.0002136442212012913,-0.011299200279173274,1.984991272471541
2024-10-09,0.009177499460342546,0.00013803704003600054,0.0046577682501892734,1.994236901797362
2024-10-10,0.0031121841008629344,0.0001314856428915398,0.001621834871877237,1.9974712247474815
2024-10-11,0.01317155862677338,0.0001544041074940978,0.0066629813671337385,2.0107803382993596
2024-10-14,-0.002619429784383877,0.00021168573349467388,-0.0012038720254446014,2.008359616100767
2024-10-15,0.003148493654479826,0.00020597157190485534,0.0016772326131923405,2.0117281023479094
2024-10-16,0.006301797657229811,0.0001423064915117064,0.0032220520743707587,2.0182099950531494
2024-10-17,-0.0009924447079030735,0.00023389212122451678,-0.00037927629333927833,2.017444535847045
2024-10-18,-0.007089840958421166,0.0002135421158056331,-0.0034381494213077666,2.0105082600836024
2024-10-21,-0.0019138190324815316,0.0002723926292482034,-0.000820713201616664,2.008858209412592
2024-10-22,-0.0018113485820722695,0.00035681724677403675,-0.0007272656676491164,2.0073972358057115
2024-10-23,-0.00022795536244851807,0.0003686857341972799,7.036518587438092e-05,2.0075384866853327
2024-10-24,0.0018996759738926978,0.000369338662035543,0.0011345073179641204,2.0098160537895717
2024-10-25,-0.005529029938504328,0.00040015286223975586,-0.0025644385381322857,2.004662004046677
2024-10-28,-0.0024043677584457686,0.0003409866209640966,-0.001031690568740836,2.002593813163589
2024-10-29,0.004344798744537801,0.0003043698452767752,0.002324584294907288,2.0072490112907477
2024-10-30,0.0012148594620036881,0.0003437245131054881,0.0007792919875545881,2.0088132443622735
2024-10-31,2.4284666575833308e-05,0.00029664508575607764,0.00016046487616595546,2.0091355883307704
2024-11-01,-0.0017458528873032484,0.0003850953163745809,-0.0006803787854643338,2.007768615099349
2024-11-04,-0.0015995867907188479,0.00038014502994020757,-0.0006097208803893202,2.0065444366517324
2024-11-05,-0.0007564805052960639,0.0004055557763364221,-0.0001754623644798209,2.0061923636204435
2024-11-06,0.0006219050039973583,0.00037302502199509024,0.0004974650129962242,2.007190374130685
2024-11-07,-0.005351742910125569,0.00033866818625793337,-0.002506537361933818,2.0021592764654126
2024-11-08,0.003835074800929704,0.00032931269550085266,0.0020821937482152783,2.0063281599938003
2024-11-11,0.001183074566388682,0.0004163909650578174,0.0007997327657232496,2.0079326863621407
2024-11-12,-0.0034897386274638266,0.0004199434325354263,-0.0015348975974642002,2.004850715305974
2024-11-13,-0.00023397582796150617,0.0004818904868814138,0.0001239573294599538,2.005099231246609
2024-11-14,-0.002480337560926829,0.0006216874023344109,-0.000929325079296209,2.0032358422445338
2024-11-15,-0.002368876488214162,0.0006869254961068352,-0.0008409754960536634,2.0015511699883897
2024-11-18,-0.0010893601859872537,0.000627290950288022,-0.0002310346178496159,2.001088742378725
2024-11-19,0.0022000976407165924,0.0005903123001901703,0.0013952049704533814,2.00388067133841
2024-11-20,-0.0004970857627644371,0.0005750303505805195,3.897229390804121e-05,2.0039587671648897
2024-11-21,2.191099080140062e-05,0.0007206609299823626,0.00037128596039188164,2.0047028089203422
2024-11-22,0.0007521313777974565,0.0006590899056471984,0.0007056106417223274,2.006117348555807
2024-11-25,-0.002238420473935717,0.0006301680433053513,-0.0008041262153151828,2.0045041770048346
2024-11-26,-0.0010129811746485949,0.0005595708865810734,-0.00022670514403376073,2.0040497455966704
2024-11-27,0.0009065166230894381,0.0005246406577027755,0.0007155786403961068,2.0054838007889106
2024-11-28,-5.615227107419488e-05,0.0005996332196863748,0.00027174047430609,2.00602877190815
2024-11-29,0.0006943161935721996,0.0003890846145280978,0.0005417004040501487,2.007115438504429
2024-12-02,0.0011066589573101742,0.00047381417295325407,0.0007902365651317141,2.0087015345143757
2024-12-03,-0.0005469126408372952,0.0004994871736475705,-2.371273359486238e-05,2.008653902710016
2024-12-04,-0.00029818434744722323,0.000621728588473458,0.00016177212051311738,2.0089788469112344
2024-12-05,0.0030658796865953583,0.0006376943913098757,0.001851787038952617,2.012699047901475
2024-12-06,-0.0001893841736159848,0.0005513530545794553,0.00018098444048173526,2.0130633151125172
2024-12-09,-0.0007891445262686717,0.00041060913810494446,-0.00018926769408186364,2.012682307260825
2024-12-10,0.000132791851042216,-0.0008838605148146102,-0.0003755343318861971,2.011926475955269
2024-12-11,0.00033422005777560785,-0.001308696951974834,-0.0004872384470996131,2.010946188023446
2024-12-12,-0.0006140641553560912,-0.0013940644849035912,-0.0010040643201298413,2.0089270687063503
2024-12-13,0.0017891819361936171,-0.00036021792266237144,0.0007144820067656228,2.0103624109498455
2024-12-16,0.0006576685580161528,-1.3030223569769086e-05,0.0003223191672231919,2.01101038928796
2024-12-17,-0.0036864262952303133,-0.0005870796767845209,-0.002136752986007417,2.0067133568337567
2024-12-18,0.0015832103896424492,-0.000557631274062338,0.0005127895577900556,2.007742378488619
2024-12-19,-0.0019238619542413288,-0.0009255301931818388,-0.0014246960737115837,2.004881955804962
2024-12-20,0.0004096486234359666,-0.0003821510824921811,1.3748770471892752e-05,2.0049095204667955
2024-12-23,-0.0007500972020660505,0.0003470474833289454,-0.00020152485936855257,2.004505481357637
2024-12-24,-0.0011019749310147754,0.0004246323904848531,-0.00033867127026496115,2.003826612940012
2024-12-25,0.0006968463355140177,0.0003490888676465257,0.0005229676015802718,2.004874549337764
2024-12-26,0.0008135449084819707,-1.6294841884237695e-05,0.0003986250332988665,2.0056737425217537
2024-12-27,-0.0006338745615231824,0.0008080747735909634,8.710010603389049e-05,2.005848436917397
2024-12-30,0.00032236020614845697,0.0017364538187652858,0.0010294070124568715,2.007913271364285
2024-12-31,0.0009167589908054988,0.0019109590827413717,0.0014138590367734354,2.010752177688061
2025-01-02,0.0031515343238256084,0.0031345553184271248,0.0031430448211263668,2.0170720619067115
2025-01-03,0.0025766892070142244,0.0031037563802124015,0.002840222793613313,2.0228009959532995
2025-01-06,0.0031401677051103075,0.0027641419676699315,0.0029521548363901197,2.028772617696558
2025-01-07,0.0012932334299459256,0.002562920598781096,0.0019280770143635109,2.032684247548109
2025-01-08,0.0061419762565882614,0.0027068100782783144,0.004424393167433288,2.04167764184451
2025-01-09,-0.0024556833181493933,0.0034519758561018603,0.0004981462689762335,2.0426946959442467
2025-01-10,0.005328626192365274,0.0026012208784970043,0.003964923535431139,2.0507938242198964
2025-01-13,-0.007464960549899137,0.0024948258431006466,-0.0024850673533992453,2.0456974634387746
2025-01-14,-0.014833239377535046,0.0023710114872386215,-0.006231113945148212,2.032950489446787
2025-01-15,0.011003020719522761,0.0029745705134154683,0.006988795616469114,2.0471583649159317
2025-01-16,0.001304234901242538,0.0026933411613303993,0.0019987880312864687,2.0512502005538735
2025-01-17,9.18280227048062e-05,0.0025290223754115765,0.0013104251990581914,2.0539382105062525
2025-01-20,-0.007466495999580473,0.002215170890193497,-0.002625662554693488,2.048545261857272
2025-01-21,0.001111874033597041,0.0015768793900814214,0.0013443767118392312,2.051299278400462
2025-01-22,0.0055815001696252284,0.0010949030142559473,0.003338201591940588,2.0581469289171648
2025-01-23,0.009962328173277702,0.0009329279400858275,0.005447628056681765,2.0693589478719074
2025-01-24,-0.005101739883572196,0.001583944316984946,-0.0017588977832936252,2.0657191570056566
2025-01-27,0.0055411611760716115,0.0007655163686222377,0.0031533387723469246,2.0722330693162223
2025-02-05,-0.002776817091798251,0.0011710024607327427,-0.0008029073155327541,2.070569258225379
2025-02-06,-0.017841023716858008,0.000897324172652689,-0.00847184977210266,2.0530277065269598
2025-02-07,-0.013866743636367277,0.00047713157015110314,-0.006694806033108087,2.039283084251165
2025-02-10,-4.838891255810668e-05,0.0001681976291468731,5.990435829438322e-05,2.0394052461957073
2025-02-11,0.013696038381303254,-6.41826266120941e-05,0.00681592787734558,2.0533056852664577
2025-02-12,-0.004628518727289669,2.098092129659463e-05,-0.0023037689029965372,2.048575343480395
2025-02-13,-0.0013968650087605354,-0.0003109023174706924,-0.0008538836631156139,2.0468260984619358
2025-02-14,-0.006355387519230588,-0.0006417065804182041,-0.0034985470498243958,2.039665181053658
2025-02-17,-0.0005783424380229335,-0.00015008289962443154,-0.0003642126688236825,2.0389223091545596
2025-02-18,0.012772732021434946,-0.0010555926673081223,0.0058585696770634115,2.0508674775688607
2025-02-19,-0.001695942691471287,-0.00101140349150451,-0.0013536730914878985,2.048091273450268
2025-02-20,-0.0021327688290053138,-0.00220429626866231,-0.0021685325488338117,2.0436499208608088
2025-02-21,-0.0017394117748980532,-0.002026626430691574,-0.0018830191027948136,2.0398016890204027
2025-02-24,-0.0022020736631103584,-0.002231083027293256,-0.002216578345201807,2.035280308768014
2025-02-25,0.0033872118712774697,-0.001990574849327684,0.0006983185109748929,2.036701582682649
2025-02-26,-0.011593481405756296,-0.0017424065943785617,-0.006667944000067429,2.0231209705844724
2025-02-27,-0.00724735412907065,-0.0011131163399783425,-0.004180235234524496,2.01466384901953
2025-02-28,-0.0054059684251913254,-0.0011554972128548099,-0.003280732819023068,2.008054275210752
2025-03-03,-0.010337130446298932,-0.0013727374257117742,-0.005854933936005353,1.99629725008948
2025-03-04,0.010137722647147435,-0.0012860391049694371,0.004425841771088999,2.005132545846436
2025-03-05,0.008322504292410793,-0.0020307225245675,0.0031458908839216465,2.0114404740434693
2025-03-06,0.0014766140310593595,-0.0025540087668039957,-0.0005386973678723181,2.0103569163544703
2025-03-07,-0.004473455262365246,-0.0032706281427787114,-0.0038720417025719786,2.002572730537292
2025-03-10,-0.0025892395954290213,-0.0023608479394162407,-0.002475043767422631,1.997616275381765
2025-03-11,-0.006443923981318333,-0.001992940030148351,-0.004218432005733342,1.9891894669505208
2025-03-12,-0.00023249133631996738,-0.001493176022119212,-0.0008628336792195897,1.987473127284087
2025-03-13,-0.006930275220195515,-0.0009556535777793642,-0.00394296439898744,1.9796365914992617
2025-03-14,-0.005270780543743357,-0.001221715183408297,-0.003246247863575827,1.9732102004434506
2025-03-17,0.0006294567033435734,-0.0014433177257475675,-0.00040693051120199703,1.9724072410078752
2025-03-18,0.0017557736288868636,-0.0009910408692584843,0.0003823663798141896,1.9731614232241386
2025-03-19,0.0017958347856597153,-0.0010333017673316797,0.0003812665091640178,1.9739137235919884
2025-03-20,0.0011308708006072996,-0.0006073572052967882,0.0002617567976552557,1.9744304089271236
2025-03-21,0.0003851443288951579,-0.0009164291776460268,-0.00026564242437543444,1.9739059164465356
2025-03-24,0.003290196079290577,-0.00047596523929086714,0.001407115419999855,1.9766834298991967
2025-03-25,-0.0017958244687383289,-0.0009344639756630691,-0.001365144222200699,1.9739849719357498
2025-03-26,-0.0008799525138425962,-0.0005919115504005453,-0.0007359320321215707,1.9725322531639757
2025-03-27,0.0003961146599628232,-0.0006487134551779655,-0.00012629939760757115,1.9722831235286395
2025-03-28,0.007095112302637756,-0.0005339794254739771,0.0032805664385818895,1.9787533293510693
2025-03-31,0.012686561259296143,-0.0002611184932045641,0.00621272138304579,1.991046772472102
2025-04-01,-0.0041659308465403205,-0.00034733856703691,-0.002256634706788615,1.986553707222502
2025-04-02,0.001999756078252009,-0.000427689711795509,0.0007860331832282501,1.9881152043566441
2025-04-03,0.009784657533362695,0.00026419099962194097,0.005024424266492318,1.998104338633996
2025-04-07,0.030000377530218256,0.0004435073160422743,0.015221942423130266,2.02851936783209
2025-04-08,0.00453173334115296,0.00024981950619357125,0.0023907764236732656,2.0333691041116673
2025-04-09,-0.006839823275187941,-3.6646816318693375e-05,-0.0034382350457533174,2.026377903196958
2025-04-10,-0.0023739556150811246,-9.466009087318954e-05,-0.001234307852977157,2.023876729037943
2025-04-11,0.0019192949863233672,-8.654423009206064e-05,0.0009163753781156532,2.0257313598407745
2025-04-14,0.0015025248517401147,-0.00012129859682423957,0.0006906131274579376,2.027130356510584
2025-04-15,0.006477206431640046,-0.00013918852335836294,0.0031690089541408415,2.0335543507615763
2025-04-16,0.01364689754145627,-9.179799159257432e-05,0.006777549774931848,2.0473368665938922
2025-04-17,0.0028892321338917196,-7.667154219714226e-05,0.0014062802958472887,2.050215996088345
2025-04-18,0.0012129613428853959,-3.5714453654506746e-05,0.0005886234446154445,2.051422801290168
2025-04-21,-0.004272183997093987,-1.70302023833937e-05,-0.00214460709973869,2.0470233053859554
2025-04-22,0.014853417468874116,2.6738536360698172e-05,0.007440078002617407,2.0622533184512024
2025-04-23,-0.022476994143814287,4.91944968603615e-05,-0.011213899823476963,2.0391274163274575
2025-04-24,0.00813145783749761,6.026641239154293e-06,0.004068742239368382,2.0474241001777234
2025-04-25,-0.005909566952293737,-3.714463259209966e-05,-0.002973355792442918,2.0413363798698727
2025-04-28,0.0028187981722685553,-5.5927961824393434e-05,0.001381435105222081,2.044156353606592
2025-04-29,0.0019600173553525387,-9.667655485458061e-05,0.000931670400248979,2.046060833574728
2025-04-30,-0.009144487003070058,-3.501996598960124e-05,-0.00458975348452983,2.0366699187342685
2025-05-06,-0.004294014891884594,1.806710566228082e-06,-0.0021461040906591827,2.03229901309035
2025-05-07,0.0037481079482835195,-5.720570573717554e-05,0.001845451121273172,2.03604952158282
2025-05-08,-0.008276975916929531,-2.6186302370305165e-05,-0.004151581109649918,2.0275966968507046
2025-05-09,0.0036952030649937124,2.2903299462428036e-06,0.0018487466974699777,2.0313452095478084
2025-05-12,-0.013101305106810042,3.3099202858267066e-05,-0.006534102951975888,2.01807219081762
2025-05-13,0.0011988766361003178,6.37355434098945e-05,0.0006313060897551061,2.0193462120812486
2025-05-14,-0.004158390616240372,0.00010907857821763965,-0.002024656019011366,2.0152577306184907
2025-05-15,-0.0007292682271286093,0.0001541849253543665,-0.00028754165088712137,2.0146782600836657
2025-05-16,0.0010135987756338713,0.00018483127528381304,0.0005992150254588421,2.015885485568573
2025-05-19,0.001061023286968353,0.00017417396146651062,0.0006175986242174319,2.01713049367104
2025-05-20,-0.002603575658853313,0.00018201135866912976,-0.0012107821500920916,2.0146881880748966
2025-05-21,0.00477463117368529,0.0001916216035618737,0.0024831263886235817,2.0196909134795535
2025-05-22,0.005946230021845566,0.0001438824600571272,0.003045056240951347,2.0258409859004374
2025-05-23,0.0015358387558388217,0.00012630993745657966,0.0008310743466477007,2.027524610374207
2025-05-26,-0.0019819503692181354,0.0001319203049978413,-0.0009250150321101471,2.0256491196316375
2025-05-27,0.0015387729250678028,0.00014285792126804436,0.0008408154231679236,2.0273523166533503
2025-05-28,0.0009062715463268479,0.00023245610384026231,0.0005693638250835551,2.0285066177231523
2025-05-29,-0.010287189995761089,0.0001628336444680771,-0.005062178175646506,2.0182379557937598
2025-05-30,0.009215668181807782,0.00018327653533414644,0.004699472358570964,2.027722609280031
2025-06-03,0.006134459819715594,0.00017980428738561868,0.0031571320535506062,2.0341243973254985
2025-06-04,-0.005354450249749378,0.0001621309144893823,-0.0025961596676299975,2.02884348560622
2025-06-05,-0.008147130340612584,0.0005047687945856958,-0.003821180773013444,2.021090907887568
2025-06-06,0.0014075168372405663,0.00013343757643275535,0.0007704772068366609,2.02264811236504
2025-06-09,-0.003320409160594074,0.0007397950937352695,-0.0012903070334294021,2.0200382752795027
2025-06-10,0.007873627644243441,0.0010063281570252716,0.0044399779006343565,2.029007200580179
2025-06-11,-0.002798633389381639,0.0005923222373089385,-0.0011031555760363503,2.026768889973041
2025-06-12,0.005615850934555408,5.930780305561167e-05,0.00283757936880551,2.032520007560566
2025-06-13,0.0034140662152269646,-0.00025615571136286243,0.0015789552519320511,2.0357292657011605
2025-06-16,-0.0018856493998134986,0.0009813671560513272,-0.0004521411218810857,2.03480882878712
2025-06-17,-0.004103920831758479,0.0011260789521766335,-0.001488920939790923,2.0317791593134675
2025-06-18,0.001783226018489715,0.0024332489958551425,0.002108237507172429,2.036062632343423
2025-06-19,0.0016957697393451265,0.0031220382558002366,0.0024089039975726816,2.040967311757784
2025-06-20,0.00516565423155724,0.0025780041926344514,0.0038718292120958455,2.0488695886163804
2025-06-23,0.0015739146316018882,0.0017170434407206656,0.001645479036161277,2.052240960572277
2025-06-24,-0.009444217352524292,0.0014784406139096789,-0.0039828883693073065,2.044067113919398
2025-06-25,-0.006401193613810357,0.0020594691464742377,-0.0021708622336680597,2.0396297258187075
2025-06-26,0.0041740315622433586,0.0021582527320543783,0.0031661421471488684,2.0460874834582
2025-06-27,-0.006941943435862147,0.001561852435126429,-0.0026900455003678585,2.0405834150299644
2025-06-30,-0.005940138776537211,0.0027947949431913212,-0.0015726719166729447,2.037374246799518
2025-07-01,0.007380014340227846,0.003988721018875622,0.0056843676795517335,2.048955431119176
2025-07-02,-0.00039058357448708904,0.003369469948310627,0.001489443186911769,2.0520072338263424
2025-07-03,0.0025756051424447434,0.003726562815403302,0.0031510839789240224,2.0584732809454884
2025-07-04,0.002137206659394395,0.004349167377217191,0.003243187018305793,2.0651492947677803
2025-07-07,0.0013709433607688533,0.003042865432904495,0.002206904396836674,2.0697068818265274
2025-07-08,-0.0005552560547748003,0.003237419558724217,0.0013410817519747085,2.0724825279576815
2025-07-09,0.001373385254548729,0.0030981497187252778,0.0022357674866370033,2.0771161170103123
2025-07-10,0.0014406870720990493,0.002561443877144561,0.002001065474621805,2.0812725623588424
2025-07-11,-0.008449615317591561,0.0036229536313529044,-0.0024133308431193287,2.076249763091164
2025-07-14,0.0021647753884146107,0.0029108626526403573,0.002537819020527484,2.0815189092313022
2025-07-15,0.010910521236794441,0.004111416077795331,0.007510968657294886,2.0971531325181054
2025-07-16,-0.0016644863091251718,0.0016833513796187208,9.432535246774502e-06,2.097172913988946
2025-07-17,0.00468384043246358,0.0020265599868147335,0.0033552002096391568,2.104209348989611
2025-07-18,-0.0010282863801867664,0.002653913491667817,0.0008128135557405253,2.105919678872586
2025-07-21,-0.0022760572745337297,0.0032696773473760918,0.000496810036421181,2.1069659209049463
2025-07-22,-0.006399725061008958,0.0021456423507931473,-0.0021270413551079054,2.1024843172573786
2025-07-23,-0.0005985549239505454,0.0020551719792958503,0.0007283085276726525,2.104015574514935
2025-07-24,-0.004874866012352146,0.0019191111279394872,-0.0014778774422063291,2.1009060973593088
2025-07-25,-0.0038368438249841014,0.0035290261577626534,-0.00015390883361072398,2.1005827493523386
2025-07-28,0.005870022933183236,0.0015035471455021442,0.0036867850393426903,2.1083271464065523
2025-07-29,0.007627689350523243,0.002128105517352284,0.004877897433937763,2.1186113499839103
2025-07-30,0.0063652110230358935,0.00247122220937965,0.004418216616207771,2.1279718338536955
2025-07-31,0.006347834539319116,0.002125437743836515,0.004236636141577816,2.1369872762332593
2025-08-01,-0.00472423721903513,0.0029955341368439058,-0.0008643515410956123,2.1351401679877453
2025-08-04,-0.0005606285015806735,0.0017943070634350567,0.0006168392809271916,2.1364572063136453
2025-08-05,0.004981669079927145,0.0017876860428449372,0.003384677561386041,2.1436884250807164
2025-08-06,-0.0005987208092643599,0.0007297071736095029,6.549318217257148e-05,2.1438288220572614
2025-08-07,-0.001969623669199166,0.0019737925073016385,2.0844190512362727e-06,2.1438332906949005
2025-08-08,0.005032717403532973,0.001747374130132242,0.0033900457668326073,2.1511009836668156
2025-08-11,0.004290964442037849,0.002149587448401923,0.0032202759452198857,2.1580281224202564
2025-08-12,0.0038886054210403058,0.002790939772232321,0.0033397725966363137,2.1652354456062857
2025-08-13,0.016366239218677404,0.0047794702109550105,0.010572854714816208,2.1881281653960514
2025-08-14,-0.006941114737238345,0.003919667016792315,-0.001510723860223015,2.1848225079673615
2025-08-15,2.9530699618624196e-05,0.0037743755822558906,0.0019019531409372574,2.1889779379987804
2025-08-18,0.00800400985364336,0.0057810756562006235,0.006892542754921992,2.204065562026018
2025-08-19,0.009038346537312041,0.00739576434785724,0.00821705544258464,2.2221764909482773
2025-08-20,-0.00065854797107412,0.009214124794701916,0.004277788411813898,2.231682491790261
2025-08-21,-0.002322524086742437,0.004705899287113445,0.0011916876001855042,2.2343419601432783
2025-08-22,0.0032887097961543555,0.004334684618465407,0.0038116972073098812,2.242858595152932
2025-08-25,0.00877240659347354,0.005484266465978408,0.007128336529725974,2.25884644600777
2025-08-26,0.005379628531925452,0.0064647566891459455,0.005922192610535698,2.2722237697386523
2025-08-27,0.008185049926464773,0.00279720995599345,0.005491129941229111,2.2847008457138362
2025-08-28,0.01636696174135335,0.0032215289104349175,0.009794245325894133,2.3070777662930353
2025-08-29,-0.008419992655771992,0.004257716825201523,-0.002081137915285234,2.3022764192800915
2025-09-01,0.002821508084433596,0.005105694901794232,0.003963601493113914,2.311401725533111
2025-09-02,-0.015490771057915718,0.0043851891321205335,-0.005552790962897592,2.2985669949199448
2025-09-03,0.005091991318592712,0.004714064093452139,0.004903027706022425,2.309836932580186
2025-09-04,-0.015260883798906387,0.0025333075318042814,-0.006363788133551053,2.2951376197181945
2025-09-05,0.014060739188289923,0.001693678873997862,0.007877209031143893,2.3132168985039567
2025-09-08,-0.0008904590656519651,0.004008941294670345,0.0015592411145091897,2.3168237613988816
2025-09-09,-0.002401421634936278,0.00332172986985201,0.0004601541174578661,2.3178898573921134
2025-09-10,0.005962528061921401,-0.000903856384986694,0.0025293358384673535,2.323752579278035
2025-09-11,0.006040974627689317,-0.0003248555355301509,0.002858059546079583,2.330394002519968
2025-09-12,-0.002806767167974708,0.0006237430768485025,-0.0010915120455631028,2.3278503493953093
2025-09-15,0.007818630153289256,-0.0004636607408849541,0.003677484706202151,2.336410983453538
2025-09-16,0.0017105660906598615,-0.0011722784254971704,0.00026914383258134556,2.33703981406011
2025-09-17,0.005606527029799101,-0.00014108631902805678,0.002732720355385522,2.343426290331338
2025-09-18,0.00032756086143380023,0.00033219574565409286,0.0003298783035439465,2.344199335820473
2025-09-19,-0.0015944623273663782,-0.0003188578111004578,-0.0009566600692334181,2.34195673392157
2025-09-22,0.0015361065782713696,0.0006386731165695478,0.0010873898474204587,2.3445033538971343
2025-09-23,0.003626972414260689,-0.0012077383383332658,0.0012096170379637117,2.3473393050995712
2025-09-24,0.00827996733358903,-0.0017270925284192846,0.003276437402584873,2.355030215395357
2025-09-25,0.00544846945614401,-0.000943025420300051,0.0022527220179219794,2.3603354438144497
2025-09-26,-0.006687960542307665,-0.0016151650576857524,-0.004151562799996709,2.350536362990396
2025-09-29,0.007207797523890284,-0.0015318102432286145,0.002837993640330835,2.357207170239929
2025-09-30,0.004668309808292052,-0.0012963454000839967,0.0016859822041040277,2.36118137958034
2025-10-09,-0.002512796705315277,-0.00010363203746731778,-0.0013082143713912973,2.3580924481661114
2025-10-10,-0.01753132644459667,-0.00043397668198688415,-0.008982651563291776,2.3369105253502056
2025-10-13,0.004466233331784335,-0.00036853443494839935,0.002048849448417968,2.341698503191071
2025-10-14,-0.008917615380228306,-0.000524146634059027,-0.004720881007143666,2.3306436232028998
2025-10-15,0.0023044746486107566,9.043569508270747e-05,0.001197455171846732,2.333434464463236
2025-10-16,-0.002636148182563891,0.00021090709124285304,-0.0012126205456605191,2.3306048938896753
2025-10-17,0.002845286835724327,0.00013563034553521397,0.0014904585906297704,2.3340785639751367
2025-10-20,-0.002956190365361428,-0.0004158376832298388,-0.0016860140242956334,2.330143274782467
2025-10-21,0.005796073015237152,-0.00034623046465838625,0.0027249212752893832,2.3364927317663944
2025-10-22,-0.0034771352080234775,-0.0004930004949181304,-0.001985067851470804,2.33185463515937
2025-10-23,-0.003456489079200827,-0.0017382268756660209,-0.002597357977433424,2.3257979739205235
2025-10-24,0.004631475968544374,-0.001744080978744703,0.0014436974948998358,2.3291557226291157
2025-10-27,0.00277762239879794,-0.0012501774825188997,0.0007637224581395201,2.330934551162992
2025-10-28,-0.0023970428089524587,-0.0009314510373453376,-0.0016642469231488981,2.3270553005081576
2025-10-29,0.001495622429492064,-0.0007683221596039788,0.00036365013494404257,2.3279015344822094
2025-10-30,0.003459440354833325,-0.00025183468302073084,0.001603802835906297,2.3316350295649224
2025-10-31,-0.0052824913538895265,-0.0002430161825834356,-0.002762753768236481,2.32519329610084
2025-11-03,0.0007824390531858333,-0.00019350501881733507,0.0002944670171842491,2.3258779888351198
2025-11-04,-0.00022968120085105196,-0.0004905942046786089,-0.00036013770276483044,2.3250403524793093
2025-11-05,0.0034246195581739518,-0.0005747863460319813,0.0014249166060709853,2.328353341087342
2025-11-06,0.002341682820085462,-0.0006200972818172491,0.0008607927691341064,2.3303575708073394
2025-11-07,0.004799488687688572,0.00016641695924605386,0.002482952823467313,2.336143738717464
2025-11-10,-0.001504433196112482,5.597011542033898e-05,-0.0007242315403460716,2.334451829739103
2025-11-11,0.0021969989191525366,1.895542888020698e-05,0.0011079771740163718,2.3370383490802946
2025-11-12,-0.003099704597636803,-0.00010069267774249924,-0.001600198637689651,2.3332986234978677
2025-11-13,0.0004946400405254936,-0.00017230694668055204,0.0001611665469224708,2.333674673179956
2025-11-14,0.0015248020432282196,-0.0006142505326369233,0.0004552757552956482,2.3347371386794022
2025-11-17,0.003111109219214024,-0.0004053420259588438,0.00135288359662759,2.337895766256759
2025-11-18,-0.011888221879059826,-0.00011838542358596979,-0.006003303651322898,2.3238606680667777
2025-11-19,0.003012607600771398,-1.9546966009086185e-05,0.001496530317381156,2.327338396009909
2025-11-20,-7.705049420410729e-05,0.0004116854811575512,0.00016731749347672197,2.327727800436801
2025-11-21,-0.013366700469324203,-9.446097838174651e-05,-0.006730580723852975,2.3120608405728045
2025-11-24,-0.007477460930928016,-1.5632206144096888e-05,-0.0037465465685360567,2.30339859696431
2025-11-25,0.0006163714282689173,-0.0004431363560761036,8.661753609640684e-05,2.303598111675427
2025-11-26,-0.00562614213671505,-0.00024136381728668237,-0.002933752977000866,2.296839923857486
2025-11-27,0.00158612981903583,-0.00021436835615196696,0.0006858807314419315,2.298415282104466
2025-11-28,0.0038406739305138888,0.0001440771250498623,0.0019923755277818757,2.3029945884652108
2025-12-01,-0.0014735256284600638,0.0004125393886967671,-0.0005304931198816484,2.3017728656809053
2025-12-02,0.0022869647463578356,0.000981856559368687,0.0016344106528632613,2.305534907773046
2025-12-03,0.0024459024114994858,0.0006772135199818699,0.0015615579657406778,2.3091351341735717
2025-12-04,-0.0017649386201745636,-0.0002519200248329228,-0.0010084293225037433,2.3068065345946476
2025-12-05,0.002614553761627151,-0.00028418215431383245,0.0011651858036566592,2.30949439282054
2025-12-08,-0.0015533162792713503,-0.00027017910931583937,-0.0009117476942935948,2.307388716632902
2025-12-09,-0.003589420776943032,-0.0002817372448420688,-0.0019355790108925503,2.3029225834630167
2025-12-10,0.0030500829967656847,-0.00029426630169113573,0.0013779083475372745,2.3060957997145026
2025-12-11,0.00020790346355698723,-0.00026410536246389374,-2.8100949453453255e-05,2.306030996233
2025-12-12,0.0031924619692746863,-0.00020763877835661007,0.001492411595459038,2.309472543631266
2025-12-15,-0.001294036880900017,0.004335601765497109,0.001520782442298546,2.312984748926591
2025-12-16,-0.0013263116470790298,0.0041099958127734535,0.0013918420828472119,2.3162040584371306
2025-12-17,0.007098927747810438,0.004123643350435491,0.005611285549122965,2.3292009407990593
2025-12-18,-0.0038540947568444267,0.0022784866352283197,-0.0007878040608080535,2.32736598683946
2025-12-19,-0.0017680232921105236,0.0023046478959577003,0.0002683123019235884,2.3279904477648072
2025-12-22,0.020372421702915613,0.0030494195322026897,0.011710920617559151,2.355253359097017
2025-12-23,0.0009474022180001302,0.003350846844527034,0.0021491245312635823,2.360315091868393
2025-12-24,0.012518683043838335,0.0034445775495828466,0.00798163029671059,2.379154254315433
2025-12-25,-0.0063732941623407,0.00331571293042634,-0.00152879061595718,2.375517025617521
2025-12-26,-0.0018517453631608798,0.0032666706088132205,0.0007074626228261704,2.3771976151230323
2025-12-29,0.005542532872155418,0.003516053530622061,0.004529293201388739,2.3879646401195664
2025-12-30,-0.007146158364293337,0.003014900546280035,-0.002065628909006651,2.38303199132525
2025-12-31,-0.00110297779417537,0.0019074269214005568,0.0004022245636125934,2.3839905053280352
2026-01-05,-0.0032012333791499085,-0.0006210747100259273,-0.001911154044587918,2.379434332231518
2026-01-06,-0.0029551559283986536,-0.0009283284548864265,-0.0019417421916425402,2.374814084196381
2026-01-07,-0.002510825293161856,-0.001525493839698752,-0.002018159566430304,2.370021330433867
2026-01-08,-0.007682241479402277,-0.0019145277138718074,-0.004798384596637042,2.3586490565882117
2026-01-09,-0.0007679226968543004,-0.0025466256191524436,-0.001657274158003372,2.3547401284589293
2026-01-12,0.018972694559153305,-0.0015579535865591185,0.008707370486297094,2.375243723156372
2026-01-13,-0.014441592458411071,-0.002594795610367745,-0.008518194034389408,2.3550109362435605
2026-01-14,0.017281695652688923,-0.0020717411230510526,0.007604977264818936,2.3729207408720927
2026-01-15,-0.00035005332212265387,-0.001876410217681534,-0.001113231769902094,2.3702791301158945
2026-01-16,-0.0032334314893977096,-0.0019473554222427282,-0.002590393455820219,2.364139174568775
2026-01-19,-0.0018800841309587451,-0.00133740482771776,-0.0016087444793382525,2.3603358787233004
2026-01-20,-0.004997249641781801,-0.0021757758831151396,-0.0035865127624484703,2.351870503970594
2026-01-21,0.00995528617864686,-0.002336507888332117,0.0038093891451573716,2.3608296939392353
2026-01-22,0.004584433197749911,-0.0028037496780226124,0.0008903417598636492,2.3629316392036754
2026-01-23,0.00432722288934174,-0.0036977524988256053,0.00031473519525806754,2.363675336954522
2026-01-26,-0.0044636754827212825,-0.0038961342127754005,-0.004179904847748342,2.3537953989550826
2026-01-27,0.010243172084019493,-0.0029990649961825666,0.0036220535439184633,2.362320971921527
2026-01-28,0.00449727970430971,-0.001785292131647951,0.0013559937863308795,2.3655242644807712
2026-01-29,-0.0043550882715185655,-0.0024428054821649513,-0.0033989468768417584,2.357483973169921
2026-01-30,-0.004998619348983874,-0.0011226714811480762,-0.0030606454150659754,2.3502685506563465
2026-02-02,-0.015433626294167477,-0.00041592669532297606,-0.007924776494745227,2.331643197689766
2026-02-03,0.007262968614283286,-0.0002620783377641122,0.003500445138259587,2.3398049867852753
2026-02-04,-0.009673771096674723,6.03625004104959e-05,-0.004806704298132114,2.3285582360985035
2026-02-05,-0.008861643882137662,0.000186357925372105,-0.0043376429783827785,2.3184577818159355
2026-02-06,-0.0014812655019170965,-0.0006274783411248753,-0.001054371921520986,2.316013265029557
2026-02-09,0.011559483806534905,-0.00021183890651304814,0.005673822450010929,2.3291539130872048
2026-02-10,-0.0038167871001279826,-0.0003197876963591592,-0.0020682873982435707,2.3243365534001965
2026-02-11,-0.004787553420392783,-0.0008232869445740224,-0.002805420182483403,2.3178158127224036
2026-02-12,0.006273411380796732,-0.0008304142092377843,0.002721498585779474,2.324123745178825
2026-02-13,-0.0015483475820836656,-0.0004419590071276519,-0.0009951532946056588,2.321810885776739
2026-02-24,0.00922859423121993,-0.0002327355347828713,0.004497929348218529,2.3322542271008877
2026-02-25,0.003415448856062297,-1.3107498783596153e-06,0.0017070690530919688,2.3362355461159146
2026-02-26,0.005951004756389681,-0.00014626189141352865,0.002902371432488076,2.3430161694245246
2026-02-27,-0.00614293072228033,-0.00029871510043004104,-0.0032208229113551852,2.3354697292643665
2026-03-02,0.005033410432539516,-0.0015566196879275769,0.0017383953723059695,2.3395296990338803
2026-03-03,-0.0023792279169927663,-0.0016277056330221903,-0.002003466775007478,2.3348425290127226
2026-03-04,5.792979065271687e-05,-0.0005970854527882327,-0.0002695778310677579,2.3342131072278667
2026-03-05,0.004982563156899332,-0.0015443401103091903,0.0017191115232950706,2.3382258798783284
2026-03-06,-0.004593311466309048,-0.0008359753495432361,-0.002714643407926142,2.3318784304072744
2026-03-09,-0.0024841997050179475,-0.0006965420407866325,-0.00159037087290229,2.3281698788724055
2026-03-10,0.01303826959795275,-0.0004145729855684576,0.006311848306192146,2.342864933978894
2026-03-11,0.006123031302869631,-0.0014840774909787283,0.0023194769059454515,2.348299155087007
2026-03-12,-0.0009157661384766108,-0.00123976536674864,-0.0010777657526126255,2.345768238680765
2026-03-13,-0.00042944081665092745,-0.0012567866530893512,-0.0008431137348701393,2.343790489259911
2026-03-16,-4.5167298435861753e-05,-0.0010680255085777485,-0.0005565964035068051,2.3424859439030157
2026-03-17,-0.011498246013968084,-5.6829775678588466e-05,-0.005777537894823336,2.3289521425940247
2026-03-18,0.011486117158558297,-6.0116062159965047e-05,0.005713000548199166,2.3422574474613937
2026-03-19,0.0028912077828969233,-5.110798713843761e-05,0.0014200498978792428,2.345583569910468
2026-03-20,0.01553663438726102,-3.4327428615694286e-05,0.007751153479322663,2.3637645481594216
2026-03-23,0.0006096228557103612,1.47794312393704e-05,0.0003122011434748658,2.3645025181542625
2026-03-24,-0.005301431489961307,0.00020162758290322903,-0.002549901953529039,2.358473268564097
2026-03-25,0.005296108441424162,0.00020426379095240496,0.0027501861161882833,2.364959509002703
2026-03-26,-0.004566405977261741,0.0001035306971462648,-0.0022314376400577383,2.359682249337102
2026-03-27,0.0068718312875844095,0.00011419473964349649,0.003493013013613953,2.3679246501420304
2026-03-30,-0.007330090083188265,0.00012760613640707585,-0.003601241973390595,2.359397180502113
2026-03-31,-0.009352777485669367,0.00016027149851835927,-0.004596252993575504,2.3485527941481963
